solid Default
  facet normal -1.478118e-05 -6.554926e-01 7.552016e-01
    outer loop
      vertex -6.249996e+01 -7.591352e+00 2.850498e+00
      vertex -5.649997e+01 -7.149846e+00 3.348869e+00
      vertex -6.249997e+01 -7.149851e+00 3.348747e+00
    endloop
  endfacet
  facet normal -1.071273e-05 -8.286179e-01 5.598148e-01
    outer loop
      vertex -5.649997e+01 -7.149846e+00 3.348869e+00
      vertex -6.249996e+01 -7.591352e+00 2.850498e+00
      vertex -5.649996e+01 -7.591347e+00 2.850619e+00
    endloop
  endfacet
  facet normal -7.126717e-07 -9.975114e-01 7.050491e-02
    outer loop
      vertex -5.919993e+01 1.152240e+01 2.356533e-02
      vertex -3.024995e+01 1.162615e+01 1.491741e+00
      vertex -5.919996e+01 1.162613e+01 1.491156e+00
    endloop
  endfacet
  facet normal -7.126717e-07 -9.975114e-01 7.050491e-02
    outer loop
      vertex -3.024995e+01 1.162615e+01 1.491741e+00
      vertex -5.919993e+01 1.152240e+01 2.356533e-02
      vertex -3.024992e+01 1.152242e+01 2.414986e-02
    endloop
  endfacet
  facet normal 9.478345e-06 -8.991227e-01 -4.376967e-01
    outer loop
      vertex -6.250002e+01 -6.970064e+00 5.892389e+00
      vertex -5.650003e+01 -7.337088e+00 6.447907e+00
      vertex -6.250003e+01 -7.337093e+00 6.447786e+00
    endloop
  endfacet
  facet normal 1.377331e-05 -7.552016e-01 -6.554926e-01
    outer loop
      vertex -5.650003e+01 -7.337088e+00 6.447907e+00
      vertex -6.250002e+01 -6.970064e+00 5.892389e+00
      vertex -5.650002e+01 -6.970060e+00 5.892511e+00
    endloop
  endfacet
  facet normal -5.914222e-06 -9.452741e-01 3.262775e-01
    outer loop
      vertex -6.249998e+01 -6.852364e+00 3.944245e+00
      vertex -5.649999e+01 -6.719252e+00 4.596578e+00
      vertex -6.249999e+01 -6.719257e+00 4.596457e+00
    endloop
  endfacet
  facet normal -7.126717e-07 -9.975114e-01 7.050491e-02
    outer loop
      vertex -5.649999e+01 -6.719252e+00 4.596578e+00
      vertex -6.249998e+01 -6.852364e+00 3.944245e+00
      vertex -5.649998e+01 -6.852360e+00 3.944366e+00
    endloop
  endfacet
  facet normal 1.712965e-05 -5.598148e-01 -8.286179e-01
    outer loop
      vertex -5.650004e+01 -7.835281e+00 6.889343e+00
      vertex -6.250003e+01 -7.337093e+00 6.447786e+00
      vertex -5.650003e+01 -7.337088e+00 6.447907e+00
    endloop
  endfacet
  facet normal 1.377331e-05 -7.552016e-01 -6.554926e-01
    outer loop
      vertex -6.250003e+01 -7.337093e+00 6.447786e+00
      vertex -5.650004e+01 -7.835281e+00 6.889343e+00
      vertex -6.250004e+01 -7.835285e+00 6.889222e+00
    endloop
  endfacet
  facet normal -1.000000e+00 -7.126717e-07 -2.019107e-05
    outer loop
      vertex 3.024992e+01 -9.139894e+00 8.682546e+00
      vertex 3.025008e+01 1.152247e+01 2.537142e-02
      vertex 3.025010e+01 -9.753288e+00 4.184600e-03
    endloop
  endfacet
  facet normal -1.000000e+00 -7.126717e-07 -2.019107e-05
    outer loop
      vertex 3.025008e+01 1.152247e+01 2.537142e-02
      vertex 3.024992e+01 -9.139894e+00 8.682546e+00
      vertex 3.025005e+01 1.162620e+01 1.492963e+00
    endloop
  endfacet
  facet normal 1.931863e-05 -3.262775e-01 -9.452741e-01
    outer loop
      vertex -5.650005e+01 -8.430900e+00 7.186838e+00
      vertex -6.250004e+01 -7.835285e+00 6.889222e+00
      vertex -5.650004e+01 -7.835281e+00 6.889343e+00
    endloop
  endfacet
  facet normal 1.712965e-05 -5.598148e-01 -8.286179e-01
    outer loop
      vertex -6.250004e+01 -7.835285e+00 6.889222e+00
      vertex -5.650005e+01 -8.430900e+00 7.186838e+00
      vertex -6.250005e+01 -8.430905e+00 7.186717e+00
    endloop
  endfacet
  facet normal 2.019107e-05 -7.050491e-02 -9.975114e-01
    outer loop
      vertex -5.650005e+01 -9.083047e+00 7.320002e+00
      vertex -6.250005e+01 -8.430905e+00 7.186717e+00
      vertex -5.650005e+01 -8.430900e+00 7.186838e+00
    endloop
  endfacet
  facet normal 1.931863e-05 -3.262775e-01 -9.452741e-01
    outer loop
      vertex -6.250005e+01 -8.430905e+00 7.186717e+00
      vertex -5.650005e+01 -9.083047e+00 7.320002e+00
      vertex -6.250005e+01 -9.083051e+00 7.319881e+00
    endloop
  endfacet
  facet normal 1.895301e-05 -3.792446e-01 -9.252965e-01
    outer loop
      vertex 6.249995e+01 -8.341756e+00 7.152475e+00
      vertex 5.649996e+01 -7.764027e+00 6.821674e+00
      vertex 6.249996e+01 -7.764023e+00 6.821796e+00
    endloop
  endfacet
  facet normal 1.649600e-05 -6.058065e-01 -7.956120e-01
    outer loop
      vertex 5.649996e+01 -7.764027e+00 6.821674e+00
      vertex 6.249995e+01 -8.341756e+00 7.152475e+00
      vertex 5.649995e+01 -8.341760e+00 7.152354e+00
    endloop
  endfacet
  facet normal 1.553688e-05 6.117080e-01 -7.910836e-01
    outer loop
      vertex 6.249996e+01 -1.086863e+01 6.810249e+00
      vertex 5.649996e+01 -1.029342e+01 7.145101e+00
      vertex 6.249996e+01 -1.029341e+01 7.145222e+00
    endloop
  endfacet
  facet normal 1.835008e-05 3.861170e-01 -9.224498e-01
    outer loop
      vertex 5.649996e+01 -1.029342e+01 7.145101e+00
      vertex 6.249996e+01 -1.086863e+01 6.810249e+00
      vertex 5.649996e+01 -1.086864e+01 6.810128e+00
    endloop
  endfacet
  facet normal -1.071273e-05 -8.286179e-01 5.598148e-01
    outer loop
      vertex -6.249997e+01 -7.149851e+00 3.348747e+00
      vertex -5.649998e+01 -6.852360e+00 3.944366e+00
      vertex -6.249998e+01 -6.852364e+00 3.944245e+00
    endloop
  endfacet
  facet normal -5.914222e-06 -9.452741e-01 3.262775e-01
    outer loop
      vertex -5.649998e+01 -6.852360e+00 3.944366e+00
      vertex -6.249997e+01 -7.149851e+00 3.348747e+00
      vertex -5.649997e+01 -7.149846e+00 3.348869e+00
    endloop
  endfacet
  facet normal 1.649600e-05 -6.058065e-01 -7.956120e-01
    outer loop
      vertex 6.249996e+01 -7.764023e+00 6.821796e+00
      vertex 5.649997e+01 -7.291519e+00 6.352745e+00
      vertex 6.249997e+01 -7.291514e+00 6.352866e+00
    endloop
  endfacet
  facet normal 1.291482e-05 -7.910836e-01 -6.117080e-01
    outer loop
      vertex 5.649997e+01 -7.291519e+00 6.352745e+00
      vertex 6.249996e+01 -7.764023e+00 6.821796e+00
      vertex 5.649996e+01 -7.764027e+00 6.821674e+00
    endloop
  endfacet
  facet normal 1.968753e-05 1.900724e-01 -9.817700e-01
    outer loop
      vertex -5.650005e+01 -9.747562e+00 7.279901e+00
      vertex -6.250005e+01 -9.083051e+00 7.319881e+00
      vertex -5.650005e+01 -9.083047e+00 7.320002e+00
    endloop
  endfacet
  facet normal 2.019107e-05 -7.050491e-02 -9.975114e-01
    outer loop
      vertex -6.250005e+01 -9.083051e+00 7.319881e+00
      vertex -5.650005e+01 -9.747562e+00 7.279901e+00
      vertex -6.250005e+01 -9.747566e+00 7.279780e+00
    endloop
  endfacet
  facet normal 1.835008e-05 3.861170e-01 -9.224498e-01
    outer loop
      vertex 6.249996e+01 -1.029341e+01 7.145222e+00
      vertex 5.649995e+01 -9.651084e+00 7.319791e+00
      vertex 6.249995e+01 -9.651080e+00 7.319912e+00
    endloop
  endfacet
  facet normal 1.991274e-05 1.342128e-01 -9.909526e-01
    outer loop
      vertex 5.649995e+01 -9.651084e+00 7.319791e+00
      vertex 6.249996e+01 -1.029341e+01 7.145222e+00
      vertex 5.649996e+01 -1.029342e+01 7.145101e+00
    endloop
  endfacet
  facet normal 8.453520e-06 -9.224498e-01 -3.861170e-01
    outer loop
      vertex 5.649998e+01 -6.956611e+00 5.777469e+00
      vertex 6.249997e+01 -7.291514e+00 6.352866e+00
      vertex 5.649997e+01 -7.291519e+00 6.352745e+00
    endloop
  endfacet
  facet normal 1.291482e-05 -7.910836e-01 -6.117080e-01
    outer loop
      vertex 6.249997e+01 -7.291514e+00 6.352866e+00
      vertex 5.649998e+01 -6.956611e+00 5.777469e+00
      vertex 6.249998e+01 -6.956607e+00 5.777590e+00
    endloop
  endfacet
  facet normal 4.537446e-06 -9.817700e-01 -1.900724e-01
    outer loop
      vertex -6.250001e+01 -6.759301e+00 5.260907e+00
      vertex -5.650002e+01 -6.970060e+00 5.892511e+00
      vertex -6.250002e+01 -6.970064e+00 5.892389e+00
    endloop
  endfacet
  facet normal 9.478345e-06 -8.991227e-01 -4.376967e-01
    outer loop
      vertex -5.650002e+01 -6.970060e+00 5.892511e+00
      vertex -6.250001e+01 -6.759301e+00 5.260907e+00
      vertex -5.650001e+01 -6.759297e+00 5.261028e+00
    endloop
  endfacet
  facet normal 1.784232e-05 4.376967e-01 -8.991227e-01
    outer loop
      vertex -5.650004e+01 -1.037898e+01 7.069134e+00
      vertex -6.250005e+01 -9.747566e+00 7.279780e+00
      vertex -5.650005e+01 -9.747562e+00 7.279901e+00
    endloop
  endfacet
  facet normal 1.968753e-05 1.900724e-01 -9.817700e-01
    outer loop
      vertex -6.250005e+01 -9.747566e+00 7.279780e+00
      vertex -5.650004e+01 -1.037898e+01 7.069134e+00
      vertex -6.250004e+01 -1.037899e+01 7.069013e+00
    endloop
  endfacet
  facet normal 1.478118e-05 6.554926e-01 -7.552016e-01
    outer loop
      vertex -5.650003e+01 -1.093432e+01 6.702162e+00
      vertex -6.250004e+01 -1.037899e+01 7.069013e+00
      vertex -5.650004e+01 -1.037898e+01 7.069134e+00
    endloop
  endfacet
  facet normal 1.784232e-05 4.376967e-01 -8.991227e-01
    outer loop
      vertex -6.250004e+01 -1.037899e+01 7.069013e+00
      vertex -5.650003e+01 -1.093432e+01 6.702162e+00
      vertex -6.250003e+01 -1.093432e+01 6.702041e+00
    endloop
  endfacet
  facet normal 1.553688e-05 6.117080e-01 -7.910836e-01
    outer loop
      vertex 6.249996e+01 -1.086863e+01 6.810249e+00
      vertex 5.649997e+01 -1.133768e+01 6.337689e+00
      vertex 5.649996e+01 -1.086864e+01 6.810128e+00
    endloop
  endfacet
  facet normal 1.166487e-05 7.956120e-01 -6.058065e-01
    outer loop
      vertex 5.649997e+01 -1.133768e+01 6.337689e+00
      vertex 6.249996e+01 -1.086863e+01 6.810249e+00
      vertex 6.249997e+01 -1.133768e+01 6.337810e+00
    endloop
  endfacet
  facet normal 1.478118e-05 6.554926e-01 -7.552016e-01
    outer loop
      vertex -5.650003e+01 -1.093432e+01 6.702162e+00
      vertex -6.250002e+01 -1.137582e+01 6.203792e+00
      vertex -6.250003e+01 -1.093432e+01 6.702041e+00
    endloop
  endfacet
  facet normal 1.071273e-05 8.286179e-01 -5.598148e-01
    outer loop
      vertex -6.250002e+01 -1.137582e+01 6.203792e+00
      vertex -5.650003e+01 -1.093432e+01 6.702162e+00
      vertex -5.650002e+01 -1.137582e+01 6.203913e+00
    endloop
  endfacet
  facet normal 1.071273e-05 8.286179e-01 -5.598148e-01
    outer loop
      vertex -5.650002e+01 -1.137582e+01 6.203913e+00
      vertex -6.250001e+01 -1.167331e+01 5.608233e+00
      vertex -6.250002e+01 -1.137582e+01 6.203792e+00
    endloop
  endfacet
  facet normal 5.914222e-06 9.452741e-01 -3.262775e-01
    outer loop
      vertex -6.250001e+01 -1.167331e+01 5.608233e+00
      vertex -5.650002e+01 -1.137582e+01 6.203913e+00
      vertex -5.650001e+01 -1.167331e+01 5.608354e+00
    endloop
  endfacet
  facet normal 3.416124e-06 -9.909526e-01 -1.342128e-01
    outer loop
      vertex 6.249999e+01 -6.781856e+00 5.135253e+00
      vertex 5.649998e+01 -6.956611e+00 5.777469e+00
      vertex 5.649999e+01 -6.781860e+00 5.135132e+00
    endloop
  endfacet
  facet normal 8.453520e-06 -9.224498e-01 -3.861170e-01
    outer loop
      vertex 5.649998e+01 -6.956611e+00 5.777469e+00
      vertex 6.249999e+01 -6.781856e+00 5.135253e+00
      vertex 6.249998e+01 -6.956607e+00 5.777590e+00
    endloop
  endfacet
  facet normal -1.854076e-06 -9.919235e-01 1.268378e-01
    outer loop
      vertex 5.650001e+01 -6.779473e+00 4.469427e+00
      vertex 6.249999e+01 -6.781856e+00 5.135253e+00
      vertex 5.649999e+01 -6.781860e+00 5.135132e+00
    endloop
  endfacet
  facet normal 3.416124e-06 -9.909526e-01 -1.342128e-01
    outer loop
      vertex 6.249999e+01 -6.781856e+00 5.135253e+00
      vertex 5.650001e+01 -6.779473e+00 4.469427e+00
      vertex 6.250001e+01 -6.779469e+00 4.469548e+00
    endloop
  endfacet
  facet normal 7.126717e-07 9.975114e-01 -7.050491e-02
    outer loop
      vertex 2.725005e+01 1.162619e+01 1.492902e+00
      vertex 2.000085e+00 1.152245e+01 2.480102e-02
      vertex 2.000055e+00 1.162618e+01 1.492392e+00
    endloop
  endfacet
  facet normal 7.126717e-07 9.975114e-01 -7.050491e-02
    outer loop
      vertex 2.000085e+00 1.152245e+01 2.480102e-02
      vertex 2.725005e+01 1.162619e+01 1.492902e+00
      vertex 2.725008e+01 1.152246e+01 2.531085e-02
    endloop
  endfacet
  facet normal -1.000000e+00 -7.126717e-07 -2.019107e-05
    outer loop
      vertex -5.649995e+01 -1.009488e+01 2.365952e+00
      vertex -5.649995e+01 -8.778222e+00 2.272889e+00
      vertex -5.649994e+01 -9.442620e+00 2.232718e+00
    endloop
  endfacet
  facet normal -1.000000e+00 -7.126717e-07 -2.019107e-05
    outer loop
      vertex -5.649995e+01 -8.778222e+00 2.272889e+00
      vertex -5.649995e+01 -1.009488e+01 2.365952e+00
      vertex -5.649995e+01 -1.069039e+01 2.663377e+00
    endloop
  endfacet
  facet normal -1.000000e+00 -7.126717e-07 -2.019107e-05
    outer loop
      vertex -5.649995e+01 -8.778222e+00 2.272889e+00
      vertex -5.649995e+01 -1.069039e+01 2.663377e+00
      vertex -5.649995e+01 -8.146683e+00 2.483587e+00
    endloop
  endfacet
  facet normal -1.000000e+00 -7.126717e-07 -2.019107e-05
    outer loop
      vertex -5.649995e+01 -8.146683e+00 2.483587e+00
      vertex -5.649995e+01 -1.069039e+01 2.663377e+00
      vertex -5.649996e+01 -1.118857e+01 3.104874e+00
    endloop
  endfacet
  facet normal -1.000000e+00 -7.126717e-07 -2.019107e-05
    outer loop
      vertex -5.649995e+01 -8.146683e+00 2.483587e+00
      vertex -5.649996e+01 -1.118857e+01 3.104874e+00
      vertex -5.649996e+01 -7.591347e+00 2.850619e+00
    endloop
  endfacet
  facet normal -1.000000e+00 -7.126717e-07 -2.019107e-05
    outer loop
      vertex -5.649996e+01 -7.591347e+00 2.850619e+00
      vertex -5.649996e+01 -1.118857e+01 3.104874e+00
      vertex -5.649997e+01 -1.155560e+01 3.660271e+00
    endloop
  endfacet
  facet normal -1.000000e+00 -7.126717e-07 -2.019107e-05
    outer loop
      vertex -5.649996e+01 -7.591347e+00 2.850619e+00
      vertex -5.649997e+01 -1.155560e+01 3.660271e+00
      vertex -5.649997e+01 -7.149846e+00 3.348869e+00
    endloop
  endfacet
  facet normal -1.000000e+00 -7.126717e-07 -2.019107e-05
    outer loop
      vertex -5.649997e+01 -7.149846e+00 3.348869e+00
      vertex -5.649997e+01 -1.155560e+01 3.660271e+00
      vertex -5.649998e+01 -1.176637e+01 4.291693e+00
    endloop
  endfacet
  facet normal -1.000000e+00 -7.126717e-07 -2.019107e-05
    outer loop
      vertex -5.649997e+01 -7.149846e+00 3.348869e+00
      vertex -5.649998e+01 -1.176637e+01 4.291693e+00
      vertex -5.649998e+01 -6.852360e+00 3.944366e+00
    endloop
  endfacet
  facet normal -1.000000e+00 -7.126717e-07 -2.019107e-05
    outer loop
      vertex -5.649998e+01 -6.852360e+00 3.944366e+00
      vertex -5.649998e+01 -1.176637e+01 4.291693e+00
      vertex -5.650000e+01 -1.180654e+01 4.956151e+00
    endloop
  endfacet
  facet normal -1.000000e+00 -7.126717e-07 -2.019107e-05
    outer loop
      vertex -5.649998e+01 -6.852360e+00 3.944366e+00
      vertex -5.650000e+01 -1.180654e+01 4.956151e+00
      vertex -5.649999e+01 -6.719252e+00 4.596578e+00
    endloop
  endfacet
  facet normal -1.000000e+00 -7.126717e-07 -2.019107e-05
    outer loop
      vertex -5.649999e+01 -6.719252e+00 4.596578e+00
      vertex -5.650000e+01 -1.180654e+01 4.956151e+00
      vertex -5.650001e+01 -1.167331e+01 5.608354e+00
    endloop
  endfacet
  facet normal -1.000000e+00 -7.126717e-07 -2.019107e-05
    outer loop
      vertex -5.649999e+01 -6.719252e+00 4.596578e+00
      vertex -5.650001e+01 -1.167331e+01 5.608354e+00
      vertex -5.650001e+01 -6.759297e+00 5.261028e+00
    endloop
  endfacet
  facet normal -1.000000e+00 -7.126717e-07 -2.019107e-05
    outer loop
      vertex -5.650001e+01 -6.759297e+00 5.261028e+00
      vertex -5.650001e+01 -1.167331e+01 5.608354e+00
      vertex -5.650002e+01 -1.137582e+01 6.203913e+00
    endloop
  endfacet
  facet normal -1.000000e+00 -7.126717e-07 -2.019107e-05
    outer loop
      vertex -5.650001e+01 -6.759297e+00 5.261028e+00
      vertex -5.650002e+01 -1.137582e+01 6.203913e+00
      vertex -5.650002e+01 -6.970060e+00 5.892511e+00
    endloop
  endfacet
  facet normal -1.000000e+00 -7.126717e-07 -2.019107e-05
    outer loop
      vertex -5.650002e+01 -6.970060e+00 5.892511e+00
      vertex -5.650002e+01 -1.137582e+01 6.203913e+00
      vertex -5.650003e+01 -1.093432e+01 6.702162e+00
    endloop
  endfacet
  facet normal -1.000000e+00 -7.126717e-07 -2.019107e-05
    outer loop
      vertex -5.650002e+01 -6.970060e+00 5.892511e+00
      vertex -5.650003e+01 -1.093432e+01 6.702162e+00
      vertex -5.650003e+01 -7.337088e+00 6.447907e+00
    endloop
  endfacet
  facet normal -1.000000e+00 -7.126717e-07 -2.019107e-05
    outer loop
      vertex -5.650003e+01 -7.337088e+00 6.447907e+00
      vertex -5.650003e+01 -1.093432e+01 6.702162e+00
      vertex -5.650004e+01 -1.037898e+01 7.069134e+00
    endloop
  endfacet
  facet normal -1.000000e+00 -7.126717e-07 -2.019107e-05
    outer loop
      vertex -5.650003e+01 -7.337088e+00 6.447907e+00
      vertex -5.650004e+01 -1.037898e+01 7.069134e+00
      vertex -5.650004e+01 -7.835281e+00 6.889343e+00
    endloop
  endfacet
  facet normal -1.000000e+00 -7.126717e-07 -2.019107e-05
    outer loop
      vertex -5.650004e+01 -7.835281e+00 6.889343e+00
      vertex -5.650004e+01 -1.037898e+01 7.069134e+00
      vertex -5.650005e+01 -9.747562e+00 7.279901e+00
    endloop
  endfacet
  facet normal -1.000000e+00 -7.126717e-07 -2.019107e-05
    outer loop
      vertex -5.650004e+01 -7.835281e+00 6.889343e+00
      vertex -5.650005e+01 -9.747562e+00 7.279901e+00
      vertex -5.650005e+01 -8.430900e+00 7.186838e+00
    endloop
  endfacet
  facet normal -1.000000e+00 -7.126717e-07 -2.019107e-05
    outer loop
      vertex -5.650005e+01 -8.430900e+00 7.186838e+00
      vertex -5.650005e+01 -9.747562e+00 7.279901e+00
      vertex -5.650005e+01 -9.083047e+00 7.320002e+00
    endloop
  endfacet
  facet normal -6.997923e-06 -9.252965e-01 3.792446e-01
    outer loop
      vertex 6.250002e+01 -6.949293e+00 3.825928e+00
      vertex 5.650001e+01 -6.779473e+00 4.469427e+00
      vertex 5.650002e+01 -6.949297e+00 3.825807e+00
    endloop
  endfacet
  facet normal -1.854076e-06 -9.919235e-01 1.268378e-01
    outer loop
      vertex 5.650001e+01 -6.779473e+00 4.469427e+00
      vertex 6.250002e+01 -6.949293e+00 3.825928e+00
      vertex 6.250001e+01 -6.779469e+00 4.469548e+00
    endloop
  endfacet
  facet normal -1.166487e-05 -7.956120e-01 6.058065e-01
    outer loop
      vertex 6.250003e+01 -7.280033e+00 3.248200e+00
      vertex 5.650002e+01 -6.949297e+00 3.825807e+00
      vertex 5.650003e+01 -7.280038e+00 3.248079e+00
    endloop
  endfacet
  facet normal -6.997923e-06 -9.252965e-01 3.792446e-01
    outer loop
      vertex 5.650002e+01 -6.949297e+00 3.825807e+00
      vertex 6.250003e+01 -7.280033e+00 3.248200e+00
      vertex 6.250002e+01 -6.949293e+00 3.825928e+00
    endloop
  endfacet
  facet normal -1.553688e-05 -6.117080e-01 7.910836e-01
    outer loop
      vertex 5.650004e+01 -7.748967e+00 2.775570e+00
      vertex 6.250003e+01 -7.280033e+00 3.248200e+00
      vertex 5.650003e+01 -7.280038e+00 3.248079e+00
    endloop
  endfacet
  facet normal -1.166487e-05 -7.956120e-01 6.058065e-01
    outer loop
      vertex 6.250003e+01 -7.280033e+00 3.248200e+00
      vertex 5.650004e+01 -7.748967e+00 2.775570e+00
      vertex 6.250004e+01 -7.748963e+00 2.775692e+00
    endloop
  endfacet
  facet normal -1.835008e-05 -3.861170e-01 9.224498e-01
    outer loop
      vertex 5.650005e+01 -8.324187e+00 2.440598e+00
      vertex 6.250004e+01 -7.748963e+00 2.775692e+00
      vertex 5.650004e+01 -7.748967e+00 2.775570e+00
    endloop
  endfacet
  facet normal -1.553688e-05 -6.117080e-01 7.910836e-01
    outer loop
      vertex 6.250004e+01 -7.748963e+00 2.775692e+00
      vertex 5.650005e+01 -8.324187e+00 2.440598e+00
      vertex 6.250005e+01 -8.324182e+00 2.440719e+00
    endloop
  endfacet
  facet normal 1.000000e+00 7.126717e-07 2.019107e-05
    outer loop
      vertex 5.650005e+01 -8.966641e+00 2.265916e+00
      vertex 5.650005e+01 -1.027597e+01 2.433353e+00
      vertex 5.650005e+01 -9.632289e+00 2.263464e+00
    endloop
  endfacet
  facet normal 1.000000e+00 7.126717e-07 2.019107e-05
    outer loop
      vertex 5.650005e+01 -1.027597e+01 2.433353e+00
      vertex 5.650005e+01 -8.966641e+00 2.265916e+00
      vertex 5.650005e+01 -8.324187e+00 2.440598e+00
    endloop
  endfacet
  facet normal 1.000000e+00 7.126717e-07 2.019107e-05
    outer loop
      vertex 5.650005e+01 -1.027597e+01 2.433353e+00
      vertex 5.650005e+01 -8.324187e+00 2.440598e+00
      vertex 5.650005e+01 -1.085370e+01 2.764033e+00
    endloop
  endfacet
  facet normal 1.000000e+00 7.126717e-07 2.019107e-05
    outer loop
      vertex 5.650005e+01 -1.085370e+01 2.764033e+00
      vertex 5.650005e+01 -8.324187e+00 2.440598e+00
      vertex 5.650004e+01 -7.748967e+00 2.775570e+00
    endloop
  endfacet
  facet normal 1.000000e+00 7.126717e-07 2.019107e-05
    outer loop
      vertex 5.650005e+01 -1.085370e+01 2.764033e+00
      vertex 5.650004e+01 -7.748967e+00 2.775570e+00
      vertex 5.650004e+01 -1.132608e+01 3.233014e+00
    endloop
  endfacet
  facet normal 1.000000e+00 7.126717e-07 2.019107e-05
    outer loop
      vertex 5.650004e+01 -1.132608e+01 3.233014e+00
      vertex 5.650004e+01 -7.748967e+00 2.775570e+00
      vertex 5.650003e+01 -7.280038e+00 3.248079e+00
    endloop
  endfacet
  facet normal 1.000000e+00 7.126717e-07 2.019107e-05
    outer loop
      vertex 5.650004e+01 -1.132608e+01 3.233014e+00
      vertex 5.650003e+01 -7.280038e+00 3.248079e+00
      vertex 5.650002e+01 -1.166111e+01 3.808238e+00
    endloop
  endfacet
  facet normal 1.000000e+00 7.126717e-07 2.019107e-05
    outer loop
      vertex 5.650002e+01 -1.166111e+01 3.808238e+00
      vertex 5.650003e+01 -7.280038e+00 3.248079e+00
      vertex 5.650002e+01 -6.949297e+00 3.825807e+00
    endloop
  endfacet
  facet normal 1.000000e+00 7.126717e-07 2.019107e-05
    outer loop
      vertex 5.650002e+01 -1.166111e+01 3.808238e+00
      vertex 5.650002e+01 -6.949297e+00 3.825807e+00
      vertex 5.650001e+01 -1.183574e+01 4.450628e+00
    endloop
  endfacet
  facet normal 1.000000e+00 7.126717e-07 2.019107e-05
    outer loop
      vertex 5.650001e+01 -1.183574e+01 4.450628e+00
      vertex 5.650002e+01 -6.949297e+00 3.825807e+00
      vertex 5.650001e+01 -6.779473e+00 4.469427e+00
    endloop
  endfacet
  facet normal 1.000000e+00 7.126717e-07 2.019107e-05
    outer loop
      vertex 5.650001e+01 -1.183574e+01 4.450628e+00
      vertex 5.650001e+01 -6.779473e+00 4.469427e+00
      vertex 5.650000e+01 -1.183825e+01 5.116280e+00
    endloop
  endfacet
  facet normal 1.000000e+00 7.126717e-07 2.019107e-05
    outer loop
      vertex 5.650000e+01 -1.183825e+01 5.116280e+00
      vertex 5.650001e+01 -6.779473e+00 4.469427e+00
      vertex 5.649999e+01 -6.781860e+00 5.135132e+00
    endloop
  endfacet
  facet normal 1.000000e+00 7.126717e-07 2.019107e-05
    outer loop
      vertex 5.650000e+01 -1.183825e+01 5.116280e+00
      vertex 5.649999e+01 -6.781860e+00 5.135132e+00
      vertex 5.649999e+01 -1.166830e+01 5.759952e+00
    endloop
  endfacet
  facet normal 1.000000e+00 7.126717e-07 2.019107e-05
    outer loop
      vertex 5.649999e+01 -1.166830e+01 5.759952e+00
      vertex 5.649999e+01 -6.781860e+00 5.135132e+00
      vertex 5.649998e+01 -6.956611e+00 5.777469e+00
    endloop
  endfacet
  facet normal 1.000000e+00 7.126717e-07 2.019107e-05
    outer loop
      vertex 5.649999e+01 -1.166830e+01 5.759952e+00
      vertex 5.649998e+01 -6.956611e+00 5.777469e+00
      vertex 5.649997e+01 -1.133768e+01 6.337689e+00
    endloop
  endfacet
  facet normal 1.000000e+00 7.126717e-07 2.019107e-05
    outer loop
      vertex 5.649997e+01 -1.133768e+01 6.337689e+00
      vertex 5.649998e+01 -6.956611e+00 5.777469e+00
      vertex 5.649997e+01 -7.291519e+00 6.352745e+00
    endloop
  endfacet
  facet normal 1.000000e+00 7.126717e-07 2.019107e-05
    outer loop
      vertex 5.649997e+01 -1.133768e+01 6.337689e+00
      vertex 5.649997e+01 -7.291519e+00 6.352745e+00
      vertex 5.649996e+01 -1.086864e+01 6.810128e+00
    endloop
  endfacet
  facet normal 1.000000e+00 7.126717e-07 2.019107e-05
    outer loop
      vertex 5.649996e+01 -1.086864e+01 6.810128e+00
      vertex 5.649997e+01 -7.291519e+00 6.352745e+00
      vertex 5.649996e+01 -7.764027e+00 6.821674e+00
    endloop
  endfacet
  facet normal 1.000000e+00 7.126717e-07 2.019107e-05
    outer loop
      vertex 5.649996e+01 -1.086864e+01 6.810128e+00
      vertex 5.649996e+01 -7.764027e+00 6.821674e+00
      vertex 5.649996e+01 -1.029342e+01 7.145101e+00
    endloop
  endfacet
  facet normal 1.000000e+00 7.126717e-07 2.019107e-05
    outer loop
      vertex 5.649996e+01 -1.029342e+01 7.145101e+00
      vertex 5.649996e+01 -7.764027e+00 6.821674e+00
      vertex 5.649995e+01 -8.341760e+00 7.152354e+00
    endloop
  endfacet
  facet normal 1.000000e+00 7.126717e-07 2.019107e-05
    outer loop
      vertex 5.649996e+01 -1.029342e+01 7.145101e+00
      vertex 5.649995e+01 -8.341760e+00 7.152354e+00
      vertex 5.649995e+01 -9.651084e+00 7.319791e+00
    endloop
  endfacet
  facet normal 1.000000e+00 7.126717e-07 2.019107e-05
    outer loop
      vertex 5.649995e+01 -9.651084e+00 7.319791e+00
      vertex 5.649995e+01 -8.341760e+00 7.152354e+00
      vertex 5.649995e+01 -8.985436e+00 7.322243e+00
    endloop
  endfacet
  facet normal -1.112558e-05 -8.147777e-01 5.797735e-01
    outer loop
      vertex -6.250003e+01 -1.567946e+01 6.893457e+00
      vertex 6.249990e+01 -1.336631e+01 1.014651e+01
      vertex -6.250010e+01 -1.336640e+01 1.014398e+01
    endloop
  endfacet
  facet normal -1.112558e-05 -8.147777e-01 5.797735e-01
    outer loop
      vertex 6.249990e+01 -1.336631e+01 1.014651e+01
      vertex -6.250003e+01 -1.567946e+01 6.893457e+00
      vertex 6.249997e+01 -1.567937e+01 6.895981e+00
    endloop
  endfacet
  facet normal 5.914222e-06 9.452741e-01 -3.262775e-01
    outer loop
      vertex -5.650001e+01 -1.167331e+01 5.608354e+00
      vertex -6.250000e+01 -1.180654e+01 4.956030e+00
      vertex -6.250001e+01 -1.167331e+01 5.608233e+00
    endloop
  endfacet
  facet normal 7.126717e-07 9.975114e-01 -7.050491e-02
    outer loop
      vertex -6.250000e+01 -1.180654e+01 4.956030e+00
      vertex -5.650001e+01 -1.167331e+01 5.608354e+00
      vertex -5.650000e+01 -1.180654e+01 4.956151e+00
    endloop
  endfacet
  facet normal 7.126717e-07 9.975114e-01 -7.050491e-02
    outer loop
      vertex -5.650000e+01 -1.180654e+01 4.956151e+00
      vertex -6.249998e+01 -1.176637e+01 4.291572e+00
      vertex -6.250000e+01 -1.180654e+01 4.956030e+00
    endloop
  endfacet
  facet normal -4.537446e-06 9.817700e-01 1.900724e-01
    outer loop
      vertex -6.249998e+01 -1.176637e+01 4.291572e+00
      vertex -5.650000e+01 -1.180654e+01 4.956151e+00
      vertex -5.649998e+01 -1.176637e+01 4.291693e+00
    endloop
  endfacet
  facet normal -4.537446e-06 9.817700e-01 1.900724e-01
    outer loop
      vertex -5.649998e+01 -1.176637e+01 4.291693e+00
      vertex -6.249997e+01 -1.155561e+01 3.660150e+00
      vertex -6.249998e+01 -1.176637e+01 4.291572e+00
    endloop
  endfacet
  facet normal -9.478345e-06 8.991227e-01 4.376967e-01
    outer loop
      vertex -6.249997e+01 -1.155561e+01 3.660150e+00
      vertex -5.649998e+01 -1.176637e+01 4.291693e+00
      vertex -5.649997e+01 -1.155560e+01 3.660271e+00
    endloop
  endfacet
  facet normal -9.478345e-06 8.991227e-01 4.376967e-01
    outer loop
      vertex -5.649997e+01 -1.155560e+01 3.660271e+00
      vertex -6.249996e+01 -1.118858e+01 3.104753e+00
      vertex -6.249997e+01 -1.155561e+01 3.660150e+00
    endloop
  endfacet
  facet normal -1.377331e-05 7.552016e-01 6.554926e-01
    outer loop
      vertex -6.249996e+01 -1.118858e+01 3.104753e+00
      vertex -5.649997e+01 -1.155560e+01 3.660271e+00
      vertex -5.649996e+01 -1.118857e+01 3.104874e+00
    endloop
  endfacet
  facet normal -1.991274e-05 -1.342128e-01 9.909526e-01
    outer loop
      vertex 5.650005e+01 -8.966641e+00 2.265916e+00
      vertex 6.250005e+01 -8.324182e+00 2.440719e+00
      vertex 5.650005e+01 -8.324187e+00 2.440598e+00
    endloop
  endfacet
  facet normal -1.835008e-05 -3.861170e-01 9.224498e-01
    outer loop
      vertex 6.250005e+01 -8.324182e+00 2.440719e+00
      vertex 5.650005e+01 -8.966641e+00 2.265916e+00
      vertex 6.250005e+01 -8.966637e+00 2.266037e+00
    endloop
  endfacet
  facet normal 1.991274e-05 1.342128e-01 -9.909526e-01
    outer loop
      vertex 6.249995e+01 -9.651080e+00 7.319912e+00
      vertex 5.649995e+01 -8.985436e+00 7.322243e+00
      vertex 6.249995e+01 -8.985432e+00 7.322365e+00
    endloop
  endfacet
  facet normal 2.011839e-05 -1.268378e-01 -9.919235e-01
    outer loop
      vertex 5.649995e+01 -8.985436e+00 7.322243e+00
      vertex 6.249995e+01 -9.651080e+00 7.319912e+00
      vertex 5.649995e+01 -9.651084e+00 7.319791e+00
    endloop
  endfacet
  facet normal -2.011839e-05 1.268378e-01 9.919235e-01
    outer loop
      vertex 5.650005e+01 -9.632289e+00 2.263464e+00
      vertex 6.250005e+01 -8.966637e+00 2.266037e+00
      vertex 5.650005e+01 -8.966641e+00 2.265916e+00
    endloop
  endfacet
  facet normal -1.991274e-05 -1.342128e-01 9.909526e-01
    outer loop
      vertex 6.250005e+01 -8.966637e+00 2.266037e+00
      vertex 5.650005e+01 -9.632289e+00 2.263464e+00
      vertex 6.250005e+01 -9.632285e+00 2.263585e+00
    endloop
  endfacet
  facet normal -7.126717e-07 -9.975114e-01 7.050491e-02
    outer loop
      vertex -6.249999e+01 -6.719257e+00 4.596457e+00
      vertex -5.650001e+01 -6.759297e+00 5.261028e+00
      vertex -6.250001e+01 -6.759301e+00 5.260907e+00
    endloop
  endfacet
  facet normal 4.537446e-06 -9.817700e-01 -1.900724e-01
    outer loop
      vertex -5.650001e+01 -6.759297e+00 5.261028e+00
      vertex -6.249999e+01 -6.719257e+00 4.596457e+00
      vertex -5.649999e+01 -6.719252e+00 4.596578e+00
    endloop
  endfacet
  facet normal -1.377331e-05 7.552016e-01 6.554926e-01
    outer loop
      vertex -6.249996e+01 -1.118858e+01 3.104753e+00
      vertex -5.649995e+01 -1.069039e+01 2.663377e+00
      vertex -6.249995e+01 -1.069039e+01 2.663256e+00
    endloop
  endfacet
  facet normal -1.712965e-05 5.598148e-01 8.286179e-01
    outer loop
      vertex -5.649995e+01 -1.069039e+01 2.663377e+00
      vertex -6.249996e+01 -1.118858e+01 3.104753e+00
      vertex -5.649996e+01 -1.118857e+01 3.104874e+00
    endloop
  endfacet
  facet normal -1.712965e-05 5.598148e-01 8.286179e-01
    outer loop
      vertex -6.249995e+01 -1.069039e+01 2.663256e+00
      vertex -5.649995e+01 -1.009488e+01 2.365952e+00
      vertex -6.249995e+01 -1.009489e+01 2.365831e+00
    endloop
  endfacet
  facet normal -1.931863e-05 3.262775e-01 9.452741e-01
    outer loop
      vertex -5.649995e+01 -1.009488e+01 2.365952e+00
      vertex -6.249995e+01 -1.069039e+01 2.663256e+00
      vertex -5.649995e+01 -1.069039e+01 2.663377e+00
    endloop
  endfacet
  facet normal -1.895301e-05 3.792446e-01 9.252965e-01
    outer loop
      vertex 5.650005e+01 -1.027597e+01 2.433353e+00
      vertex 6.250005e+01 -9.632285e+00 2.263585e+00
      vertex 5.650005e+01 -9.632289e+00 2.263464e+00
    endloop
  endfacet
  facet normal -2.011839e-05 1.268378e-01 9.919235e-01
    outer loop
      vertex 6.250005e+01 -9.632285e+00 2.263585e+00
      vertex 5.650005e+01 -1.027597e+01 2.433353e+00
      vertex 6.250005e+01 -1.027596e+01 2.433474e+00
    endloop
  endfacet
  facet normal -1.931863e-05 3.262775e-01 9.452741e-01
    outer loop
      vertex -6.249995e+01 -1.009489e+01 2.365831e+00
      vertex -5.649994e+01 -9.442620e+00 2.232718e+00
      vertex -6.249994e+01 -9.442624e+00 2.232597e+00
    endloop
  endfacet
  facet normal -2.019107e-05 7.050491e-02 9.975114e-01
    outer loop
      vertex -5.649994e+01 -9.442620e+00 2.232718e+00
      vertex -6.249995e+01 -1.009489e+01 2.365831e+00
      vertex -5.649995e+01 -1.009488e+01 2.365952e+00
    endloop
  endfacet
  facet normal -1.649600e-05 6.058065e-01 7.956120e-01
    outer loop
      vertex 5.650005e+01 -1.085370e+01 2.764033e+00
      vertex 6.250005e+01 -1.027596e+01 2.433474e+00
      vertex 5.650005e+01 -1.027597e+01 2.433353e+00
    endloop
  endfacet
  facet normal -1.895301e-05 3.792446e-01 9.252965e-01
    outer loop
      vertex 6.250005e+01 -1.027596e+01 2.433474e+00
      vertex 5.650005e+01 -1.085370e+01 2.764033e+00
      vertex 6.250005e+01 -1.085369e+01 2.764154e+00
    endloop
  endfacet
  facet normal -1.291482e-05 7.910836e-01 6.117080e-01
    outer loop
      vertex 5.650004e+01 -1.132608e+01 3.233014e+00
      vertex 6.250005e+01 -1.085369e+01 2.764154e+00
      vertex 5.650005e+01 -1.085370e+01 2.764033e+00
    endloop
  endfacet
  facet normal -1.649600e-05 6.058065e-01 7.956120e-01
    outer loop
      vertex 6.250005e+01 -1.085369e+01 2.764154e+00
      vertex 5.650004e+01 -1.132608e+01 3.233014e+00
      vertex 6.250004e+01 -1.132608e+01 3.233136e+00
    endloop
  endfacet
  facet normal -1.000000e+00 -7.126717e-07 -2.019107e-05
    outer loop
      vertex -2.000075e+00 -9.139917e+00 8.681895e+00
      vertex -1.999915e+00 1.152244e+01 2.472026e-02
      vertex -1.999900e+00 -9.753311e+00 3.533438e-03
    endloop
  endfacet
  facet normal -1.000000e+00 -7.126717e-07 -2.019107e-05
    outer loop
      vertex -1.999915e+00 1.152244e+01 2.472026e-02
      vertex -2.000075e+00 -9.139917e+00 8.681895e+00
      vertex -1.999945e+00 1.162617e+01 1.492311e+00
    endloop
  endfacet
  facet normal -8.453520e-06 9.224498e-01 3.861170e-01
    outer loop
      vertex 6.250002e+01 -1.166111e+01 3.808359e+00
      vertex 5.650004e+01 -1.132608e+01 3.233014e+00
      vertex 5.650002e+01 -1.166111e+01 3.808238e+00
    endloop
  endfacet
  facet normal -1.291482e-05 7.910836e-01 6.117080e-01
    outer loop
      vertex 5.650004e+01 -1.132608e+01 3.233014e+00
      vertex 6.250002e+01 -1.166111e+01 3.808359e+00
      vertex 6.250004e+01 -1.132608e+01 3.233136e+00
    endloop
  endfacet
  facet normal -3.416124e-06 9.909526e-01 1.342128e-01
    outer loop
      vertex 6.250001e+01 -1.183574e+01 4.450749e+00
      vertex 5.650002e+01 -1.166111e+01 3.808238e+00
      vertex 5.650001e+01 -1.183574e+01 4.450628e+00
    endloop
  endfacet
  facet normal -8.453520e-06 9.224498e-01 3.861170e-01
    outer loop
      vertex 5.650002e+01 -1.166111e+01 3.808238e+00
      vertex 6.250001e+01 -1.183574e+01 4.450749e+00
      vertex 6.250002e+01 -1.166111e+01 3.808359e+00
    endloop
  endfacet
  facet normal -2.019107e-05 7.050491e-02 9.975114e-01
    outer loop
      vertex -6.249994e+01 -9.442624e+00 2.232597e+00
      vertex -5.649995e+01 -8.778222e+00 2.272889e+00
      vertex -6.249995e+01 -8.778227e+00 2.272768e+00
    endloop
  endfacet
  facet normal -1.968753e-05 -1.900724e-01 9.817700e-01
    outer loop
      vertex -5.649995e+01 -8.778222e+00 2.272889e+00
      vertex -6.249994e+01 -9.442624e+00 2.232597e+00
      vertex -5.649994e+01 -9.442620e+00 2.232718e+00
    endloop
  endfacet
  facet normal 1.854076e-06 9.919235e-01 -1.268378e-01
    outer loop
      vertex 6.250000e+01 -1.183825e+01 5.116401e+00
      vertex 5.650001e+01 -1.183574e+01 4.450628e+00
      vertex 5.650000e+01 -1.183825e+01 5.116280e+00
    endloop
  endfacet
  facet normal -3.416124e-06 9.909526e-01 1.342128e-01
    outer loop
      vertex 5.650001e+01 -1.183574e+01 4.450628e+00
      vertex 6.250000e+01 -1.183825e+01 5.116401e+00
      vertex 6.250001e+01 -1.183574e+01 4.450749e+00
    endloop
  endfacet
  facet normal -1.968753e-05 -1.900724e-01 9.817700e-01
    outer loop
      vertex -6.249995e+01 -8.778227e+00 2.272768e+00
      vertex -5.649995e+01 -8.146683e+00 2.483587e+00
      vertex -6.249995e+01 -8.146687e+00 2.483465e+00
    endloop
  endfacet
  facet normal -1.784232e-05 -4.376967e-01 8.991227e-01
    outer loop
      vertex -5.649995e+01 -8.146683e+00 2.483587e+00
      vertex -6.249995e+01 -8.778227e+00 2.272768e+00
      vertex -5.649995e+01 -8.778222e+00 2.272889e+00
    endloop
  endfacet
  facet normal 7.126717e-07 9.975114e-01 -7.050491e-02
    outer loop
      vertex -5.600005e+01 -4.836016e+00 7.188584e+00
      vertex -5.919996e+01 -5.202258e+00 2.006927e+00
      vertex -5.920006e+01 -4.835872e+00 7.190589e+00
    endloop
  endfacet
  facet normal 7.126717e-07 9.975114e-01 -7.050491e-02
    outer loop
      vertex -5.919996e+01 -5.202258e+00 2.006927e+00
      vertex -5.600005e+01 -4.836016e+00 7.188584e+00
      vertex -5.599994e+01 -5.202255e+00 2.006992e+00
    endloop
  endfacet
  facet normal 7.126717e-07 9.975114e-01 -7.050491e-02
    outer loop
      vertex 5.919996e+01 -4.835788e+00 7.192980e+00
      vertex 5.600006e+01 -5.202176e+00 2.009253e+00
      vertex 5.599995e+01 -4.835790e+00 7.192915e+00
    endloop
  endfacet
  facet normal 7.126717e-07 9.975114e-01 -7.050491e-02
    outer loop
      vertex 5.600006e+01 -5.202176e+00 2.009253e+00
      vertex 5.919996e+01 -4.835788e+00 7.192980e+00
      vertex 5.920007e+01 -5.202173e+00 2.009318e+00
    endloop
  endfacet
  facet normal 1.000000e+00 7.126717e-07 2.019107e-05
    outer loop
      vertex 2.000085e+00 1.152245e+01 2.480102e-02
      vertex 1.999925e+00 -9.139914e+00 8.681976e+00
      vertex 2.000100e+00 -9.753308e+00 3.614202e-03
    endloop
  endfacet
  facet normal 1.000000e+00 7.126717e-07 2.019107e-05
    outer loop
      vertex 1.999925e+00 -9.139914e+00 8.681976e+00
      vertex 2.000085e+00 1.152245e+01 2.480102e-02
      vertex 2.000055e+00 1.162618e+01 1.492392e+00
    endloop
  endfacet
  facet normal -1.000000e+00 -7.126717e-07 -2.019107e-05
    outer loop
      vertex 2.724992e+01 -9.139896e+00 8.682486e+00
      vertex 2.725008e+01 1.152246e+01 2.531085e-02
      vertex 2.725010e+01 -9.753290e+00 4.124027e-03
    endloop
  endfacet
  facet normal -1.000000e+00 -7.126717e-07 -2.019107e-05
    outer loop
      vertex 2.725008e+01 1.152246e+01 2.531085e-02
      vertex 2.724992e+01 -9.139896e+00 8.682486e+00
      vertex 2.725005e+01 1.162619e+01 1.492902e+00
    endloop
  endfacet
  facet normal 7.126717e-07 9.975114e-01 -7.050491e-02
    outer loop
      vertex 5.600006e+01 -9.611898e+00 2.004842e+00
      vertex 5.215775e+01 -9.753272e+00 4.626939e-03
      vertex 5.215771e+01 -9.612624e+00 1.994536e+00
    endloop
  endfacet
  facet normal 7.126717e-07 9.975114e-01 -7.050491e-02
    outer loop
      vertex 5.215775e+01 -9.753272e+00 4.626939e-03
      vertex 5.600006e+01 -9.611898e+00 2.004842e+00
      vertex 5.600010e+01 -9.753269e+00 4.704520e-03
    endloop
  endfacet
  facet normal 6.997923e-06 9.252965e-01 -3.792446e-01
    outer loop
      vertex 6.249999e+01 -1.166830e+01 5.760073e+00
      vertex 5.650000e+01 -1.183825e+01 5.116280e+00
      vertex 5.649999e+01 -1.166830e+01 5.759952e+00
    endloop
  endfacet
  facet normal 1.854076e-06 9.919235e-01 -1.268378e-01
    outer loop
      vertex 5.650000e+01 -1.183825e+01 5.116280e+00
      vertex 6.249999e+01 -1.166830e+01 5.760073e+00
      vertex 6.250000e+01 -1.183825e+01 5.116401e+00
    endloop
  endfacet
  facet normal -1.000000e+00 -7.126717e-07 -2.019107e-05
    outer loop
      vertex 5.599992e+01 -9.139876e+00 8.683066e+00
      vertex 5.600006e+01 -5.345487e+00 2.009103e+00
      vertex 5.600006e+01 -9.611898e+00 2.004842e+00
    endloop
  endfacet
  facet normal -1.000000e+00 -7.126717e-07 -2.019107e-05
    outer loop
      vertex 5.600006e+01 -5.345487e+00 2.009103e+00
      vertex 5.599992e+01 -9.139876e+00 8.683066e+00
      vertex 5.600006e+01 -5.202176e+00 2.009253e+00
    endloop
  endfacet
  facet normal -1.000000e+00 -7.126717e-07 -2.019107e-05
    outer loop
      vertex 5.600006e+01 -5.202176e+00 2.009253e+00
      vertex 5.599992e+01 -9.139876e+00 8.683066e+00
      vertex 5.599995e+01 -4.835790e+00 7.192915e+00
    endloop
  endfacet
  facet normal -1.000000e+00 -7.126717e-07 -2.019107e-05
    outer loop
      vertex 5.919996e+01 -4.835788e+00 7.192980e+00
      vertex 5.920007e+01 -1.345507e+00 2.013109e+00
      vertex 5.920007e+01 -5.202173e+00 2.009318e+00
    endloop
  endfacet
  facet normal -1.000000e+00 -7.126717e-07 -2.019107e-05
    outer loop
      vertex 5.920007e+01 -1.345507e+00 2.013109e+00
      vertex 5.919996e+01 -4.835788e+00 7.192980e+00
      vertex 5.920007e+01 1.162622e+01 1.493547e+00
    endloop
  endfacet
  facet normal -1.000000e+00 -7.126717e-07 -2.019107e-05
    outer loop
      vertex 5.920007e+01 -1.345507e+00 2.013109e+00
      vertex 5.920010e+01 1.152249e+01 2.595595e-02
      vertex 5.920011e+01 -1.343566e+00 1.312205e-02
    endloop
  endfacet
  facet normal -1.000000e+00 -7.126717e-07 -2.019107e-05
    outer loop
      vertex 5.920010e+01 1.152249e+01 2.595595e-02
      vertex 5.920007e+01 -1.345507e+00 2.013109e+00
      vertex 5.920007e+01 1.162622e+01 1.493547e+00
    endloop
  endfacet
  facet normal 2.019035e-05 9.950496e-04 -9.999995e-01
    outer loop
      vertex -5.599990e+01 -9.753349e+00 2.443120e-03
      vertex -5.919992e+01 -5.343633e+00 6.729132e-03
      vertex -5.599990e+01 -5.343631e+00 6.793744e-03
    endloop
  endfacet
  facet normal 2.019035e-05 9.950496e-04 -9.999995e-01
    outer loop
      vertex -5.229989e+01 -9.756895e+00 2.523884e-03
      vertex -5.599990e+01 -9.753349e+00 2.443120e-03
      vertex -5.349990e+01 -9.753347e+00 2.493598e-03
    endloop
  endfacet
  facet normal 2.019035e-05 9.950496e-04 -9.999995e-01
    outer loop
      vertex 6.250008e+01 1.585278e+01 3.029672e-02
      vertex 5.920010e+01 1.152249e+01 2.595595e-02
      vertex -6.249992e+01 1.585269e+01 2.777283e-02
    endloop
  endfacet
  facet normal 2.019035e-05 9.950496e-04 -9.999995e-01
    outer loop
      vertex 5.920010e+01 1.152249e+01 2.595595e-02
      vertex 6.250008e+01 1.585278e+01 3.029672e-02
      vertex 6.250010e+01 -1.208907e+01 2.523884e-03
    endloop
  endfacet
  facet normal 2.019035e-05 9.950496e-04 -9.999995e-01
    outer loop
      vertex 5.920010e+01 1.152249e+01 2.595595e-02
      vertex 6.250010e+01 -1.208907e+01 2.523884e-03
      vertex 5.920011e+01 -1.343566e+00 1.312205e-02
    endloop
  endfacet
  facet normal 2.019035e-05 9.950496e-04 -9.999995e-01
    outer loop
      vertex 5.920011e+01 -1.343566e+00 1.312205e-02
      vertex 6.250010e+01 -1.208907e+01 2.523884e-03
      vertex 5.920011e+01 -5.343549e+00 9.119756e-03
    endloop
  endfacet
  facet normal 2.019035e-05 9.950496e-04 -9.999995e-01
    outer loop
      vertex 5.920011e+01 -5.343549e+00 9.119756e-03
      vertex 6.250010e+01 -1.208907e+01 2.523884e-03
      vertex 5.600010e+01 -5.343551e+00 9.055144e-03
    endloop
  endfacet
  facet normal 2.019035e-05 9.950496e-04 -9.999995e-01
    outer loop
      vertex 5.600010e+01 -5.343551e+00 9.055144e-03
      vertex 6.250010e+01 -1.208907e+01 2.523884e-03
      vertex 5.600010e+01 -9.753269e+00 4.704520e-03
    endloop
  endfacet
  facet normal 2.019035e-05 9.950496e-04 -9.999995e-01
    outer loop
      vertex 5.600010e+01 -9.753269e+00 4.704520e-03
      vertex 6.250010e+01 -1.208907e+01 2.523884e-03
      vertex 5.215775e+01 -9.753272e+00 4.626939e-03
    endloop
  endfacet
  facet normal 2.019035e-05 9.950496e-04 -9.999995e-01
    outer loop
      vertex 5.215775e+01 -9.753272e+00 4.626939e-03
      vertex 6.250010e+01 -1.208907e+01 2.523884e-03
      vertex 3.025010e+01 -9.753288e+00 4.184600e-03
    endloop
  endfacet
  facet normal 2.019035e-05 9.950496e-04 -9.999995e-01
    outer loop
      vertex 3.025010e+01 -9.753288e+00 4.184600e-03
      vertex 6.250010e+01 -1.208907e+01 2.523884e-03
      vertex 2.725010e+01 -9.753290e+00 4.124027e-03
    endloop
  endfacet
  facet normal 2.019035e-05 9.950496e-04 -9.999995e-01
    outer loop
      vertex 2.725010e+01 -9.753290e+00 4.124027e-03
      vertex 6.250010e+01 -1.208907e+01 2.523884e-03
      vertex 2.000100e+00 -9.753308e+00 3.614202e-03
    endloop
  endfacet
  facet normal 2.019035e-05 9.950496e-04 -9.999995e-01
    outer loop
      vertex 2.000100e+00 -9.753308e+00 3.614202e-03
      vertex 6.250010e+01 -1.208907e+01 2.523884e-03
      vertex -1.999900e+00 -9.753311e+00 3.533438e-03
    endloop
  endfacet
  facet normal 2.019035e-05 9.950496e-04 -9.999995e-01
    outer loop
      vertex -1.999900e+00 -9.753311e+00 3.533438e-03
      vertex 6.250010e+01 -1.208907e+01 2.523884e-03
      vertex -2.724990e+01 -9.753329e+00 3.023613e-03
    endloop
  endfacet
  facet normal 2.019035e-05 9.950496e-04 -9.999995e-01
    outer loop
      vertex -2.724990e+01 -9.753329e+00 3.023613e-03
      vertex 6.250010e+01 -1.208907e+01 2.523884e-03
      vertex -3.024990e+01 -9.753331e+00 2.963040e-03
    endloop
  endfacet
  facet normal 2.019035e-05 9.950496e-04 -9.999995e-01
    outer loop
      vertex -3.024990e+01 -9.753331e+00 2.963040e-03
      vertex 6.250010e+01 -1.208907e+01 2.523884e-03
      vertex -5.199990e+01 -9.753346e+00 2.523884e-03
    endloop
  endfacet
  facet normal 2.019035e-05 9.950496e-04 -9.999995e-01
    outer loop
      vertex -5.199990e+01 -9.753346e+00 2.523884e-03
      vertex 6.250010e+01 -1.208907e+01 2.523884e-03
      vertex -5.229989e+01 -9.756895e+00 2.523884e-03
    endloop
  endfacet
  facet normal 2.019035e-05 9.950496e-04 -9.999995e-01
    outer loop
      vertex -6.249992e+01 1.585269e+01 2.777283e-02
      vertex -5.919993e+01 1.152240e+01 2.356533e-02
      vertex -6.249990e+01 -1.208916e+01 0.000000e+00
    endloop
  endfacet
  facet normal 2.019035e-05 9.950496e-04 -9.999995e-01
    outer loop
      vertex -5.919993e+01 1.152240e+01 2.356533e-02
      vertex -6.249992e+01 1.585269e+01 2.777283e-02
      vertex 5.920010e+01 1.152249e+01 2.595595e-02
    endloop
  endfacet
  facet normal 2.019035e-05 9.950496e-04 -9.999995e-01
    outer loop
      vertex -5.919993e+01 1.152240e+01 2.356533e-02
      vertex 5.920010e+01 1.152249e+01 2.595595e-02
      vertex 3.025008e+01 1.152247e+01 2.537142e-02
    endloop
  endfacet
  facet normal 2.019035e-05 9.950496e-04 -9.999995e-01
    outer loop
      vertex -5.919993e+01 1.152240e+01 2.356533e-02
      vertex 3.025008e+01 1.152247e+01 2.537142e-02
      vertex 2.725008e+01 1.152246e+01 2.531085e-02
    endloop
  endfacet
  facet normal 2.019035e-05 9.950496e-04 -9.999995e-01
    outer loop
      vertex -5.919993e+01 1.152240e+01 2.356533e-02
      vertex 2.725008e+01 1.152246e+01 2.531085e-02
      vertex 2.000085e+00 1.152245e+01 2.480102e-02
    endloop
  endfacet
  facet normal 2.019035e-05 9.950496e-04 -9.999995e-01
    outer loop
      vertex -5.919993e+01 1.152240e+01 2.356533e-02
      vertex 2.000085e+00 1.152245e+01 2.480102e-02
      vertex -1.999915e+00 1.152244e+01 2.472026e-02
    endloop
  endfacet
  facet normal 2.019035e-05 9.950496e-04 -9.999995e-01
    outer loop
      vertex -5.919993e+01 1.152240e+01 2.356533e-02
      vertex -1.999915e+00 1.152244e+01 2.472026e-02
      vertex -2.724992e+01 1.152242e+01 2.421043e-02
    endloop
  endfacet
  facet normal 2.019035e-05 9.950496e-04 -9.999995e-01
    outer loop
      vertex -5.919993e+01 1.152240e+01 2.356533e-02
      vertex -2.724992e+01 1.152242e+01 2.421043e-02
      vertex -3.024992e+01 1.152242e+01 2.414986e-02
    endloop
  endfacet
  facet normal 2.019035e-05 9.950496e-04 -9.999995e-01
    outer loop
      vertex -6.249990e+01 -1.208916e+01 0.000000e+00
      vertex -5.919993e+01 1.152240e+01 2.356533e-02
      vertex -5.919992e+01 -1.343651e+00 1.073142e-02
    endloop
  endfacet
  facet normal 2.019035e-05 9.950496e-04 -9.999995e-01
    outer loop
      vertex -6.249990e+01 -1.208916e+01 0.000000e+00
      vertex -5.919992e+01 -1.343651e+00 1.073142e-02
      vertex -5.919992e+01 -5.343633e+00 6.729132e-03
    endloop
  endfacet
  facet normal 2.019035e-05 9.950496e-04 -9.999995e-01
    outer loop
      vertex -6.249990e+01 -1.208916e+01 0.000000e+00
      vertex -5.919992e+01 -5.343633e+00 6.729132e-03
      vertex -5.599990e+01 -9.753349e+00 2.443120e-03
    endloop
  endfacet
  facet normal 2.019035e-05 9.950496e-04 -9.999995e-01
    outer loop
      vertex -6.249990e+01 -1.208916e+01 0.000000e+00
      vertex -5.599990e+01 -9.753349e+00 2.443120e-03
      vertex -5.229989e+01 -9.756895e+00 2.523884e-03
    endloop
  endfacet
  facet normal 2.019035e-05 9.950496e-04 -9.999995e-01
    outer loop
      vertex -6.249990e+01 -1.208916e+01 0.000000e+00
      vertex -5.229989e+01 -9.756895e+00 2.523884e-03
      vertex 6.250010e+01 -1.208907e+01 2.523884e-03
    endloop
  endfacet
  facet normal 2.019035e-05 9.950496e-04 -9.999995e-01
    outer loop
      vertex -2.724990e+01 -9.753329e+00 3.023613e-03
      vertex -3.024992e+01 1.152242e+01 2.414986e-02
      vertex -2.724992e+01 1.152242e+01 2.421043e-02
    endloop
  endfacet
  facet normal 2.019035e-05 9.950496e-04 -9.999995e-01
    outer loop
      vertex -3.024992e+01 1.152242e+01 2.414986e-02
      vertex -2.724990e+01 -9.753329e+00 3.023613e-03
      vertex -3.024990e+01 -9.753331e+00 2.963040e-03
    endloop
  endfacet
  facet normal 2.019035e-05 9.950496e-04 -9.999995e-01
    outer loop
      vertex 2.000100e+00 -9.753308e+00 3.614202e-03
      vertex -1.999915e+00 1.152244e+01 2.472026e-02
      vertex 2.000085e+00 1.152245e+01 2.480102e-02
    endloop
  endfacet
  facet normal 2.019035e-05 9.950496e-04 -9.999995e-01
    outer loop
      vertex -1.999915e+00 1.152244e+01 2.472026e-02
      vertex 2.000100e+00 -9.753308e+00 3.614202e-03
      vertex -1.999900e+00 -9.753311e+00 3.533438e-03
    endloop
  endfacet
  facet normal 2.019035e-05 9.950496e-04 -9.999995e-01
    outer loop
      vertex 3.025010e+01 -9.753288e+00 4.184600e-03
      vertex 2.725008e+01 1.152246e+01 2.531085e-02
      vertex 3.025008e+01 1.152247e+01 2.537142e-02
    endloop
  endfacet
  facet normal 2.019035e-05 9.950496e-04 -9.999995e-01
    outer loop
      vertex 2.725008e+01 1.152246e+01 2.531085e-02
      vertex 3.025010e+01 -9.753288e+00 4.184600e-03
      vertex 2.725010e+01 -9.753290e+00 4.124027e-03
    endloop
  endfacet
  facet normal 1.352287e-05 -7.661147e-01 -6.427039e-01
    outer loop
      vertex -6.249990e+01 -1.208916e+01 0.000000e+00
      vertex 6.250001e+01 -1.585269e+01 4.488820e+00
      vertex -6.249999e+01 -1.585278e+01 4.486296e+00
    endloop
  endfacet
  facet normal 1.352287e-05 -7.661147e-01 -6.427039e-01
    outer loop
      vertex 6.250001e+01 -1.585269e+01 4.488820e+00
      vertex -6.249990e+01 -1.208916e+01 0.000000e+00
      vertex 6.250010e+01 -1.208907e+01 2.523884e-03
    endloop
  endfacet
  facet normal -7.400164e-07 -9.974150e-01 7.185581e-02
    outer loop
      vertex -6.249999e+01 -1.585278e+01 4.486296e+00
      vertex 6.249997e+01 -1.567937e+01 6.895981e+00
      vertex -6.250003e+01 -1.567946e+01 6.893457e+00
    endloop
  endfacet
  facet normal -7.400164e-07 -9.974150e-01 7.185581e-02
    outer loop
      vertex 6.249997e+01 -1.567937e+01 6.895981e+00
      vertex -6.249999e+01 -1.585278e+01 4.486296e+00
      vertex 6.250001e+01 -1.585269e+01 4.488820e+00
    endloop
  endfacet
  facet normal -7.126717e-07 -9.975114e-01 7.050491e-02
    outer loop
      vertex 3.025008e+01 1.152247e+01 2.537142e-02
      vertex 5.920007e+01 1.162622e+01 1.493547e+00
      vertex 3.025005e+01 1.162620e+01 1.492963e+00
    endloop
  endfacet
  facet normal -7.126717e-07 -9.975114e-01 7.050491e-02
    outer loop
      vertex 5.920007e+01 1.162622e+01 1.493547e+00
      vertex 3.025008e+01 1.152247e+01 2.537142e-02
      vertex 5.920010e+01 1.152249e+01 2.595595e-02
    endloop
  endfacet
  facet normal -1.784232e-05 -4.376967e-01 8.991227e-01
    outer loop
      vertex -6.249995e+01 -8.146687e+00 2.483465e+00
      vertex -5.649996e+01 -7.591347e+00 2.850619e+00
      vertex -6.249996e+01 -7.591352e+00 2.850498e+00
    endloop
  endfacet
  facet normal -1.478118e-05 -6.554926e-01 7.552016e-01
    outer loop
      vertex -5.649996e+01 -7.591347e+00 2.850619e+00
      vertex -6.249995e+01 -8.146687e+00 2.483465e+00
      vertex -5.649995e+01 -8.146683e+00 2.483587e+00
    endloop
  endfacet
  facet normal 1.000000e+00 7.140405e-07 2.015785e-05
    outer loop
      vertex -3.024992e+01 1.152242e+01 2.414986e-02
      vertex -3.025008e+01 -9.141885e+00 8.681462e+00
      vertex -3.024990e+01 -9.753331e+00 2.963040e-03
    endloop
  endfacet
  facet normal 1.000000e+00 7.140405e-07 2.015785e-05
    outer loop
      vertex -3.025008e+01 -9.141885e+00 8.681462e+00
      vertex -3.024992e+01 1.152242e+01 2.414986e-02
      vertex -3.024995e+01 1.162615e+01 1.491741e+00
    endloop
  endfacet
  facet normal 1.000000e+00 7.126717e-07 2.019107e-05
    outer loop
      vertex 6.250008e+01 1.585278e+01 3.029672e-02
      vertex 6.250005e+01 -8.966637e+00 2.266037e+00
      vertex 6.250005e+01 -9.632285e+00 2.263585e+00
    endloop
  endfacet
  facet normal 1.000000e+00 7.126717e-07 2.019107e-05
    outer loop
      vertex 6.250005e+01 -8.966637e+00 2.266037e+00
      vertex 6.250008e+01 1.585278e+01 3.029672e-02
      vertex 6.250005e+01 -8.324182e+00 2.440719e+00
    endloop
  endfacet
  facet normal 1.000000e+00 7.126717e-07 2.019107e-05
    outer loop
      vertex 6.250005e+01 -8.324182e+00 2.440719e+00
      vertex 6.250008e+01 1.585278e+01 3.029672e-02
      vertex 6.250004e+01 -7.748963e+00 2.775692e+00
    endloop
  endfacet
  facet normal 1.000000e+00 7.126717e-07 2.019107e-05
    outer loop
      vertex 6.250004e+01 -7.748963e+00 2.775692e+00
      vertex 6.250008e+01 1.585278e+01 3.029672e-02
      vertex 6.250003e+01 -7.280033e+00 3.248200e+00
    endloop
  endfacet
  facet normal 1.000000e+00 7.126717e-07 2.019107e-05
    outer loop
      vertex 6.250003e+01 -7.280033e+00 3.248200e+00
      vertex 6.250008e+01 1.585278e+01 3.029672e-02
      vertex 6.250002e+01 -6.949293e+00 3.825928e+00
    endloop
  endfacet
  facet normal 1.000000e+00 7.126717e-07 2.019107e-05
    outer loop
      vertex 6.250002e+01 -6.949293e+00 3.825928e+00
      vertex 6.250008e+01 1.585278e+01 3.029672e-02
      vertex 6.250001e+01 -6.779469e+00 4.469548e+00
    endloop
  endfacet
  facet normal 1.000000e+00 7.126717e-07 2.019107e-05
    outer loop
      vertex 6.250001e+01 -6.779469e+00 4.469548e+00
      vertex 6.250008e+01 1.585278e+01 3.029672e-02
      vertex 6.249999e+01 -6.781856e+00 5.135253e+00
    endloop
  endfacet
  facet normal 1.000000e+00 7.126717e-07 2.019107e-05
    outer loop
      vertex 6.249999e+01 -6.781856e+00 5.135253e+00
      vertex 6.250008e+01 1.585278e+01 3.029672e-02
      vertex 6.249998e+01 -6.956607e+00 5.777590e+00
    endloop
  endfacet
  facet normal 1.000000e+00 7.126717e-07 2.019107e-05
    outer loop
      vertex 6.249998e+01 -6.956607e+00 5.777590e+00
      vertex 6.250008e+01 1.585278e+01 3.029672e-02
      vertex 6.249997e+01 -7.291514e+00 6.352866e+00
    endloop
  endfacet
  facet normal 1.000000e+00 7.126717e-07 2.019107e-05
    outer loop
      vertex 6.249997e+01 -7.291514e+00 6.352866e+00
      vertex 6.250008e+01 1.585278e+01 3.029672e-02
      vertex 6.249996e+01 -7.764023e+00 6.821796e+00
    endloop
  endfacet
  facet normal 1.000000e+00 7.126717e-07 2.019107e-05
    outer loop
      vertex 6.249996e+01 -7.764023e+00 6.821796e+00
      vertex 6.250008e+01 1.585278e+01 3.029672e-02
      vertex 6.249990e+01 -1.336631e+01 1.014651e+01
    endloop
  endfacet
  facet normal 1.000000e+00 7.126717e-07 2.019107e-05
    outer loop
      vertex 6.249996e+01 -7.764023e+00 6.821796e+00
      vertex 6.249990e+01 -1.336631e+01 1.014651e+01
      vertex 6.249995e+01 -8.341756e+00 7.152475e+00
    endloop
  endfacet
  facet normal 1.000000e+00 7.126717e-07 2.019107e-05
    outer loop
      vertex 6.249995e+01 -8.341756e+00 7.152475e+00
      vertex 6.249990e+01 -1.336631e+01 1.014651e+01
      vertex 6.249995e+01 -8.985432e+00 7.322365e+00
    endloop
  endfacet
  facet normal 1.000000e+00 7.126717e-07 2.019107e-05
    outer loop
      vertex 6.250010e+01 -1.208907e+01 2.523884e-03
      vertex 6.250005e+01 -1.027596e+01 2.433474e+00
      vertex 6.250001e+01 -1.585269e+01 4.488820e+00
    endloop
  endfacet
  facet normal 1.000000e+00 7.126717e-07 2.019107e-05
    outer loop
      vertex 6.250005e+01 -1.027596e+01 2.433474e+00
      vertex 6.250010e+01 -1.208907e+01 2.523884e-03
      vertex 6.250005e+01 -9.632285e+00 2.263585e+00
    endloop
  endfacet
  facet normal 1.000000e+00 7.126717e-07 2.019107e-05
    outer loop
      vertex 6.250005e+01 -9.632285e+00 2.263585e+00
      vertex 6.250010e+01 -1.208907e+01 2.523884e-03
      vertex 6.250008e+01 1.585278e+01 3.029672e-02
    endloop
  endfacet
  facet normal 1.000000e+00 7.126717e-07 2.019107e-05
    outer loop
      vertex 6.250001e+01 -1.585269e+01 4.488820e+00
      vertex 6.250005e+01 -1.027596e+01 2.433474e+00
      vertex 6.250005e+01 -1.085369e+01 2.764154e+00
    endloop
  endfacet
  facet normal 1.000000e+00 7.126717e-07 2.019107e-05
    outer loop
      vertex 6.250001e+01 -1.585269e+01 4.488820e+00
      vertex 6.250005e+01 -1.085369e+01 2.764154e+00
      vertex 6.250004e+01 -1.132608e+01 3.233136e+00
    endloop
  endfacet
  facet normal 1.000000e+00 7.126717e-07 2.019107e-05
    outer loop
      vertex 6.250001e+01 -1.585269e+01 4.488820e+00
      vertex 6.250004e+01 -1.132608e+01 3.233136e+00
      vertex 6.250002e+01 -1.166111e+01 3.808359e+00
    endloop
  endfacet
  facet normal 1.000000e+00 7.126717e-07 2.019107e-05
    outer loop
      vertex 6.250001e+01 -1.585269e+01 4.488820e+00
      vertex 6.250002e+01 -1.166111e+01 3.808359e+00
      vertex 6.250001e+01 -1.183574e+01 4.450749e+00
    endloop
  endfacet
  facet normal 1.000000e+00 7.126717e-07 2.019107e-05
    outer loop
      vertex 6.250001e+01 -1.585269e+01 4.488820e+00
      vertex 6.250001e+01 -1.183574e+01 4.450749e+00
      vertex 6.249997e+01 -1.567937e+01 6.895981e+00
    endloop
  endfacet
  facet normal 1.000000e+00 7.126717e-07 2.019107e-05
    outer loop
      vertex 6.249997e+01 -1.567937e+01 6.895981e+00
      vertex 6.250001e+01 -1.183574e+01 4.450749e+00
      vertex 6.250000e+01 -1.183825e+01 5.116401e+00
    endloop
  endfacet
  facet normal 1.000000e+00 7.126717e-07 2.019107e-05
    outer loop
      vertex 6.249997e+01 -1.567937e+01 6.895981e+00
      vertex 6.250000e+01 -1.183825e+01 5.116401e+00
      vertex 6.249999e+01 -1.166830e+01 5.760073e+00
    endloop
  endfacet
  facet normal 1.000000e+00 7.126717e-07 2.019107e-05
    outer loop
      vertex 6.249997e+01 -1.567937e+01 6.895981e+00
      vertex 6.249999e+01 -1.166830e+01 5.760073e+00
      vertex 6.249997e+01 -1.133768e+01 6.337810e+00
    endloop
  endfacet
  facet normal 1.000000e+00 7.126717e-07 2.019107e-05
    outer loop
      vertex 6.249997e+01 -1.567937e+01 6.895981e+00
      vertex 6.249997e+01 -1.133768e+01 6.337810e+00
      vertex 6.249996e+01 -1.086863e+01 6.810249e+00
    endloop
  endfacet
  facet normal 1.000000e+00 7.126717e-07 2.019107e-05
    outer loop
      vertex 6.249997e+01 -1.567937e+01 6.895981e+00
      vertex 6.249996e+01 -1.086863e+01 6.810249e+00
      vertex 6.249990e+01 -1.336631e+01 1.014651e+01
    endloop
  endfacet
  facet normal 1.000000e+00 7.126717e-07 2.019107e-05
    outer loop
      vertex 6.249990e+01 -1.336631e+01 1.014651e+01
      vertex 6.249996e+01 -1.086863e+01 6.810249e+00
      vertex 6.249996e+01 -1.029341e+01 7.145222e+00
    endloop
  endfacet
  facet normal 1.000000e+00 7.126717e-07 2.019107e-05
    outer loop
      vertex 6.249990e+01 -1.336631e+01 1.014651e+01
      vertex 6.249996e+01 -1.029341e+01 7.145222e+00
      vertex 6.249995e+01 -9.651080e+00 7.319912e+00
    endloop
  endfacet
  facet normal 1.000000e+00 7.126717e-07 2.019107e-05
    outer loop
      vertex 6.249990e+01 -1.336631e+01 1.014651e+01
      vertex 6.249995e+01 -9.651080e+00 7.319912e+00
      vertex 6.249995e+01 -8.985432e+00 7.322365e+00
    endloop
  endfacet
  facet normal 1.000000e+00 7.126717e-07 2.019107e-05
    outer loop
      vertex -5.919992e+01 -1.343651e+00 1.073142e-02
      vertex -5.919996e+01 -5.202258e+00 2.006927e+00
      vertex -5.919992e+01 -5.343633e+00 6.729132e-03
    endloop
  endfacet
  facet normal 1.000000e+00 7.126717e-07 2.019107e-05
    outer loop
      vertex -5.919996e+01 -5.202258e+00 2.006927e+00
      vertex -5.919992e+01 -1.343651e+00 1.073142e-02
      vertex -5.919996e+01 -1.345591e+00 2.010718e+00
    endloop
  endfacet
  facet normal 2.011839e-05 -1.268378e-01 -9.919235e-01
    outer loop
      vertex 6.249995e+01 -8.985432e+00 7.322365e+00
      vertex 5.649995e+01 -8.341760e+00 7.152354e+00
      vertex 6.249995e+01 -8.341756e+00 7.152475e+00
    endloop
  endfacet
  facet normal 1.895301e-05 -3.792446e-01 -9.252965e-01
    outer loop
      vertex 5.649995e+01 -8.341760e+00 7.152354e+00
      vertex 6.249995e+01 -8.985432e+00 7.322365e+00
      vertex 5.649995e+01 -8.985436e+00 7.322243e+00
    endloop
  endfacet
  facet normal 1.166487e-05 7.956120e-01 -6.058065e-01
    outer loop
      vertex 6.249997e+01 -1.133768e+01 6.337810e+00
      vertex 5.649999e+01 -1.166830e+01 5.759952e+00
      vertex 5.649997e+01 -1.133768e+01 6.337689e+00
    endloop
  endfacet
  facet normal 6.997923e-06 9.252965e-01 -3.792446e-01
    outer loop
      vertex 5.649999e+01 -1.166830e+01 5.759952e+00
      vertex 6.249997e+01 -1.133768e+01 6.337810e+00
      vertex 6.249999e+01 -1.166830e+01 5.760073e+00
    endloop
  endfacet
  facet normal 1.000000e+00 7.138952e-07 2.016138e-05
    outer loop
      vertex -2.724992e+01 1.152242e+01 2.421043e-02
      vertex -2.725008e+01 -9.141761e+00 8.681514e+00
      vertex -2.724990e+01 -9.753329e+00 3.023613e-03
    endloop
  endfacet
  facet normal 1.000000e+00 7.138952e-07 2.016138e-05
    outer loop
      vertex -2.725008e+01 -9.141761e+00 8.681514e+00
      vertex -2.724992e+01 1.152242e+01 2.421043e-02
      vertex -2.724995e+01 1.162616e+01 1.491802e+00
    endloop
  endfacet
  facet normal 1.000000e+00 7.126717e-07 2.019107e-05
    outer loop
      vertex -5.599990e+01 -5.343631e+00 6.793744e-03
      vertex -5.599994e+01 -9.613691e+00 2.002579e+00
      vertex -5.599990e+01 -9.753349e+00 2.443120e-03
    endloop
  endfacet
  facet normal 1.000000e+00 7.126717e-07 2.019107e-05
    outer loop
      vertex -5.599994e+01 -9.613691e+00 2.002579e+00
      vertex -5.599990e+01 -5.343631e+00 6.793744e-03
      vertex -5.599994e+01 -5.345567e+00 2.006842e+00
    endloop
  endfacet
  facet normal -7.084321e-07 -9.975262e-01 7.029546e-02
    outer loop
      vertex -1.999900e+00 -9.753311e+00 3.533438e-03
      vertex -2.725008e+01 -9.141761e+00 8.681514e+00
      vertex -2.724990e+01 -9.753329e+00 3.023613e-03
    endloop
  endfacet
  facet normal 7.163434e-05 -9.975114e-01 7.050491e-02
    outer loop
      vertex -1.999900e+00 -9.753311e+00 3.533438e-03
      vertex -2.000075e+00 -9.139917e+00 8.681895e+00
      vertex -2.725008e+01 -9.141761e+00 8.681514e+00
    endloop
  endfacet
  facet normal -6.002369e-05 9.975299e-01 -7.024278e-02
    outer loop
      vertex -5.317780e+01 -9.614492e+00 1.994738e+00
      vertex -5.229989e+01 -9.756895e+00 2.523884e-03
      vertex -5.349990e+01 -9.753347e+00 2.493598e-03
    endloop
  endfacet
  facet normal -6.002369e-05 9.975299e-01 -7.024278e-02
    outer loop
      vertex -5.229989e+01 -9.756895e+00 2.523884e-03
      vertex -5.317780e+01 -9.614492e+00 1.994738e+00
      vertex -5.209669e+01 -9.143484e+00 8.681133e+00
    endloop
  endfacet
  facet normal -6.002369e-05 9.975299e-01 -7.024278e-02
    outer loop
      vertex -5.229989e+01 -9.756895e+00 2.523884e-03
      vertex -5.209669e+01 -9.143484e+00 8.681133e+00
      vertex -5.199990e+01 -9.753346e+00 2.523884e-03
    endloop
  endfacet
  facet normal -6.002369e-05 9.975299e-01 -7.024278e-02
    outer loop
      vertex -5.199990e+01 -9.753346e+00 2.523884e-03
      vertex -5.209669e+01 -9.143484e+00 8.681133e+00
      vertex -3.025008e+01 -9.141885e+00 8.681462e+00
    endloop
  endfacet
  facet normal -6.002369e-05 9.975299e-01 -7.024278e-02
    outer loop
      vertex -5.199990e+01 -9.753346e+00 2.523884e-03
      vertex -3.025008e+01 -9.141885e+00 8.681462e+00
      vertex -3.024990e+01 -9.753331e+00 2.963040e-03
    endloop
  endfacet
  facet normal 8.970324e-05 9.976010e-01 -6.922532e-02
    outer loop
      vertex -5.542426e+01 -9.614416e+00 2.000990e+00
      vertex -5.349990e+01 -9.753347e+00 2.493598e-03
      vertex -5.599990e+01 -9.753349e+00 2.443120e-03
    endloop
  endfacet
  facet normal 8.970324e-05 9.976010e-01 -6.922532e-02
    outer loop
      vertex -5.349990e+01 -9.753347e+00 2.493598e-03
      vertex -5.542426e+01 -9.614416e+00 2.000990e+00
      vertex -5.349994e+01 -9.615280e+00 1.995705e+00
    endloop
  endfacet
  facet normal 7.126717e-07 9.975114e-01 -7.050491e-02
    outer loop
      vertex -1.999945e+00 1.162617e+01 1.492311e+00
      vertex -2.724992e+01 1.152242e+01 2.421043e-02
      vertex -2.724995e+01 1.162616e+01 1.491802e+00
    endloop
  endfacet
  facet normal 7.126717e-07 9.975114e-01 -7.050491e-02
    outer loop
      vertex -2.724992e+01 1.152242e+01 2.421043e-02
      vertex -1.999945e+00 1.162617e+01 1.492311e+00
      vertex -1.999915e+00 1.152244e+01 2.472026e-02
    endloop
  endfacet
  facet normal -1.000000e+00 -7.126717e-07 -2.019107e-05
    outer loop
      vertex -6.249990e+01 -1.208916e+01 0.000000e+00
      vertex -6.249994e+01 -9.442624e+00 2.232597e+00
      vertex -6.249992e+01 1.585269e+01 2.777283e-02
    endloop
  endfacet
  facet normal -1.000000e+00 -7.126717e-07 -2.019107e-05
    outer loop
      vertex -6.249994e+01 -9.442624e+00 2.232597e+00
      vertex -6.249990e+01 -1.208916e+01 0.000000e+00
      vertex -6.249995e+01 -1.009489e+01 2.365831e+00
    endloop
  endfacet
  facet normal -1.000000e+00 -7.126717e-07 -2.019107e-05
    outer loop
      vertex -6.249995e+01 -1.009489e+01 2.365831e+00
      vertex -6.249990e+01 -1.208916e+01 0.000000e+00
      vertex -6.249999e+01 -1.585278e+01 4.486296e+00
    endloop
  endfacet
  facet normal -1.000000e+00 -7.126717e-07 -2.019107e-05
    outer loop
      vertex -6.249995e+01 -1.009489e+01 2.365831e+00
      vertex -6.249999e+01 -1.585278e+01 4.486296e+00
      vertex -6.249995e+01 -1.069039e+01 2.663256e+00
    endloop
  endfacet
  facet normal -1.000000e+00 -7.126717e-07 -2.019107e-05
    outer loop
      vertex -6.249995e+01 -1.069039e+01 2.663256e+00
      vertex -6.249999e+01 -1.585278e+01 4.486296e+00
      vertex -6.249996e+01 -1.118858e+01 3.104753e+00
    endloop
  endfacet
  facet normal -1.000000e+00 -7.126717e-07 -2.019107e-05
    outer loop
      vertex -6.249996e+01 -1.118858e+01 3.104753e+00
      vertex -6.249999e+01 -1.585278e+01 4.486296e+00
      vertex -6.249997e+01 -1.155561e+01 3.660150e+00
    endloop
  endfacet
  facet normal -1.000000e+00 -7.126717e-07 -2.019107e-05
    outer loop
      vertex -6.249997e+01 -1.155561e+01 3.660150e+00
      vertex -6.249999e+01 -1.585278e+01 4.486296e+00
      vertex -6.249998e+01 -1.176637e+01 4.291572e+00
    endloop
  endfacet
  facet normal -1.000000e+00 -7.126717e-07 -2.019107e-05
    outer loop
      vertex -6.249998e+01 -1.176637e+01 4.291572e+00
      vertex -6.249999e+01 -1.585278e+01 4.486296e+00
      vertex -6.250003e+01 -1.567946e+01 6.893457e+00
    endloop
  endfacet
  facet normal -1.000000e+00 -7.126717e-07 -2.019107e-05
    outer loop
      vertex -6.249998e+01 -1.176637e+01 4.291572e+00
      vertex -6.250003e+01 -1.567946e+01 6.893457e+00
      vertex -6.250000e+01 -1.180654e+01 4.956030e+00
    endloop
  endfacet
  facet normal -1.000000e+00 -7.126717e-07 -2.019107e-05
    outer loop
      vertex -6.250000e+01 -1.180654e+01 4.956030e+00
      vertex -6.250003e+01 -1.567946e+01 6.893457e+00
      vertex -6.250001e+01 -1.167331e+01 5.608233e+00
    endloop
  endfacet
  facet normal -1.000000e+00 -7.126717e-07 -2.019107e-05
    outer loop
      vertex -6.250001e+01 -1.167331e+01 5.608233e+00
      vertex -6.250003e+01 -1.567946e+01 6.893457e+00
      vertex -6.250002e+01 -1.137582e+01 6.203792e+00
    endloop
  endfacet
  facet normal -1.000000e+00 -7.126717e-07 -2.019107e-05
    outer loop
      vertex -6.250002e+01 -1.137582e+01 6.203792e+00
      vertex -6.250003e+01 -1.567946e+01 6.893457e+00
      vertex -6.250003e+01 -1.093432e+01 6.702041e+00
    endloop
  endfacet
  facet normal -1.000000e+00 -7.126717e-07 -2.019107e-05
    outer loop
      vertex -6.250003e+01 -1.093432e+01 6.702041e+00
      vertex -6.250003e+01 -1.567946e+01 6.893457e+00
      vertex -6.250010e+01 -1.336640e+01 1.014398e+01
    endloop
  endfacet
  facet normal -1.000000e+00 -7.126717e-07 -2.019107e-05
    outer loop
      vertex -6.250003e+01 -1.093432e+01 6.702041e+00
      vertex -6.250010e+01 -1.336640e+01 1.014398e+01
      vertex -6.250004e+01 -1.037899e+01 7.069013e+00
    endloop
  endfacet
  facet normal -1.000000e+00 -7.126717e-07 -2.019107e-05
    outer loop
      vertex -6.250004e+01 -1.037899e+01 7.069013e+00
      vertex -6.250010e+01 -1.336640e+01 1.014398e+01
      vertex -6.250005e+01 -9.747566e+00 7.279780e+00
    endloop
  endfacet
  facet normal -1.000000e+00 -7.126717e-07 -2.019107e-05
    outer loop
      vertex -6.250005e+01 -9.747566e+00 7.279780e+00
      vertex -6.250010e+01 -1.336640e+01 1.014398e+01
      vertex -6.250005e+01 -9.083051e+00 7.319881e+00
    endloop
  endfacet
  facet normal -1.000000e+00 -7.126717e-07 -2.019107e-05
    outer loop
      vertex -6.249992e+01 1.585269e+01 2.777283e-02
      vertex -6.250004e+01 -7.835285e+00 6.889222e+00
      vertex -6.250010e+01 -1.336640e+01 1.014398e+01
    endloop
  endfacet
  facet normal -1.000000e+00 -7.126717e-07 -2.019107e-05
    outer loop
      vertex -6.250004e+01 -7.835285e+00 6.889222e+00
      vertex -6.249992e+01 1.585269e+01 2.777283e-02
      vertex -6.250003e+01 -7.337093e+00 6.447786e+00
    endloop
  endfacet
  facet normal -1.000000e+00 -7.126717e-07 -2.019107e-05
    outer loop
      vertex -6.250003e+01 -7.337093e+00 6.447786e+00
      vertex -6.249992e+01 1.585269e+01 2.777283e-02
      vertex -6.250002e+01 -6.970064e+00 5.892389e+00
    endloop
  endfacet
  facet normal -1.000000e+00 -7.126717e-07 -2.019107e-05
    outer loop
      vertex -6.250002e+01 -6.970064e+00 5.892389e+00
      vertex -6.249992e+01 1.585269e+01 2.777283e-02
      vertex -6.250001e+01 -6.759301e+00 5.260907e+00
    endloop
  endfacet
  facet normal -1.000000e+00 -7.126717e-07 -2.019107e-05
    outer loop
      vertex -6.250001e+01 -6.759301e+00 5.260907e+00
      vertex -6.249992e+01 1.585269e+01 2.777283e-02
      vertex -6.249999e+01 -6.719257e+00 4.596457e+00
    endloop
  endfacet
  facet normal -1.000000e+00 -7.126717e-07 -2.019107e-05
    outer loop
      vertex -6.249999e+01 -6.719257e+00 4.596457e+00
      vertex -6.249992e+01 1.585269e+01 2.777283e-02
      vertex -6.249998e+01 -6.852364e+00 3.944245e+00
    endloop
  endfacet
  facet normal -1.000000e+00 -7.126717e-07 -2.019107e-05
    outer loop
      vertex -6.249998e+01 -6.852364e+00 3.944245e+00
      vertex -6.249992e+01 1.585269e+01 2.777283e-02
      vertex -6.249997e+01 -7.149851e+00 3.348747e+00
    endloop
  endfacet
  facet normal -1.000000e+00 -7.126717e-07 -2.019107e-05
    outer loop
      vertex -6.249997e+01 -7.149851e+00 3.348747e+00
      vertex -6.249992e+01 1.585269e+01 2.777283e-02
      vertex -6.249996e+01 -7.591352e+00 2.850498e+00
    endloop
  endfacet
  facet normal -1.000000e+00 -7.126717e-07 -2.019107e-05
    outer loop
      vertex -6.249996e+01 -7.591352e+00 2.850498e+00
      vertex -6.249992e+01 1.585269e+01 2.777283e-02
      vertex -6.249995e+01 -8.146687e+00 2.483465e+00
    endloop
  endfacet
  facet normal -1.000000e+00 -7.126717e-07 -2.019107e-05
    outer loop
      vertex -6.249995e+01 -8.146687e+00 2.483465e+00
      vertex -6.249992e+01 1.585269e+01 2.777283e-02
      vertex -6.249995e+01 -8.778227e+00 2.272768e+00
    endloop
  endfacet
  facet normal -1.000000e+00 -7.126717e-07 -2.019107e-05
    outer loop
      vertex -6.249995e+01 -8.778227e+00 2.272768e+00
      vertex -6.249992e+01 1.585269e+01 2.777283e-02
      vertex -6.249994e+01 -9.442624e+00 2.232597e+00
    endloop
  endfacet
  facet normal -1.000000e+00 -7.126717e-07 -2.019107e-05
    outer loop
      vertex -6.250010e+01 -1.336640e+01 1.014398e+01
      vertex -6.250004e+01 -7.835285e+00 6.889222e+00
      vertex -6.250005e+01 -8.430905e+00 7.186717e+00
    endloop
  endfacet
  facet normal -1.000000e+00 -7.126717e-07 -2.019107e-05
    outer loop
      vertex -6.250010e+01 -1.336640e+01 1.014398e+01
      vertex -6.250005e+01 -8.430905e+00 7.186717e+00
      vertex -6.250005e+01 -9.083051e+00 7.319881e+00
    endloop
  endfacet
  facet normal -7.126717e-07 -9.975114e-01 7.050491e-02
    outer loop
      vertex 2.000100e+00 -9.753308e+00 3.614202e-03
      vertex 2.724992e+01 -9.139896e+00 8.682486e+00
      vertex 1.999925e+00 -9.139914e+00 8.681976e+00
    endloop
  endfacet
  facet normal -7.126717e-07 -9.975114e-01 7.050491e-02
    outer loop
      vertex 2.724992e+01 -9.139896e+00 8.682486e+00
      vertex 2.000100e+00 -9.753308e+00 3.614202e-03
      vertex 2.725010e+01 -9.753290e+00 4.124027e-03
    endloop
  endfacet
  facet normal -5.490638e-03 9.975849e-01 -6.924078e-02
    outer loop
      vertex -5.270869e+01 -9.147016e+00 8.681370e+00
      vertex -5.349994e+01 -9.615280e+00 1.995705e+00
      vertex -5.350008e+01 -9.151400e+00 8.681664e+00
    endloop
  endfacet
  facet normal -5.490638e-03 9.975849e-01 -6.924078e-02
    outer loop
      vertex -5.349994e+01 -9.615280e+00 1.995705e+00
      vertex -5.270869e+01 -9.147016e+00 8.681370e+00
      vertex -5.317780e+01 -9.614492e+00 1.994738e+00
    endloop
  endfacet
  facet normal -5.490638e-03 9.975849e-01 -6.924078e-02
    outer loop
      vertex -5.317780e+01 -9.614492e+00 1.994738e+00
      vertex -5.270869e+01 -9.147016e+00 8.681370e+00
      vertex -5.209669e+01 -9.143484e+00 8.681133e+00
    endloop
  endfacet
  facet normal 1.465537e-03 9.975742e-01 -6.959548e-02
    outer loop
      vertex -5.350008e+01 -9.151400e+00 8.681664e+00
      vertex -5.599994e+01 -9.613691e+00 2.002579e+00
      vertex -5.600008e+01 -9.147749e+00 8.681356e+00
    endloop
  endfacet
  facet normal 1.465537e-03 9.975742e-01 -6.959548e-02
    outer loop
      vertex -5.599994e+01 -9.613691e+00 2.002579e+00
      vertex -5.350008e+01 -9.151400e+00 8.681664e+00
      vertex -5.542426e+01 -9.614416e+00 2.000990e+00
    endloop
  endfacet
  facet normal -1.931306e-05 3.271657e-01 9.449670e-01
    outer loop
      vertex 5.599992e+01 -9.139876e+00 8.683066e+00
      vertex 5.919996e+01 -4.835788e+00 7.192980e+00
      vertex 5.599995e+01 -4.835790e+00 7.192915e+00
    endloop
  endfacet
  facet normal -1.931306e-05 3.271657e-01 9.449670e-01
    outer loop
      vertex -2.000075e+00 -9.139917e+00 8.681895e+00
      vertex 2.000055e+00 1.162618e+01 1.492392e+00
      vertex -1.999945e+00 1.162617e+01 1.492311e+00
    endloop
  endfacet
  facet normal -1.931306e-05 3.271657e-01 9.449670e-01
    outer loop
      vertex 2.000055e+00 1.162618e+01 1.492392e+00
      vertex -2.000075e+00 -9.139917e+00 8.681895e+00
      vertex 1.999925e+00 -9.139914e+00 8.681976e+00
    endloop
  endfacet
  facet normal -1.931306e-05 3.271657e-01 9.449670e-01
    outer loop
      vertex 1.999925e+00 -9.139914e+00 8.681976e+00
      vertex -2.000075e+00 -9.139917e+00 8.681895e+00
      vertex -2.725008e+01 -9.141761e+00 8.681514e+00
    endloop
  endfacet
  facet normal -1.931306e-05 3.271657e-01 9.449670e-01
    outer loop
      vertex 1.999925e+00 -9.139914e+00 8.681976e+00
      vertex -2.725008e+01 -9.141761e+00 8.681514e+00
      vertex 2.724992e+01 -9.139896e+00 8.682486e+00
    endloop
  endfacet
  facet normal -1.931306e-05 3.271657e-01 9.449670e-01
    outer loop
      vertex 2.724992e+01 -9.139896e+00 8.682486e+00
      vertex -2.725008e+01 -9.141761e+00 8.681514e+00
      vertex 3.024992e+01 -9.139894e+00 8.682546e+00
    endloop
  endfacet
  facet normal -1.931306e-05 3.271657e-01 9.449670e-01
    outer loop
      vertex 3.024992e+01 -9.139894e+00 8.682546e+00
      vertex -2.725008e+01 -9.141761e+00 8.681514e+00
      vertex 5.599992e+01 -9.139876e+00 8.683066e+00
    endloop
  endfacet
  facet normal -1.931306e-05 3.271657e-01 9.449670e-01
    outer loop
      vertex -3.025008e+01 -9.141885e+00 8.681462e+00
      vertex -2.724995e+01 1.162616e+01 1.491802e+00
      vertex -3.024995e+01 1.162615e+01 1.491741e+00
    endloop
  endfacet
  facet normal -1.931306e-05 3.271657e-01 9.449670e-01
    outer loop
      vertex -2.724995e+01 1.162616e+01 1.491802e+00
      vertex -3.025008e+01 -9.141885e+00 8.681462e+00
      vertex -2.725008e+01 -9.141761e+00 8.681514e+00
    endloop
  endfacet
  facet normal -1.931306e-05 3.271657e-01 9.449670e-01
    outer loop
      vertex -6.249992e+01 1.585269e+01 2.777283e-02
      vertex -5.919996e+01 1.162613e+01 1.491156e+00
      vertex 6.250008e+01 1.585278e+01 3.029672e-02
    endloop
  endfacet
  facet normal -1.931306e-05 3.271657e-01 9.449670e-01
    outer loop
      vertex -5.919996e+01 1.162613e+01 1.491156e+00
      vertex -6.249992e+01 1.585269e+01 2.777283e-02
      vertex -6.250010e+01 -1.336640e+01 1.014398e+01
    endloop
  endfacet
  facet normal -1.931306e-05 3.271657e-01 9.449670e-01
    outer loop
      vertex -5.919996e+01 1.162613e+01 1.491156e+00
      vertex -6.250010e+01 -1.336640e+01 1.014398e+01
      vertex -5.920006e+01 -4.835872e+00 7.190589e+00
    endloop
  endfacet
  facet normal -1.931306e-05 3.271657e-01 9.449670e-01
    outer loop
      vertex -5.920006e+01 -4.835872e+00 7.190589e+00
      vertex -6.250010e+01 -1.336640e+01 1.014398e+01
      vertex -5.600005e+01 -4.836016e+00 7.188584e+00
    endloop
  endfacet
  facet normal -1.931306e-05 3.271657e-01 9.449670e-01
    outer loop
      vertex -5.600005e+01 -4.836016e+00 7.188584e+00
      vertex -6.250010e+01 -1.336640e+01 1.014398e+01
      vertex -5.600008e+01 -9.147749e+00 8.681356e+00
    endloop
  endfacet
  facet normal -1.931306e-05 3.271657e-01 9.449670e-01
    outer loop
      vertex -5.600008e+01 -9.147749e+00 8.681356e+00
      vertex -6.250010e+01 -1.336640e+01 1.014398e+01
      vertex -5.350008e+01 -9.151400e+00 8.681664e+00
    endloop
  endfacet
  facet normal -1.931306e-05 3.271657e-01 9.449670e-01
    outer loop
      vertex 6.250008e+01 1.585278e+01 3.029672e-02
      vertex 5.920007e+01 1.162622e+01 1.493547e+00
      vertex 6.249990e+01 -1.336631e+01 1.014651e+01
    endloop
  endfacet
  facet normal -1.931306e-05 3.271657e-01 9.449670e-01
    outer loop
      vertex 5.920007e+01 1.162622e+01 1.493547e+00
      vertex 6.250008e+01 1.585278e+01 3.029672e-02
      vertex -5.919996e+01 1.162613e+01 1.491156e+00
    endloop
  endfacet
  facet normal -1.931306e-05 3.271657e-01 9.449670e-01
    outer loop
      vertex 5.920007e+01 1.162622e+01 1.493547e+00
      vertex -5.919996e+01 1.162613e+01 1.491156e+00
      vertex -3.024995e+01 1.162615e+01 1.491741e+00
    endloop
  endfacet
  facet normal -1.931306e-05 3.271657e-01 9.449670e-01
    outer loop
      vertex 5.920007e+01 1.162622e+01 1.493547e+00
      vertex -3.024995e+01 1.162615e+01 1.491741e+00
      vertex -2.724995e+01 1.162616e+01 1.491802e+00
    endloop
  endfacet
  facet normal -1.931306e-05 3.271657e-01 9.449670e-01
    outer loop
      vertex 5.920007e+01 1.162622e+01 1.493547e+00
      vertex -2.724995e+01 1.162616e+01 1.491802e+00
      vertex -1.999945e+00 1.162617e+01 1.492311e+00
    endloop
  endfacet
  facet normal -1.931306e-05 3.271657e-01 9.449670e-01
    outer loop
      vertex 5.920007e+01 1.162622e+01 1.493547e+00
      vertex -1.999945e+00 1.162617e+01 1.492311e+00
      vertex 2.000055e+00 1.162618e+01 1.492392e+00
    endloop
  endfacet
  facet normal -1.931306e-05 3.271657e-01 9.449670e-01
    outer loop
      vertex 5.920007e+01 1.162622e+01 1.493547e+00
      vertex 2.000055e+00 1.162618e+01 1.492392e+00
      vertex 2.725005e+01 1.162619e+01 1.492902e+00
    endloop
  endfacet
  facet normal -1.931306e-05 3.271657e-01 9.449670e-01
    outer loop
      vertex 5.920007e+01 1.162622e+01 1.493547e+00
      vertex 2.725005e+01 1.162619e+01 1.492902e+00
      vertex 3.025005e+01 1.162620e+01 1.492963e+00
    endloop
  endfacet
  facet normal -1.931306e-05 3.271657e-01 9.449670e-01
    outer loop
      vertex 6.249990e+01 -1.336631e+01 1.014651e+01
      vertex 5.920007e+01 1.162622e+01 1.493547e+00
      vertex 5.919996e+01 -4.835788e+00 7.192980e+00
    endloop
  endfacet
  facet normal -1.931306e-05 3.271657e-01 9.449670e-01
    outer loop
      vertex 6.249990e+01 -1.336631e+01 1.014651e+01
      vertex 5.919996e+01 -4.835788e+00 7.192980e+00
      vertex 5.599992e+01 -9.139876e+00 8.683066e+00
    endloop
  endfacet
  facet normal -1.931306e-05 3.271657e-01 9.449670e-01
    outer loop
      vertex 6.249990e+01 -1.336631e+01 1.014651e+01
      vertex 5.599992e+01 -9.139876e+00 8.683066e+00
      vertex -2.725008e+01 -9.141761e+00 8.681514e+00
    endloop
  endfacet
  facet normal -1.931306e-05 3.271657e-01 9.449670e-01
    outer loop
      vertex 6.249990e+01 -1.336631e+01 1.014651e+01
      vertex -2.725008e+01 -9.141761e+00 8.681514e+00
      vertex -3.025008e+01 -9.141885e+00 8.681462e+00
    endloop
  endfacet
  facet normal -1.931306e-05 3.271657e-01 9.449670e-01
    outer loop
      vertex 6.249990e+01 -1.336631e+01 1.014651e+01
      vertex -3.025008e+01 -9.141885e+00 8.681462e+00
      vertex -5.209669e+01 -9.143484e+00 8.681133e+00
    endloop
  endfacet
  facet normal -1.931306e-05 3.271657e-01 9.449670e-01
    outer loop
      vertex 6.249990e+01 -1.336631e+01 1.014651e+01
      vertex -5.209669e+01 -9.143484e+00 8.681133e+00
      vertex -5.270869e+01 -9.147016e+00 8.681370e+00
    endloop
  endfacet
  facet normal -1.931306e-05 3.271657e-01 9.449670e-01
    outer loop
      vertex 6.249990e+01 -1.336631e+01 1.014651e+01
      vertex -5.270869e+01 -9.147016e+00 8.681370e+00
      vertex -5.350008e+01 -9.151400e+00 8.681664e+00
    endloop
  endfacet
  facet normal -1.931306e-05 3.271657e-01 9.449670e-01
    outer loop
      vertex 6.249990e+01 -1.336631e+01 1.014651e+01
      vertex -5.350008e+01 -9.151400e+00 8.681664e+00
      vertex -6.250010e+01 -1.336640e+01 1.014398e+01
    endloop
  endfacet
  facet normal -1.931306e-05 3.271657e-01 9.449670e-01
    outer loop
      vertex 2.724992e+01 -9.139896e+00 8.682486e+00
      vertex 3.025005e+01 1.162620e+01 1.492963e+00
      vertex 2.725005e+01 1.162619e+01 1.492902e+00
    endloop
  endfacet
  facet normal -1.931306e-05 3.271657e-01 9.449670e-01
    outer loop
      vertex 3.025005e+01 1.162620e+01 1.492963e+00
      vertex 2.724992e+01 -9.139896e+00 8.682486e+00
      vertex 3.024992e+01 -9.139894e+00 8.682546e+00
    endloop
  endfacet
  facet normal -9.995852e-01 2.880158e-02 8.476926e-06
    outer loop
      vertex 5.215771e+01 -9.612624e+00 1.994536e+00
      vertex 5.240006e+01 -1.343571e+00 1.298475e-02
      vertex 5.215775e+01 -9.753272e+00 4.626939e-03
    endloop
  endfacet
  facet normal -9.995852e-01 2.880158e-02 8.476926e-06
    outer loop
      vertex 5.240006e+01 -1.343571e+00 1.298475e-02
      vertex 5.215771e+01 -9.612624e+00 1.994536e+00
      vertex 5.240002e+01 -1.345511e+00 2.012972e+00
    endloop
  endfacet
  facet normal -2.019035e-05 -9.950496e-04 9.999995e-01
    outer loop
      vertex 5.215771e+01 -9.612624e+00 1.994536e+00
      vertex 5.920007e+01 -1.345507e+00 2.013109e+00
      vertex 5.240002e+01 -1.345511e+00 2.012972e+00
    endloop
  endfacet
  facet normal -2.019035e-05 -9.950496e-04 9.999995e-01
    outer loop
      vertex 5.920007e+01 -1.345507e+00 2.013109e+00
      vertex 5.215771e+01 -9.612624e+00 1.994536e+00
      vertex 5.600006e+01 -5.202176e+00 2.009253e+00
    endloop
  endfacet
  facet normal -2.019035e-05 -9.950496e-04 9.999995e-01
    outer loop
      vertex 5.600006e+01 -5.202176e+00 2.009253e+00
      vertex 5.215771e+01 -9.612624e+00 1.994536e+00
      vertex 5.600006e+01 -5.345487e+00 2.009103e+00
    endloop
  endfacet
  facet normal -2.019035e-05 -9.950496e-04 9.999995e-01
    outer loop
      vertex 5.600006e+01 -5.345487e+00 2.009103e+00
      vertex 5.215771e+01 -9.612624e+00 1.994536e+00
      vertex 5.600006e+01 -9.611898e+00 2.004842e+00
    endloop
  endfacet
  facet normal -2.019035e-05 -9.950496e-04 9.999995e-01
    outer loop
      vertex 5.920007e+01 -5.202173e+00 2.009318e+00
      vertex 5.920007e+01 -1.345507e+00 2.013109e+00
      vertex 5.600006e+01 -5.202176e+00 2.009253e+00
    endloop
  endfacet
  facet normal 2.019035e-05 9.950496e-04 -9.999995e-01
    outer loop
      vertex 5.920011e+01 -5.343549e+00 9.119756e-03
      vertex 5.240006e+01 -1.343571e+00 1.298475e-02
      vertex 5.920011e+01 -1.343566e+00 1.312205e-02
    endloop
  endfacet
  facet normal 2.019035e-05 9.950496e-04 -9.999995e-01
    outer loop
      vertex 5.240006e+01 -1.343571e+00 1.298475e-02
      vertex 5.920011e+01 -5.343549e+00 9.119756e-03
      vertex 5.600010e+01 -5.343551e+00 9.055144e-03
    endloop
  endfacet
  facet normal 2.019035e-05 9.950496e-04 -9.999995e-01
    outer loop
      vertex 5.240006e+01 -1.343571e+00 1.298475e-02
      vertex 5.600010e+01 -5.343551e+00 9.055144e-03
      vertex 5.215775e+01 -9.753272e+00 4.626939e-03
    endloop
  endfacet
  facet normal 2.019035e-05 9.950496e-04 -9.999995e-01
    outer loop
      vertex 5.215775e+01 -9.753272e+00 4.626939e-03
      vertex 5.600010e+01 -5.343551e+00 9.055144e-03
      vertex 5.600010e+01 -9.753269e+00 4.704520e-03
    endloop
  endfacet
  facet normal -1.000000e+00 -7.126717e-07 -2.019107e-05
    outer loop
      vertex 5.920007e+01 -5.202173e+00 2.009318e+00
      vertex 5.920011e+01 -1.343566e+00 1.312205e-02
      vertex 5.920011e+01 -5.343549e+00 9.119756e-03
    endloop
  endfacet
  facet normal -1.000000e+00 -7.126717e-07 -2.019107e-05
    outer loop
      vertex 5.920011e+01 -1.343566e+00 1.312205e-02
      vertex 5.920007e+01 -5.202173e+00 2.009318e+00
      vertex 5.920007e+01 -1.345507e+00 2.013109e+00
    endloop
  endfacet
  facet normal -7.327624e-07 9.999995e-01 9.950496e-04
    outer loop
      vertex 5.920007e+01 -1.345507e+00 2.013109e+00
      vertex 5.240006e+01 -1.343571e+00 1.298475e-02
      vertex 5.240002e+01 -1.345511e+00 2.012972e+00
    endloop
  endfacet
  facet normal -7.327624e-07 9.999995e-01 9.950496e-04
    outer loop
      vertex 5.240006e+01 -1.343571e+00 1.298475e-02
      vertex 5.920007e+01 -1.345507e+00 2.013109e+00
      vertex 5.920011e+01 -1.343566e+00 1.312205e-02
    endloop
  endfacet
  facet normal 7.327624e-07 -9.999995e-01 -9.950496e-04
    outer loop
      vertex 5.600010e+01 -5.343551e+00 9.055144e-03
      vertex 5.920007e+01 -5.345485e+00 2.009168e+00
      vertex 5.600006e+01 -5.345487e+00 2.009103e+00
    endloop
  endfacet
  facet normal 7.327624e-07 -9.999995e-01 -9.950496e-04
    outer loop
      vertex 5.920007e+01 -5.345485e+00 2.009168e+00
      vertex 5.600010e+01 -5.343551e+00 9.055144e-03
      vertex 5.920011e+01 -5.343549e+00 9.119756e-03
    endloop
  endfacet
  facet normal 7.327624e-07 -9.999995e-01 -9.950496e-04
    outer loop
      vertex 5.215775e+01 -9.753272e+00 4.626939e-03
      vertex 5.600006e+01 -9.755209e+00 2.004691e+00
      vertex 5.215771e+01 -9.755212e+00 2.004614e+00
    endloop
  endfacet
  facet normal 7.327624e-07 -9.999995e-01 -9.950496e-04
    outer loop
      vertex 5.600006e+01 -9.755209e+00 2.004691e+00
      vertex 5.215775e+01 -9.753272e+00 4.626939e-03
      vertex 5.600010e+01 -9.753269e+00 4.704520e-03
    endloop
  endfacet
  facet normal -4.123740e-04 -9.999994e-01 -9.949135e-04
    outer loop
      vertex -5.599990e+01 -9.753349e+00 2.443120e-03
      vertex -5.229993e+01 -9.758835e+00 2.002511e+00
      vertex -5.599994e+01 -9.755289e+00 2.002430e+00
    endloop
  endfacet
  facet normal -4.123740e-04 -9.999994e-01 -9.949135e-04
    outer loop
      vertex -5.229993e+01 -9.758835e+00 2.002511e+00
      vertex -5.599990e+01 -9.753349e+00 2.443120e-03
      vertex -5.349990e+01 -9.753347e+00 2.493598e-03
    endloop
  endfacet
  facet normal -4.123740e-04 -9.999994e-01 -9.949135e-04
    outer loop
      vertex -5.229993e+01 -9.758835e+00 2.002511e+00
      vertex -5.349990e+01 -9.753347e+00 2.493598e-03
      vertex -5.229989e+01 -9.756895e+00 2.523884e-03
    endloop
  endfacet
  facet normal -4.123740e-04 -9.999994e-01 -9.949135e-04
    outer loop
      vertex -5.229993e+01 -9.758835e+00 2.002511e+00
      vertex -5.229989e+01 -9.756895e+00 2.523884e-03
      vertex -5.199994e+01 -9.755286e+00 2.002511e+00
    endloop
  endfacet
  facet normal -4.123740e-04 -9.999994e-01 -9.949135e-04
    outer loop
      vertex -5.199994e+01 -9.755286e+00 2.002511e+00
      vertex -5.229989e+01 -9.756895e+00 2.523884e-03
      vertex -5.199990e+01 -9.753346e+00 2.523884e-03
    endloop
  endfacet
  facet normal -1.000000e+00 -7.126717e-07 -2.019107e-05
    outer loop
      vertex 5.600006e+01 -9.611898e+00 2.004842e+00
      vertex 5.600010e+01 -5.343551e+00 9.055144e-03
      vertex 5.600010e+01 -9.753269e+00 4.704520e-03
    endloop
  endfacet
  facet normal -1.000000e+00 -7.126717e-07 -2.019107e-05
    outer loop
      vertex 5.600010e+01 -5.343551e+00 9.055144e-03
      vertex 5.600006e+01 -9.611898e+00 2.004842e+00
      vertex 5.600006e+01 -5.345487e+00 2.009103e+00
    endloop
  endfacet
  facet normal 7.327624e-07 -9.999995e-01 -9.950496e-04
    outer loop
      vertex -5.919992e+01 -5.343633e+00 6.729132e-03
      vertex -5.599994e+01 -5.345567e+00 2.006842e+00
      vertex -5.919996e+01 -5.345569e+00 2.006777e+00
    endloop
  endfacet
  facet normal 7.327624e-07 -9.999995e-01 -9.950496e-04
    outer loop
      vertex -5.599994e+01 -5.345567e+00 2.006842e+00
      vertex -5.919992e+01 -5.343633e+00 6.729132e-03
      vertex -5.599990e+01 -5.343631e+00 6.793744e-03
    endloop
  endfacet
  facet normal 2.389400e-04 9.999995e-01 9.948909e-04
    outer loop
      vertex -5.239997e+01 -1.349135e+00 2.010862e+00
      vertex -5.919992e+01 -1.343651e+00 1.073142e-02
      vertex -5.919996e+01 -1.345591e+00 2.010718e+00
    endloop
  endfacet
  facet normal 2.389400e-04 9.999995e-01 9.948909e-04
    outer loop
      vertex -5.919992e+01 -1.343651e+00 1.073142e-02
      vertex -5.239997e+01 -1.349135e+00 2.010862e+00
      vertex -5.239993e+01 -1.347194e+00 1.087478e-02
    endloop
  endfacet
  facet normal 2.019035e-05 9.950496e-04 -9.999995e-01
    outer loop
      vertex -5.239993e+01 -1.347194e+00 1.087478e-02
      vertex -5.919992e+01 -5.343633e+00 6.729132e-03
      vertex -5.919992e+01 -1.343651e+00 1.073142e-02
    endloop
  endfacet
  facet normal 2.019035e-05 9.950496e-04 -9.999995e-01
    outer loop
      vertex -5.919992e+01 -5.343633e+00 6.729132e-03
      vertex -5.239993e+01 -1.347194e+00 1.087478e-02
      vertex -5.599990e+01 -5.343631e+00 6.793744e-03
    endloop
  endfacet
  facet normal 2.019035e-05 9.950496e-04 -9.999995e-01
    outer loop
      vertex -5.229989e+01 -9.756895e+00 2.523884e-03
      vertex -5.599990e+01 -5.343631e+00 6.793744e-03
      vertex -5.239993e+01 -1.347194e+00 1.087478e-02
    endloop
  endfacet
  facet normal 2.019035e-05 9.950496e-04 -9.999995e-01
    outer loop
      vertex -5.599990e+01 -5.343631e+00 6.793744e-03
      vertex -5.229989e+01 -9.756895e+00 2.523884e-03
      vertex -5.349990e+01 -9.753347e+00 2.493598e-03
    endloop
  endfacet
  facet normal 2.019035e-05 9.950496e-04 -9.999995e-01
    outer loop
      vertex -5.599990e+01 -9.753349e+00 2.443120e-03
      vertex -5.599990e+01 -5.343631e+00 6.793744e-03
      vertex -5.349990e+01 -9.753347e+00 2.493598e-03
    endloop
  endfacet
  facet normal 1.000000e+00 7.126717e-07 2.019107e-05
    outer loop
      vertex -5.599994e+01 -5.345567e+00 2.006842e+00
      vertex -5.600008e+01 -9.147749e+00 8.681356e+00
      vertex -5.599994e+01 -9.613691e+00 2.002579e+00
    endloop
  endfacet
  facet normal 1.000000e+00 7.126717e-07 2.019107e-05
    outer loop
      vertex -5.600008e+01 -9.147749e+00 8.681356e+00
      vertex -5.599994e+01 -5.345567e+00 2.006842e+00
      vertex -5.599994e+01 -5.202255e+00 2.006992e+00
    endloop
  endfacet
  facet normal 1.000000e+00 7.126717e-07 2.019107e-05
    outer loop
      vertex -5.600008e+01 -9.147749e+00 8.681356e+00
      vertex -5.599994e+01 -5.202255e+00 2.006992e+00
      vertex -5.600005e+01 -4.836016e+00 7.188584e+00
    endloop
  endfacet
  facet normal 1.000000e+00 7.126717e-07 2.019107e-05
    outer loop
      vertex -5.919993e+01 1.152240e+01 2.356533e-02
      vertex -5.919996e+01 -1.345591e+00 2.010718e+00
      vertex -5.919992e+01 -1.343651e+00 1.073142e-02
    endloop
  endfacet
  facet normal 1.000000e+00 7.126717e-07 2.019107e-05
    outer loop
      vertex -5.919996e+01 -1.345591e+00 2.010718e+00
      vertex -5.919993e+01 1.152240e+01 2.356533e-02
      vertex -5.919996e+01 1.162613e+01 1.491156e+00
    endloop
  endfacet
  facet normal 1.000000e+00 7.126717e-07 2.019107e-05
    outer loop
      vertex -5.919996e+01 -1.345591e+00 2.010718e+00
      vertex -5.920006e+01 -4.835872e+00 7.190589e+00
      vertex -5.919996e+01 -5.202258e+00 2.006927e+00
    endloop
  endfacet
  facet normal 1.000000e+00 7.126717e-07 2.019107e-05
    outer loop
      vertex -5.920006e+01 -4.835872e+00 7.190589e+00
      vertex -5.919996e+01 -1.345591e+00 2.010718e+00
      vertex -5.919996e+01 1.162613e+01 1.491156e+00
    endloop
  endfacet
  facet normal -1.189092e-02 9.999288e-01 9.947304e-04
    outer loop
      vertex -5.199994e+01 -9.755286e+00 2.002511e+00
      vertex -5.229989e+01 -9.756895e+00 2.523884e-03
      vertex -5.229993e+01 -9.758835e+00 2.002511e+00
    endloop
  endfacet
  facet normal -1.189092e-02 9.999288e-01 9.947304e-04
    outer loop
      vertex -5.229989e+01 -9.756895e+00 2.523884e-03
      vertex -5.199994e+01 -9.755286e+00 2.002511e+00
      vertex -5.199990e+01 -9.753346e+00 2.523884e-03
    endloop
  endfacet
  facet normal 9.999293e-01 1.189089e-02 3.202091e-05
    outer loop
      vertex -5.239993e+01 -1.347194e+00 1.087478e-02
      vertex -5.229993e+01 -9.616247e+00 1.992433e+00
      vertex -5.229989e+01 -9.756895e+00 2.523884e-03
    endloop
  endfacet
  facet normal 9.999293e-01 1.189089e-02 3.202091e-05
    outer loop
      vertex -5.229993e+01 -9.616247e+00 1.992433e+00
      vertex -5.239993e+01 -1.347194e+00 1.087478e-02
      vertex -5.239997e+01 -1.349135e+00 2.010862e+00
    endloop
  endfacet
  facet normal 7.126717e-07 9.975114e-01 -7.050491e-02
    outer loop
      vertex -5.599994e+01 -5.202255e+00 2.006992e+00
      vertex -5.919992e+01 -5.343633e+00 6.729132e-03
      vertex -5.919996e+01 -5.202258e+00 2.006927e+00
    endloop
  endfacet
  facet normal 7.126717e-07 9.975114e-01 -7.050491e-02
    outer loop
      vertex -5.919992e+01 -5.343633e+00 6.729132e-03
      vertex -5.599994e+01 -5.202255e+00 2.006992e+00
      vertex -5.599990e+01 -5.343631e+00 6.793744e-03
    endloop
  endfacet
  facet normal 9.995775e-01 -2.904722e-02 1.026975e-03
    outer loop
      vertex 5.240006e+01 -1.343571e+00 1.298475e-02
      vertex 5.215771e+01 -9.612624e+00 1.994536e+00
      vertex 5.215775e+01 -9.753272e+00 4.626939e-03
    endloop
  endfacet
  facet normal 9.995775e-01 -2.904722e-02 1.026975e-03
    outer loop
      vertex 5.215771e+01 -9.612624e+00 1.994536e+00
      vertex 5.240006e+01 -1.343571e+00 1.298475e-02
      vertex 5.240002e+01 -1.345511e+00 2.012972e+00
    endloop
  endfacet
  facet normal -1.000000e+00 -7.126704e-07 -2.019107e-05
    outer loop
      vertex 5.215771e+01 -9.612624e+00 1.994536e+00
      vertex 5.215775e+01 -9.753272e+00 4.626939e-03
      vertex 5.215771e+01 -9.755212e+00 2.004614e+00
    endloop
  endfacet
  facet normal 7.126717e-07 9.975114e-01 -7.050491e-02
    outer loop
      vertex 5.599992e+01 -9.139876e+00 8.683066e+00
      vertex 3.025010e+01 -9.753288e+00 4.184600e-03
      vertex 3.024992e+01 -9.139894e+00 8.682546e+00
    endloop
  endfacet
  facet normal 7.126717e-07 9.975114e-01 -7.050491e-02
    outer loop
      vertex 3.025010e+01 -9.753288e+00 4.184600e-03
      vertex 5.599992e+01 -9.139876e+00 8.683066e+00
      vertex 5.215771e+01 -9.612624e+00 1.994536e+00
    endloop
  endfacet
  facet normal 7.126717e-07 9.975114e-01 -7.050491e-02
    outer loop
      vertex 5.215771e+01 -9.612624e+00 1.994536e+00
      vertex 5.599992e+01 -9.139876e+00 8.683066e+00
      vertex 5.600006e+01 -9.611898e+00 2.004842e+00
    endloop
  endfacet
  facet normal 7.126717e-07 9.975114e-01 -7.050491e-02
    outer loop
      vertex 5.215775e+01 -9.753272e+00 4.626939e-03
      vertex 3.025010e+01 -9.753288e+00 4.184600e-03
      vertex 5.215771e+01 -9.612624e+00 1.994536e+00
    endloop
  endfacet
  facet normal -1.353177e-03 3.473132e-02 9.993958e-01
    outer loop
      vertex 5.215771e+01 -9.755212e+00 2.004614e+00
      vertex 5.600006e+01 -9.611898e+00 2.004842e+00
      vertex 5.215771e+01 -9.612624e+00 1.994536e+00
    endloop
  endfacet
  facet normal -1.353177e-03 3.473132e-02 9.993958e-01
    outer loop
      vertex 5.600006e+01 -9.611898e+00 2.004842e+00
      vertex 5.215771e+01 -9.755212e+00 2.004614e+00
      vertex 5.600006e+01 -9.755209e+00 2.004691e+00
    endloop
  endfacet
  facet normal 9.999280e-01 1.199237e-02 -3.954378e-04
    outer loop
      vertex -5.239993e+01 -1.347194e+00 1.087478e-02
      vertex -5.229993e+01 -9.616247e+00 1.992433e+00
      vertex -5.229989e+01 -9.756895e+00 2.523884e-03
    endloop
  endfacet
  facet normal 9.999280e-01 1.199237e-02 -3.954378e-04
    outer loop
      vertex -5.229993e+01 -9.616247e+00 1.992433e+00
      vertex -5.239993e+01 -1.347194e+00 1.087478e-02
      vertex -5.239997e+01 -1.349135e+00 2.010862e+00
    endloop
  endfacet
  facet normal 1.000000e+00 7.126698e-07 2.019107e-05
    outer loop
      vertex -5.229993e+01 -9.758835e+00 2.002511e+00
      vertex -5.229989e+01 -9.756895e+00 2.523884e-03
      vertex -5.229993e+01 -9.616247e+00 1.992433e+00
    endloop
  endfacet
  facet normal 2.399383e-04 9.976023e-01 -6.920694e-02
    outer loop
      vertex -5.349994e+01 -9.615280e+00 1.995705e+00
      vertex -5.542426e+01 -9.614416e+00 2.000990e+00
      vertex -5.350008e+01 -9.151400e+00 8.681664e+00
    endloop
  endfacet
  facet normal 9.845915e-04 9.975739e-01 -6.960896e-02
    outer loop
      vertex -5.542426e+01 -9.614416e+00 2.000990e+00
      vertex -5.599990e+01 -9.753349e+00 2.443120e-03
      vertex -5.599994e+01 -9.613691e+00 2.002579e+00
    endloop
  endfacet
  facet normal 1.465534e-03 9.975750e-01 -6.958354e-02
    outer loop
      vertex -5.350008e+01 -9.151400e+00 8.681664e+00
      vertex -5.599994e+01 -9.613691e+00 2.002579e+00
      vertex -5.600008e+01 -9.147749e+00 8.681356e+00
    endloop
  endfacet
  facet normal 1.465534e-03 9.975750e-01 -6.958354e-02
    outer loop
      vertex -5.599994e+01 -9.613691e+00 2.002579e+00
      vertex -5.350008e+01 -9.151400e+00 8.681664e+00
      vertex -5.542426e+01 -9.614416e+00 2.000990e+00
    endloop
  endfacet
  facet normal 1.465534e-03 9.975750e-01 -6.958354e-02
    outer loop
      vertex -5.350008e+01 -9.151400e+00 8.681664e+00
      vertex -5.599994e+01 -9.613691e+00 2.002579e+00
      vertex -5.600008e+01 -9.147749e+00 8.681356e+00
    endloop
  endfacet
  facet normal 1.465534e-03 9.975750e-01 -6.958354e-02
    outer loop
      vertex -5.599994e+01 -9.613691e+00 2.002579e+00
      vertex -5.350008e+01 -9.151400e+00 8.681664e+00
      vertex -5.542426e+01 -9.614416e+00 2.000990e+00
    endloop
  endfacet
  facet normal 9.845915e-04 9.975739e-01 -6.960896e-02
    outer loop
      vertex -5.542426e+01 -9.614416e+00 2.000990e+00
      vertex -5.599990e+01 -9.753349e+00 2.443120e-03
      vertex -5.599994e+01 -9.613691e+00 2.002579e+00
    endloop
  endfacet
  facet normal -1.611283e-03 -3.836515e-02 -9.992625e-01
    outer loop
      vertex -5.229993e+01 -9.616247e+00 1.992433e+00
      vertex -5.349994e+01 -9.615280e+00 1.995705e+00
      vertex -5.317780e+01 -9.614492e+00 1.994738e+00
    endloop
  endfacet
  facet normal -1.611283e-03 -3.836515e-02 -9.992625e-01
    outer loop
      vertex -5.542426e+01 -9.614416e+00 2.000990e+00
      vertex -5.599994e+01 -9.755289e+00 2.002430e+00
      vertex -5.599994e+01 -9.613691e+00 2.002579e+00
    endloop
  endfacet
  facet normal -1.611283e-03 -3.836515e-02 -9.992625e-01
    outer loop
      vertex -5.599994e+01 -9.755289e+00 2.002430e+00
      vertex -5.542426e+01 -9.614416e+00 2.000990e+00
      vertex -5.349994e+01 -9.615280e+00 1.995705e+00
    endloop
  endfacet
  facet normal -1.611283e-03 -3.836515e-02 -9.992625e-01
    outer loop
      vertex -5.599994e+01 -9.755289e+00 2.002430e+00
      vertex -5.349994e+01 -9.615280e+00 1.995705e+00
      vertex -5.229993e+01 -9.616247e+00 1.992433e+00
    endloop
  endfacet
  facet normal -1.611283e-03 -3.836515e-02 -9.992625e-01
    outer loop
      vertex -5.599994e+01 -9.755289e+00 2.002430e+00
      vertex -5.229993e+01 -9.616247e+00 1.992433e+00
      vertex -5.229993e+01 -9.758835e+00 2.002511e+00
    endloop
  endfacet
  facet normal 8.970324e-05 9.976010e-01 -6.922532e-02
    outer loop
      vertex -5.542426e+01 -9.614416e+00 2.000990e+00
      vertex -5.349990e+01 -9.753347e+00 2.493598e-03
      vertex -5.599990e+01 -9.753349e+00 2.443120e-03
    endloop
  endfacet
  facet normal 8.970324e-05 9.976010e-01 -6.922532e-02
    outer loop
      vertex -5.349990e+01 -9.753347e+00 2.493598e-03
      vertex -5.542426e+01 -9.614416e+00 2.000990e+00
      vertex -5.349994e+01 -9.615280e+00 1.995705e+00
    endloop
  endfacet
  facet normal 8.970324e-05 9.976010e-01 -6.922532e-02
    outer loop
      vertex -5.542426e+01 -9.614416e+00 2.000990e+00
      vertex -5.349990e+01 -9.753347e+00 2.493598e-03
      vertex -5.599990e+01 -9.753349e+00 2.443120e-03
    endloop
  endfacet
  facet normal 8.970324e-05 9.976010e-01 -6.922532e-02
    outer loop
      vertex -5.349990e+01 -9.753347e+00 2.493598e-03
      vertex -5.542426e+01 -9.614416e+00 2.000990e+00
      vertex -5.349994e+01 -9.615280e+00 1.995705e+00
    endloop
  endfacet
  facet normal 2.399383e-04 9.976023e-01 -6.920694e-02
    outer loop
      vertex -5.349994e+01 -9.615280e+00 1.995705e+00
      vertex -5.542426e+01 -9.614416e+00 2.000990e+00
      vertex -5.350008e+01 -9.151400e+00 8.681664e+00
    endloop
  endfacet
  facet normal -1.611283e-03 -3.836515e-02 -9.992625e-01
    outer loop
      vertex -5.229993e+01 -9.616247e+00 1.992433e+00
      vertex -5.349994e+01 -9.615280e+00 1.995705e+00
      vertex -5.317780e+01 -9.614492e+00 1.994738e+00
    endloop
  endfacet
  facet normal -1.611283e-03 -3.836515e-02 -9.992625e-01
    outer loop
      vertex -5.542426e+01 -9.614416e+00 2.000990e+00
      vertex -5.599994e+01 -9.755289e+00 2.002430e+00
      vertex -5.599994e+01 -9.613691e+00 2.002579e+00
    endloop
  endfacet
  facet normal -1.611283e-03 -3.836515e-02 -9.992625e-01
    outer loop
      vertex -5.599994e+01 -9.755289e+00 2.002430e+00
      vertex -5.542426e+01 -9.614416e+00 2.000990e+00
      vertex -5.349994e+01 -9.615280e+00 1.995705e+00
    endloop
  endfacet
  facet normal -1.611283e-03 -3.836515e-02 -9.992625e-01
    outer loop
      vertex -5.599994e+01 -9.755289e+00 2.002430e+00
      vertex -5.349994e+01 -9.615280e+00 1.995705e+00
      vertex -5.229993e+01 -9.616247e+00 1.992433e+00
    endloop
  endfacet
  facet normal -1.611283e-03 -3.836515e-02 -9.992625e-01
    outer loop
      vertex -5.599994e+01 -9.755289e+00 2.002430e+00
      vertex -5.229993e+01 -9.616247e+00 1.992433e+00
      vertex -5.229993e+01 -9.758835e+00 2.002511e+00
    endloop
  endfacet
  facet normal -2.579665e-03 9.976066e-01 -6.909724e-02
    outer loop
      vertex -5.317780e+01 -9.614492e+00 1.994738e+00
      vertex -5.349990e+01 -9.753347e+00 2.493598e-03
      vertex -5.349994e+01 -9.615280e+00 1.995705e+00
    endloop
  endfacet
  facet normal -5.486694e-03 9.975813e-01 -6.929230e-02
    outer loop
      vertex -5.270869e+01 -9.147016e+00 8.681370e+00
      vertex -5.349994e+01 -9.615280e+00 1.995705e+00
      vertex -5.350008e+01 -9.151400e+00 8.681664e+00
    endloop
  endfacet
  facet normal -5.486694e-03 9.975813e-01 -6.929230e-02
    outer loop
      vertex -5.349994e+01 -9.615280e+00 1.995705e+00
      vertex -5.270869e+01 -9.147016e+00 8.681370e+00
      vertex -5.317780e+01 -9.614492e+00 1.994738e+00
    endloop
  endfacet
  facet normal -5.486694e-03 9.975813e-01 -6.929230e-02
    outer loop
      vertex -5.317780e+01 -9.614492e+00 1.994738e+00
      vertex -5.270869e+01 -9.147016e+00 8.681370e+00
      vertex -5.209669e+01 -9.143484e+00 8.681133e+00
    endloop
  endfacet
  facet normal -5.486694e-03 9.975813e-01 -6.929230e-02
    outer loop
      vertex -5.270869e+01 -9.147016e+00 8.681370e+00
      vertex -5.349994e+01 -9.615280e+00 1.995705e+00
      vertex -5.350008e+01 -9.151400e+00 8.681664e+00
    endloop
  endfacet
  facet normal -5.486694e-03 9.975813e-01 -6.929230e-02
    outer loop
      vertex -5.349994e+01 -9.615280e+00 1.995705e+00
      vertex -5.270869e+01 -9.147016e+00 8.681370e+00
      vertex -5.317780e+01 -9.614492e+00 1.994738e+00
    endloop
  endfacet
  facet normal -5.486694e-03 9.975813e-01 -6.929230e-02
    outer loop
      vertex -5.317780e+01 -9.614492e+00 1.994738e+00
      vertex -5.270869e+01 -9.147016e+00 8.681370e+00
      vertex -5.209669e+01 -9.143484e+00 8.681133e+00
    endloop
  endfacet
  facet normal -2.579665e-03 9.976066e-01 -6.909724e-02
    outer loop
      vertex -5.317780e+01 -9.614492e+00 1.994738e+00
      vertex -5.349990e+01 -9.753347e+00 2.493598e-03
      vertex -5.349994e+01 -9.615280e+00 1.995705e+00
    endloop
  endfacet
  facet normal -1.611283e-03 -3.836515e-02 -9.992625e-01
    outer loop
      vertex -5.229993e+01 -9.616247e+00 1.992433e+00
      vertex -5.349994e+01 -9.615280e+00 1.995705e+00
      vertex -5.317780e+01 -9.614492e+00 1.994738e+00
    endloop
  endfacet
  facet normal -1.611283e-03 -3.836515e-02 -9.992625e-01
    outer loop
      vertex -5.542426e+01 -9.614416e+00 2.000990e+00
      vertex -5.599994e+01 -9.755289e+00 2.002430e+00
      vertex -5.599994e+01 -9.613691e+00 2.002579e+00
    endloop
  endfacet
  facet normal -1.611283e-03 -3.836515e-02 -9.992625e-01
    outer loop
      vertex -5.599994e+01 -9.755289e+00 2.002430e+00
      vertex -5.542426e+01 -9.614416e+00 2.000990e+00
      vertex -5.349994e+01 -9.615280e+00 1.995705e+00
    endloop
  endfacet
  facet normal -1.611283e-03 -3.836515e-02 -9.992625e-01
    outer loop
      vertex -5.599994e+01 -9.755289e+00 2.002430e+00
      vertex -5.349994e+01 -9.615280e+00 1.995705e+00
      vertex -5.229993e+01 -9.616247e+00 1.992433e+00
    endloop
  endfacet
  facet normal -1.611283e-03 -3.836515e-02 -9.992625e-01
    outer loop
      vertex -5.599994e+01 -9.755289e+00 2.002430e+00
      vertex -5.229993e+01 -9.616247e+00 1.992433e+00
      vertex -5.229993e+01 -9.758835e+00 2.002511e+00
    endloop
  endfacet
  facet normal -7.542701e-04 1.511818e-03 -9.999986e-01
    outer loop
      vertex -5.239997e+01 -1.349135e+00 2.010862e+00
      vertex -5.919996e+01 -5.202258e+00 2.006927e+00
      vertex -5.919996e+01 -1.345591e+00 2.010718e+00
    endloop
  endfacet
  facet normal -7.542701e-04 1.511818e-03 -9.999986e-01
    outer loop
      vertex -5.919996e+01 -5.202258e+00 2.006927e+00
      vertex -5.239997e+01 -1.349135e+00 2.010862e+00
      vertex -5.599994e+01 -5.202255e+00 2.006992e+00
    endloop
  endfacet
  facet normal -7.542701e-04 1.511818e-03 -9.999986e-01
    outer loop
      vertex -5.229993e+01 -9.616247e+00 1.992433e+00
      vertex -5.599994e+01 -5.202255e+00 2.006992e+00
      vertex -5.239997e+01 -1.349135e+00 2.010862e+00
    endloop
  endfacet
  facet normal -7.542701e-04 1.511818e-03 -9.999986e-01
    outer loop
      vertex -5.599994e+01 -5.202255e+00 2.006992e+00
      vertex -5.229993e+01 -9.616247e+00 1.992433e+00
      vertex -5.599994e+01 -5.345567e+00 2.006842e+00
    endloop
  endfacet
  facet normal -7.542701e-04 1.511818e-03 -9.999986e-01
    outer loop
      vertex -5.599994e+01 -5.345567e+00 2.006842e+00
      vertex -5.229993e+01 -9.616247e+00 1.992433e+00
      vertex -5.317780e+01 -9.614492e+00 1.994738e+00
    endloop
  endfacet
  facet normal -7.542701e-04 1.511818e-03 -9.999986e-01
    outer loop
      vertex -5.599994e+01 -5.345567e+00 2.006842e+00
      vertex -5.317780e+01 -9.614492e+00 1.994738e+00
      vertex -5.599994e+01 -9.613691e+00 2.002579e+00
    endloop
  endfacet
  facet normal -7.542701e-04 1.511818e-03 -9.999986e-01
    outer loop
      vertex -5.317780e+01 -9.614492e+00 1.994738e+00
      vertex -5.542426e+01 -9.614416e+00 2.000990e+00
      vertex -5.599994e+01 -9.613691e+00 2.002579e+00
    endloop
  endfacet
  facet normal -7.542701e-04 1.511818e-03 -9.999986e-01
    outer loop
      vertex -5.542426e+01 -9.614416e+00 2.000990e+00
      vertex -5.317780e+01 -9.614492e+00 1.994738e+00
      vertex -5.349994e+01 -9.615280e+00 1.995705e+00
    endloop
  endfacet
  facet normal -1.611283e-03 -3.836515e-02 -9.992625e-01
    outer loop
      vertex -5.229993e+01 -9.616247e+00 1.992433e+00
      vertex -5.349994e+01 -9.615280e+00 1.995705e+00
      vertex -5.317780e+01 -9.614492e+00 1.994738e+00
    endloop
  endfacet
  facet normal -1.611283e-03 -3.836515e-02 -9.992625e-01
    outer loop
      vertex -5.542426e+01 -9.614416e+00 2.000990e+00
      vertex -5.599994e+01 -9.755289e+00 2.002430e+00
      vertex -5.599994e+01 -9.613691e+00 2.002579e+00
    endloop
  endfacet
  facet normal -1.611283e-03 -3.836515e-02 -9.992625e-01
    outer loop
      vertex -5.599994e+01 -9.755289e+00 2.002430e+00
      vertex -5.542426e+01 -9.614416e+00 2.000990e+00
      vertex -5.349994e+01 -9.615280e+00 1.995705e+00
    endloop
  endfacet
  facet normal -1.611283e-03 -3.836515e-02 -9.992625e-01
    outer loop
      vertex -5.599994e+01 -9.755289e+00 2.002430e+00
      vertex -5.349994e+01 -9.615280e+00 1.995705e+00
      vertex -5.229993e+01 -9.616247e+00 1.992433e+00
    endloop
  endfacet
  facet normal -1.611283e-03 -3.836515e-02 -9.992625e-01
    outer loop
      vertex -5.599994e+01 -9.755289e+00 2.002430e+00
      vertex -5.229993e+01 -9.616247e+00 1.992433e+00
      vertex -5.229993e+01 -9.758835e+00 2.002511e+00
    endloop
  endfacet
  facet normal -1.611283e-03 -3.836515e-02 -9.992625e-01
    outer loop
      vertex -5.229993e+01 -9.616247e+00 1.992433e+00
      vertex -5.349994e+01 -9.615280e+00 1.995705e+00
      vertex -5.317780e+01 -9.614492e+00 1.994738e+00
    endloop
  endfacet
  facet normal -1.611283e-03 -3.836515e-02 -9.992625e-01
    outer loop
      vertex -5.542426e+01 -9.614416e+00 2.000990e+00
      vertex -5.599994e+01 -9.755289e+00 2.002430e+00
      vertex -5.599994e+01 -9.613691e+00 2.002579e+00
    endloop
  endfacet
  facet normal -1.611283e-03 -3.836515e-02 -9.992625e-01
    outer loop
      vertex -5.599994e+01 -9.755289e+00 2.002430e+00
      vertex -5.542426e+01 -9.614416e+00 2.000990e+00
      vertex -5.349994e+01 -9.615280e+00 1.995705e+00
    endloop
  endfacet
  facet normal -1.611283e-03 -3.836515e-02 -9.992625e-01
    outer loop
      vertex -5.599994e+01 -9.755289e+00 2.002430e+00
      vertex -5.349994e+01 -9.615280e+00 1.995705e+00
      vertex -5.229993e+01 -9.616247e+00 1.992433e+00
    endloop
  endfacet
  facet normal -1.611283e-03 -3.836515e-02 -9.992625e-01
    outer loop
      vertex -5.599994e+01 -9.755289e+00 2.002430e+00
      vertex -5.229993e+01 -9.616247e+00 1.992433e+00
      vertex -5.229993e+01 -9.758835e+00 2.002511e+00
    endloop
  endfacet
  facet normal 2.556311e-03 9.975287e-01 -7.021378e-02
    outer loop
      vertex -5.317780e+01 -9.614492e+00 1.994738e+00
      vertex -5.229989e+01 -9.756895e+00 2.523884e-03
      vertex -5.349990e+01 -9.753347e+00 2.493598e-03
    endloop
  endfacet
  facet normal 2.556311e-03 9.975287e-01 -7.021378e-02
    outer loop
      vertex -5.229989e+01 -9.756895e+00 2.523884e-03
      vertex -5.317780e+01 -9.614492e+00 1.994738e+00
      vertex -5.229993e+01 -9.616247e+00 1.992433e+00
    endloop
  endfacet
  facet normal -1.353177e-03 3.473132e-02 9.993958e-01
    outer loop
      vertex 5.215771e+01 -9.755212e+00 2.004614e+00
      vertex 5.600006e+01 -9.611898e+00 2.004842e+00
      vertex 5.215771e+01 -9.612624e+00 1.994536e+00
    endloop
  endfacet
  facet normal -1.353177e-03 3.473132e-02 9.993958e-01
    outer loop
      vertex 5.600006e+01 -9.611898e+00 2.004842e+00
      vertex 5.215771e+01 -9.755212e+00 2.004614e+00
      vertex 5.600006e+01 -9.755209e+00 2.004691e+00
    endloop
  endfacet
  facet normal -1.000000e+00 -7.126717e-07 -2.019107e-05
    outer loop
      vertex 5.600006e+01 -9.611898e+00 2.004842e+00
      vertex 5.600010e+01 -9.753269e+00 4.704520e-03
      vertex 5.600006e+01 -9.755209e+00 2.004691e+00
    endloop
  endfacet
  facet normal -1.000000e+00 -7.126717e-07 -2.019107e-05
    outer loop
      vertex 5.920007e+01 -5.202173e+00 2.009318e+00
      vertex 5.920011e+01 -5.343549e+00 9.119756e-03
      vertex 5.920007e+01 -5.345485e+00 2.009168e+00
    endloop
  endfacet
  facet normal -2.019035e-05 -9.950496e-04 9.999995e-01
    outer loop
      vertex -5.919996e+01 -5.345569e+00 2.006777e+00
      vertex -5.599994e+01 -5.202255e+00 2.006992e+00
      vertex -5.919996e+01 -5.202258e+00 2.006927e+00
    endloop
  endfacet
  facet normal -2.019035e-05 -9.950496e-04 9.999995e-01
    outer loop
      vertex -5.599994e+01 -5.202255e+00 2.006992e+00
      vertex -5.919996e+01 -5.345569e+00 2.006777e+00
      vertex -5.599994e+01 -5.345567e+00 2.006842e+00
    endloop
  endfacet
  facet normal 1.000000e+00 7.126717e-07 2.019107e-05
    outer loop
      vertex -5.919996e+01 -5.202258e+00 2.006927e+00
      vertex -5.919996e+01 -5.345569e+00 2.006777e+00
      vertex -5.919992e+01 -5.343633e+00 6.729132e-03
    endloop
  endfacet
  facet normal 1.000000e+00 7.126717e-07 2.019107e-05
    outer loop
      vertex -5.599994e+01 -9.613691e+00 2.002579e+00
      vertex -5.599994e+01 -9.755289e+00 2.002430e+00
      vertex -5.599990e+01 -9.753349e+00 2.443120e-03
    endloop
  endfacet
  facet normal 1.000000e+00 7.126717e-07 2.019107e-05
    outer loop
      vertex -5.599994e+01 -5.202255e+00 2.006992e+00
      vertex -5.599994e+01 -5.345567e+00 2.006842e+00
      vertex -5.599990e+01 -5.343631e+00 6.793744e-03
    endloop
  endfacet
  facet normal 2.556311e-03 9.975287e-01 -7.021378e-02
    outer loop
      vertex -5.317780e+01 -9.614492e+00 1.994738e+00
      vertex -5.229989e+01 -9.756895e+00 2.523884e-03
      vertex -5.349990e+01 -9.753347e+00 2.493598e-03
    endloop
  endfacet
  facet normal 2.556311e-03 9.975287e-01 -7.021378e-02
    outer loop
      vertex -5.229989e+01 -9.756895e+00 2.523884e-03
      vertex -5.317780e+01 -9.614492e+00 1.994738e+00
      vertex -5.229993e+01 -9.616247e+00 1.992433e+00
    endloop
  endfacet
  facet normal -2.579665e-03 9.976066e-01 -6.909724e-02
    outer loop
      vertex -5.317780e+01 -9.614492e+00 1.994738e+00
      vertex -5.349990e+01 -9.753347e+00 2.493598e-03
      vertex -5.349994e+01 -9.615280e+00 1.995705e+00
    endloop
  endfacet
  facet normal -5.486694e-03 9.975813e-01 -6.929230e-02
    outer loop
      vertex -5.270869e+01 -9.147016e+00 8.681370e+00
      vertex -5.349994e+01 -9.615280e+00 1.995705e+00
      vertex -5.350008e+01 -9.151400e+00 8.681664e+00
    endloop
  endfacet
  facet normal -5.486694e-03 9.975813e-01 -6.929230e-02
    outer loop
      vertex -5.349994e+01 -9.615280e+00 1.995705e+00
      vertex -5.270869e+01 -9.147016e+00 8.681370e+00
      vertex -5.317780e+01 -9.614492e+00 1.994738e+00
    endloop
  endfacet
  facet normal -5.486694e-03 9.975813e-01 -6.929230e-02
    outer loop
      vertex -5.317780e+01 -9.614492e+00 1.994738e+00
      vertex -5.270869e+01 -9.147016e+00 8.681370e+00
      vertex -5.209669e+01 -9.143484e+00 8.681133e+00
    endloop
  endfacet
  facet normal -6.232208e-04 -1.488869e-03 9.999987e-01
    outer loop
      vertex 5.215771e+01 -9.612624e+00 1.994536e+00
      vertex 5.920007e+01 -1.345507e+00 2.013109e+00
      vertex 5.240002e+01 -1.345511e+00 2.012972e+00
    endloop
  endfacet
  facet normal -6.232208e-04 -1.488869e-03 9.999987e-01
    outer loop
      vertex 5.920007e+01 -1.345507e+00 2.013109e+00
      vertex 5.215771e+01 -9.612624e+00 1.994536e+00
      vertex 5.600006e+01 -5.345487e+00 2.009103e+00
    endloop
  endfacet
  facet normal -6.232208e-04 -1.488869e-03 9.999987e-01
    outer loop
      vertex 5.920007e+01 -1.345507e+00 2.013109e+00
      vertex 5.600006e+01 -5.345487e+00 2.009103e+00
      vertex 5.920007e+01 -5.202173e+00 2.009318e+00
    endloop
  endfacet
  facet normal -6.232208e-04 -1.488869e-03 9.999987e-01
    outer loop
      vertex 5.600006e+01 -5.345487e+00 2.009103e+00
      vertex 5.215771e+01 -9.612624e+00 1.994536e+00
      vertex 5.600006e+01 -9.611898e+00 2.004842e+00
    endloop
  endfacet
  facet normal -6.232208e-04 -1.488869e-03 9.999987e-01
    outer loop
      vertex 5.920007e+01 -5.345485e+00 2.009168e+00
      vertex 5.920007e+01 -5.202173e+00 2.009318e+00
      vertex 5.600006e+01 -5.345487e+00 2.009103e+00
    endloop
  endfacet
  facet normal 7.126717e-07 9.975114e-01 -7.050491e-02
    outer loop
      vertex 5.920007e+01 -5.202173e+00 2.009318e+00
      vertex 5.600010e+01 -5.343551e+00 9.055144e-03
      vertex 5.600006e+01 -5.202176e+00 2.009253e+00
    endloop
  endfacet
  facet normal 7.126717e-07 9.975114e-01 -7.050491e-02
    outer loop
      vertex 5.600010e+01 -5.343551e+00 9.055144e-03
      vertex 5.920007e+01 -5.202173e+00 2.009318e+00
      vertex 5.920011e+01 -5.343549e+00 9.119756e-03
    endloop
  endfacet
  facet normal -1.000000e+00 -7.126717e-07 -2.019107e-05
    outer loop
      vertex 5.600006e+01 -5.202176e+00 2.009253e+00
      vertex 5.600010e+01 -5.343551e+00 9.055144e-03
      vertex 5.600006e+01 -5.345487e+00 2.009103e+00
    endloop
  endfacet
  facet normal -2.019035e-05 -9.950496e-04 9.999995e-01
    outer loop
      vertex 5.600006e+01 -5.345487e+00 2.009103e+00
      vertex 5.920007e+01 -5.202173e+00 2.009318e+00
      vertex 5.600006e+01 -5.202176e+00 2.009253e+00
    endloop
  endfacet
  facet normal -2.019035e-05 -9.950496e-04 9.999995e-01
    outer loop
      vertex 5.920007e+01 -5.202173e+00 2.009318e+00
      vertex 5.600006e+01 -5.345487e+00 2.009103e+00
      vertex 5.920007e+01 -5.345485e+00 2.009168e+00
    endloop
  endfacet
endsolid Default
