solid Default
  facet normal -8.360838e-01 -5.486017e-01 1.023907e-16
    outer loop
      vertex -8.086712e+00 -4.999241e+00 9.671316e-01
      vertex -8.086712e+00 -4.999241e+00 1.684263e+00
      vertex -8.167839e+00 -4.875599e+00 1.684263e+00
    endloop
  endfacet
  facet normal -8.360838e-01 -5.486017e-01 1.023907e-16
    outer loop
      vertex -8.086712e+00 -4.999241e+00 9.671316e-01
      vertex -8.167839e+00 -4.875599e+00 1.684263e+00
      vertex -8.167839e+00 -4.875599e+00 9.671316e-01
    endloop
  endfacet
  facet normal -8.449452e-01 -5.348530e-01 1.034759e-16
    outer loop
      vertex -8.167839e+00 -4.875599e+00 9.671316e-01
      vertex -8.167839e+00 -4.875599e+00 1.684263e+00
      vertex -8.246620e+00 -4.751141e+00 1.684263e+00
    endloop
  endfacet
  facet normal -8.449452e-01 -5.348530e-01 1.034759e-16
    outer loop
      vertex -8.167839e+00 -4.875599e+00 9.671316e-01
      vertex -8.246620e+00 -4.751141e+00 1.684263e+00
      vertex -8.246620e+00 -4.751141e+00 9.671316e-01
    endloop
  endfacet
  facet normal -8.535865e-01 -5.209513e-01 1.045342e-16
    outer loop
      vertex -8.246620e+00 -4.751141e+00 9.671316e-01
      vertex -8.246620e+00 -4.751141e+00 1.684263e+00
      vertex -8.323051e+00 -4.625919e+00 1.684263e+00
    endloop
  endfacet
  facet normal -8.535865e-01 -5.209513e-01 1.163801e-16
    outer loop
      vertex -8.246620e+00 -4.751141e+00 9.671316e-01
      vertex -8.323051e+00 -4.625919e+00 1.684263e+00
      vertex -8.323051e+00 -4.625919e+00 9.671316e-01
    endloop
  endfacet
  facet normal -7.989645e-01 -6.013782e-01 9.784493e-17
    outer loop
      vertex -7.749561e+00 -5.470379e+00 9.671316e-01
      vertex -7.749561e+00 -5.470379e+00 1.684263e+00
      vertex -7.837120e+00 -5.354050e+00 1.684263e+00
    endloop
  endfacet
  facet normal -7.989645e-01 -6.013782e-01 9.784493e-17
    outer loop
      vertex -7.749561e+00 -5.470379e+00 9.671316e-01
      vertex -7.837120e+00 -5.354050e+00 1.684263e+00
      vertex -7.837120e+00 -5.354050e+00 9.671316e-01
    endloop
  endfacet
  facet normal -8.085724e-01 -5.883967e-01 9.902155e-17
    outer loop
      vertex -7.837120e+00 -5.354050e+00 9.671316e-01
      vertex -7.837120e+00 -5.354050e+00 1.684263e+00
      vertex -7.922508e+00 -5.236710e+00 1.684263e+00
    endloop
  endfacet
  facet normal -8.085724e-01 -5.883967e-01 9.902155e-17
    outer loop
      vertex -7.837120e+00 -5.354050e+00 9.671316e-01
      vertex -7.922508e+00 -5.236710e+00 1.684263e+00
      vertex -7.922508e+00 -5.236710e+00 9.671316e-01
    endloop
  endfacet
  facet normal -8.179360e-01 -5.753092e-01 1.001683e-16
    outer loop
      vertex -7.922508e+00 -5.236710e+00 9.671316e-01
      vertex -7.922508e+00 -5.236710e+00 1.684263e+00
      vertex -8.005711e+00 -5.118420e+00 1.684263e+00
    endloop
  endfacet
  facet normal -8.179360e-01 -5.753092e-01 8.881713e-17
    outer loop
      vertex -7.922508e+00 -5.236710e+00 9.671316e-01
      vertex -8.005711e+00 -5.118420e+00 1.684263e+00
      vertex -8.005711e+00 -5.118420e+00 9.671316e-01
    endloop
  endfacet
  facet normal -8.270604e-01 -5.621130e-01 1.012857e-16
    outer loop
      vertex -8.005711e+00 -5.118420e+00 9.671316e-01
      vertex -8.005711e+00 -5.118420e+00 1.684263e+00
      vertex -8.086712e+00 -4.999241e+00 1.684263e+00
    endloop
  endfacet
  facet normal -8.270604e-01 -5.621130e-01 1.012857e-16
    outer loop
      vertex -8.005711e+00 -5.118420e+00 9.671316e-01
      vertex -8.086712e+00 -4.999241e+00 1.684263e+00
      vertex -8.086712e+00 -4.999241e+00 9.671316e-01
    endloop
  endfacet
  facet normal -7.581466e-01 -6.520842e-01 9.284618e-17
    outer loop
      vertex -7.377838e+00 -5.924530e+00 9.671316e-01
      vertex -7.377838e+00 -5.924530e+00 1.684263e+00
      vertex -7.473949e+00 -5.812790e+00 1.684263e+00
    endloop
  endfacet
  facet normal -7.581466e-01 -6.520842e-01 9.284618e-17
    outer loop
      vertex -7.377838e+00 -5.924530e+00 9.671316e-01
      vertex -7.473949e+00 -5.812790e+00 1.684263e+00
      vertex -7.473949e+00 -5.812790e+00 9.671316e-01
    endloop
  endfacet
  facet normal -7.686935e-01 -6.396174e-01 9.413781e-17
    outer loop
      vertex -7.473949e+00 -5.812790e+00 9.671316e-01
      vertex -7.473949e+00 -5.812790e+00 1.684263e+00
      vertex -7.567959e+00 -5.699810e+00 1.684263e+00
    endloop
  endfacet
  facet normal -7.686935e-01 -6.396174e-01 9.413781e-17
    outer loop
      vertex -7.473949e+00 -5.812790e+00 9.671316e-01
      vertex -7.567959e+00 -5.699810e+00 1.684263e+00
      vertex -7.567959e+00 -5.699810e+00 9.671316e-01
    endloop
  endfacet
  facet normal -7.790241e-01 -6.269940e-01 9.540294e-17
    outer loop
      vertex -7.567959e+00 -5.699810e+00 9.671316e-01
      vertex -7.567959e+00 -5.699810e+00 1.684263e+00
      vertex -7.659828e+00 -5.585659e+00 1.684263e+00
    endloop
  endfacet
  facet normal -7.790241e-01 -6.269940e-01 9.540294e-17
    outer loop
      vertex -7.567959e+00 -5.699810e+00 9.671316e-01
      vertex -7.659828e+00 -5.585659e+00 1.684263e+00
      vertex -7.659828e+00 -5.585659e+00 9.671316e-01
    endloop
  endfacet
  facet normal -7.891230e-01 -6.142353e-01 9.663970e-17
    outer loop
      vertex -7.659828e+00 -5.585659e+00 9.671316e-01
      vertex -7.659828e+00 -5.585659e+00 1.684263e+00
      vertex -7.749561e+00 -5.470379e+00 1.684263e+00
    endloop
  endfacet
  facet normal -7.891230e-01 -6.142353e-01 9.663970e-17
    outer loop
      vertex -7.659828e+00 -5.585659e+00 9.671316e-01
      vertex -7.749561e+00 -5.470379e+00 1.684263e+00
      vertex -7.749561e+00 -5.470379e+00 9.671316e-01
    endloop
  endfacet
  facet normal -7.135721e-01 -7.005818e-01 8.738738e-17
    outer loop
      vertex -7.077080e+00 -6.251789e+00 9.671316e-01
      vertex -6.972778e+00 -6.358021e+00 9.671316e-01
      vertex -6.972778e+00 -6.358021e+00 1.684263e+00
    endloop
  endfacet
  facet normal -7.250680e-01 -6.886773e-01 8.879522e-17
    outer loop
      vertex -7.179379e+00 -6.144081e+00 1.684263e+00
      vertex -7.179379e+00 -6.144081e+00 9.671316e-01
      vertex -7.077080e+00 -6.251789e+00 9.671316e-01
    endloop
  endfacet
  facet normal -7.363147e-01 -6.766393e-01 9.017254e-17
    outer loop
      vertex -7.179379e+00 -6.144081e+00 9.671316e-01
      vertex -7.179379e+00 -6.144081e+00 1.684263e+00
      vertex -7.279640e+00 -6.034981e+00 1.684263e+00
    endloop
  endfacet
  facet normal -7.363147e-01 -6.766393e-01 9.017254e-17
    outer loop
      vertex -7.179379e+00 -6.144081e+00 9.671316e-01
      vertex -7.279640e+00 -6.034981e+00 1.684263e+00
      vertex -7.279640e+00 -6.034981e+00 9.671316e-01
    endloop
  endfacet
  facet normal -7.473438e-01 -6.644375e-01 9.152322e-17
    outer loop
      vertex -7.279640e+00 -6.034981e+00 9.671316e-01
      vertex -7.279640e+00 -6.034981e+00 1.684263e+00
      vertex -7.377838e+00 -5.924530e+00 1.684263e+00
    endloop
  endfacet
  facet normal -7.473438e-01 -6.644375e-01 9.152322e-17
    outer loop
      vertex -7.279640e+00 -6.034981e+00 9.671316e-01
      vertex -7.377838e+00 -5.924530e+00 1.684263e+00
      vertex -7.377838e+00 -5.924530e+00 9.671316e-01
    endloop
  endfacet
  facet normal -6.899817e-01 -7.238268e-01 8.449839e-17
    outer loop
      vertex -6.758530e+00 -6.565681e+00 9.671316e-01
      vertex -6.758530e+00 -6.565681e+00 1.684263e+00
      vertex -6.866619e+00 -6.462639e+00 1.684263e+00
    endloop
  endfacet
  facet normal -6.899817e-01 -7.238268e-01 8.449839e-17
    outer loop
      vertex -6.758530e+00 -6.565681e+00 9.671316e-01
      vertex -6.866619e+00 -6.462639e+00 1.684263e+00
      vertex -6.866619e+00 -6.462639e+00 9.671316e-01
    endloop
  endfacet
  facet normal -7.019047e-01 -7.122709e-01 8.595853e-17
    outer loop
      vertex -6.866619e+00 -6.462639e+00 9.671316e-01
      vertex -6.866619e+00 -6.462639e+00 1.684263e+00
      vertex -6.972778e+00 -6.358021e+00 1.684263e+00
    endloop
  endfacet
  facet normal -7.019047e-01 -7.122709e-01 8.595853e-17
    outer loop
      vertex -6.866619e+00 -6.462639e+00 9.671316e-01
      vertex -6.972778e+00 -6.358021e+00 1.684263e+00
      vertex -6.972778e+00 -6.358021e+00 9.671316e-01
    endloop
  endfacet
  facet normal -8.492651e-01 -5.279561e-01 3.335126e-03
    outer loop
      vertex -8.246620e+00 -4.751141e+00 1.684263e+00
      vertex -8.109169e+00 -4.965382e+00 2.771440e+00
      vertex -8.397110e+00 -4.500000e+00 3.118526e+00
    endloop
  endfacet
  facet normal -8.535852e-01 -5.209506e-01 1.655202e-03
    outer loop
      vertex -8.397110e+00 -4.500000e+00 3.118526e+00
      vertex -8.323051e+00 -4.625919e+00 1.684263e+00
      vertex -8.246620e+00 -4.751141e+00 1.684263e+00
    endloop
  endfacet
  facet normal -8.449443e-01 -5.348526e-01 1.429799e-03
    outer loop
      vertex -8.109169e+00 -4.965382e+00 2.771440e+00
      vertex -8.246620e+00 -4.751141e+00 1.684263e+00
      vertex -8.167839e+00 -4.875599e+00 1.684263e+00
    endloop
  endfacet
  facet normal -8.619396e-01 -5.070110e-01 1.055572e-16
    outer loop
      vertex -8.323051e+00 -4.625919e+00 9.671316e-01
      vertex -8.323051e+00 -4.625919e+00 1.684263e+00
      vertex -8.397110e+00 -4.500000e+00 2.500000e-01
    endloop
  endfacet
  facet normal -8.360838e-01 -5.486017e-01 -1.837726e-04
    outer loop
      vertex -8.086712e+00 -4.999241e+00 1.684263e+00
      vertex -8.109169e+00 -4.965382e+00 2.771440e+00
      vertex -8.167839e+00 -4.875599e+00 1.684263e+00
    endloop
  endfacet
  facet normal -8.179320e-01 -5.753063e-01 3.149434e-03
    outer loop
      vertex -8.109169e+00 -4.965382e+00 2.771440e+00
      vertex -8.005711e+00 -5.118420e+00 1.684263e+00
      vertex -7.922508e+00 -5.236710e+00 1.684263e+00
    endloop
  endfacet
  facet normal -8.270604e-01 -5.621130e-01 4.235415e-04
    outer loop
      vertex -8.086712e+00 -4.999241e+00 1.684263e+00
      vertex -8.005711e+00 -5.118420e+00 1.684263e+00
      vertex -8.109169e+00 -4.965382e+00 2.771440e+00
    endloop
  endfacet
  facet normal -8.148185e-01 -5.796965e-01 4.779662e-03
    outer loop
      vertex -8.109169e+00 -4.965382e+00 2.771440e+00
      vertex -7.922508e+00 -5.236710e+00 1.684263e+00
      vertex -7.785259e+00 -5.423309e+00 2.450111e+00
    endloop
  endfacet
  facet normal -8.085714e-01 -5.883961e-01 1.540335e-03
    outer loop
      vertex -7.785259e+00 -5.423309e+00 2.450111e+00
      vertex -7.922508e+00 -5.236710e+00 1.684263e+00
      vertex -7.837120e+00 -5.354050e+00 1.684263e+00
    endloop
  endfacet
  facet normal -7.989645e-01 -6.013781e-01 -2.844330e-04
    outer loop
      vertex -7.749561e+00 -5.470379e+00 1.684263e+00
      vertex -7.785259e+00 -5.423309e+00 2.450111e+00
      vertex -7.837120e+00 -5.354050e+00 1.684263e+00
    endloop
  endfacet
  facet normal -8.535865e-01 -5.209513e-01 1.115892e-04
    outer loop
      vertex -8.252102e+00 -4.742321e+00 2.500000e-01
      vertex -8.246620e+00 -4.751141e+00 9.671316e-01
      vertex -8.323051e+00 -4.625919e+00 9.671316e-01
    endloop
  endfacet
  facet normal -8.360838e-01 -5.486017e-01 2.043958e-04
    outer loop
      vertex -8.098301e+00 -4.981838e+00 2.500000e-01
      vertex -8.086712e+00 -4.999241e+00 9.671316e-01
      vertex -8.167839e+00 -4.875599e+00 9.671316e-01
    endloop
  endfacet
  facet normal -8.270604e-01 -5.621130e-01 -2.694702e-04
    outer loop
      vertex -8.098301e+00 -4.981838e+00 2.500000e-01
      vertex -8.005711e+00 -5.118420e+00 9.671316e-01
      vertex -8.086712e+00 -4.999241e+00 9.671316e-01
    endloop
  endfacet
  facet normal -8.449452e-01 -5.348530e-01 -1.252674e-04
    outer loop
      vertex -8.167839e+00 -4.875599e+00 9.671316e-01
      vertex -8.246620e+00 -4.751141e+00 9.671316e-01
      vertex -8.252102e+00 -4.742321e+00 2.500000e-01
    endloop
  endfacet
  facet normal -7.891226e-01 -6.142350e-01 9.645578e-04
    outer loop
      vertex -7.785259e+00 -5.423309e+00 2.450111e+00
      vertex -7.749561e+00 -5.470379e+00 1.684263e+00
      vertex -7.659828e+00 -5.585659e+00 1.684263e+00
    endloop
  endfacet
  facet normal -7.989645e-01 -6.013781e-01 2.340132e-04
    outer loop
      vertex -7.764610e+00 -5.450668e+00 2.500000e-01
      vertex -7.749561e+00 -5.470379e+00 9.671316e-01
      vertex -7.837120e+00 -5.354050e+00 9.671316e-01
    endloop
  endfacet
  facet normal -7.891229e-01 -6.142352e-01 -3.259598e-04
    outer loop
      vertex -7.764610e+00 -5.450668e+00 2.500000e-01
      vertex -7.659828e+00 -5.585659e+00 9.671316e-01
      vertex -7.749561e+00 -5.470379e+00 9.671316e-01
    endloop
  endfacet
  facet normal -8.085724e-01 -5.883967e-01 -2.978815e-04
    outer loop
      vertex -7.837120e+00 -5.354050e+00 9.671316e-01
      vertex -7.922508e+00 -5.236710e+00 9.671316e-01
      vertex -7.935780e+00 -5.218109e+00 2.500000e-01
    endloop
  endfacet
  facet normal -8.179361e-01 -5.753090e-01 2.148618e-04
    outer loop
      vertex -7.922508e+00 -5.236710e+00 9.671316e-01
      vertex -8.005711e+00 -5.118420e+00 9.671316e-01
      vertex -7.935780e+00 -5.218109e+00 2.500000e-01
    endloop
  endfacet
  facet normal -8.619396e-01 -5.070110e-01 1.055572e-16
    outer loop
      vertex -8.397110e+00 -4.500000e+00 2.500000e-01
      vertex -8.323051e+00 -4.625919e+00 1.684263e+00
      vertex -8.397110e+00 -4.500000e+00 3.118526e+00
    endloop
  endfacet
  facet normal -7.790131e-01 -6.269851e-01 5.322988e-03
    outer loop
      vertex -7.567959e+00 -5.699810e+00 1.684263e+00
      vertex -7.785259e+00 -5.423309e+00 2.450111e+00
      vertex -7.659828e+00 -5.585659e+00 1.684263e+00
    endloop
  endfacet
  facet normal -7.686917e-01 -6.396161e-01 2.066744e-03
    outer loop
      vertex -7.473949e+00 -5.812790e+00 1.684263e+00
      vertex -7.424759e+00 -5.870392e+00 2.153464e+00
      vertex -7.567959e+00 -5.699810e+00 1.684263e+00
    endloop
  endfacet
  facet normal -7.759809e-01 -6.307116e-01 7.528713e-03
    outer loop
      vertex -7.785259e+00 -5.423309e+00 2.450111e+00
      vertex -7.567959e+00 -5.699810e+00 1.684263e+00
      vertex -7.424759e+00 -5.870392e+00 2.153464e+00
    endloop
  endfacet
  facet normal -7.581464e-01 -6.520841e-01 -5.696464e-04
    outer loop
      vertex -7.424759e+00 -5.870392e+00 2.153464e+00
      vertex -7.473949e+00 -5.812790e+00 1.684263e+00
      vertex -7.377838e+00 -5.924530e+00 1.684263e+00
    endloop
  endfacet
  facet normal -7.473424e-01 -6.644363e-01 1.935926e-03
    outer loop
      vertex -7.424759e+00 -5.870392e+00 2.153464e+00
      vertex -7.377838e+00 -5.924530e+00 1.684263e+00
      vertex -7.279640e+00 -6.034981e+00 1.684263e+00
    endloop
  endfacet
  facet normal -7.362806e-01 -6.766079e-01 9.626761e-03
    outer loop
      vertex -7.179379e+00 -6.144081e+00 1.684263e+00
      vertex -7.424759e+00 -5.870392e+00 2.153464e+00
      vertex -7.279640e+00 -6.034981e+00 1.684263e+00
    endloop
  endfacet
  facet normal -7.117471e-01 -7.024357e-01 -5.401006e-04
    outer loop
      vertex -7.077080e+00 -6.251789e+00 9.671316e-01
      vertex -6.972778e+00 -6.358021e+00 1.684263e+00
      vertex -7.027031e+00 -6.303200e+00 1.880419e+00
    endloop
  endfacet
  facet normal -7.314697e-01 -6.817064e-01 1.511674e-02
    outer loop
      vertex -7.424759e+00 -5.870392e+00 2.153464e+00
      vertex -7.179379e+00 -6.144081e+00 1.684263e+00
      vertex -7.027031e+00 -6.303200e+00 1.880419e+00
    endloop
  endfacet
  facet normal -7.018962e-01 -7.122622e-01 4.931123e-03
    outer loop
      vertex -7.027031e+00 -6.303200e+00 1.880419e+00
      vertex -6.972778e+00 -6.358021e+00 1.684263e+00
      vertex -6.866619e+00 -6.462639e+00 1.684263e+00
    endloop
  endfacet
  facet normal -6.897818e-01 -7.236172e-01 2.406731e-02
    outer loop
      vertex -7.027031e+00 -6.303200e+00 1.880419e+00
      vertex -6.866619e+00 -6.462639e+00 1.684263e+00
      vertex -6.758530e+00 -6.565681e+00 1.684263e+00
    endloop
  endfacet
  facet normal -7.227389e-01 -6.911209e-01 6.992376e-04
    outer loop
      vertex -7.077080e+00 -6.251789e+00 9.671316e-01
      vertex -7.027031e+00 -6.303200e+00 1.880419e+00
      vertex -7.179379e+00 -6.144081e+00 1.684263e+00
    endloop
  endfacet
  facet normal -6.495699e-01 -7.513636e-01 1.162395e-01
    outer loop
      vertex -6.593861e+00 -6.716240e+00 1.631226e+00
      vertex -7.027031e+00 -6.303200e+00 1.880419e+00
      vertex -6.758530e+00 -6.565681e+00 1.684263e+00
    endloop
  endfacet
  facet normal -7.686933e-01 -6.396174e-01 -3.572805e-04
    outer loop
      vertex -7.584869e+00 -5.679081e+00 2.500000e-01
      vertex -7.473949e+00 -5.812790e+00 9.671316e-01
      vertex -7.567959e+00 -5.699810e+00 9.671316e-01
    endloop
  endfacet
  facet normal -7.473438e-01 -6.644375e-01 -3.904818e-04
    outer loop
      vertex -7.396721e+00 -5.902870e+00 2.500000e-01
      vertex -7.279640e+00 -6.034981e+00 9.671316e-01
      vertex -7.377838e+00 -5.924530e+00 9.671316e-01
    endloop
  endfacet
  facet normal -7.363147e-01 -6.766391e-01 2.798223e-04
    outer loop
      vertex -7.200298e+00 -6.121609e+00 2.500000e-01
      vertex -7.179379e+00 -6.144081e+00 9.671316e-01
      vertex -7.279640e+00 -6.034981e+00 9.671316e-01
    endloop
  endfacet
  facet normal -7.581465e-01 -6.520842e-01 2.669548e-04
    outer loop
      vertex -7.377838e+00 -5.924530e+00 9.671316e-01
      vertex -7.473949e+00 -5.812790e+00 9.671316e-01
      vertex -7.396721e+00 -5.902870e+00 2.500000e-01
    endloop
  endfacet
  facet normal -6.389931e-01 -7.692020e-01 4.030075e-03
    outer loop
      vertex -6.593861e+00 -6.716240e+00 1.631226e+00
      vertex -6.336418e+00 -6.937340e+00 2.500000e-01
      vertex -6.128220e+00 -7.104240e+00 1.406084e+00
    endloop
  endfacet
  facet normal -5.853270e-01 -8.107820e-01 4.988001e-03
    outer loop
      vertex -6.128220e+00 -7.104240e+00 1.406084e+00
      vertex -5.861431e+00 -7.303959e+00 2.500000e-01
      vertex -5.630939e+00 -7.464481e+00 1.203629e+00
    endloop
  endfacet
  facet normal -5.281134e-01 -8.491508e-01 6.257699e-03
    outer loop
      vertex -5.361351e+00 -7.639179e+00 2.500000e-01
      vertex -5.102890e+00 -7.794231e+00 1.022494e+00
      vertex -5.630939e+00 -7.464481e+00 1.203629e+00
    endloop
  endfacet
  facet normal -6.747958e-01 -7.380045e-01 8.263865e-17
    outer loop
      vertex -6.758530e+00 -6.565681e+00 1.684263e+00
      vertex -6.758530e+00 -6.565681e+00 9.671316e-01
      vertex -6.593861e+00 -6.716240e+00 1.631226e+00
    endloop
  endfacet
  facet normal -7.135721e-01 -7.005817e-01 2.944569e-04
    outer loop
      vertex -6.995819e+00 -6.334850e+00 2.500000e-01
      vertex -6.972778e+00 -6.358021e+00 9.671316e-01
      vertex -7.077080e+00 -6.251789e+00 9.671316e-01
    endloop
  endfacet
  facet normal -7.250680e-01 -6.886771e-01 -4.255476e-04
    outer loop
      vertex -7.077080e+00 -6.251789e+00 9.671316e-01
      vertex -7.179379e+00 -6.144081e+00 9.671316e-01
      vertex -7.200298e+00 -6.121609e+00 2.500000e-01
    endloop
  endfacet
  facet normal -7.790241e-01 -6.269940e-01 2.513913e-04
    outer loop
      vertex -7.567959e+00 -5.699810e+00 9.671316e-01
      vertex -7.659828e+00 -5.585659e+00 9.671316e-01
      vertex -7.584869e+00 -5.679081e+00 2.500000e-01
    endloop
  endfacet
  facet normal -8.414682e-01 -5.403044e-01 -1.546904e-03
    outer loop
      vertex -8.252102e+00 -4.742321e+00 2.500000e-01
      vertex -8.098301e+00 -4.981838e+00 2.500000e-01
      vertex -8.167839e+00 -4.875599e+00 9.671316e-01
    endloop
  endfacet
  facet normal -8.053612e-01 -5.927823e-01 -1.570992e-03
    outer loop
      vertex -7.935780e+00 -5.218109e+00 2.500000e-01
      vertex -7.764610e+00 -5.450668e+00 2.500000e-01
      vertex -7.837120e+00 -5.354050e+00 9.671316e-01
    endloop
  endfacet
  facet normal -7.858672e-01 -6.183932e-01 -1.584313e-03
    outer loop
      vertex -7.764610e+00 -5.450668e+00 2.500000e-01
      vertex -7.584869e+00 -5.679081e+00 2.500000e-01
      vertex -7.659828e+00 -5.585659e+00 9.671316e-01
    endloop
  endfacet
  facet normal -8.238981e-01 -5.667359e-01 -1.558225e-03
    outer loop
      vertex -8.098301e+00 -4.981838e+00 2.500000e-01
      vertex -7.935780e+00 -5.218109e+00 2.500000e-01
      vertex -8.005711e+00 -5.118420e+00 9.671316e-01
    endloop
  endfacet
  facet normal -6.899816e-01 -7.238268e-01 3.033182e-04
    outer loop
      vertex -6.866619e+00 -6.462639e+00 9.671316e-01
      vertex -6.783508e+00 -6.542160e+00 2.500000e-01
      vertex -6.758530e+00 -6.565681e+00 9.671316e-01
    endloop
  endfacet
  facet normal -5.428437e-01 -8.398337e-01 3.865315e-04
    outer loop
      vertex -5.630939e+00 -7.464481e+00 1.203629e+00
      vertex -5.614330e+00 -7.475658e+00 2.500000e-01
      vertex -5.361351e+00 -7.639179e+00 2.500000e-01
    endloop
  endfacet
  facet normal -7.440534e-01 -6.681182e-01 -1.605700e-03
    outer loop
      vertex -7.200298e+00 -6.121609e+00 2.500000e-01
      vertex -7.279640e+00 -6.034981e+00 9.671316e-01
      vertex -7.396721e+00 -5.902870e+00 2.500000e-01
    endloop
  endfacet
  facet normal -7.217798e-01 -6.921209e-01 -1.615639e-03
    outer loop
      vertex -7.200298e+00 -6.121609e+00 2.500000e-01
      vertex -6.995819e+00 -6.334850e+00 2.500000e-01
      vertex -7.077080e+00 -6.251789e+00 9.671316e-01
    endloop
  endfacet
  facet normal -7.654229e-01 -6.435257e-01 -1.591827e-03
    outer loop
      vertex -7.473949e+00 -5.812790e+00 9.671316e-01
      vertex -7.584869e+00 -5.679081e+00 2.500000e-01
      vertex -7.396721e+00 -5.902870e+00 2.500000e-01
    endloop
  endfacet
  facet normal -6.739643e-01 -7.387639e-01 -3.783421e-04
    outer loop
      vertex -6.563610e+00 -6.743130e+00 2.500000e-01
      vertex -6.593861e+00 -6.716240e+00 1.631226e+00
      vertex -6.758530e+00 -6.565681e+00 9.671316e-01
    endloop
  endfacet
  facet normal -8.580801e-01 -5.135135e-01 -1.540327e-03
    outer loop
      vertex -8.397110e+00 -4.500000e+00 2.500000e-01
      vertex -8.252102e+00 -4.742321e+00 2.500000e-01
      vertex -8.323051e+00 -4.625919e+00 9.671316e-01
    endloop
  endfacet
  facet normal -7.019047e-01 -7.122707e-01 -4.581422e-04
    outer loop
      vertex -6.972778e+00 -6.358021e+00 9.671316e-01
      vertex -6.995819e+00 -6.334850e+00 2.500000e-01
      vertex -6.866619e+00 -6.462639e+00 9.671316e-01
    endloop
  endfacet
  facet normal -6.746150e-01 -7.381694e-01 -7.022814e-04
    outer loop
      vertex -6.758530e+00 -6.565681e+00 9.671316e-01
      vertex -6.783508e+00 -6.542160e+00 2.500000e-01
      vertex -6.563610e+00 -6.743130e+00 2.500000e-01
    endloop
  endfacet
  facet normal -6.497763e-01 -7.601252e-01 5.672657e-04
    outer loop
      vertex -6.563610e+00 -6.743130e+00 2.500000e-01
      vertex -6.336418e+00 -6.937340e+00 2.500000e-01
      vertex -6.593861e+00 -6.716240e+00 1.631226e+00
    endloop
  endfacet
  facet normal -6.986225e-01 -7.154886e-01 -1.622832e-03
    outer loop
      vertex -6.866619e+00 -6.462639e+00 9.671316e-01
      vertex -6.995819e+00 -6.334850e+00 2.500000e-01
      vertex -6.783508e+00 -6.542160e+00 2.500000e-01
    endloop
  endfacet
  facet normal -5.977402e-01 -8.016898e-01 5.527469e-04
    outer loop
      vertex -6.102249e+00 -7.124401e+00 2.500000e-01
      vertex -5.861431e+00 -7.303959e+00 2.500000e-01
      vertex -6.128220e+00 -7.104240e+00 1.406084e+00
    endloop
  endfacet
  facet normal -5.706384e-01 -8.212015e-01 -3.160540e-04
    outer loop
      vertex -5.861431e+00 -7.303959e+00 2.500000e-01
      vertex -5.614330e+00 -7.475658e+00 2.500000e-01
      vertex -5.630939e+00 -7.464481e+00 1.203629e+00
    endloop
  endfacet
  facet normal -4.854291e-01 -8.742760e-01 5.944792e-17
    outer loop
      vertex -5.102890e+00 -7.794231e+00 2.500000e-01
      vertex -4.839378e+00 -7.940540e+00 2.500000e-01
      vertex -5.102890e+00 -7.794231e+00 1.022494e+00
    endloop
  endfacet
  facet normal -4.703105e-01 -8.824755e-01 6.710094e-03
    outer loop
      vertex -5.102890e+00 -7.794231e+00 1.022494e+00
      vertex -4.839378e+00 -7.940540e+00 2.500000e-01
      vertex -4.591919e+00 -8.067680e+00 8.738899e-01
    endloop
  endfacet
  facet normal -5.144362e-01 -8.575287e-01 6.300027e-17
    outer loop
      vertex -5.361351e+00 -7.639179e+00 2.500000e-01
      vertex -5.102890e+00 -7.794231e+00 2.500000e-01
      vertex -5.102890e+00 -7.794231e+00 1.022494e+00
    endloop
  endfacet
  facet normal -6.241329e-01 -7.813181e-01 -3.954040e-04
    outer loop
      vertex -6.336418e+00 -6.937340e+00 2.500000e-01
      vertex -6.102249e+00 -7.124401e+00 2.500000e-01
      vertex -6.128220e+00 -7.104240e+00 1.406084e+00
    endloop
  endfacet
  facet normal -4.558797e-01 -8.900413e-01 -5.553851e-04
    outer loop
      vertex -4.571270e+00 -8.077869e+00 2.500000e-01
      vertex -4.591919e+00 -8.067680e+00 8.738899e-01
      vertex -4.839378e+00 -7.940540e+00 2.500000e-01
    endloop
  endfacet
  facet normal -4.122235e-01 -9.110434e-01 8.475988e-03
    outer loop
      vertex -4.061729e+00 -8.308800e+00 7.424583e-01
      vertex -4.591919e+00 -8.067680e+00 8.738899e-01
      vertex -4.299030e+00 -8.206009e+00 2.500000e-01
    endloop
  endfacet
  facet normal -4.258751e-01 -9.047817e-01 6.785993e-04
    outer loop
      vertex -4.571270e+00 -8.077869e+00 2.500000e-01
      vertex -4.299030e+00 -8.206009e+00 2.500000e-01
      vertex -4.591919e+00 -8.067680e+00 8.738899e-01
    endloop
  endfacet
  facet normal -3.954022e-01 -9.185074e-01 -1.187646e-03
    outer loop
      vertex -4.061729e+00 -8.308800e+00 7.424583e-01
      vertex -4.299030e+00 -8.206009e+00 2.500000e-01
      vertex -4.023121e+00 -8.324780e+00 2.500000e-01
    endloop
  endfacet
  facet normal -3.645798e-01 -9.311707e-01 1.639827e-03
    outer loop
      vertex -4.061729e+00 -8.308800e+00 7.424583e-01
      vertex -4.023121e+00 -8.324780e+00 2.500000e-01
      vertex -3.744030e+00 -8.434059e+00 2.500000e-01
    endloop
  endfacet
  facet normal -3.520391e-01 -9.359214e-01 1.093849e-02
    outer loop
      vertex -3.513859e+00 -8.516220e+00 6.269493e-01
      vertex -4.061729e+00 -8.308800e+00 7.424583e-01
      vertex -3.744030e+00 -8.434059e+00 2.500000e-01
    endloop
  endfacet
  facet normal -2.898519e-01 -9.569589e-01 1.468602e-02
    outer loop
      vertex -3.513859e+00 -8.516220e+00 6.269493e-01
      vertex -3.178249e+00 -8.623661e+00 2.500000e-01
      vertex -2.949890e+00 -8.688591e+00 5.261164e-01
    endloop
  endfacet
  facet normal -1.602668e-01 -9.865362e-01 3.257310e-02
    outer loop
      vertex -2.373852e+00 -8.824032e+00 4.390841e-01
      vertex -2.030121e+00 -8.886120e+00 2.500000e-01
      vertex -1.789349e+00 -8.921440e+00 3.648748e-01
    endloop
  endfacet
  facet normal -9.251463e-02 -9.938617e-01 6.066344e-02
    outer loop
      vertex -1.789349e+00 -8.921440e+00 3.648748e-01
      vertex -1.455448e+00 -8.959530e+00 2.500000e-01
      vertex -1.198372e+00 -8.980270e+00 3.022575e-01
    endloop
  endfacet
  facet normal -2.258399e-01 -9.739405e-01 2.088901e-02
    outer loop
      vertex -2.605652e+00 -8.774342e+00 2.500000e-01
      vertex -2.373852e+00 -8.824032e+00 4.390841e-01
      vertex -2.949890e+00 -8.688591e+00 5.261164e-01
    endloop
  endfacet
  facet normal -3.334049e-01 -9.427817e-01 -1.934928e-03
    outer loop
      vertex -3.462238e+00 -8.533710e+00 2.500000e-01
      vertex -3.513859e+00 -8.516220e+00 6.269493e-01
      vertex -3.744030e+00 -8.434059e+00 2.500000e-01
    endloop
  endfacet
  facet normal -3.019690e-01 -9.533135e-01 2.858763e-03
    outer loop
      vertex -3.513859e+00 -8.516220e+00 6.269493e-01
      vertex -3.462238e+00 -8.533710e+00 2.500000e-01
      vertex -3.178249e+00 -8.623661e+00 2.500000e-01
    endloop
  endfacet
  facet normal -2.385089e-01 -9.711312e-01 4.221505e-03
    outer loop
      vertex -2.949890e+00 -8.688591e+00 5.261164e-01
      vertex -2.892559e+00 -8.703869e+00 2.500000e-01
      vertex -2.605652e+00 -8.774342e+00 2.500000e-01
    endloop
  endfacet
  facet normal -2.065641e-01 -9.784252e-01 -3.919640e-03
    outer loop
      vertex -2.373852e+00 -8.824032e+00 4.390841e-01
      vertex -2.605652e+00 -8.774342e+00 2.500000e-01
      vertex -2.318008e+00 -8.835060e+00 2.500000e-01
    endloop
  endfacet
  facet normal -2.703078e-01 -9.627698e-01 -2.844207e-03
    outer loop
      vertex -2.949890e+00 -8.688591e+00 5.261164e-01
      vertex -3.178249e+00 -8.623661e+00 2.500000e-01
      vertex -2.892559e+00 -8.703869e+00 2.500000e-01
    endloop
  endfacet
  facet normal -1.426135e-01 -9.897636e-01 -5.418403e-03
    outer loop
      vertex -1.789349e+00 -8.921440e+00 3.648748e-01
      vertex -2.030121e+00 -8.886120e+00 2.500000e-01
      vertex -1.742439e+00 -8.927570e+00 2.500000e-01
    endloop
  endfacet
  facet normal -1.106848e-01 -9.938247e-01 7.836479e-03
    outer loop
      vertex -1.789349e+00 -8.921440e+00 3.648748e-01
      vertex -1.742439e+00 -8.927570e+00 2.500000e-01
      vertex -1.455448e+00 -8.959530e+00 2.500000e-01
    endloop
  endfacet
  facet normal -4.717192e-02 -9.988387e-01 9.805746e-03
    outer loop
      vertex -1.198372e+00 -8.980270e+00 3.022575e-01
      vertex -1.169571e+00 -8.982140e+00 2.500000e-01
      vertex -8.852501e-01 -8.995571e+00 2.500000e-01
    endloop
  endfacet
  facet normal -1.538204e-02 -9.806880e-01 1.949730e-01
    outer loop
      vertex -1.198372e+00 -8.980270e+00 3.022575e-01
      vertex -8.852501e-01 -8.995571e+00 2.500000e-01
      vertex -6.028900e-01 -9.000000e+00 2.500000e-01
    endloop
  endfacet
  facet normal -7.885458e-02 -9.968562e-01 -7.724429e-03
    outer loop
      vertex -1.198372e+00 -8.980270e+00 3.022575e-01
      vertex -1.455448e+00 -8.959530e+00 2.500000e-01
      vertex -1.169571e+00 -8.982140e+00 2.500000e-01
    endloop
  endfacet
  facet normal -1.746040e-01 -9.846212e-01 5.880843e-03
    outer loop
      vertex -2.373852e+00 -8.824032e+00 4.390841e-01
      vertex -2.318008e+00 -8.835060e+00 2.500000e-01
      vertex -2.030121e+00 -8.886120e+00 2.500000e-01
    endloop
  endfacet
  facet normal 3.753893e-01 -2.167307e-01 9.011718e-01
    outer loop
      vertex -5.747181e+00 -4.001091e+00 1.899993e+00
      vertex -6.069950e+00 -3.814751e+00 2.079257e+00
      vertex -6.810650e+00 -5.097679e+00 2.079257e+00
    endloop
  endfacet
  facet normal 3.753893e-01 -2.167307e-01 9.011718e-01
    outer loop
      vertex -5.747181e+00 -4.001091e+00 1.899993e+00
      vertex -6.810650e+00 -5.097679e+00 2.079257e+00
      vertex -6.487881e+00 -5.284019e+00 1.899993e+00
    endloop
  endfacet
  facet normal 4.016345e-01 -2.318833e-01 8.859570e-01
    outer loop
      vertex -7.121140e+00 -4.918419e+00 2.266933e+00
      vertex -6.810650e+00 -5.097679e+00 2.079257e+00
      vertex -6.069950e+00 -3.814751e+00 2.079257e+00
    endloop
  endfacet
  facet normal 3.279056e-01 -1.893160e-01 9.255471e-01
    outer loop
      vertex -5.118439e+00 -4.364101e+00 1.590858e+00
      vertex -5.438049e+00 -4.179569e+00 1.741835e+00
      vertex -6.178749e+00 -5.462509e+00 1.741835e+00
    endloop
  endfacet
  facet normal 3.279056e-01 -1.893160e-01 9.255471e-01
    outer loop
      vertex -5.118439e+00 -4.364101e+00 1.590858e+00
      vertex -6.178749e+00 -5.462509e+00 1.741835e+00
      vertex -5.859138e+00 -5.647030e+00 1.590858e+00
    endloop
  endfacet
  facet normal 3.508174e-01 -2.025441e-01 9.142773e-01
    outer loop
      vertex -5.438049e+00 -4.179569e+00 1.741835e+00
      vertex -5.747181e+00 -4.001091e+00 1.899993e+00
      vertex -6.487881e+00 -5.284019e+00 1.899993e+00
    endloop
  endfacet
  facet normal 3.508174e-01 -2.025441e-01 9.142773e-01
    outer loop
      vertex -5.438049e+00 -4.179569e+00 1.741835e+00
      vertex -6.487881e+00 -5.284019e+00 1.899993e+00
      vertex -6.178749e+00 -5.462509e+00 1.741835e+00
    endloop
  endfacet
  facet normal 3.508174e-01 -2.025441e-01 9.142773e-01
    outer loop
      vertex -5.747181e+00 -4.001091e+00 1.899993e+00
      vertex -5.438049e+00 -4.179569e+00 1.741835e+00
      vertex -4.697350e+00 -2.896641e+00 1.741835e+00
    endloop
  endfacet
  facet normal 3.279031e-01 -1.893146e-01 9.255483e-01
    outer loop
      vertex -4.377739e+00 -3.081169e+00 1.590858e+00
      vertex -4.697350e+00 -2.896641e+00 1.741835e+00
      vertex -5.438049e+00 -4.179569e+00 1.741835e+00
    endloop
  endfacet
  facet normal 3.279052e-01 -1.893167e-01 9.255471e-01
    outer loop
      vertex -4.377739e+00 -3.081169e+00 1.590858e+00
      vertex -5.438049e+00 -4.179569e+00 1.741835e+00
      vertex -5.118439e+00 -4.364101e+00 1.590858e+00
    endloop
  endfacet
  facet normal 2.856314e-01 -1.649090e-01 9.440444e-01
    outer loop
      vertex -4.479290e+00 -4.733109e+00 1.322622e+00
      vertex -4.803631e+00 -4.545849e+00 1.453468e+00
      vertex -5.544331e+00 -5.828781e+00 1.453468e+00
    endloop
  endfacet
  facet normal 2.856314e-01 -1.649090e-01 9.440444e-01
    outer loop
      vertex -4.479290e+00 -4.733109e+00 1.322622e+00
      vertex -5.544331e+00 -5.828781e+00 1.453468e+00
      vertex -5.219990e+00 -6.016041e+00 1.322622e+00
    endloop
  endfacet
  facet normal 3.061835e-01 -1.767748e-01 9.354156e-01
    outer loop
      vertex -4.803631e+00 -4.545849e+00 1.453468e+00
      vertex -5.118439e+00 -4.364101e+00 1.590858e+00
      vertex -5.859138e+00 -5.647030e+00 1.590858e+00
    endloop
  endfacet
  facet normal 3.061835e-01 -1.767748e-01 9.354156e-01
    outer loop
      vertex -4.803631e+00 -4.545849e+00 1.453468e+00
      vertex -5.859138e+00 -5.647030e+00 1.590858e+00
      vertex -5.544331e+00 -5.828781e+00 1.453468e+00
    endloop
  endfacet
  facet normal 3.061842e-01 -1.767761e-01 9.354151e-01
    outer loop
      vertex -4.062931e+00 -3.262920e+00 1.453468e+00
      vertex -4.377739e+00 -3.081169e+00 1.590858e+00
      vertex -5.118439e+00 -4.364101e+00 1.590858e+00
    endloop
  endfacet
  facet normal 3.061833e-01 -1.767752e-01 9.354156e-01
    outer loop
      vertex -4.062931e+00 -3.262920e+00 1.453468e+00
      vertex -5.118439e+00 -4.364101e+00 1.590858e+00
      vertex -4.803631e+00 -4.545849e+00 1.453468e+00
    endloop
  endfacet
  facet normal 2.856325e-01 -1.649101e-01 9.440438e-01
    outer loop
      vertex -3.738590e+00 -3.450180e+00 1.322622e+00
      vertex -4.062931e+00 -3.262920e+00 1.453468e+00
      vertex -4.803631e+00 -4.545849e+00 1.453468e+00
    endloop
  endfacet
  facet normal 2.856314e-01 -1.649090e-01 9.440444e-01
    outer loop
      vertex -3.738590e+00 -3.450180e+00 1.322622e+00
      vertex -4.803631e+00 -4.545849e+00 1.453468e+00
      vertex -4.479290e+00 -4.733109e+00 1.322622e+00
    endloop
  endfacet
  facet normal 2.475397e-01 -1.429176e-01 9.582790e-01
    outer loop
      vertex -3.826672e+00 -5.109901e+00 1.088702e+00
      vertex -4.157421e+00 -4.918949e+00 1.202619e+00
      vertex -4.898121e+00 -6.201881e+00 1.202619e+00
    endloop
  endfacet
  facet normal 2.475381e-01 -1.429159e-01 9.582797e-01
    outer loop
      vertex -3.826672e+00 -5.109901e+00 1.088702e+00
      vertex -4.898121e+00 -6.201881e+00 1.202619e+00
      vertex -4.567371e+00 -6.392830e+00 1.088702e+00
    endloop
  endfacet
  facet normal 2.660959e-01 -1.536302e-01 9.516253e-01
    outer loop
      vertex -4.157421e+00 -4.918949e+00 1.202619e+00
      vertex -4.479290e+00 -4.733109e+00 1.322622e+00
      vertex -5.219990e+00 -6.016041e+00 1.322622e+00
    endloop
  endfacet
  facet normal 2.660977e-01 -1.536320e-01 9.516245e-01
    outer loop
      vertex -4.157421e+00 -4.918949e+00 1.202619e+00
      vertex -5.219990e+00 -6.016041e+00 1.322622e+00
      vertex -4.898121e+00 -6.201881e+00 1.202619e+00
    endloop
  endfacet
  facet normal 2.660959e-01 -1.536302e-01 9.516253e-01
    outer loop
      vertex -3.416721e+00 -3.636009e+00 1.202619e+00
      vertex -3.738590e+00 -3.450180e+00 1.322622e+00
      vertex -4.479290e+00 -4.733109e+00 1.322622e+00
    endloop
  endfacet
  facet normal 2.660959e-01 -1.536302e-01 9.516253e-01
    outer loop
      vertex -3.416721e+00 -3.636009e+00 1.202619e+00
      vertex -4.479290e+00 -4.733109e+00 1.322622e+00
      vertex -4.157421e+00 -4.918949e+00 1.202619e+00
    endloop
  endfacet
  facet normal 2.475381e-01 -1.429159e-01 9.582797e-01
    outer loop
      vertex -3.085972e+00 -3.826969e+00 1.088702e+00
      vertex -3.416721e+00 -3.636009e+00 1.202619e+00
      vertex -4.157421e+00 -4.918949e+00 1.202619e+00
    endloop
  endfacet
  facet normal 2.475397e-01 -1.429176e-01 9.582790e-01
    outer loop
      vertex -3.085972e+00 -3.826969e+00 1.088702e+00
      vertex -4.157421e+00 -4.918949e+00 1.202619e+00
      vertex -3.826672e+00 -5.109901e+00 1.088702e+00
    endloop
  endfacet
  facet normal 2.131812e-01 -1.230800e-01 9.692291e-01
    outer loop
      vertex -3.163479e+00 -5.492802e+00 8.861237e-01
      vertex -3.499199e+00 -5.298969e+00 9.845810e-01
      vertex -4.239899e+00 -6.581902e+00 9.845810e-01
    endloop
  endfacet
  facet normal 2.131812e-01 -1.230800e-01 9.692291e-01
    outer loop
      vertex -3.163479e+00 -5.492802e+00 8.861237e-01
      vertex -4.239899e+00 -6.581902e+00 9.845810e-01
      vertex -3.904171e+00 -6.775730e+00 8.861237e-01
    endloop
  endfacet
  facet normal 2.299114e-01 -1.327391e-01 9.641168e-01
    outer loop
      vertex -3.499199e+00 -5.298969e+00 9.845810e-01
      vertex -3.826672e+00 -5.109901e+00 1.088702e+00
      vertex -4.567371e+00 -6.392830e+00 1.088702e+00
    endloop
  endfacet
  facet normal 2.299114e-01 -1.327391e-01 9.641168e-01
    outer loop
      vertex -3.499199e+00 -5.298969e+00 9.845810e-01
      vertex -4.567371e+00 -6.392830e+00 1.088702e+00
      vertex -4.239899e+00 -6.581902e+00 9.845810e-01
    endloop
  endfacet
  facet normal 2.299111e-01 -1.327396e-01 9.641168e-01
    outer loop
      vertex -2.758499e+00 -4.016029e+00 9.845810e-01
      vertex -3.085972e+00 -3.826969e+00 1.088702e+00
      vertex -3.826672e+00 -5.109901e+00 1.088702e+00
    endloop
  endfacet
  facet normal 2.299111e-01 -1.327396e-01 9.641168e-01
    outer loop
      vertex -2.758499e+00 -4.016029e+00 9.845810e-01
      vertex -3.826672e+00 -5.109901e+00 1.088702e+00
      vertex -3.499199e+00 -5.298969e+00 9.845810e-01
    endloop
  endfacet
  facet normal 2.131809e-01 -1.230804e-01 9.692292e-01
    outer loop
      vertex -2.422771e+00 -4.209869e+00 8.861237e-01
      vertex -2.758499e+00 -4.016029e+00 9.845810e-01
      vertex -3.499199e+00 -5.298969e+00 9.845810e-01
    endloop
  endfacet
  facet normal 2.131809e-01 -1.230804e-01 9.692292e-01
    outer loop
      vertex -2.422771e+00 -4.209869e+00 8.861237e-01
      vertex -3.499199e+00 -5.298969e+00 9.845810e-01
      vertex -3.163479e+00 -5.492802e+00 8.861237e-01
    endloop
  endfacet
  facet normal 1.822025e-01 -1.051945e-01 9.776177e-01
    outer loop
      vertex -2.492119e+00 -5.880409e+00 7.121048e-01
      vertex -2.831638e+00 -5.684380e+00 7.964764e-01
      vertex -3.572338e+00 -6.967319e+00 7.964764e-01
    endloop
  endfacet
  facet normal 1.822038e-01 -1.051957e-01 9.776173e-01
    outer loop
      vertex -2.492119e+00 -5.880409e+00 7.121048e-01
      vertex -3.572338e+00 -6.967319e+00 7.964764e-01
      vertex -3.232819e+00 -7.163342e+00 7.121048e-01
    endloop
  endfacet
  facet normal 1.972903e-01 -1.139054e-01 9.737054e-01
    outer loop
      vertex -2.831638e+00 -5.684380e+00 7.964764e-01
      vertex -3.163479e+00 -5.492802e+00 8.861237e-01
      vertex -3.904171e+00 -6.775730e+00 8.861237e-01
    endloop
  endfacet
  facet normal 1.972903e-01 -1.139054e-01 9.737054e-01
    outer loop
      vertex -2.831638e+00 -5.684380e+00 7.964764e-01
      vertex -3.904171e+00 -6.775730e+00 8.861237e-01
      vertex -3.572338e+00 -6.967319e+00 7.964764e-01
    endloop
  endfacet
  facet normal 1.972901e-01 -1.139058e-01 9.737054e-01
    outer loop
      vertex -2.090939e+00 -4.401451e+00 7.964764e-01
      vertex -2.422771e+00 -4.209869e+00 8.861237e-01
      vertex -3.163479e+00 -5.492802e+00 8.861237e-01
    endloop
  endfacet
  facet normal 1.972901e-01 -1.139058e-01 9.737054e-01
    outer loop
      vertex -2.090939e+00 -4.401451e+00 7.964764e-01
      vertex -3.163479e+00 -5.492802e+00 8.861237e-01
      vertex -2.831638e+00 -5.684380e+00 7.964764e-01
    endloop
  endfacet
  facet normal 1.822038e-01 -1.051957e-01 9.776173e-01
    outer loop
      vertex -1.751419e+00 -4.597469e+00 7.121048e-01
      vertex -2.090939e+00 -4.401451e+00 7.964764e-01
      vertex -2.831638e+00 -5.684380e+00 7.964764e-01
    endloop
  endfacet
  facet normal 1.822025e-01 -1.051945e-01 9.776177e-01
    outer loop
      vertex -1.751419e+00 -4.597469e+00 7.121048e-01
      vertex -2.831638e+00 -5.684380e+00 7.964764e-01
      vertex -2.492119e+00 -5.880409e+00 7.121048e-01
    endloop
  endfacet
  facet normal 1.549812e-01 -8.947823e-02 9.838569e-01
    outer loop
      vertex -1.840099e+00 -6.256851e+00 5.691996e-01
      vertex -2.169441e+00 -6.066700e+00 6.383705e-01
      vertex -2.910141e+00 -7.349640e+00 6.383705e-01
    endloop
  endfacet
  facet normal 1.549823e-01 -8.947933e-02 9.838567e-01
    outer loop
      vertex -1.840099e+00 -6.256851e+00 5.691996e-01
      vertex -2.910141e+00 -7.349640e+00 6.383705e-01
      vertex -2.580811e+00 -7.539780e+00 5.691996e-01
    endloop
  endfacet
  facet normal 1.681201e-01 -9.706451e-02 9.809761e-01
    outer loop
      vertex -2.169441e+00 -6.066700e+00 6.383705e-01
      vertex -2.492119e+00 -5.880409e+00 7.121048e-01
      vertex -3.232819e+00 -7.163342e+00 7.121048e-01
    endloop
  endfacet
  facet normal 1.681189e-01 -9.706331e-02 9.809764e-01
    outer loop
      vertex -2.169441e+00 -6.066700e+00 6.383705e-01
      vertex -3.232819e+00 -7.163342e+00 7.121048e-01
      vertex -2.910141e+00 -7.349640e+00 6.383705e-01
    endloop
  endfacet
  facet normal 1.681204e-01 -9.706414e-02 9.809761e-01
    outer loop
      vertex -1.428741e+00 -4.783772e+00 6.383705e-01
      vertex -1.751419e+00 -4.597469e+00 7.121048e-01
      vertex -2.492119e+00 -5.880409e+00 7.121048e-01
    endloop
  endfacet
  facet normal 1.681204e-01 -9.706414e-02 9.809761e-01
    outer loop
      vertex -1.428741e+00 -4.783772e+00 6.383705e-01
      vertex -2.492119e+00 -5.880409e+00 7.121048e-01
      vertex -2.169441e+00 -6.066700e+00 6.383705e-01
    endloop
  endfacet
  facet normal 1.549812e-01 -8.947823e-02 9.838569e-01
    outer loop
      vertex -1.099400e+00 -4.973919e+00 5.691996e-01
      vertex -1.428741e+00 -4.783772e+00 6.383705e-01
      vertex -2.169441e+00 -6.066700e+00 6.383705e-01
    endloop
  endfacet
  facet normal 1.549812e-01 -8.947823e-02 9.838569e-01
    outer loop
      vertex -1.099400e+00 -4.973919e+00 5.691996e-01
      vertex -2.169441e+00 -6.066700e+00 6.383705e-01
      vertex -1.840099e+00 -6.256851e+00 5.691996e-01
    endloop
  endfacet
  facet normal 1.299443e-01 -7.502360e-02 9.886789e-01
    outer loop
      vertex -1.161480e+00 -6.648651e+00 4.445467e-01
      vertex -1.504120e+00 -6.450829e+00 5.045919e-01
      vertex -2.244820e+00 -7.733761e+00 5.045919e-01
    endloop
  endfacet
  facet normal 1.299434e-01 -7.502269e-02 9.886791e-01
    outer loop
      vertex -1.161480e+00 -6.648651e+00 4.445467e-01
      vertex -2.244820e+00 -7.733761e+00 5.045919e-01
      vertex -1.902180e+00 -7.931580e+00 4.445467e-01
    endloop
  endfacet
  facet normal 1.422600e-01 -8.213408e-02 9.864158e-01
    outer loop
      vertex -1.504120e+00 -6.450829e+00 5.045919e-01
      vertex -1.840099e+00 -6.256851e+00 5.691996e-01
      vertex -2.580811e+00 -7.539780e+00 5.691996e-01
    endloop
  endfacet
  facet normal 1.422600e-01 -8.213408e-02 9.864158e-01
    outer loop
      vertex -1.504120e+00 -6.450829e+00 5.045919e-01
      vertex -2.580811e+00 -7.539780e+00 5.691996e-01
      vertex -2.244820e+00 -7.733761e+00 5.045919e-01
    endloop
  endfacet
  facet normal 1.180187e-01 -6.813798e-02 9.906709e-01
    outer loop
      vertex -1.161480e+00 -6.648651e+00 4.445467e-01
      vertex -1.902180e+00 -7.931580e+00 4.445467e-01
      vertex -1.552879e+00 -8.133251e+00 3.890648e-01
    endloop
  endfacet
  facet normal 4.641194e-01 -2.648244e-01 8.452581e-01
    outer loop
      vertex -8.109169e+00 -4.965382e+00 2.771440e+00
      vertex -7.785259e+00 -5.423309e+00 2.450111e+00
      vertex -7.249191e+00 -3.837250e+00 2.652686e+00
    endloop
  endfacet
  facet normal 4.228307e-01 -2.390424e-01 8.741127e-01
    outer loop
      vertex -7.121140e+00 -4.918419e+00 2.266933e+00
      vertex -7.785259e+00 -5.423309e+00 2.450111e+00
      vertex -7.424759e+00 -5.870392e+00 2.153464e+00
    endloop
  endfacet
  facet normal 3.812243e-01 -2.166661e-01 8.987346e-01
    outer loop
      vertex -7.424759e+00 -5.870392e+00 2.153464e+00
      vertex -7.027031e+00 -6.303200e+00 1.880419e+00
      vertex -6.810650e+00 -5.097679e+00 2.079257e+00
    endloop
  endfacet
  facet normal 4.335115e-01 -2.568437e-01 8.637703e-01
    outer loop
      vertex -7.785259e+00 -5.423309e+00 2.450111e+00
      vertex -7.121140e+00 -4.918419e+00 2.266933e+00
      vertex -7.249191e+00 -3.837250e+00 2.652686e+00
    endloop
  endfacet
  facet normal 5.010678e-01 -2.963782e-01 8.130750e-01
    outer loop
      vertex -8.109169e+00 -4.965382e+00 2.771440e+00
      vertex -7.249191e+00 -3.837250e+00 2.652686e+00
      vertex -8.397110e+00 -4.500000e+00 3.118526e+00
    endloop
  endfacet
  facet normal 4.007511e-01 -2.334121e-01 8.859556e-01
    outer loop
      vertex -6.810650e+00 -5.097679e+00 2.079257e+00
      vertex -7.121140e+00 -4.918419e+00 2.266933e+00
      vertex -7.424759e+00 -5.870392e+00 2.153464e+00
    endloop
  endfacet
  facet normal 3.757606e-01 -2.160873e-01 9.011716e-01
    outer loop
      vertex -6.810650e+00 -5.097679e+00 2.079257e+00
      vertex -7.027031e+00 -6.303200e+00 1.880419e+00
      vertex -6.487881e+00 -5.284019e+00 1.899993e+00
    endloop
  endfacet
  facet normal 3.505520e-01 -2.030035e-01 9.142772e-01
    outer loop
      vertex -6.487881e+00 -5.284019e+00 1.899993e+00
      vertex -7.027031e+00 -6.303200e+00 1.880419e+00
      vertex -6.178749e+00 -5.462509e+00 1.741835e+00
    endloop
  endfacet
  facet normal 3.065011e-01 -1.750699e-01 9.356322e-01
    outer loop
      vertex -6.128220e+00 -7.104240e+00 1.406084e+00
      vertex -5.544331e+00 -5.828781e+00 1.453468e+00
      vertex -6.593861e+00 -6.716240e+00 1.631226e+00
    endloop
  endfacet
  facet normal 2.736864e-01 -1.556262e-01 9.491450e-01
    outer loop
      vertex -5.219990e+00 -6.016041e+00 1.322622e+00
      vertex -6.128220e+00 -7.104240e+00 1.406084e+00
      vertex -5.630939e+00 -7.464481e+00 1.203629e+00
    endloop
  endfacet
  facet normal 2.660755e-01 -1.536705e-01 9.516245e-01
    outer loop
      vertex -5.219990e+00 -6.016041e+00 1.322622e+00
      vertex -5.630939e+00 -7.464481e+00 1.203629e+00
      vertex -4.898121e+00 -6.201881e+00 1.202619e+00
    endloop
  endfacet
  facet normal 3.274643e-01 -1.900801e-01 9.255467e-01
    outer loop
      vertex -6.593861e+00 -6.716240e+00 1.631226e+00
      vertex -5.859138e+00 -5.647030e+00 1.590858e+00
      vertex -6.178749e+00 -5.462509e+00 1.741835e+00
    endloop
  endfacet
  facet normal 2.852113e-01 -1.656363e-01 9.440440e-01
    outer loop
      vertex -6.128220e+00 -7.104240e+00 1.406084e+00
      vertex -5.219990e+00 -6.016041e+00 1.322622e+00
      vertex -5.544331e+00 -5.828781e+00 1.453468e+00
    endloop
  endfacet
  facet normal 3.068821e-01 -1.755641e-01 9.354147e-01
    outer loop
      vertex -5.544331e+00 -5.828781e+00 1.453468e+00
      vertex -5.859138e+00 -5.647030e+00 1.590858e+00
      vertex -6.593861e+00 -6.716240e+00 1.631226e+00
    endloop
  endfacet
  facet normal 2.430240e-01 -1.382267e-01 9.601212e-01
    outer loop
      vertex -4.567371e+00 -6.392830e+00 1.088702e+00
      vertex -5.630939e+00 -7.464481e+00 1.203629e+00
      vertex -5.102890e+00 -7.794231e+00 1.022494e+00
    endloop
  endfacet
  facet normal 3.430362e-01 -1.946525e-01 9.189323e-01
    outer loop
      vertex -7.027031e+00 -6.303200e+00 1.880419e+00
      vertex -6.593861e+00 -6.716240e+00 1.631226e+00
      vertex -6.178749e+00 -5.462509e+00 1.741835e+00
    endloop
  endfacet
  facet normal 4.403692e-01 -2.549882e-01 8.608461e-01
    outer loop
      vertex -6.064671e+00 -3.153370e+00 2.249311e+00
      vertex -7.249191e+00 -3.837250e+00 2.652686e+00
      vertex -7.121140e+00 -4.918419e+00 2.266933e+00
    endloop
  endfacet
  facet normal 3.912230e-01 -2.320986e-01 8.905475e-01
    outer loop
      vertex -4.866409e+00 -2.461552e+00 1.903214e+00
      vertex -6.064671e+00 -3.153370e+00 2.249311e+00
      vertex -6.069950e+00 -3.814751e+00 2.079257e+00
    endloop
  endfacet
  facet normal 4.009335e-01 -2.311281e-01 8.864717e-01
    outer loop
      vertex -6.064671e+00 -3.153370e+00 2.249311e+00
      vertex -7.121140e+00 -4.918419e+00 2.266933e+00
      vertex -6.069950e+00 -3.814751e+00 2.079257e+00
    endloop
  endfacet
  facet normal 3.754262e-01 -2.166668e-01 9.011718e-01
    outer loop
      vertex -5.747181e+00 -4.001091e+00 1.899993e+00
      vertex -4.866409e+00 -2.461552e+00 1.903214e+00
      vertex -6.069950e+00 -3.814751e+00 2.079257e+00
    endloop
  endfacet
  facet normal 3.451056e-01 -2.055713e-01 9.157743e-01
    outer loop
      vertex -3.677280e+00 -1.775000e+00 1.609208e+00
      vertex -4.866409e+00 -2.461552e+00 1.903214e+00
      vertex -4.697350e+00 -2.896641e+00 1.741835e+00
    endloop
  endfacet
  facet normal 3.509700e-01 -2.027026e-01 9.141836e-01
    outer loop
      vertex -5.747181e+00 -4.001091e+00 1.899993e+00
      vertex -4.697350e+00 -2.896641e+00 1.741835e+00
      vertex -4.866409e+00 -2.461552e+00 1.903214e+00
    endloop
  endfacet
  facet normal 3.058990e-01 -1.771863e-01 9.354308e-01
    outer loop
      vertex -3.411839e+00 -2.170559e+00 1.447480e+00
      vertex -3.677280e+00 -1.775000e+00 1.609208e+00
      vertex -4.377739e+00 -3.081169e+00 1.590858e+00
    endloop
  endfacet
  facet normal 3.281089e-01 -1.889580e-01 9.255482e-01
    outer loop
      vertex -4.697350e+00 -2.896641e+00 1.741835e+00
      vertex -4.377739e+00 -3.081169e+00 1.590858e+00
      vertex -3.677280e+00 -1.775000e+00 1.609208e+00
    endloop
  endfacet
  facet normal 2.855616e-01 -1.650330e-01 9.440438e-01
    outer loop
      vertex -3.411839e+00 -2.170559e+00 1.447480e+00
      vertex -4.062931e+00 -3.262920e+00 1.453468e+00
      vertex -3.738590e+00 -3.450180e+00 1.322622e+00
    endloop
  endfacet
  facet normal 2.475424e-01 -1.429085e-01 9.582797e-01
    outer loop
      vertex -5.630939e+00 -7.464481e+00 1.203629e+00
      vertex -4.567371e+00 -6.392830e+00 1.088702e+00
      vertex -4.898121e+00 -6.201881e+00 1.202619e+00
    endloop
  endfacet
  facet normal 2.808800e-01 -1.639922e-01 9.456284e-01
    outer loop
      vertex -3.092861e+00 -2.530319e+00 1.290344e+00
      vertex -3.411839e+00 -2.170559e+00 1.447480e+00
      vertex -3.738590e+00 -3.450180e+00 1.322622e+00
    endloop
  endfacet
  facet normal 2.478957e-01 -1.422963e-01 9.582795e-01
    outer loop
      vertex -2.727539e+00 -2.843819e+00 1.141971e+00
      vertex -3.416721e+00 -3.636009e+00 1.202619e+00
      vertex -3.085972e+00 -3.826969e+00 1.088702e+00
    endloop
  endfacet
  facet normal 2.355685e-01 -1.380042e-01 9.620095e-01
    outer loop
      vertex -2.326321e+00 -3.103600e+00 1.006456e+00
      vertex -2.727539e+00 -2.843819e+00 1.141971e+00
      vertex -3.085972e+00 -3.826969e+00 1.088702e+00
    endloop
  endfacet
  facet normal 2.578083e-01 -1.512254e-01 9.542881e-01
    outer loop
      vertex -3.092861e+00 -2.530319e+00 1.290344e+00
      vertex -3.416721e+00 -3.636009e+00 1.202619e+00
      vertex -2.727539e+00 -2.843819e+00 1.141971e+00
    endloop
  endfacet
  facet normal 2.661890e-01 -1.534688e-01 9.516253e-01
    outer loop
      vertex -3.092861e+00 -2.530319e+00 1.290344e+00
      vertex -3.738590e+00 -3.450180e+00 1.322622e+00
      vertex -3.416721e+00 -3.636009e+00 1.202619e+00
    endloop
  endfacet
  facet normal 3.059280e-01 -1.772197e-01 9.354150e-01
    outer loop
      vertex -4.377739e+00 -3.081169e+00 1.590858e+00
      vertex -4.062931e+00 -3.262920e+00 1.453468e+00
      vertex -3.411839e+00 -2.170559e+00 1.447480e+00
    endloop
  endfacet
  facet normal 2.295965e-01 -1.332844e-01 9.641165e-01
    outer loop
      vertex -4.239899e+00 -6.581902e+00 9.845810e-01
      vertex -4.567371e+00 -6.392830e+00 1.088702e+00
      vertex -5.102890e+00 -7.794231e+00 1.022494e+00
    endloop
  endfacet
  facet normal 2.133659e-01 -1.227600e-01 9.692291e-01
    outer loop
      vertex -4.591919e+00 -8.067680e+00 8.738899e-01
      vertex -3.904171e+00 -6.775730e+00 8.861237e-01
      vertex -4.239899e+00 -6.581902e+00 9.845810e-01
    endloop
  endfacet
  facet normal 2.157378e-01 -1.232779e-01 9.686381e-01
    outer loop
      vertex -5.102890e+00 -7.794231e+00 1.022494e+00
      vertex -4.591919e+00 -8.067680e+00 8.738899e-01
      vertex -4.239899e+00 -6.581902e+00 9.845810e-01
    endloop
  endfacet
  facet normal 1.920422e-01 -1.093303e-01 9.752777e-01
    outer loop
      vertex -4.061729e+00 -8.308800e+00 7.424583e-01
      vertex -3.572338e+00 -6.967319e+00 7.964764e-01
      vertex -4.591919e+00 -8.067680e+00 8.738899e-01
    endloop
  endfacet
  facet normal 1.700148e-01 -9.704401e-02 9.806515e-01
    outer loop
      vertex -3.513859e+00 -8.516220e+00 6.269493e-01
      vertex -3.232819e+00 -7.163342e+00 7.121048e-01
      vertex -4.061729e+00 -8.308800e+00 7.424583e-01
    endloop
  endfacet
  facet normal 1.971405e-01 -1.141650e-01 9.737053e-01
    outer loop
      vertex -4.591919e+00 -8.067680e+00 8.738899e-01
      vertex -3.572338e+00 -6.967319e+00 7.964764e-01
      vertex -3.904171e+00 -6.775730e+00 8.861237e-01
    endloop
  endfacet
  facet normal 1.683214e-01 -9.671266e-02 9.809763e-01
    outer loop
      vertex -3.513859e+00 -8.516220e+00 6.269493e-01
      vertex -2.910141e+00 -7.349640e+00 6.383705e-01
      vertex -3.232819e+00 -7.163342e+00 7.121048e-01
    endloop
  endfacet
  facet normal 1.818987e-01 -1.057241e-01 9.776172e-01
    outer loop
      vertex -3.232819e+00 -7.163342e+00 7.121048e-01
      vertex -3.572338e+00 -6.967319e+00 7.964764e-01
      vertex -4.061729e+00 -8.308800e+00 7.424583e-01
    endloop
  endfacet
  facet normal 1.548230e-01 -8.975525e-02 9.838566e-01
    outer loop
      vertex -2.910141e+00 -7.349640e+00 6.383705e-01
      vertex -3.513859e+00 -8.516220e+00 6.269493e-01
      vertex -2.580811e+00 -7.539780e+00 5.691996e-01
    endloop
  endfacet
  facet normal 1.317124e-01 -7.497795e-02 9.884483e-01
    outer loop
      vertex -2.373852e+00 -8.824032e+00 4.390841e-01
      vertex -2.244820e+00 -7.733761e+00 5.045919e-01
      vertex -2.949890e+00 -8.688591e+00 5.261164e-01
    endloop
  endfacet
  facet normal 1.150288e-01 -6.493242e-02 9.912377e-01
    outer loop
      vertex -1.552879e+00 -8.133251e+00 3.890648e-01
      vertex -2.373852e+00 -8.824032e+00 4.390841e-01
      vertex -1.789349e+00 -8.921440e+00 3.648748e-01
    endloop
  endfacet
  facet normal 1.051793e-01 -6.201667e-02 9.925177e-01
    outer loop
      vertex -1.552879e+00 -8.133251e+00 3.890648e-01
      vertex -1.789349e+00 -8.921440e+00 3.648748e-01
      vertex -6.028900e-01 -7.638432e+00 3.193102e-01
    endloop
  endfacet
  facet normal 1.419854e-01 -8.260966e-02 9.864156e-01
    outer loop
      vertex -2.244820e+00 -7.733761e+00 5.045919e-01
      vertex -2.580811e+00 -7.539780e+00 5.691996e-01
      vertex -2.949890e+00 -8.688591e+00 5.261164e-01
    endloop
  endfacet
  facet normal 1.178855e-01 -6.836861e-02 9.906709e-01
    outer loop
      vertex -1.902180e+00 -7.931580e+00 4.445467e-01
      vertex -2.373852e+00 -8.824032e+00 4.390841e-01
      vertex -1.552879e+00 -8.133251e+00 3.890648e-01
    endloop
  endfacet
  facet normal 1.300732e-01 -7.479781e-02 9.886791e-01
    outer loop
      vertex -2.373852e+00 -8.824032e+00 4.390841e-01
      vertex -1.902180e+00 -7.931580e+00 4.445467e-01
      vertex -2.244820e+00 -7.733761e+00 5.045919e-01
    endloop
  endfacet
  facet normal 8.564247e-02 -5.065192e-02 9.950376e-01
    outer loop
      vertex -6.028900e-01 -9.000000e+00 2.500000e-01
      vertex -6.028900e-01 -7.638432e+00 3.193102e-01
      vertex -1.198372e+00 -8.980270e+00 3.022575e-01
    endloop
  endfacet
  facet normal 9.959894e-02 -5.682478e-02 9.934038e-01
    outer loop
      vertex -1.789349e+00 -8.921440e+00 3.648748e-01
      vertex -1.198372e+00 -8.980270e+00 3.022575e-01
      vertex -6.028900e-01 -7.638432e+00 3.193102e-01
    endloop
  endfacet
  facet normal 1.500827e-01 -8.515802e-02 9.849991e-01
    outer loop
      vertex -3.513859e+00 -8.516220e+00 6.269493e-01
      vertex -2.949890e+00 -8.688591e+00 5.261164e-01
      vertex -2.580811e+00 -7.539780e+00 5.691996e-01
    endloop
  endfacet
  facet normal 2.130073e-01 -1.233811e-01 9.692291e-01
    outer loop
      vertex -1.900860e+00 -3.304081e+00 8.867283e-01
      vertex -2.758499e+00 -4.016029e+00 9.845810e-01
      vertex -2.422771e+00 -4.209869e+00 8.861237e-01
    endloop
  endfacet
  facet normal 1.821649e-01 -1.052630e-01 9.776173e-01
    outer loop
      vertex -1.464169e+00 -3.443939e+00 7.827854e-01
      vertex -2.090939e+00 -4.401451e+00 7.964764e-01
      vertex -1.751419e+00 -4.597469e+00 7.121048e-01
    endloop
  endfacet
  facet normal 1.971072e-01 -1.142225e-01 9.737053e-01
    outer loop
      vertex -1.900860e+00 -3.304081e+00 8.867283e-01
      vertex -2.422771e+00 -4.209869e+00 8.861237e-01
      vertex -2.090939e+00 -4.401451e+00 7.964764e-01
    endloop
  endfacet
  facet normal 2.139515e-01 -1.245679e-01 9.688692e-01
    outer loop
      vertex -2.758499e+00 -4.016029e+00 9.845810e-01
      vertex -1.900860e+00 -3.304081e+00 8.867283e-01
      vertex -2.326321e+00 -3.103600e+00 1.006456e+00
    endloop
  endfacet
  facet normal 1.797737e-01 -1.046984e-01 9.781205e-01
    outer loop
      vertex -1.751419e+00 -4.597469e+00 7.121048e-01
      vertex -1.028229e+00 -3.524361e+00 6.940527e-01
      vertex -1.464169e+00 -3.443939e+00 7.827854e-01
    endloop
  endfacet
  facet normal 1.953614e-01 -1.139516e-01 9.740888e-01
    outer loop
      vertex -1.464169e+00 -3.443939e+00 7.827854e-01
      vertex -1.900860e+00 -3.304081e+00 8.867283e-01
      vertex -2.090939e+00 -4.401451e+00 7.964764e-01
    endloop
  endfacet
  facet normal 1.682314e-01 -9.687184e-02 9.809761e-01
    outer loop
      vertex -1.028229e+00 -3.524361e+00 6.940527e-01
      vertex -1.751419e+00 -4.597469e+00 7.121048e-01
      vertex -1.428741e+00 -4.783772e+00 6.383705e-01
    endloop
  endfacet
  facet normal 2.302403e-01 -1.321693e-01 9.641165e-01
    outer loop
      vertex -2.758499e+00 -4.016029e+00 9.845810e-01
      vertex -2.326321e+00 -3.103600e+00 1.006456e+00
      vertex -3.085972e+00 -3.826969e+00 1.088702e+00
    endloop
  endfacet
  facet normal 1.422601e-01 -8.213376e-02 9.864158e-01
    outer loop
      vertex -1.099400e+00 -4.973919e+00 5.691996e-01
      vertex -1.840099e+00 -6.256851e+00 5.691996e-01
      vertex -1.504120e+00 -6.450829e+00 5.045919e-01
    endloop
  endfacet
  facet normal 1.191764e-01 -6.843726e-02 9.905117e-01
    outer loop
      vertex -1.161480e+00 -6.648651e+00 4.445467e-01
      vertex -1.552879e+00 -8.133251e+00 3.890648e-01
      vertex -6.028900e-01 -6.272850e+00 4.033031e-01
    endloop
  endfacet
  facet normal 1.046861e-01 -6.105410e-02 9.926295e-01
    outer loop
      vertex -6.028900e-01 -7.638432e+00 3.193102e-01
      vertex -6.028900e-01 -6.272850e+00 4.033031e-01
      vertex -1.552879e+00 -8.133251e+00 3.890648e-01
    endloop
  endfacet
  facet normal 1.299629e-01 -7.499141e-02 9.886789e-01
    outer loop
      vertex -6.028900e-01 -4.908352e+00 5.031214e-01
      vertex -1.504120e+00 -6.450829e+00 5.045919e-01
      vertex -1.161480e+00 -6.648651e+00 4.445467e-01
    endloop
  endfacet
  facet normal 1.653091e-01 -9.596839e-02 9.815615e-01
    outer loop
      vertex -1.028229e+00 -3.524361e+00 6.940527e-01
      vertex -1.428741e+00 -4.783772e+00 6.383705e-01
      vertex -6.028900e-01 -3.549999e+00 6.199121e-01
    endloop
  endfacet
  facet normal 1.551716e-01 -8.914828e-02 9.838569e-01
    outer loop
      vertex -1.099400e+00 -4.973919e+00 5.691996e-01
      vertex -6.028900e-01 -3.549999e+00 6.199121e-01
      vertex -1.428741e+00 -4.783772e+00 6.383705e-01
    endloop
  endfacet
  facet normal 1.421192e-01 -8.209615e-02 9.864392e-01
    outer loop
      vertex -1.099400e+00 -4.973919e+00 5.691996e-01
      vertex -1.504120e+00 -6.450829e+00 5.045919e-01
      vertex -6.028900e-01 -4.908352e+00 5.031214e-01
    endloop
  endfacet
  facet normal 1.424385e-01 -8.479044e-02 9.861652e-01
    outer loop
      vertex -6.028900e-01 -3.549999e+00 6.199121e-01
      vertex -1.099400e+00 -4.973919e+00 5.691996e-01
      vertex -6.028900e-01 -4.908352e+00 5.031214e-01
    endloop
  endfacet
  facet normal 1.218082e-01 -7.241536e-02 9.899085e-01
    outer loop
      vertex -1.161480e+00 -6.648651e+00 4.445467e-01
      vertex -6.028900e-01 -6.272850e+00 4.033031e-01
      vertex -6.028900e-01 -4.908352e+00 5.031214e-01
    endloop
  endfacet
  facet normal -1.568302e-02 -9.998771e-01 1.920616e-18
    outer loop
      vertex -6.028900e-01 -9.000000e+00 0.000000e+00
      vertex -6.028900e-01 -9.000000e+00 2.500000e-01
      vertex -8.852501e-01 -8.995571e+00 2.500000e-01
    endloop
  endfacet
  facet normal -4.717415e-02 -9.988857e-01 -1.426252e-03
    outer loop
      vertex -1.190449e+00 -8.980801e+00 0.000000e+00
      vertex -8.852501e-01 -8.995571e+00 2.500000e-01
      vertex -1.169571e+00 -8.982140e+00 2.500000e-01
    endloop
  endfacet
  facet normal -1.106880e-01 -9.938537e-01 -1.726839e-03
    outer loop
      vertex -1.767040e+00 -8.924389e+00 0.000000e+00
      vertex -1.455448e+00 -8.959530e+00 2.500000e-01
      vertex -1.742439e+00 -8.927570e+00 2.500000e-01
    endloop
  endfacet
  facet normal -1.426155e-01 -9.897771e-01 1.466217e-03
    outer loop
      vertex -1.767040e+00 -8.924389e+00 0.000000e+00
      vertex -1.742439e+00 -8.927570e+00 2.500000e-01
      vertex -2.030121e+00 -8.886120e+00 2.500000e-01
    endloop
  endfacet
  facet normal -7.885689e-02 -9.968852e-01 1.229879e-03
    outer loop
      vertex -1.190449e+00 -8.980801e+00 0.000000e+00
      vertex -1.169571e+00 -8.982140e+00 2.500000e-01
      vertex -1.455448e+00 -8.959530e+00 2.500000e-01
    endloop
  endfacet
  facet normal -2.065654e-01 -9.784314e-01 1.692726e-03
    outer loop
      vertex -2.346199e+00 -8.829540e+00 0.000000e+00
      vertex -2.318008e+00 -8.835060e+00 2.500000e-01
      vertex -2.605652e+00 -8.774342e+00 2.500000e-01
    endloop
  endfacet
  facet normal -2.385104e-01 -9.711370e-01 -2.373812e-03
    outer loop
      vertex -2.924149e+00 -8.695499e+00 0.000000e+00
      vertex -2.605652e+00 -8.774342e+00 2.500000e-01
      vertex -2.892559e+00 -8.703869e+00 2.500000e-01
    endloop
  endfacet
  facet normal -3.019692e-01 -9.533139e-01 -2.675679e-03
    outer loop
      vertex -3.496281e+00 -8.522221e+00 0.000000e+00
      vertex -3.178249e+00 -8.623661e+00 2.500000e-01
      vertex -3.462238e+00 -8.533710e+00 2.500000e-01
    endloop
  endfacet
  facet normal -3.334048e-01 -9.427815e-01 2.089279e-03
    outer loop
      vertex -3.496281e+00 -8.522221e+00 0.000000e+00
      vertex -3.462238e+00 -8.533710e+00 2.500000e-01
      vertex -3.744030e+00 -8.434059e+00 2.500000e-01
    endloop
  endfacet
  facet normal -2.703084e-01 -9.627718e-01 1.924165e-03
    outer loop
      vertex -2.924149e+00 -8.695499e+00 0.000000e+00
      vertex -2.892559e+00 -8.703869e+00 2.500000e-01
      vertex -3.178249e+00 -8.623661e+00 2.500000e-01
    endloop
  endfacet
  facet normal -1.746066e-01 -9.846361e-01 -2.048509e-03
    outer loop
      vertex -2.346199e+00 -8.829540e+00 0.000000e+00
      vertex -2.030121e+00 -8.886120e+00 2.500000e-01
      vertex -2.318008e+00 -8.835060e+00 2.500000e-01
    endloop
  endfacet
  facet normal -3.265286e-02 -9.992827e-01 -1.917721e-02
    outer loop
      vertex -1.190449e+00 -8.980801e+00 0.000000e+00
      vertex -6.028900e-01 -9.000000e+00 0.000000e+00
      vertex -8.852501e-01 -8.995571e+00 2.500000e-01
    endloop
  endfacet
  facet normal -9.734843e-02 -9.950780e-01 -1.852489e-02
    outer loop
      vertex -1.767040e+00 -8.924389e+00 0.000000e+00
      vertex -1.190449e+00 -8.980801e+00 0.000000e+00
      vertex -1.455448e+00 -8.959530e+00 2.500000e-01
    endloop
  endfacet
  facet normal -2.258873e-01 -9.739613e-01 -1.934628e-02
    outer loop
      vertex -2.924149e+00 -8.695499e+00 0.000000e+00
      vertex -2.346199e+00 -8.829540e+00 0.000000e+00
      vertex -2.605652e+00 -8.774342e+00 2.500000e-01
    endloop
  endfacet
  facet normal -2.898110e-01 -9.568834e-01 -1.959081e-02
    outer loop
      vertex -3.496281e+00 -8.522221e+00 0.000000e+00
      vertex -2.924149e+00 -8.695499e+00 0.000000e+00
      vertex -3.178249e+00 -8.623661e+00 2.500000e-01
    endloop
  endfacet
  facet normal -1.615866e-01 -9.866762e-01 -1.897196e-02
    outer loop
      vertex -1.767040e+00 -8.924389e+00 0.000000e+00
      vertex -2.030121e+00 -8.886120e+00 2.500000e-01
      vertex -2.346199e+00 -8.829540e+00 0.000000e+00
    endloop
  endfacet
  facet normal -3.954017e-01 -9.185063e-01 1.953116e-03
    outer loop
      vertex -4.053471e+00 -8.312248e+00 0.000000e+00
      vertex -4.023121e+00 -8.324780e+00 2.500000e-01
      vertex -4.299030e+00 -8.206009e+00 2.500000e-01
    endloop
  endfacet
  facet normal -4.258742e-01 -9.047798e-01 -2.171980e-03
    outer loop
      vertex -4.597870e+00 -8.064751e+00 0.000000e+00
      vertex -4.299030e+00 -8.206009e+00 2.500000e-01
      vertex -4.571270e+00 -8.077869e+00 2.500000e-01
    endloop
  endfacet
  facet normal -4.137907e-01 -9.101598e-01 -1.965597e-02
    outer loop
      vertex -4.597870e+00 -8.064751e+00 0.000000e+00
      vertex -4.053471e+00 -8.312248e+00 0.000000e+00
      vertex -4.299030e+00 -8.206009e+00 2.500000e-01
    endloop
  endfacet
  facet normal -4.733799e-01 -8.806361e-01 -1.978524e-02
    outer loop
      vertex -5.125721e+00 -7.780998e+00 1.776357e-15
      vertex -4.597870e+00 -8.064751e+00 0.000000e+00
      vertex -4.839378e+00 -7.940540e+00 2.500000e-01
    endloop
  endfacet
  facet normal -4.854283e-01 -8.742745e-01 -1.925823e-03
    outer loop
      vertex -5.125721e+00 -7.780998e+00 1.776357e-15
      vertex -4.839378e+00 -7.940540e+00 2.500000e-01
      vertex -5.102890e+00 -7.794231e+00 2.500000e-01
    endloop
  endfacet
  facet normal -4.558791e-01 -8.900399e-01 1.793540e-03
    outer loop
      vertex -4.597870e+00 -8.064751e+00 0.000000e+00
      vertex -4.571270e+00 -8.077869e+00 2.500000e-01
      vertex -4.839378e+00 -7.940540e+00 2.500000e-01
    endloop
  endfacet
  facet normal -3.525693e-01 -9.355837e-01 -1.944049e-02
    outer loop
      vertex -4.053471e+00 -8.312248e+00 0.000000e+00
      vertex -3.496281e+00 -8.522221e+00 0.000000e+00
      vertex -3.744030e+00 -8.434059e+00 2.500000e-01
    endloop
  endfacet
  facet normal -3.645792e-01 -9.311692e-01 -2.424095e-03
    outer loop
      vertex -4.053471e+00 -8.312248e+00 0.000000e+00
      vertex -3.744030e+00 -8.434059e+00 2.500000e-01
      vertex -4.023121e+00 -8.324780e+00 2.500000e-01
    endloop
  endfacet
  facet normal -5.428430e-01 -8.398326e-01 -1.659684e-03
    outer loop
      vertex -5.633469e+00 -7.462791e+00 1.776357e-15
      vertex -5.361351e+00 -7.639179e+00 2.500000e-01
      vertex -5.614330e+00 -7.475658e+00 2.500000e-01
    endloop
  endfacet
  facet normal -5.706378e-01 -8.212006e-01 1.427469e-03
    outer loop
      vertex -5.633469e+00 -7.462791e+00 1.776357e-15
      vertex -5.614330e+00 -7.475658e+00 2.500000e-01
      vertex -5.861431e+00 -7.303959e+00 2.500000e-01
    endloop
  endfacet
  facet normal -6.241326e-01 -7.813176e-01 1.230134e-03
    outer loop
      vertex -6.117828e+00 -7.112350e+00 1.776357e-15
      vertex -6.102249e+00 -7.124401e+00 2.500000e-01
      vertex -6.336418e+00 -6.937340e+00 2.500000e-01
    endloop
  endfacet
  facet normal -6.497761e-01 -7.601248e-01 -1.138176e-03
    outer loop
      vertex -6.575840e+00 -6.732300e+00 1.776357e-15
      vertex -6.336418e+00 -6.937340e+00 2.500000e-01
      vertex -6.563610e+00 -6.743130e+00 2.500000e-01
    endloop
  endfacet
  facet normal -5.977396e-01 -8.016891e-01 -1.397266e-03
    outer loop
      vertex -6.117828e+00 -7.112350e+00 1.776357e-15
      vertex -5.861431e+00 -7.303959e+00 2.500000e-01
      vertex -6.102249e+00 -7.124401e+00 2.500000e-01
    endloop
  endfacet
  facet normal -6.986231e-01 -7.154893e-01 -8.880224e-04
    outer loop
      vertex -7.004940e+00 -6.325642e+00 1.776357e-15
      vertex -6.783508e+00 -6.542160e+00 2.500000e-01
      vertex -6.995819e+00 -6.334850e+00 2.500000e-01
    endloop
  endfacet
  facet normal -7.217804e-01 -6.921216e-01 8.175905e-04
    outer loop
      vertex -7.004940e+00 -6.325642e+00 1.776357e-15
      vertex -6.995819e+00 -6.334850e+00 2.500000e-01
      vertex -7.200298e+00 -6.121609e+00 2.500000e-01
    endloop
  endfacet
  facet normal -7.654237e-01 -6.435264e-01 5.902742e-04
    outer loop
      vertex -7.403019e+00 -5.895599e+00 1.776357e-15
      vertex -7.396721e+00 -5.902870e+00 2.500000e-01
      vertex -7.584869e+00 -5.679081e+00 2.500000e-01
    endloop
  endfacet
  facet normal -7.858681e-01 -6.183940e-01 -4.204102e-04
    outer loop
      vertex -7.768440e+00 -5.445621e+00 1.776357e-15
      vertex -7.584869e+00 -5.679081e+00 2.500000e-01
      vertex -7.764610e+00 -5.450668e+00 2.500000e-01
    endloop
  endfacet
  facet normal -7.440542e-01 -6.681189e-01 -6.639566e-04
    outer loop
      vertex -7.403019e+00 -5.895599e+00 1.776357e-15
      vertex -7.200298e+00 -6.121609e+00 2.500000e-01
      vertex -7.396721e+00 -5.902870e+00 2.500000e-01
    endloop
  endfacet
  facet normal -6.746147e-01 -7.381693e-01 1.026605e-03
    outer loop
      vertex -6.575840e+00 -6.732300e+00 1.776357e-15
      vertex -6.563610e+00 -6.743130e+00 2.500000e-01
      vertex -6.783508e+00 -6.542160e+00 2.500000e-01
    endloop
  endfacet
  facet normal -5.309335e-01 -8.471819e-01 -1.980853e-02
    outer loop
      vertex -5.633469e+00 -7.462791e+00 1.776357e-15
      vertex -5.125721e+00 -7.780998e+00 1.776357e-15
      vertex -5.361351e+00 -7.639179e+00 2.500000e-01
    endloop
  endfacet
  facet normal -5.860710e-01 -8.100190e-01 -1.974901e-02
    outer loop
      vertex -6.117828e+00 -7.112350e+00 1.776357e-15
      vertex -5.633469e+00 -7.462791e+00 1.776357e-15
      vertex -5.861431e+00 -7.303959e+00 2.500000e-01
    endloop
  endfacet
  facet normal -6.877427e-01 -7.256962e-01 -1.936513e-02
    outer loop
      vertex -7.004940e+00 -6.325642e+00 1.776357e-15
      vertex -6.575840e+00 -6.732300e+00 1.776357e-15
      vertex -6.783508e+00 -6.542160e+00 2.500000e-01
    endloop
  endfacet
  facet normal -7.337133e-01 -6.791918e-01 -1.905953e-02
    outer loop
      vertex -7.403019e+00 -5.895599e+00 1.776357e-15
      vertex -7.004940e+00 -6.325642e+00 1.776357e-15
      vertex -7.200298e+00 -6.121609e+00 2.500000e-01
    endloop
  endfacet
  facet normal -6.384436e-01 -7.694187e-01 -1.961288e-02
    outer loop
      vertex -6.117828e+00 -7.112350e+00 1.776357e-15
      vertex -6.336418e+00 -6.937340e+00 2.500000e-01
      vertex -6.575840e+00 -6.732300e+00 1.776357e-15
    endloop
  endfacet
  facet normal -8.238990e-01 -5.667366e-01 -1.988357e-04
    outer loop
      vertex -8.100040e+00 -4.979229e+00 1.776357e-15
      vertex -7.935780e+00 -5.218109e+00 2.500000e-01
      vertex -8.098301e+00 -4.981838e+00 2.500000e-01
    endloop
  endfacet
  facet normal -8.414692e-01 -5.403050e-01 1.983441e-04
    outer loop
      vertex -8.100040e+00 -4.979229e+00 1.776357e-15
      vertex -8.098301e+00 -4.981838e+00 2.500000e-01
      vertex -8.252102e+00 -4.742321e+00 2.500000e-01
    endloop
  endfacet
  facet normal -8.148714e-01 -5.793564e-01 -1.818828e-02
    outer loop
      vertex -8.100040e+00 -4.979229e+00 1.776357e-15
      vertex -7.768440e+00 -5.445621e+00 1.776357e-15
      vertex -7.935780e+00 -5.218109e+00 2.500000e-01
    endloop
  endfacet
  facet normal -8.498074e-01 -5.267969e-01 -1.767420e-02
    outer loop
      vertex -8.397110e+00 -4.500000e+00 1.776357e-15
      vertex -8.100040e+00 -4.979229e+00 1.776357e-15
      vertex -8.252102e+00 -4.742321e+00 2.500000e-01
    endloop
  endfacet
  facet normal -8.580812e-01 -5.135140e-01 1.050846e-16
    outer loop
      vertex -8.397110e+00 -4.500000e+00 1.776357e-15
      vertex -8.252102e+00 -4.742321e+00 2.500000e-01
      vertex -8.397110e+00 -4.500000e+00 2.500000e-01
    endloop
  endfacet
  facet normal -7.761381e-01 -6.302865e-01 -1.867045e-02
    outer loop
      vertex -7.584869e+00 -5.679081e+00 2.500000e-01
      vertex -7.768440e+00 -5.445621e+00 1.776357e-15
      vertex -7.403019e+00 -5.895599e+00 1.776357e-15
    endloop
  endfacet
  facet normal -8.053621e-01 -5.927830e-01 3.958498e-04
    outer loop
      vertex -7.935780e+00 -5.218109e+00 2.500000e-01
      vertex -7.768440e+00 -5.445621e+00 1.776357e-15
      vertex -7.764610e+00 -5.450668e+00 2.500000e-01
    endloop
  endfacet
  facet normal -5.144355e-01 -8.575276e-01 1.609887e-03
    outer loop
      vertex -5.102890e+00 -7.794231e+00 2.500000e-01
      vertex -5.361351e+00 -7.639179e+00 2.500000e-01
      vertex -5.125721e+00 -7.780998e+00 1.776357e-15
    endloop
  endfacet
  facet normal 1.000000e+00 0.000000e+00 -1.224647e-16
    outer loop
      vertex -6.028900e-01 -4.190380e+00 1.549778e-01
      vertex -6.028900e-01 -4.190380e+00 3.099566e-01
      vertex -6.028900e-01 -4.885250e+00 3.099566e-01
    endloop
  endfacet
  facet normal 1.000000e+00 0.000000e+00 -1.224647e-16
    outer loop
      vertex -6.028900e-01 -4.190380e+00 1.549778e-01
      vertex -6.028900e-01 -4.885250e+00 3.099566e-01
      vertex -6.028900e-01 -4.885250e+00 1.549778e-01
    endloop
  endfacet
  facet normal 1.000000e+00 0.000000e+00 -1.224647e-16
    outer loop
      vertex -6.028900e-01 -4.885250e+00 1.549778e-01
      vertex -6.028900e-01 -4.885250e+00 3.099566e-01
      vertex -6.028900e-01 -6.272850e+00 4.033031e-01
    endloop
  endfacet
  facet normal 1.000000e+00 0.000000e+00 -1.224647e-16
    outer loop
      vertex -6.028900e-01 -4.885250e+00 3.099566e-01
      vertex -6.028900e-01 -4.908352e+00 5.031214e-01
      vertex -6.028900e-01 -6.272850e+00 4.033031e-01
    endloop
  endfacet
  facet normal 1.000000e+00 0.000000e+00 -1.224647e-16
    outer loop
      vertex -6.028900e-01 -3.549999e+00 6.199121e-01
      vertex -6.028900e-01 -4.908352e+00 5.031214e-01
      vertex -6.028900e-01 -4.190380e+00 3.099566e-01
    endloop
  endfacet
  facet normal 1.000000e+00 0.000000e+00 -1.224647e-16
    outer loop
      vertex -6.028900e-01 -4.885250e+00 3.099566e-01
      vertex -6.028900e-01 -4.190380e+00 3.099566e-01
      vertex -6.028900e-01 -4.908352e+00 5.031214e-01
    endloop
  endfacet
  facet normal 1.000000e+00 0.000000e+00 -1.224647e-16
    outer loop
      vertex -6.028900e-01 -3.549999e+00 6.199121e-01
      vertex -6.028900e-01 -4.190380e+00 3.099566e-01
      vertex -6.028900e-01 -3.549999e+00 2.500000e-01
    endloop
  endfacet
  facet normal 1.000000e+00 0.000000e+00 -1.224647e-16
    outer loop
      vertex -6.028900e-01 -4.190380e+00 3.099566e-01
      vertex -6.028900e-01 -4.190380e+00 1.549778e-01
      vertex -6.028900e-01 -3.549999e+00 2.500000e-01
    endloop
  endfacet
  facet normal 1.000000e+00 0.000000e+00 -1.224647e-16
    outer loop
      vertex -6.028900e-01 -7.638432e+00 3.193102e-01
      vertex -6.028900e-01 -6.275002e+00 0.000000e+00
      vertex -6.028900e-01 -6.272850e+00 4.033031e-01
    endloop
  endfacet
  facet normal 1.000000e+00 0.000000e+00 -1.224647e-16
    outer loop
      vertex -6.028900e-01 -7.637501e+00 0.000000e+00
      vertex -6.028900e-01 -9.000000e+00 2.500000e-01
      vertex -6.028900e-01 -9.000000e+00 0.000000e+00
    endloop
  endfacet
  facet normal 1.000000e+00 0.000000e+00 -1.224647e-16
    outer loop
      vertex -6.028900e-01 -7.637501e+00 0.000000e+00
      vertex -6.028900e-01 -6.275002e+00 0.000000e+00
      vertex -6.028900e-01 -7.638432e+00 3.193102e-01
    endloop
  endfacet
  facet normal 1.000000e+00 0.000000e+00 -1.224647e-16
    outer loop
      vertex -6.028900e-01 -6.272850e+00 4.033031e-01
      vertex -6.028900e-01 -6.275002e+00 0.000000e+00
      vertex -6.028900e-01 -4.885250e+00 1.549778e-01
    endloop
  endfacet
  facet normal 1.000000e+00 0.000000e+00 -1.224647e-16
    outer loop
      vertex -6.028900e-01 -4.912498e+00 0.000000e+00
      vertex -6.028900e-01 -4.190380e+00 1.549778e-01
      vertex -6.028900e-01 -4.885250e+00 1.549778e-01
    endloop
  endfacet
  facet normal 1.000000e+00 0.000000e+00 -1.224647e-16
    outer loop
      vertex -6.028900e-01 -4.190380e+00 1.549778e-01
      vertex -6.028900e-01 -4.912498e+00 0.000000e+00
      vertex -6.028900e-01 -3.549999e+00 0.000000e+00
    endloop
  endfacet
  facet normal 1.000000e+00 0.000000e+00 -1.224647e-16
    outer loop
      vertex -6.028900e-01 -4.912498e+00 0.000000e+00
      vertex -6.028900e-01 -4.885250e+00 1.549778e-01
      vertex -6.028900e-01 -6.275002e+00 0.000000e+00
    endloop
  endfacet
  facet normal 1.000000e+00 0.000000e+00 -1.224647e-16
    outer loop
      vertex -6.028900e-01 -3.549999e+00 2.500000e-01
      vertex -6.028900e-01 -4.190380e+00 1.549778e-01
      vertex -6.028900e-01 -3.549999e+00 0.000000e+00
    endloop
  endfacet
  facet normal 1.000000e+00 0.000000e+00 -1.224647e-16
    outer loop
      vertex -6.028900e-01 -7.638432e+00 3.193102e-01
      vertex -6.028900e-01 -9.000000e+00 2.500000e-01
      vertex -6.028900e-01 -7.637501e+00 0.000000e+00
    endloop
  endfacet
  facet normal -5.000011e-01 8.660248e-01 6.123247e-17
    outer loop
      vertex -4.231861e+00 -2.095188e+00 3.664274e-01
      vertex -4.833641e+00 -2.442631e+00 3.664274e-01
      vertex -4.833641e+00 -2.442631e+00 7.640390e-01
    endloop
  endfacet
  facet normal -5.000011e-01 8.660248e-01 6.123247e-17
    outer loop
      vertex -4.231861e+00 -2.095188e+00 3.664274e-01
      vertex -4.833641e+00 -2.442631e+00 7.640390e-01
      vertex -4.231861e+00 -2.095188e+00 7.640390e-01
    endloop
  endfacet
  facet normal -4.999990e-01 8.660260e-01 6.123222e-17
    outer loop
      vertex -4.833641e+00 -2.442631e+00 7.640390e-01
      vertex -6.037201e+00 -3.137501e+00 7.640390e-01
      vertex -6.037201e+00 -3.137501e+00 1.559263e+00
    endloop
  endfacet
  facet normal -4.999990e-01 8.660260e-01 6.123222e-17
    outer loop
      vertex -4.833641e+00 -2.442631e+00 7.640390e-01
      vertex -6.037201e+00 -3.137501e+00 1.559263e+00
      vertex -4.833641e+00 -2.442631e+00 1.559263e+00
    endloop
  endfacet
  facet normal -4.999970e-01 8.660271e-01 6.123197e-17
    outer loop
      vertex -7.240749e+00 -3.832378e+00 3.664274e-01
      vertex -7.842529e+00 -4.179810e+00 3.664274e-01
      vertex -7.842529e+00 -4.179810e+00 7.640390e-01
    endloop
  endfacet
  facet normal -4.999970e-01 8.660271e-01 6.123197e-17
    outer loop
      vertex -7.240749e+00 -3.832378e+00 3.664274e-01
      vertex -7.842529e+00 -4.179810e+00 7.640390e-01
      vertex -7.240749e+00 -3.832378e+00 7.640390e-01
    endloop
  endfacet
  facet normal -5.000023e-01 8.660241e-01 6.123262e-17
    outer loop
      vertex -6.037201e+00 -3.137501e+00 7.640390e-01
      vertex -7.240749e+00 -3.832378e+00 7.640390e-01
      vertex -7.240749e+00 -3.832378e+00 1.559263e+00
    endloop
  endfacet
  facet normal -5.000023e-01 8.660241e-01 6.123262e-17
    outer loop
      vertex -6.037201e+00 -3.137501e+00 7.640390e-01
      vertex -7.240749e+00 -3.832378e+00 1.559263e+00
      vertex -6.037201e+00 -3.137501e+00 1.559263e+00
    endloop
  endfacet
  facet normal -4.999975e-01 8.660269e-01 5.318982e-07
    outer loop
      vertex -7.240749e+00 -3.832378e+00 1.559263e+00
      vertex -7.842529e+00 -4.179810e+00 7.640390e-01
      vertex -8.397110e+00 -4.500000e+00 3.118526e+00
    endloop
  endfacet
  facet normal -4.999996e-01 8.660256e-01 -1.571565e-06
    outer loop
      vertex -7.249191e+00 -3.837250e+00 2.652686e+00
      vertex -7.240749e+00 -3.832378e+00 1.559263e+00
      vertex -8.397110e+00 -4.500000e+00 3.118526e+00
    endloop
  endfacet
  facet normal -4.999992e-01 8.660259e-01 6.123223e-17
    outer loop
      vertex -8.397110e+00 -4.500000e+00 2.500000e-01
      vertex -8.397110e+00 -4.500000e+00 3.118526e+00
      vertex -7.842529e+00 -4.179810e+00 7.640390e-01
    endloop
  endfacet
  facet normal -5.000023e-01 8.660241e-01 4.300035e-06
    outer loop
      vertex -6.037201e+00 -3.137501e+00 1.559263e+00
      vertex -7.240749e+00 -3.832378e+00 1.559263e+00
      vertex -6.064671e+00 -3.153370e+00 2.249311e+00
    endloop
  endfacet
  facet normal -4.999997e-01 8.660256e-01 -1.572258e-06
    outer loop
      vertex -7.249191e+00 -3.837250e+00 2.652686e+00
      vertex -6.064671e+00 -3.153370e+00 2.249311e+00
      vertex -7.240749e+00 -3.832378e+00 1.559263e+00
    endloop
  endfacet
  facet normal -4.999991e-01 8.660259e-01 4.467289e-06
    outer loop
      vertex -4.866409e+00 -2.461552e+00 1.903214e+00
      vertex -6.037201e+00 -3.137501e+00 1.559263e+00
      vertex -6.064671e+00 -3.153370e+00 2.249311e+00
    endloop
  endfacet
  facet normal -4.999970e-01 8.660271e-01 6.123197e-17
    outer loop
      vertex -7.240749e+00 -3.832378e+00 7.640390e-01
      vertex -7.842529e+00 -4.179810e+00 7.640390e-01
      vertex -7.240749e+00 -3.832378e+00 1.559263e+00
    endloop
  endfacet
  facet normal -4.999992e-01 8.660259e-01 6.123223e-17
    outer loop
      vertex -8.397110e+00 -4.500000e+00 1.776357e-15
      vertex -8.397110e+00 -4.500000e+00 2.500000e-01
      vertex -7.842529e+00 -4.179810e+00 3.664274e-01
    endloop
  endfacet
  facet normal -4.999992e-01 8.660259e-01 6.123223e-17
    outer loop
      vertex -7.842529e+00 -4.179810e+00 3.664274e-01
      vertex -8.397110e+00 -4.500000e+00 2.500000e-01
      vertex -7.842529e+00 -4.179810e+00 7.640390e-01
    endloop
  endfacet
  facet normal -4.999991e-01 8.660259e-01 -8.642136e-08
    outer loop
      vertex -7.217159e+00 -3.818748e+00 1.776357e-15
      vertex -8.397110e+00 -4.500000e+00 1.776357e-15
      vertex -7.842529e+00 -4.179810e+00 3.664274e-01
    endloop
  endfacet
  facet normal -4.999970e-01 8.660271e-01 4.869747e-06
    outer loop
      vertex -7.217159e+00 -3.818748e+00 1.776357e-15
      vertex -7.842529e+00 -4.179810e+00 3.664274e-01
      vertex -7.240749e+00 -3.832378e+00 3.664274e-01
    endloop
  endfacet
  facet normal -5.000023e-01 8.660241e-01 6.123262e-17
    outer loop
      vertex -7.240749e+00 -3.832378e+00 3.664274e-01
      vertex -7.240749e+00 -3.832378e+00 7.640390e-01
      vertex -6.037201e+00 -3.137501e+00 7.640390e-01
    endloop
  endfacet
  facet normal -5.000013e-01 8.660247e-01 4.502415e-06
    outer loop
      vertex -6.037201e+00 -3.137501e+00 1.776357e-15
      vertex -7.217159e+00 -3.818748e+00 1.776357e-15
      vertex -7.240749e+00 -3.832378e+00 3.664274e-01
    endloop
  endfacet
  facet normal -4.999990e-01 8.660260e-01 4.028281e-06
    outer loop
      vertex -4.866409e+00 -2.461552e+00 1.903214e+00
      vertex -4.833641e+00 -2.442631e+00 1.559263e+00
      vertex -6.037201e+00 -3.137501e+00 1.559263e+00
    endloop
  endfacet
  facet normal -5.000003e-01 8.660252e-01 3.866363e-06
    outer loop
      vertex -3.677280e+00 -1.775000e+00 1.609208e+00
      vertex -4.833641e+00 -2.442631e+00 1.559263e+00
      vertex -4.866409e+00 -2.461552e+00 1.903214e+00
    endloop
  endfacet
  facet normal -5.000011e-01 8.660248e-01 6.123247e-17
    outer loop
      vertex -4.231861e+00 -2.095188e+00 7.640390e-01
      vertex -4.833641e+00 -2.442631e+00 7.640390e-01
      vertex -4.833641e+00 -2.442631e+00 1.559263e+00
    endloop
  endfacet
  facet normal -5.000002e-01 8.660253e-01 6.123236e-17
    outer loop
      vertex -3.677280e+00 -1.775000e+00 1.609208e+00
      vertex -3.677280e+00 -1.775000e+00 9.296036e-01
      vertex -4.833641e+00 -2.442631e+00 1.559263e+00
    endloop
  endfacet
  facet normal -4.999995e-01 8.660257e-01 1.560929e-06
    outer loop
      vertex -3.677280e+00 -1.775000e+00 9.296036e-01
      vertex -4.231861e+00 -2.095188e+00 7.640390e-01
      vertex -4.833641e+00 -2.442631e+00 1.559263e+00
    endloop
  endfacet
  facet normal -4.999990e-01 8.660260e-01 6.123222e-17
    outer loop
      vertex -4.833641e+00 -2.442631e+00 3.664274e-01
      vertex -6.037201e+00 -3.137501e+00 7.640390e-01
      vertex -4.833641e+00 -2.442631e+00 7.640390e-01
    endloop
  endfacet
  facet normal -4.999979e-01 8.660266e-01 -4.786828e-06
    outer loop
      vertex -4.857231e+00 -2.456249e+00 1.776357e-15
      vertex -6.037201e+00 -3.137501e+00 1.776357e-15
      vertex -4.833641e+00 -2.442631e+00 3.664274e-01
    endloop
  endfacet
  facet normal -4.999990e-01 8.660260e-01 6.123222e-17
    outer loop
      vertex -4.833641e+00 -2.442631e+00 3.664274e-01
      vertex -6.037201e+00 -3.137501e+00 1.776357e-15
      vertex -6.037201e+00 -3.137501e+00 7.640390e-01
    endloop
  endfacet
  facet normal -5.000011e-01 8.660248e-01 -4.516196e-06
    outer loop
      vertex -4.231861e+00 -2.095188e+00 3.664274e-01
      vertex -4.857231e+00 -2.456249e+00 1.776357e-15
      vertex -4.833641e+00 -2.442631e+00 3.664274e-01
    endloop
  endfacet
  facet normal -4.999992e-01 8.660259e-01 6.123223e-17
    outer loop
      vertex -4.231861e+00 -2.095188e+00 3.664274e-01
      vertex -4.231861e+00 -2.095188e+00 7.640390e-01
      vertex -3.677280e+00 -1.775000e+00 9.296036e-01
    endloop
  endfacet
  facet normal -4.999992e-01 8.660259e-01 6.123223e-17
    outer loop
      vertex -4.231861e+00 -2.095188e+00 3.664274e-01
      vertex -3.677280e+00 -1.775000e+00 9.296036e-01
      vertex -3.677280e+00 -1.775000e+00 2.500000e-01
    endloop
  endfacet
  facet normal -4.999992e-01 8.660259e-01 6.123223e-17
    outer loop
      vertex -4.231861e+00 -2.095188e+00 3.664274e-01
      vertex -3.677280e+00 -1.775000e+00 2.500000e-01
      vertex -3.677280e+00 -1.775000e+00 0.000000e+00
    endloop
  endfacet
  facet normal -5.000013e-01 8.660247e-01 -4.150988e-06
    outer loop
      vertex -4.857231e+00 -2.456249e+00 1.776357e-15
      vertex -4.231861e+00 -2.095188e+00 3.664274e-01
      vertex -3.677280e+00 -1.775000e+00 0.000000e+00
    endloop
  endfacet
  facet normal -5.000023e-01 8.660241e-01 6.123262e-17
    outer loop
      vertex -7.240749e+00 -3.832378e+00 3.664274e-01
      vertex -6.037201e+00 -3.137501e+00 7.640390e-01
      vertex -6.037201e+00 -3.137501e+00 1.776357e-15
    endloop
  endfacet
  facet normal -5.710855e-02 9.983680e-01 6.993780e-18
    outer loop
      vertex -1.190449e+00 8.980801e+00 9.671316e-01
      vertex -1.190449e+00 8.980801e+00 1.684263e+00
      vertex -1.042801e+00 8.989241e+00 1.684263e+00
    endloop
  endfacet
  facet normal -5.710855e-02 9.983680e-01 6.993780e-18
    outer loop
      vertex -1.190449e+00 8.980801e+00 9.671316e-01
      vertex -1.042801e+00 8.989241e+00 1.684263e+00
      vertex -1.042801e+00 8.989241e+00 9.671316e-01
    endloop
  endfacet
  facet normal -4.071061e-02 9.991710e-01 4.985612e-18
    outer loop
      vertex -1.042801e+00 8.989241e+00 9.671316e-01
      vertex -1.042801e+00 8.989241e+00 1.684263e+00
      vertex -8.956184e-01 8.995239e+00 1.684263e+00
    endloop
  endfacet
  facet normal -4.071061e-02 9.991710e-01 4.985612e-18
    outer loop
      vertex -1.042801e+00 8.989241e+00 9.671316e-01
      vertex -8.956184e-01 8.995239e+00 1.684263e+00
      vertex -8.956184e-01 8.995239e+00 9.671316e-01
    endloop
  endfacet
  facet normal -2.433926e-02 9.997038e-01 2.980699e-18
    outer loop
      vertex -8.956184e-01 8.995239e+00 9.671316e-01
      vertex -8.956184e-01 8.995239e+00 1.684263e+00
      vertex -7.489700e-01 8.998810e+00 1.684263e+00
    endloop
  endfacet
  facet normal -2.433926e-02 9.997038e-01 2.980699e-18
    outer loop
      vertex -8.956184e-01 8.995239e+00 9.671316e-01
      vertex -7.489700e-01 8.998810e+00 1.684263e+00
      vertex -7.489700e-01 8.998810e+00 9.671316e-01
    endloop
  endfacet
  facet normal -1.212968e-01 9.926163e-01 1.485457e-17
    outer loop
      vertex -1.767040e+00 8.924391e+00 9.671316e-01
      vertex -1.767040e+00 8.924391e+00 1.684263e+00
      vertex -1.622509e+00 8.942051e+00 1.684263e+00
    endloop
  endfacet
  facet normal -1.212968e-01 9.926163e-01 1.829840e-17
    outer loop
      vertex -1.767040e+00 8.924391e+00 9.671316e-01
      vertex -1.622509e+00 8.942051e+00 1.684263e+00
      vertex -1.622509e+00 8.942051e+00 9.671316e-01
    endloop
  endfacet
  facet normal -1.053060e-01 9.944399e-01 1.289627e-17
    outer loop
      vertex -1.622509e+00 8.942051e+00 9.671316e-01
      vertex -1.622509e+00 8.942051e+00 1.684263e+00
      vertex -1.478199e+00 8.957340e+00 1.684263e+00
    endloop
  endfacet
  facet normal -1.053060e-01 9.944399e-01 1.289627e-17
    outer loop
      vertex -1.622509e+00 8.942051e+00 9.671316e-01
      vertex -1.478199e+00 8.957340e+00 1.684263e+00
      vertex -1.478199e+00 8.957340e+00 9.671316e-01
    endloop
  endfacet
  facet normal -8.921093e-02 9.960128e-01 1.092519e-17
    outer loop
      vertex -1.478199e+00 8.957340e+00 9.671316e-01
      vertex -1.478199e+00 8.957340e+00 1.684263e+00
      vertex -1.334160e+00 8.970240e+00 1.684263e+00
    endloop
  endfacet
  facet normal -8.921093e-02 9.960128e-01 1.092519e-17
    outer loop
      vertex -1.478199e+00 8.957340e+00 9.671316e-01
      vertex -1.334160e+00 8.970240e+00 1.684263e+00
      vertex -1.334160e+00 8.970240e+00 9.671316e-01
    endloop
  endfacet
  facet normal -7.327878e-02 9.973115e-01 8.974062e-18
    outer loop
      vertex -1.334160e+00 8.970240e+00 9.671316e-01
      vertex -1.334160e+00 8.970240e+00 1.684263e+00
      vertex -1.190449e+00 8.980801e+00 1.684263e+00
    endloop
  endfacet
  facet normal -7.327878e-02 9.973115e-01 8.974062e-18
    outer loop
      vertex -1.334160e+00 8.970240e+00 9.671316e-01
      vertex -1.190449e+00 8.980801e+00 1.684263e+00
      vertex -1.190449e+00 8.980801e+00 9.671316e-01
    endloop
  endfacet
  facet normal -1.856729e-01 9.826116e-01 2.273837e-17
    outer loop
      vertex -2.346199e+00 8.829540e+00 9.671316e-01
      vertex -2.346199e+00 8.829540e+00 1.684263e+00
      vertex -2.201370e+00 8.856911e+00 1.684263e+00
    endloop
  endfacet
  facet normal -1.856729e-01 9.826116e-01 2.273837e-17
    outer loop
      vertex -2.346199e+00 8.829540e+00 9.671316e-01
      vertex -2.201370e+00 8.856911e+00 1.684263e+00
      vertex -2.201370e+00 8.856911e+00 9.671316e-01
    endloop
  endfacet
  facet normal -1.695401e-01 9.855233e-01 2.076268e-17
    outer loop
      vertex -2.201370e+00 8.856911e+00 9.671316e-01
      vertex -2.201370e+00 8.856911e+00 1.684263e+00
      vertex -2.056530e+00 8.881830e+00 1.684263e+00
    endloop
  endfacet
  facet normal -1.695401e-01 9.855233e-01 2.076268e-17
    outer loop
      vertex -2.201370e+00 8.856911e+00 9.671316e-01
      vertex -2.056530e+00 8.881830e+00 1.684263e+00
      vertex -2.056530e+00 8.881830e+00 9.671316e-01
    endloop
  endfacet
  facet normal -1.534890e-01 9.881504e-01 1.879698e-17
    outer loop
      vertex -2.056530e+00 8.881830e+00 9.671316e-01
      vertex -2.056530e+00 8.881830e+00 1.684263e+00
      vertex -1.911732e+00 8.904320e+00 1.684263e+00
    endloop
  endfacet
  facet normal -1.534890e-01 9.881504e-01 1.879698e-17
    outer loop
      vertex -2.056530e+00 8.881830e+00 9.671316e-01
      vertex -1.911732e+00 8.904320e+00 1.684263e+00
      vertex -1.911732e+00 8.904320e+00 9.671316e-01
    endloop
  endfacet
  facet normal -1.374132e-01 9.905138e-01 1.682827e-17
    outer loop
      vertex -1.911732e+00 8.904320e+00 9.671316e-01
      vertex -1.911732e+00 8.904320e+00 1.684263e+00
      vertex -1.767040e+00 8.924391e+00 1.684263e+00
    endloop
  endfacet
  facet normal -1.374132e-01 9.905138e-01 1.682827e-17
    outer loop
      vertex -1.911732e+00 8.904320e+00 9.671316e-01
      vertex -1.767040e+00 8.924391e+00 1.684263e+00
      vertex -1.767040e+00 8.924391e+00 9.671316e-01
    endloop
  endfacet
  facet normal -2.499679e-01 9.682541e-01 3.061224e-17
    outer loop
      vertex -2.779991e+00 8.732710e+00 9.671316e-01
      vertex -2.924149e+00 8.695499e+00 9.671316e-01
      vertex -2.924149e+00 8.695499e+00 1.684263e+00
    endloop
  endfacet
  facet normal -2.338547e-01 9.722716e-01 2.863894e-17
    outer loop
      vertex -2.635571e+00 8.767450e+00 1.684263e+00
      vertex -2.635571e+00 8.767450e+00 9.671316e-01
      vertex -2.779991e+00 8.732710e+00 9.671316e-01
    endloop
  endfacet
  facet normal -2.178517e-01 9.759819e-01 2.667914e-17
    outer loop
      vertex -2.635571e+00 8.767450e+00 9.671316e-01
      vertex -2.635571e+00 8.767450e+00 1.684263e+00
      vertex -2.490959e+00 8.799730e+00 1.684263e+00
    endloop
  endfacet
  facet normal -2.178517e-01 9.759819e-01 2.667914e-17
    outer loop
      vertex -2.635571e+00 8.767450e+00 9.671316e-01
      vertex -2.490959e+00 8.799730e+00 1.684263e+00
      vertex -2.490959e+00 8.799730e+00 9.671316e-01
    endloop
  endfacet
  facet normal -2.017418e-01 9.794387e-01 2.470624e-17
    outer loop
      vertex -2.490959e+00 8.799730e+00 9.671316e-01
      vertex -2.490959e+00 8.799730e+00 1.684263e+00
      vertex -2.346199e+00 8.829540e+00 1.684263e+00
    endloop
  endfacet
  facet normal -2.017418e-01 9.794387e-01 2.470624e-17
    outer loop
      vertex -2.490959e+00 8.799730e+00 9.671316e-01
      vertex -2.346199e+00 8.829540e+00 1.684263e+00
      vertex -2.346199e+00 8.829540e+00 9.671316e-01
    endloop
  endfacet
  facet normal -2.818455e-01 9.594598e-01 3.451612e-17
    outer loop
      vertex -3.211109e+00 8.613779e+00 9.671316e-01
      vertex -3.211109e+00 8.613779e+00 1.684263e+00
      vertex -3.067822e+00 8.655870e+00 1.684263e+00
    endloop
  endfacet
  facet normal -2.818455e-01 9.594598e-01 3.451612e-17
    outer loop
      vertex -3.211109e+00 8.613779e+00 9.671316e-01
      vertex -3.067822e+00 8.655870e+00 1.684263e+00
      vertex -3.067822e+00 8.655870e+00 9.671316e-01
    endloop
  endfacet
  facet normal -2.658863e-01 9.640044e-01 3.256168e-17
    outer loop
      vertex -3.067822e+00 8.655870e+00 9.671316e-01
      vertex -3.067822e+00 8.655870e+00 1.684263e+00
      vertex -2.924149e+00 8.695499e+00 1.684263e+00
    endloop
  endfacet
  facet normal -2.658863e-01 9.640044e-01 3.256168e-17
    outer loop
      vertex -3.067822e+00 8.655870e+00 9.671316e-01
      vertex -2.924149e+00 8.695499e+00 1.684263e+00
      vertex -2.924149e+00 8.695499e+00 9.671316e-01
    endloop
  endfacet
  facet normal -3.260472e-02 9.994627e-01 3.337180e-03
    outer loop
      vertex -8.956184e-01 8.995239e+00 1.684263e+00
      vertex -1.149891e+00 8.983311e+00 2.771440e+00
      vertex -6.028900e-01 9.000000e+00 3.118526e+00
    endloop
  endfacet
  facet normal -2.433922e-02 9.997024e-01 1.649378e-03
    outer loop
      vertex -6.028900e-01 9.000000e+00 3.118526e+00
      vertex -7.489700e-01 8.998810e+00 1.684263e+00
      vertex -8.956184e-01 8.995239e+00 1.684263e+00
    endloop
  endfacet
  facet normal -4.071057e-02 9.991699e-01 1.438202e-03
    outer loop
      vertex -1.149891e+00 8.983311e+00 2.771440e+00
      vertex -8.956184e-01 8.995239e+00 1.684263e+00
      vertex -1.042801e+00 8.989241e+00 1.684263e+00
    endloop
  endfacet
  facet normal -8.147220e-03 9.999668e-01 9.977467e-19
    outer loop
      vertex -7.489700e-01 8.998810e+00 9.671316e-01
      vertex -7.489700e-01 8.998810e+00 1.684263e+00
      vertex -6.028900e-01 9.000000e+00 2.500000e-01
    endloop
  endfacet
  facet normal -5.710855e-02 9.983680e-01 -1.813620e-04
    outer loop
      vertex -1.190449e+00 8.980801e+00 1.684263e+00
      vertex -1.149891e+00 8.983311e+00 2.771440e+00
      vertex -1.042801e+00 8.989241e+00 1.684263e+00
    endloop
  endfacet
  facet normal -8.921047e-02 9.960079e-01 3.140377e-03
    outer loop
      vertex -1.149891e+00 8.983311e+00 2.771440e+00
      vertex -1.334160e+00 8.970240e+00 1.684263e+00
      vertex -1.478199e+00 8.957340e+00 1.684263e+00
    endloop
  endfacet
  facet normal -7.327878e-02 9.973114e-01 4.243827e-04
    outer loop
      vertex -1.190449e+00 8.980801e+00 1.684263e+00
      vertex -1.334160e+00 8.970240e+00 1.684263e+00
      vertex -1.149891e+00 8.983311e+00 2.771440e+00
    endloop
  endfacet
  facet normal -9.462325e-02 9.955017e-01 4.787030e-03
    outer loop
      vertex -1.149891e+00 8.983311e+00 2.771440e+00
      vertex -1.478199e+00 8.957340e+00 1.684263e+00
      vertex -1.708420e+00 8.931770e+00 2.450111e+00
    endloop
  endfacet
  facet normal -1.053059e-01 9.944387e-01 1.540140e-03
    outer loop
      vertex -1.708420e+00 8.931770e+00 2.450111e+00
      vertex -1.478199e+00 8.957340e+00 1.684263e+00
      vertex -1.622509e+00 8.942051e+00 1.684263e+00
    endloop
  endfacet
  facet normal -1.212968e-01 9.926163e-01 -2.783074e-04
    outer loop
      vertex -1.767040e+00 8.924391e+00 1.684263e+00
      vertex -1.708420e+00 8.931770e+00 2.450111e+00
      vertex -1.622509e+00 8.942051e+00 1.684263e+00
    endloop
  endfacet
  facet normal -2.433926e-02 9.997038e-01 1.053029e-04
    outer loop
      vertex -8.852501e-01 8.995569e+00 2.500000e-01
      vertex -8.956184e-01 8.995239e+00 9.671316e-01
      vertex -7.489700e-01 8.998810e+00 9.671316e-01
    endloop
  endfacet
  facet normal -5.710855e-02 9.983680e-01 2.070703e-04
    outer loop
      vertex -1.169571e+00 8.982140e+00 2.500000e-01
      vertex -1.190449e+00 8.980801e+00 9.671316e-01
      vertex -1.042801e+00 8.989241e+00 9.671316e-01
    endloop
  endfacet
  facet normal -7.327878e-02 9.973115e-01 -2.655853e-04
    outer loop
      vertex -1.169571e+00 8.982140e+00 2.500000e-01
      vertex -1.334160e+00 8.970240e+00 9.671316e-01
      vertex -1.190449e+00 8.980801e+00 9.671316e-01
    endloop
  endfacet
  facet normal -4.071061e-02 9.991710e-01 -1.317262e-04
    outer loop
      vertex -1.042801e+00 8.989241e+00 9.671316e-01
      vertex -8.956184e-01 8.995239e+00 9.671316e-01
      vertex -8.852501e-01 8.995569e+00 2.500000e-01
    endloop
  endfacet
  facet normal -1.374132e-01 9.905133e-01 9.754702e-04
    outer loop
      vertex -1.708420e+00 8.931770e+00 2.450111e+00
      vertex -1.767040e+00 8.924391e+00 1.684263e+00
      vertex -1.911732e+00 8.904320e+00 1.684263e+00
    endloop
  endfacet
  facet normal -1.212968e-01 9.926163e-01 2.326440e-04
    outer loop
      vertex -1.742439e+00 8.927570e+00 2.500000e-01
      vertex -1.767040e+00 8.924391e+00 9.671316e-01
      vertex -1.622509e+00 8.942051e+00 9.671316e-01
    endloop
  endfacet
  facet normal -1.374132e-01 9.905138e-01 -3.294453e-04
    outer loop
      vertex -1.742439e+00 8.927570e+00 2.500000e-01
      vertex -1.911732e+00 8.904320e+00 9.671316e-01
      vertex -1.767040e+00 8.924391e+00 9.671316e-01
    endloop
  endfacet
  facet normal -1.053060e-01 9.944398e-01 -3.039028e-04
    outer loop
      vertex -1.622509e+00 8.942051e+00 9.671316e-01
      vertex -1.478199e+00 8.957340e+00 9.671316e-01
      vertex -1.455448e+00 8.959530e+00 2.500000e-01
    endloop
  endfacet
  facet normal -8.921092e-02 9.960127e-01 2.114274e-04
    outer loop
      vertex -1.478199e+00 8.957340e+00 9.671316e-01
      vertex -1.334160e+00 8.970240e+00 9.671316e-01
      vertex -1.455448e+00 8.959530e+00 2.500000e-01
    endloop
  endfacet
  facet normal -8.147220e-03 9.999668e-01 9.977467e-19
    outer loop
      vertex -6.028900e-01 9.000000e+00 2.500000e-01
      vertex -7.489700e-01 8.998810e+00 1.684263e+00
      vertex -6.028900e-01 9.000000e+00 3.118526e+00
    endloop
  endfacet
  facet normal -1.534868e-01 9.881364e-01 5.327703e-03
    outer loop
      vertex -2.056530e+00 8.881830e+00 1.684263e+00
      vertex -1.708420e+00 8.931770e+00 2.450111e+00
      vertex -1.911732e+00 8.904320e+00 1.684263e+00
    endloop
  endfacet
  facet normal -1.695397e-01 9.855212e-01 2.074684e-03
    outer loop
      vertex -2.201370e+00 8.856911e+00 1.684263e+00
      vertex -2.275860e+00 8.843109e+00 2.153464e+00
      vertex -2.056530e+00 8.881830e+00 1.684263e+00
    endloop
  endfacet
  facet normal -1.582098e-01 9.873769e-01 7.524027e-03
    outer loop
      vertex -1.708420e+00 8.931770e+00 2.450111e+00
      vertex -2.056530e+00 8.881830e+00 1.684263e+00
      vertex -2.275860e+00 8.843109e+00 2.153464e+00
    endloop
  endfacet
  facet normal -1.856728e-01 9.826115e-01 -5.720357e-04
    outer loop
      vertex -2.275860e+00 8.843109e+00 2.153464e+00
      vertex -2.201370e+00 8.856911e+00 1.684263e+00
      vertex -2.346199e+00 8.829540e+00 1.684263e+00
    endloop
  endfacet
  facet normal -2.017414e-01 9.794370e-01 1.928756e-03
    outer loop
      vertex -2.275860e+00 8.843109e+00 2.153464e+00
      vertex -2.346199e+00 8.829540e+00 1.684263e+00
      vertex -2.490959e+00 8.799730e+00 1.684263e+00
    endloop
  endfacet
  facet normal -2.178416e-01 9.759366e-01 9.633195e-03
    outer loop
      vertex -2.635571e+00 8.767450e+00 1.684263e+00
      vertex -2.275860e+00 8.843109e+00 2.153464e+00
      vertex -2.490959e+00 8.799730e+00 1.684263e+00
    endloop
  endfacet
  facet normal -2.524807e-01 9.676018e-01 -5.389756e-04
    outer loop
      vertex -2.779991e+00 8.732710e+00 9.671316e-01
      vertex -2.924149e+00 8.695499e+00 1.684263e+00
      vertex -2.849541e+00 8.715071e+00 1.880419e+00
    endloop
  endfacet
  facet normal -2.246448e-01 9.743236e-01 1.510889e-02
    outer loop
      vertex -2.275860e+00 8.843109e+00 2.153464e+00
      vertex -2.635571e+00 8.767450e+00 1.684263e+00
      vertex -2.849541e+00 8.715071e+00 1.880419e+00
    endloop
  endfacet
  facet normal -2.658831e-01 9.639927e-01 4.918839e-03
    outer loop
      vertex -2.849541e+00 8.715071e+00 1.880419e+00
      vertex -2.924149e+00 8.695499e+00 1.684263e+00
      vertex -3.067822e+00 8.655870e+00 1.684263e+00
    endloop
  endfacet
  facet normal -2.817640e-01 9.591825e-01 2.404282e-02
    outer loop
      vertex -2.849541e+00 8.715071e+00 1.880419e+00
      vertex -3.067822e+00 8.655870e+00 1.684263e+00
      vertex -3.211109e+00 8.613779e+00 1.684263e+00
    endloop
  endfacet
  facet normal -2.371532e-01 9.714720e-01 7.030079e-04
    outer loop
      vertex -2.779991e+00 8.732710e+00 9.671316e-01
      vertex -2.849541e+00 8.715071e+00 1.880419e+00
      vertex -2.635571e+00 8.767450e+00 1.684263e+00
    endloop
  endfacet
  facet normal -3.259162e-01 9.382241e-01 1.162505e-01
    outer loop
      vertex -3.423828e+00 8.546459e+00 1.631226e+00
      vertex -2.849541e+00 8.715071e+00 1.880419e+00
      vertex -3.211109e+00 8.613779e+00 1.684263e+00
    endloop
  endfacet
  facet normal -1.695401e-01 9.855232e-01 -3.624554e-04
    outer loop
      vertex -2.030121e+00 8.886110e+00 2.500000e-01
      vertex -2.201370e+00 8.856911e+00 9.671316e-01
      vertex -2.056530e+00 8.881830e+00 9.671316e-01
    endloop
  endfacet
  facet normal -2.017418e-01 9.794387e-01 -3.979164e-04
    outer loop
      vertex -2.318008e+00 8.835060e+00 2.500000e-01
      vertex -2.490959e+00 8.799730e+00 9.671316e-01
      vertex -2.346199e+00 8.829540e+00 9.671316e-01
    endloop
  endfacet
  facet normal -2.178517e-01 9.759819e-01 2.757697e-04
    outer loop
      vertex -2.605652e+00 8.774330e+00 2.500000e-01
      vertex -2.635571e+00 8.767450e+00 9.671316e-01
      vertex -2.490959e+00 8.799730e+00 9.671316e-01
    endloop
  endfacet
  facet normal -1.856728e-01 9.826116e-01 2.582469e-04
    outer loop
      vertex -2.346199e+00 8.829540e+00 9.671316e-01
      vertex -2.201370e+00 8.856911e+00 9.671316e-01
      vertex -2.318008e+00 8.835060e+00 2.500000e-01
    endloop
  endfacet
  facet normal -3.466485e-01 9.379865e-01 4.027502e-03
    outer loop
      vertex -3.423828e+00 8.546459e+00 1.631226e+00
      vertex -3.744030e+00 8.434050e+00 2.500000e-01
      vertex -3.992668e+00 8.337200e+00 1.406084e+00
    endloop
  endfacet
  facet normal -4.094976e-01 9.122976e-01 4.984517e-03
    outer loop
      vertex -3.992668e+00 8.337200e+00 1.406084e+00
      vertex -4.299030e+00 8.205999e+00 2.500000e-01
      vertex -4.553291e+00 8.086660e+00 1.203629e+00
    endloop
  endfacet
  facet normal -4.713298e-01 8.819348e-01 6.260002e-03
    outer loop
      vertex -4.839378e+00 7.940540e+00 2.500000e-01
      vertex -5.102890e+00 7.794230e+00 1.022494e+00
      vertex -4.553291e+00 8.086660e+00 1.203629e+00
    endloop
  endfacet
  facet normal -3.017319e-01 9.533928e-01 3.695150e-17
    outer loop
      vertex -3.211109e+00 8.613779e+00 1.684263e+00
      vertex -3.211109e+00 8.613779e+00 9.671316e-01
      vertex -3.423828e+00 8.546459e+00 1.631226e+00
    endloop
  endfacet
  facet normal -2.499679e-01 9.682541e-01 2.994908e-04
    outer loop
      vertex -2.892559e+00 8.703871e+00 2.500000e-01
      vertex -2.924149e+00 8.695499e+00 9.671316e-01
      vertex -2.779991e+00 8.732710e+00 9.671316e-01
    endloop
  endfacet
  facet normal -2.338547e-01 9.722715e-01 -4.275631e-04
    outer loop
      vertex -2.779991e+00 8.732710e+00 9.671316e-01
      vertex -2.635571e+00 8.767450e+00 9.671316e-01
      vertex -2.605652e+00 8.774330e+00 2.500000e-01
    endloop
  endfacet
  facet normal -1.534889e-01 9.881503e-01 2.444098e-04
    outer loop
      vertex -2.056530e+00 8.881830e+00 9.671316e-01
      vertex -1.911732e+00 8.904320e+00 9.671316e-01
      vertex -2.030121e+00 8.886110e+00 2.500000e-01
    endloop
  endfacet
  facet normal -4.717413e-02 9.988855e-01 -1.554253e-03
    outer loop
      vertex -8.852501e-01 8.995569e+00 2.500000e-01
      vertex -1.169571e+00 8.982140e+00 2.500000e-01
      vertex -1.042801e+00 8.989241e+00 9.671316e-01
    endloop
  endfacet
  facet normal -1.106750e-01 9.938554e-01 -1.568852e-03
    outer loop
      vertex -1.455448e+00 8.959530e+00 2.500000e-01
      vertex -1.742439e+00 8.927570e+00 2.500000e-01
      vertex -1.622509e+00 8.942051e+00 9.671316e-01
    endloop
  endfacet
  facet normal -1.426411e-01 9.897732e-01 -1.587578e-03
    outer loop
      vertex -1.742439e+00 8.927570e+00 2.500000e-01
      vertex -2.030121e+00 8.886110e+00 2.500000e-01
      vertex -1.911732e+00 8.904320e+00 9.671316e-01
    endloop
  endfacet
  facet normal -7.885686e-02 9.968847e-01 -1.552833e-03
    outer loop
      vertex -1.169571e+00 8.982140e+00 2.500000e-01
      vertex -1.455448e+00 8.959530e+00 2.500000e-01
      vertex -1.334160e+00 8.970240e+00 9.671316e-01
    endloop
  endfacet
  facet normal -2.818455e-01 9.594597e-01 3.056829e-04
    outer loop
      vertex -3.067822e+00 8.655870e+00 9.671316e-01
      vertex -3.178249e+00 8.623659e+00 2.500000e-01
      vertex -3.211109e+00 8.613779e+00 9.671316e-01
    endloop
  endfacet
  facet normal -4.558898e-01 8.900362e-01 3.865828e-04
    outer loop
      vertex -4.553291e+00 8.086660e+00 1.203629e+00
      vertex -4.571270e+00 8.077869e+00 2.500000e-01
      vertex -4.839378e+00 7.940540e+00 2.500000e-01
    endloop
  endfacet
  facet normal -2.065778e-01 9.784289e-01 -1.613957e-03
    outer loop
      vertex -2.605652e+00 8.774330e+00 2.500000e-01
      vertex -2.490959e+00 8.799730e+00 9.671316e-01
      vertex -2.318008e+00 8.835060e+00 2.500000e-01
    endloop
  endfacet
  facet normal -2.384864e-01 9.711445e-01 -1.618993e-03
    outer loop
      vertex -2.605652e+00 8.774330e+00 2.500000e-01
      vertex -2.892559e+00 8.703871e+00 2.500000e-01
      vertex -2.779991e+00 8.732710e+00 9.671316e-01
    endloop
  endfacet
  facet normal -1.745941e-01 9.846392e-01 -1.605384e-03
    outer loop
      vertex -2.201370e+00 8.856911e+00 9.671316e-01
      vertex -2.030121e+00 8.886110e+00 2.500000e-01
      vertex -2.318008e+00 8.835060e+00 2.500000e-01
    endloop
  endfacet
  facet normal -3.028130e-01 9.530499e-01 -3.810608e-04
    outer loop
      vertex -3.462238e+00 8.533701e+00 2.500000e-01
      vertex -3.423828e+00 8.546459e+00 1.631226e+00
      vertex -3.211109e+00 8.613779e+00 9.671316e-01
    endloop
  endfacet
  facet normal -1.569651e-02 9.998756e-01 -1.537944e-03
    outer loop
      vertex -6.028900e-01 9.000000e+00 2.500000e-01
      vertex -8.852501e-01 8.995569e+00 2.500000e-01
      vertex -7.489700e-01 8.998810e+00 9.671316e-01
    endloop
  endfacet
  facet normal -2.658863e-01 9.640043e-01 -4.513561e-04
    outer loop
      vertex -2.924149e+00 8.695499e+00 9.671316e-01
      vertex -2.892559e+00 8.703871e+00 2.500000e-01
      vertex -3.067822e+00 8.655870e+00 9.671316e-01
    endloop
  endfacet
  facet normal -3.019818e-01 9.533134e-01 -7.015612e-04
    outer loop
      vertex -3.211109e+00 8.613779e+00 9.671316e-01
      vertex -3.178249e+00 8.623659e+00 2.500000e-01
      vertex -3.462238e+00 8.533701e+00 2.500000e-01
    endloop
  endfacet
  facet normal -3.333941e-01 9.427874e-01 5.641422e-04
    outer loop
      vertex -3.462238e+00 8.533701e+00 2.500000e-01
      vertex -3.744030e+00 8.434050e+00 2.500000e-01
      vertex -3.423828e+00 8.546459e+00 1.631226e+00
    endloop
  endfacet
  facet normal -2.703204e-01 9.627691e-01 -1.617709e-03
    outer loop
      vertex -3.067822e+00 8.655870e+00 9.671316e-01
      vertex -2.892559e+00 8.703871e+00 2.500000e-01
      vertex -3.178249e+00 8.623659e+00 2.500000e-01
    endloop
  endfacet
  facet normal -3.954239e-01 9.184987e-01 5.513176e-04
    outer loop
      vertex -4.023121e+00 8.324780e+00 2.500000e-01
      vertex -4.299030e+00 8.205999e+00 2.500000e-01
      vertex -3.992668e+00 8.337200e+00 1.406084e+00
    endloop
  endfacet
  facet normal -4.258544e-01 9.047917e-01 -3.159026e-04
    outer loop
      vertex -4.299030e+00 8.205999e+00 2.500000e-01
      vertex -4.571270e+00 8.077869e+00 2.500000e-01
      vertex -4.553291e+00 8.086660e+00 1.203629e+00
    endloop
  endfacet
  facet normal -5.144362e-01 8.575287e-01 6.300027e-17
    outer loop
      vertex -5.102890e+00 7.794230e+00 2.500000e-01
      vertex -5.361351e+00 7.639179e+00 2.500000e-01
      vertex -5.102890e+00 7.794230e+00 1.022494e+00
    endloop
  endfacet
  facet normal -5.290905e-01 8.485390e-01 6.707381e-03
    outer loop
      vertex -5.102890e+00 7.794230e+00 1.022494e+00
      vertex -5.361351e+00 7.639179e+00 2.500000e-01
      vertex -5.595181e+00 7.488440e+00 8.738899e-01
    endloop
  endfacet
  facet normal -4.854291e-01 8.742760e-01 5.944792e-17
    outer loop
      vertex -4.839378e+00 7.940540e+00 2.500000e-01
      vertex -5.102890e+00 7.794230e+00 2.500000e-01
      vertex -5.102890e+00 7.794230e+00 1.022494e+00
    endloop
  endfacet
  facet normal -3.645692e-01 9.311762e-01 -3.973485e-04
    outer loop
      vertex -3.744030e+00 8.434050e+00 2.500000e-01
      vertex -4.023121e+00 8.324780e+00 2.500000e-01
      vertex -3.992668e+00 8.337200e+00 1.406084e+00
    endloop
  endfacet
  facet normal -5.428436e-01 8.398336e-01 -5.505809e-04
    outer loop
      vertex -5.614330e+00 7.475651e+00 2.500000e-01
      vertex -5.595181e+00 7.488440e+00 8.738899e-01
      vertex -5.361351e+00 7.639179e+00 2.500000e-01
    endloop
  endfacet
  facet normal -5.828747e-01 8.125178e-01 8.479093e-03
    outer loop
      vertex -6.069099e+00 7.149839e+00 7.424583e-01
      vertex -5.595181e+00 7.488440e+00 8.738899e-01
      vertex -5.861431e+00 7.303961e+00 2.500000e-01
    endloop
  endfacet
  facet normal -5.706297e-01 8.212072e-01 6.840418e-04
    outer loop
      vertex -5.614330e+00 7.475651e+00 2.500000e-01
      vertex -5.861431e+00 7.303961e+00 2.500000e-01
      vertex -5.595181e+00 7.488440e+00 8.738899e-01
    endloop
  endfacet
  facet normal -5.977480e-01 8.016833e-01 -1.183606e-03
    outer loop
      vertex -6.069099e+00 7.149839e+00 7.424583e-01
      vertex -5.861431e+00 7.303961e+00 2.500000e-01
      vertex -6.102249e+00 7.124399e+00 2.500000e-01
    endloop
  endfacet
  facet normal -6.241322e-01 7.813171e-01 1.644710e-03
    outer loop
      vertex -6.069099e+00 7.149839e+00 7.424583e-01
      vertex -6.102249e+00 7.124399e+00 2.500000e-01
      vertex -6.336418e+00 6.937330e+00 2.500000e-01
    endloop
  endfacet
  facet normal -6.345100e-01 7.728373e-01 1.093748e-02
    outer loop
      vertex -6.522659e+00 6.779091e+00 6.269493e-01
      vertex -6.069099e+00 7.149839e+00 7.424583e-01
      vertex -6.336418e+00 6.937330e+00 2.500000e-01
    endloop
  endfacet
  facet normal -6.838244e-01 7.294990e-01 1.467436e-02
    outer loop
      vertex -6.522659e+00 6.779091e+00 6.269493e-01
      vertex -6.783508e+00 6.542160e+00 2.500000e-01
      vertex -6.953918e+00 6.376860e+00 5.261164e-01
    endloop
  endfacet
  facet normal -7.742293e-01 6.320676e-01 3.254909e-02
    outer loop
      vertex -7.359241e+00 5.945721e+00 4.390841e-01
      vertex -7.584869e+00 5.679070e+00 2.500000e-01
      vertex -7.735840e+00 5.488230e+00 3.648748e-01
    endloop
  endfacet
  facet normal -8.144565e-01 5.770465e-01 6.064624e-02
    outer loop
      vertex -7.735840e+00 5.488230e+00 3.648748e-01
      vertex -7.935780e+00 5.218100e+00 2.500000e-01
      vertex -8.082279e+00 5.005840e+00 3.022575e-01
    endloop
  endfacet
  facet normal -7.305365e-01 6.825540e-01 2.089062e-02
    outer loop
      vertex -7.200298e+00 6.121611e+00 2.500000e-01
      vertex -7.359241e+00 5.945721e+00 4.390841e-01
      vertex -6.953918e+00 6.376860e+00 5.261164e-01
    endloop
  endfacet
  facet normal -6.497679e-01 7.601302e-01 -1.935423e-03
    outer loop
      vertex -6.563610e+00 6.743130e+00 2.500000e-01
      vertex -6.522659e+00 6.779091e+00 6.269493e-01
      vertex -6.336418e+00 6.937330e+00 2.500000e-01
    endloop
  endfacet
  facet normal -6.746194e-01 7.381603e-01 2.860537e-03
    outer loop
      vertex -6.522659e+00 6.779091e+00 6.269493e-01
      vertex -6.563610e+00 6.743130e+00 2.500000e-01
      vertex -6.783508e+00 6.542160e+00 2.500000e-01
    endloop
  endfacet
  facet normal -7.217619e-01 6.921286e-01 4.209991e-03
    outer loop
      vertex -6.953918e+00 6.376860e+00 5.261164e-01
      vertex -6.995819e+00 6.334850e+00 2.500000e-01
      vertex -7.200298e+00 6.121611e+00 2.500000e-01
    endloop
  endfacet
  facet normal -7.440545e-01 6.681075e-01 -3.910815e-03
    outer loop
      vertex -7.359241e+00 5.945721e+00 4.390841e-01
      vertex -7.200298e+00 6.121611e+00 2.500000e-01
      vertex -7.396721e+00 5.902870e+00 2.500000e-01
    endloop
  endfacet
  facet normal -6.986271e-01 7.154803e-01 -2.854003e-03
    outer loop
      vertex -6.953918e+00 6.376860e+00 5.261164e-01
      vertex -6.783508e+00 6.542160e+00 2.500000e-01
      vertex -6.995819e+00 6.334850e+00 2.500000e-01
    endloop
  endfacet
  facet normal -7.858466e-01 6.183978e-01 -5.428122e-03
    outer loop
      vertex -7.735840e+00 5.488230e+00 3.648748e-01
      vertex -7.584869e+00 5.679070e+00 2.500000e-01
      vertex -7.764610e+00 5.450670e+00 2.500000e-01
    endloop
  endfacet
  facet normal -8.053422e-01 5.927585e-01 7.836256e-03
    outer loop
      vertex -7.735840e+00 5.488230e+00 3.648748e-01
      vertex -7.764610e+00 5.450670e+00 2.500000e-01
      vertex -7.935780e+00 5.218100e+00 2.500000e-01
    endloop
  endfacet
  facet normal -8.414286e-01 5.402790e-01 9.822972e-03
    outer loop
      vertex -8.082279e+00 5.005840e+00 3.022575e-01
      vertex -8.098301e+00 4.981831e+00 2.500000e-01
      vertex -8.252102e+00 4.742319e+00 2.500000e-01
    endloop
  endfacet
  facet normal -8.415979e-01 5.036576e-01 1.950433e-01
    outer loop
      vertex -8.082279e+00 5.005840e+00 3.022575e-01
      vertex -8.252102e+00 4.742319e+00 2.500000e-01
      vertex -8.397110e+00 4.500000e+00 2.500000e-01
    endloop
  endfacet
  facet normal -8.238746e-01 5.667198e-01 -7.703281e-03
    outer loop
      vertex -8.082279e+00 5.005840e+00 3.022575e-01
      vertex -7.935780e+00 5.218100e+00 2.500000e-01
      vertex -8.098301e+00 4.981831e+00 2.500000e-01
    endloop
  endfacet
  facet normal -7.654159e-01 6.435089e-01 5.897451e-03
    outer loop
      vertex -7.359241e+00 5.945721e+00 4.390841e-01
      vertex -7.396721e+00 5.902870e+00 2.500000e-01
      vertex -7.584869e+00 5.679070e+00 2.500000e-01
    endloop
  endfacet
  facet normal -3.753875e-01 -2.167303e-01 9.011727e-01
    outer loop
      vertex -1.495781e+00 6.455641e+00 1.899993e+00
      vertex -1.173019e+00 6.641979e+00 2.079257e+00
      vertex -1.913719e+00 7.924910e+00 2.079257e+00
    endloop
  endfacet
  facet normal -3.753912e-01 -2.167311e-01 9.011710e-01
    outer loop
      vertex -1.495781e+00 6.455641e+00 1.899993e+00
      vertex -1.913719e+00 7.924910e+00 2.079257e+00
      vertex -2.236481e+00 7.738569e+00 1.899993e+00
    endloop
  endfacet
  facet normal -4.016355e-01 -2.318846e-01 8.859562e-01
    outer loop
      vertex -1.603230e+00 8.104179e+00 2.266933e+00
      vertex -1.913719e+00 7.924910e+00 2.079257e+00
      vertex -1.173019e+00 6.641979e+00 2.079257e+00
    endloop
  endfacet
  facet normal -3.279025e-01 -1.893148e-01 9.255484e-01
    outer loop
      vertex -2.124531e+00 6.092630e+00 1.590858e+00
      vertex -1.804920e+00 6.277161e+00 1.741835e+00
      vertex -2.545620e+00 7.560089e+00 1.741835e+00
    endloop
  endfacet
  facet normal -3.279059e-01 -1.893156e-01 9.255471e-01
    outer loop
      vertex -2.124531e+00 6.092630e+00 1.590858e+00
      vertex -2.545620e+00 7.560089e+00 1.741835e+00
      vertex -2.865231e+00 7.375561e+00 1.590858e+00
    endloop
  endfacet
  facet normal -3.508207e-01 -2.025454e-01 9.142758e-01
    outer loop
      vertex -1.804920e+00 6.277161e+00 1.741835e+00
      vertex -1.495781e+00 6.455641e+00 1.899993e+00
      vertex -2.236481e+00 7.738569e+00 1.899993e+00
    endloop
  endfacet
  facet normal -3.508171e-01 -2.025445e-01 9.142774e-01
    outer loop
      vertex -1.804920e+00 6.277161e+00 1.741835e+00
      vertex -2.236481e+00 7.738569e+00 1.899993e+00
      vertex -2.545620e+00 7.560089e+00 1.741835e+00
    endloop
  endfacet
  facet normal -3.508203e-01 -2.025462e-01 9.142758e-01
    outer loop
      vertex -1.495781e+00 6.455641e+00 1.899993e+00
      vertex -1.804920e+00 6.277161e+00 1.741835e+00
      vertex -1.064220e+00 4.994221e+00 1.741835e+00
    endloop
  endfacet
  facet normal -3.279054e-01 -1.893163e-01 9.255471e-01
    outer loop
      vertex -1.383831e+00 4.809700e+00 1.590858e+00
      vertex -1.064220e+00 4.994221e+00 1.741835e+00
      vertex -1.804920e+00 6.277161e+00 1.741835e+00
    endloop
  endfacet
  facet normal -3.279020e-01 -1.893155e-01 9.255485e-01
    outer loop
      vertex -1.383831e+00 4.809700e+00 1.590858e+00
      vertex -1.804920e+00 6.277161e+00 1.741835e+00
      vertex -2.124531e+00 6.092630e+00 1.590858e+00
    endloop
  endfacet
  facet normal -2.856308e-01 -1.649100e-01 9.440444e-01
    outer loop
      vertex -2.763680e+00 5.723619e+00 1.322622e+00
      vertex -2.439331e+00 5.910879e+00 1.453468e+00
      vertex -3.180031e+00 7.193810e+00 1.453468e+00
    endloop
  endfacet
  facet normal -2.856308e-01 -1.649100e-01 9.440444e-01
    outer loop
      vertex -2.763680e+00 5.723619e+00 1.322622e+00
      vertex -3.180031e+00 7.193810e+00 1.453468e+00
      vertex -3.504379e+00 7.006550e+00 1.322622e+00
    endloop
  endfacet
  facet normal -3.061876e-01 -1.767766e-01 9.354139e-01
    outer loop
      vertex -2.439331e+00 5.910879e+00 1.453468e+00
      vertex -2.124531e+00 6.092630e+00 1.590858e+00
      vertex -2.865231e+00 7.375561e+00 1.590858e+00
    endloop
  endfacet
  facet normal -3.061815e-01 -1.767751e-01 9.354162e-01
    outer loop
      vertex -2.439331e+00 5.910879e+00 1.453468e+00
      vertex -2.865231e+00 7.375561e+00 1.590858e+00
      vertex -3.180031e+00 7.193810e+00 1.453468e+00
    endloop
  endfacet
  facet normal -3.061815e-01 -1.767751e-01 9.354162e-01
    outer loop
      vertex -1.698631e+00 4.627939e+00 1.453468e+00
      vertex -1.383831e+00 4.809700e+00 1.590858e+00
      vertex -2.124531e+00 6.092630e+00 1.590858e+00
    endloop
  endfacet
  facet normal -3.061876e-01 -1.767766e-01 9.354139e-01
    outer loop
      vertex -1.698631e+00 4.627939e+00 1.453468e+00
      vertex -2.124531e+00 6.092630e+00 1.590858e+00
      vertex -2.439331e+00 5.910879e+00 1.453468e+00
    endloop
  endfacet
  facet normal -2.856316e-01 -1.649086e-01 9.440444e-01
    outer loop
      vertex -2.022980e+00 4.440680e+00 1.322622e+00
      vertex -1.698631e+00 4.627939e+00 1.453468e+00
      vertex -2.439331e+00 5.910879e+00 1.453468e+00
    endloop
  endfacet
  facet normal -2.856316e-01 -1.649086e-01 9.440444e-01
    outer loop
      vertex -2.022980e+00 4.440680e+00 1.322622e+00
      vertex -2.439331e+00 5.910879e+00 1.453468e+00
      vertex -2.763680e+00 5.723619e+00 1.322622e+00
    endloop
  endfacet
  facet normal -2.475353e-01 -1.429155e-01 9.582805e-01
    outer loop
      vertex -3.416302e+00 5.346821e+00 1.088702e+00
      vertex -3.085548e+00 5.537790e+00 1.202619e+00
      vertex -3.826248e+00 6.820721e+00 1.202619e+00
    endloop
  endfacet
  facet normal -2.475403e-01 -1.429167e-01 9.582790e-01
    outer loop
      vertex -3.416302e+00 5.346821e+00 1.088702e+00
      vertex -3.826248e+00 6.820721e+00 1.202619e+00
      vertex -4.157001e+00 6.629761e+00 1.088702e+00
    endloop
  endfacet
  facet normal -2.660966e-01 -1.536319e-01 9.516249e-01
    outer loop
      vertex -3.085548e+00 5.537790e+00 1.202619e+00
      vertex -2.763680e+00 5.723619e+00 1.322622e+00
      vertex -3.504379e+00 7.006550e+00 1.322622e+00
    endloop
  endfacet
  facet normal -2.660966e-01 -1.536319e-01 9.516249e-01
    outer loop
      vertex -3.085548e+00 5.537790e+00 1.202619e+00
      vertex -3.504379e+00 7.006550e+00 1.322622e+00
      vertex -3.826248e+00 6.820721e+00 1.202619e+00
    endloop
  endfacet
  facet normal -2.660973e-01 -1.536306e-01 9.516249e-01
    outer loop
      vertex -2.344849e+00 4.254850e+00 1.202619e+00
      vertex -2.022980e+00 4.440680e+00 1.322622e+00
      vertex -2.763680e+00 5.723619e+00 1.322622e+00
    endloop
  endfacet
  facet normal -2.660973e-01 -1.536306e-01 9.516249e-01
    outer loop
      vertex -2.344849e+00 4.254850e+00 1.202619e+00
      vertex -2.763680e+00 5.723619e+00 1.322622e+00
      vertex -3.085548e+00 5.537790e+00 1.202619e+00
    endloop
  endfacet
  facet normal -2.475403e-01 -1.429167e-01 9.582790e-01
    outer loop
      vertex -2.675591e+00 4.063900e+00 1.088702e+00
      vertex -2.344849e+00 4.254850e+00 1.202619e+00
      vertex -3.085548e+00 5.537790e+00 1.202619e+00
    endloop
  endfacet
  facet normal -2.475353e-01 -1.429155e-01 9.582805e-01
    outer loop
      vertex -2.675591e+00 4.063900e+00 1.088702e+00
      vertex -3.085548e+00 5.537790e+00 1.202619e+00
      vertex -3.416302e+00 5.346821e+00 1.088702e+00
    endloop
  endfacet
  facet normal -2.131814e-01 -1.230797e-01 9.692291e-01
    outer loop
      vertex -4.079491e+00 4.963930e+00 8.861237e-01
      vertex -3.743771e+00 5.157761e+00 9.845810e-01
      vertex -4.484470e+00 6.440701e+00 9.845810e-01
    endloop
  endfacet
  facet normal -2.131814e-01 -1.230797e-01 9.692291e-01
    outer loop
      vertex -4.079491e+00 4.963930e+00 8.861237e-01
      vertex -4.484470e+00 6.440701e+00 9.845810e-01
      vertex -4.820190e+00 6.246861e+00 8.861237e-01
    endloop
  endfacet
  facet normal -2.299115e-01 -1.327388e-01 9.641168e-01
    outer loop
      vertex -3.743771e+00 5.157761e+00 9.845810e-01
      vertex -3.416302e+00 5.346821e+00 1.088702e+00
      vertex -4.157001e+00 6.629761e+00 1.088702e+00
    endloop
  endfacet
  facet normal -2.299115e-01 -1.327388e-01 9.641168e-01
    outer loop
      vertex -3.743771e+00 5.157761e+00 9.845810e-01
      vertex -4.157001e+00 6.629761e+00 1.088702e+00
      vertex -4.484470e+00 6.440701e+00 9.845810e-01
    endloop
  endfacet
  facet normal -2.299109e-01 -1.327399e-01 9.641168e-01
    outer loop
      vertex -3.003059e+00 3.874830e+00 9.845810e-01
      vertex -2.675591e+00 4.063900e+00 1.088702e+00
      vertex -3.416302e+00 5.346821e+00 1.088702e+00
    endloop
  endfacet
  facet normal -2.299109e-01 -1.327399e-01 9.641168e-01
    outer loop
      vertex -3.003059e+00 3.874830e+00 9.845810e-01
      vertex -3.416302e+00 5.346821e+00 1.088702e+00
      vertex -3.743771e+00 5.157761e+00 9.845810e-01
    endloop
  endfacet
  facet normal -2.131791e-01 -1.230797e-01 9.692296e-01
    outer loop
      vertex -3.338791e+00 3.681000e+00 8.861237e-01
      vertex -3.003059e+00 3.874830e+00 9.845810e-01
      vertex -3.743771e+00 5.157761e+00 9.845810e-01
    endloop
  endfacet
  facet normal -2.131810e-01 -1.230802e-01 9.692292e-01
    outer loop
      vertex -3.338791e+00 3.681000e+00 8.861237e-01
      vertex -3.743771e+00 5.157761e+00 9.845810e-01
      vertex -4.079491e+00 4.963930e+00 8.861237e-01
    endloop
  endfacet
  facet normal -1.822041e-01 -1.051951e-01 9.776173e-01
    outer loop
      vertex -4.750851e+00 4.576321e+00 7.121048e-01
      vertex -4.411331e+00 4.772350e+00 7.964764e-01
      vertex -5.152031e+00 6.055281e+00 7.964764e-01
    endloop
  endfacet
  facet normal -1.822005e-01 -1.051941e-01 9.776181e-01
    outer loop
      vertex -4.750851e+00 4.576321e+00 7.121048e-01
      vertex -5.152031e+00 6.055281e+00 7.964764e-01
      vertex -5.491550e+00 5.859249e+00 7.121048e-01
    endloop
  endfacet
  facet normal -1.972914e-01 -1.139057e-01 9.737051e-01
    outer loop
      vertex -4.411331e+00 4.772350e+00 7.964764e-01
      vertex -4.079491e+00 4.963930e+00 8.861237e-01
      vertex -4.820190e+00 6.246861e+00 8.861237e-01
    endloop
  endfacet
  facet normal -1.972914e-01 -1.139057e-01 9.737051e-01
    outer loop
      vertex -4.411331e+00 4.772350e+00 7.964764e-01
      vertex -4.820190e+00 6.246861e+00 8.861237e-01
      vertex -5.152031e+00 6.055281e+00 7.964764e-01
    endloop
  endfacet
  facet normal -1.972927e-01 -1.139071e-01 9.737047e-01
    outer loop
      vertex -3.670620e+00 3.489420e+00 7.964764e-01
      vertex -3.338791e+00 3.681000e+00 8.861237e-01
      vertex -4.079491e+00 4.963930e+00 8.861237e-01
    endloop
  endfacet
  facet normal -1.972909e-01 -1.139066e-01 9.737051e-01
    outer loop
      vertex -3.670620e+00 3.489420e+00 7.964764e-01
      vertex -4.079491e+00 4.963930e+00 8.861237e-01
      vertex -4.411331e+00 4.772350e+00 7.964764e-01
    endloop
  endfacet
  facet normal -1.822005e-01 -1.051941e-01 9.776181e-01
    outer loop
      vertex -4.010151e+00 3.293390e+00 7.121048e-01
      vertex -3.670620e+00 3.489420e+00 7.964764e-01
      vertex -4.411331e+00 4.772350e+00 7.964764e-01
    endloop
  endfacet
  facet normal -1.822041e-01 -1.051951e-01 9.776173e-01
    outer loop
      vertex -4.010151e+00 3.293390e+00 7.121048e-01
      vertex -4.411331e+00 4.772350e+00 7.964764e-01
      vertex -4.750851e+00 4.576321e+00 7.121048e-01
    endloop
  endfacet
  facet normal -1.549833e-01 -8.947922e-02 9.838565e-01
    outer loop
      vertex -5.402859e+00 4.199881e+00 5.691996e-01
      vertex -5.073528e+00 4.390020e+00 6.383705e-01
      vertex -5.814232e+00 5.672960e+00 6.383705e-01
    endloop
  endfacet
  facet normal -1.549818e-01 -8.947881e-02 9.838568e-01
    outer loop
      vertex -5.402859e+00 4.199881e+00 5.691996e-01
      vertex -5.814232e+00 5.672960e+00 6.383705e-01
      vertex -6.143570e+00 5.482821e+00 5.691996e-01
    endloop
  endfacet
  facet normal -1.681178e-01 -9.706342e-02 9.809766e-01
    outer loop
      vertex -5.073528e+00 4.390020e+00 6.383705e-01
      vertex -4.750851e+00 4.576321e+00 7.121048e-01
      vertex -5.491550e+00 5.859249e+00 7.121048e-01
    endloop
  endfacet
  facet normal -1.681213e-01 -9.706440e-02 9.809759e-01
    outer loop
      vertex -5.073528e+00 4.390020e+00 6.383705e-01
      vertex -5.491550e+00 5.859249e+00 7.121048e-01
      vertex -5.814232e+00 5.672960e+00 6.383705e-01
    endloop
  endfacet
  facet normal -1.681205e-01 -9.706392e-02 9.809761e-01
    outer loop
      vertex -4.332829e+00 3.107090e+00 6.383705e-01
      vertex -4.010151e+00 3.293390e+00 7.121048e-01
      vertex -4.750851e+00 4.576321e+00 7.121048e-01
    endloop
  endfacet
  facet normal -1.681179e-01 -9.706321e-02 9.809766e-01
    outer loop
      vertex -4.332829e+00 3.107090e+00 6.383705e-01
      vertex -4.750851e+00 4.576321e+00 7.121048e-01
      vertex -5.073528e+00 4.390020e+00 6.383705e-01
    endloop
  endfacet
  facet normal -1.549817e-01 -8.947901e-02 9.838568e-01
    outer loop
      vertex -4.662159e+00 2.916950e+00 5.691996e-01
      vertex -4.332829e+00 3.107090e+00 6.383705e-01
      vertex -5.073528e+00 4.390020e+00 6.383705e-01
    endloop
  endfacet
  facet normal -1.549832e-01 -8.947942e-02 9.838565e-01
    outer loop
      vertex -4.662159e+00 2.916950e+00 5.691996e-01
      vertex -5.073528e+00 4.390020e+00 6.383705e-01
      vertex -5.402859e+00 4.199881e+00 5.691996e-01
    endloop
  endfacet
  facet normal -1.299444e-01 -7.502344e-02 9.886789e-01
    outer loop
      vertex -6.081490e+00 3.808069e+00 4.445467e-01
      vertex -5.738850e+00 4.005899e+00 5.045919e-01
      vertex -6.479549e+00 5.288830e+00 5.045919e-01
    endloop
  endfacet
  facet normal -1.299444e-01 -7.502344e-02 9.886789e-01
    outer loop
      vertex -6.081490e+00 3.808069e+00 4.445467e-01
      vertex -6.479549e+00 5.288830e+00 5.045919e-01
      vertex -6.822189e+00 5.091009e+00 4.445467e-01
    endloop
  endfacet
  facet normal -1.422594e-01 -8.213350e-02 9.864159e-01
    outer loop
      vertex -5.738850e+00 4.005899e+00 5.045919e-01
      vertex -5.402859e+00 4.199881e+00 5.691996e-01
      vertex -6.143570e+00 5.482821e+00 5.691996e-01
    endloop
  endfacet
  facet normal -1.422594e-01 -8.213350e-02 9.864159e-01
    outer loop
      vertex -5.738850e+00 4.005899e+00 5.045919e-01
      vertex -6.143570e+00 5.482821e+00 5.691996e-01
      vertex -6.479549e+00 5.288830e+00 5.045919e-01
    endloop
  endfacet
  facet normal -1.180177e-01 -6.813756e-02 9.906711e-01
    outer loop
      vertex -6.081490e+00 3.808069e+00 4.445467e-01
      vertex -6.822189e+00 5.091009e+00 4.445467e-01
      vertex -7.171490e+00 4.889339e+00 3.890648e-01
    endloop
  endfacet
  facet normal -4.614061e-01 -2.695282e-01 8.452567e-01
    outer loop
      vertex -1.149891e+00 8.983311e+00 2.771440e+00
      vertex -1.708420e+00 8.931770e+00 2.450111e+00
      vertex -6.028900e-01 7.674480e+00 2.652686e+00
    endloop
  endfacet
  facet normal -4.184327e-01 -2.466596e-01 8.741128e-01
    outer loop
      vertex -1.603230e+00 8.104179e+00 2.266933e+00
      vertex -1.708420e+00 8.931770e+00 2.450111e+00
      vertex -2.275860e+00 8.843109e+00 2.153464e+00
    endloop
  endfacet
  facet normal -3.782503e-01 -2.218162e-01 8.987348e-01
    outer loop
      vertex -2.275860e+00 8.843109e+00 2.153464e+00
      vertex -2.849541e+00 8.715071e+00 1.880419e+00
      vertex -1.913719e+00 7.924910e+00 2.079257e+00
    endloop
  endfacet
  facet normal -4.391881e-01 -2.470087e-01 8.637712e-01
    outer loop
      vertex -1.708420e+00 8.931770e+00 2.450111e+00
      vertex -1.603230e+00 8.104179e+00 2.266933e+00
      vertex -6.028900e-01 7.674480e+00 2.652686e+00
    endloop
  endfacet
  facet normal -5.072027e-01 -2.857482e-01 8.130765e-01
    outer loop
      vertex -1.149891e+00 8.983311e+00 2.771440e+00
      vertex -6.028900e-01 7.674480e+00 2.652686e+00
      vertex -6.028900e-01 9.000000e+00 3.118526e+00
    endloop
  endfacet
  facet normal -4.025180e-01 -2.303545e-01 8.859549e-01
    outer loop
      vertex -1.913719e+00 7.924910e+00 2.079257e+00
      vertex -1.603230e+00 8.104179e+00 2.266933e+00
      vertex -2.275860e+00 8.843109e+00 2.153464e+00
    endloop
  endfacet
  facet normal -3.750187e-01 -2.173759e-01 9.011708e-01
    outer loop
      vertex -1.913719e+00 7.924910e+00 2.079257e+00
      vertex -2.849541e+00 8.715071e+00 1.880419e+00
      vertex -2.236481e+00 7.738569e+00 1.899993e+00
    endloop
  endfacet
  facet normal -3.510820e-01 -2.020855e-01 9.142772e-01
    outer loop
      vertex -2.236481e+00 7.738569e+00 1.899993e+00
      vertex -2.849541e+00 8.715071e+00 1.880419e+00
      vertex -2.545620e+00 7.560089e+00 1.741835e+00
    endloop
  endfacet
  facet normal -3.283460e-01 -1.885530e-01 9.255467e-01
    outer loop
      vertex -3.423828e+00 8.546459e+00 1.631226e+00
      vertex -2.865231e+00 7.375561e+00 1.590858e+00
      vertex -2.545620e+00 7.560089e+00 1.741835e+00
    endloop
  endfacet
  facet normal -3.400912e-01 -1.997520e-01 9.189326e-01
    outer loop
      vertex -2.849541e+00 8.715071e+00 1.880419e+00
      vertex -3.423828e+00 8.546459e+00 1.631226e+00
      vertex -2.545620e+00 7.560089e+00 1.741835e+00
    endloop
  endfacet
  facet normal -3.048670e-01 -1.779031e-01 9.356317e-01
    outer loop
      vertex -3.992668e+00 8.337200e+00 1.406084e+00
      vertex -3.180031e+00 7.193810e+00 1.453468e+00
      vertex -3.423828e+00 8.546459e+00 1.631226e+00
    endloop
  endfacet
  facet normal -2.716182e-01 -1.592053e-01 9.491455e-01
    outer loop
      vertex -4.553291e+00 8.086660e+00 1.203629e+00
      vertex -3.504379e+00 7.006550e+00 1.322622e+00
      vertex -3.992668e+00 8.337200e+00 1.406084e+00
    endloop
  endfacet
  facet normal -3.054822e-01 -1.779856e-01 9.354153e-01
    outer loop
      vertex -3.423828e+00 8.546459e+00 1.631226e+00
      vertex -3.180031e+00 7.193810e+00 1.453468e+00
      vertex -2.865231e+00 7.375561e+00 1.590858e+00
    endloop
  endfacet
  facet normal -2.661195e-01 -1.535922e-01 9.516249e-01
    outer loop
      vertex -4.553291e+00 8.086660e+00 1.203629e+00
      vertex -3.826248e+00 6.820721e+00 1.202619e+00
      vertex -3.504379e+00 7.006550e+00 1.322622e+00
    endloop
  endfacet
  facet normal -2.860512e-01 -1.641816e-01 9.440440e-01
    outer loop
      vertex -3.504379e+00 7.006550e+00 1.322622e+00
      vertex -3.180031e+00 7.193810e+00 1.453468e+00
      vertex -3.992668e+00 8.337200e+00 1.406084e+00
    endloop
  endfacet
  facet normal -2.475356e-01 -1.429248e-01 9.582790e-01
    outer loop
      vertex -3.826248e+00 6.820721e+00 1.202619e+00
      vertex -4.553291e+00 8.086660e+00 1.203629e+00
      vertex -4.157001e+00 6.629761e+00 1.088702e+00
    endloop
  endfacet
  facet normal -4.410106e-01 -2.538776e-01 8.608461e-01
    outer loop
      vertex -6.028900e-01 6.306721e+00 2.249311e+00
      vertex -6.028900e-01 7.674480e+00 2.652686e+00
      vertex -1.603230e+00 8.104179e+00 2.266933e+00
    endloop
  endfacet
  facet normal -3.966131e-01 -2.227598e-01 8.905482e-01
    outer loop
      vertex -6.028900e-01 4.923100e+00 1.903214e+00
      vertex -6.028900e-01 6.306721e+00 2.249311e+00
      vertex -1.173019e+00 6.641979e+00 2.079257e+00
    endloop
  endfacet
  facet normal -4.006277e-01 -2.316543e-01 8.864726e-01
    outer loop
      vertex -1.173019e+00 6.641979e+00 2.079257e+00
      vertex -6.028900e-01 6.306721e+00 2.249311e+00
      vertex -1.603230e+00 8.104179e+00 2.266933e+00
    endloop
  endfacet
  facet normal -3.753500e-01 -2.167952e-01 9.011727e-01
    outer loop
      vertex -1.495781e+00 6.455641e+00 1.899993e+00
      vertex -6.028900e-01 4.923100e+00 1.903214e+00
      vertex -1.173019e+00 6.641979e+00 2.079257e+00
    endloop
  endfacet
  facet normal -3.505816e-01 -1.960838e-01 9.157750e-01
    outer loop
      vertex -6.028900e-01 3.549999e+00 1.609208e+00
      vertex -6.028900e-01 4.923100e+00 1.903214e+00
      vertex -1.064220e+00 4.994221e+00 1.741835e+00
    endloop
  endfacet
  facet normal -3.510294e-01 -2.025980e-01 9.141840e-01
    outer loop
      vertex -1.495781e+00 6.455641e+00 1.899993e+00
      vertex -1.064220e+00 4.994221e+00 1.741835e+00
      vertex -6.028900e-01 4.923100e+00 1.903214e+00
    endloop
  endfacet
  facet normal -3.083537e-01 -1.775474e-01 9.345560e-01
    outer loop
      vertex -1.023861e+00 3.524891e+00 1.465539e+00
      vertex -6.028900e-01 3.549999e+00 1.609208e+00
      vertex -1.383831e+00 4.809700e+00 1.590858e+00
    endloop
  endfacet
  facet normal -3.277000e-01 -1.896722e-01 9.255470e-01
    outer loop
      vertex -1.064220e+00 4.994221e+00 1.741835e+00
      vertex -1.383831e+00 4.809700e+00 1.590858e+00
      vertex -6.028900e-01 3.549999e+00 1.609208e+00
    endloop
  endfacet
  facet normal -2.857346e-01 -1.647302e-01 9.440444e-01
    outer loop
      vertex -1.456188e+00 3.445921e+00 1.320591e+00
      vertex -1.698631e+00 4.627939e+00 1.453468e+00
      vertex -2.022980e+00 4.440680e+00 1.322622e+00
    endloop
  endfacet
  facet normal -2.661293e-01 -1.535752e-01 9.516249e-01
    outer loop
      vertex -1.456188e+00 3.445921e+00 1.320591e+00
      vertex -2.022980e+00 4.440680e+00 1.322622e+00
      vertex -2.344849e+00 4.254850e+00 1.202619e+00
    endloop
  endfacet
  facet normal -2.863357e-01 -1.648311e-01 9.438446e-01
    outer loop
      vertex -1.456188e+00 3.445921e+00 1.320591e+00
      vertex -1.023861e+00 3.524891e+00 1.465539e+00
      vertex -1.698631e+00 4.627939e+00 1.453468e+00
    endloop
  endfacet
  facet normal -2.426976e-01 -1.384064e-01 9.601779e-01
    outer loop
      vertex -2.314869e+00 3.109921e+00 1.042368e+00
      vertex -1.890381e+00 3.308189e+00 1.178244e+00
      vertex -2.675591e+00 4.063900e+00 1.088702e+00
    endloop
  endfacet
  facet normal -2.642536e-01 -1.513874e-01 9.524977e-01
    outer loop
      vertex -2.344849e+00 4.254850e+00 1.202619e+00
      vertex -1.890381e+00 3.308189e+00 1.178244e+00
      vertex -1.456188e+00 3.445921e+00 1.320591e+00
    endloop
  endfacet
  facet normal -2.294261e-01 -1.335793e-01 9.641163e-01
    outer loop
      vertex -2.675591e+00 4.063900e+00 1.088702e+00
      vertex -3.003059e+00 3.874830e+00 9.845810e-01
      vertex -2.314869e+00 3.109921e+00 1.042368e+00
    endloop
  endfacet
  facet normal -2.472709e-01 -1.433832e-01 9.582789e-01
    outer loop
      vertex -2.344849e+00 4.254850e+00 1.202619e+00
      vertex -2.675591e+00 4.063900e+00 1.088702e+00
      vertex -1.890381e+00 3.308189e+00 1.178244e+00
    endloop
  endfacet
  facet normal -3.060584e-01 -1.769882e-01 9.354162e-01
    outer loop
      vertex -1.383831e+00 4.809700e+00 1.590858e+00
      vertex -1.698631e+00 4.627939e+00 1.453468e+00
      vertex -1.023861e+00 3.524891e+00 1.465539e+00
    endloop
  endfacet
  facet normal -2.412204e-01 -1.413523e-01 9.601210e-01
    outer loop
      vertex -4.157001e+00 6.629761e+00 1.088702e+00
      vertex -4.553291e+00 8.086660e+00 1.203629e+00
      vertex -5.102890e+00 7.794230e+00 1.022494e+00
    endloop
  endfacet
  facet normal -2.146297e-01 -1.251952e-01 9.686384e-01
    outer loop
      vertex -5.595181e+00 7.488440e+00 8.738899e-01
      vertex -4.484470e+00 6.440701e+00 9.845810e-01
      vertex -5.102890e+00 7.794230e+00 1.022494e+00
    endloop
  endfacet
  facet normal -2.129959e-01 -1.234008e-01 9.692291e-01
    outer loop
      vertex -4.820190e+00 6.246861e+00 8.861237e-01
      vertex -4.484470e+00 6.440701e+00 9.845810e-01
      vertex -5.595181e+00 7.488440e+00 8.738899e-01
    endloop
  endfacet
  facet normal -1.907046e-01 -1.116492e-01 9.752775e-01
    outer loop
      vertex -6.069099e+00 7.149839e+00 7.424583e-01
      vertex -5.152031e+00 6.055281e+00 7.964764e-01
      vertex -5.595181e+00 7.488440e+00 8.738899e-01
    endloop
  endfacet
  facet normal -1.974406e-01 -1.136472e-01 9.737051e-01
    outer loop
      vertex -5.595181e+00 7.488440e+00 8.738899e-01
      vertex -5.152031e+00 6.055281e+00 7.964764e-01
      vertex -4.820190e+00 6.246861e+00 8.861237e-01
    endloop
  endfacet
  facet normal -1.679184e-01 -9.741577e-02 9.809758e-01
    outer loop
      vertex -5.491550e+00 5.859249e+00 7.121048e-01
      vertex -6.522659e+00 6.779091e+00 6.269493e-01
      vertex -5.814232e+00 5.672960e+00 6.383705e-01
    endloop
  endfacet
  facet normal -1.825061e-01 -1.046647e-01 9.776179e-01
    outer loop
      vertex -5.491550e+00 5.859249e+00 7.121048e-01
      vertex -5.152031e+00 6.055281e+00 7.964764e-01
      vertex -6.069099e+00 7.149839e+00 7.424583e-01
    endloop
  endfacet
  facet normal -1.690502e-01 -9.871446e-02 9.806516e-01
    outer loop
      vertex -6.522659e+00 6.779091e+00 6.269493e-01
      vertex -5.491550e+00 5.859249e+00 7.121048e-01
      vertex -6.069099e+00 7.149839e+00 7.424583e-01
    endloop
  endfacet
  facet normal -1.487900e-01 -8.739622e-02 9.849992e-01
    outer loop
      vertex -6.953918e+00 6.376860e+00 5.261164e-01
      vertex -6.143570e+00 5.482821e+00 5.691996e-01
      vertex -6.522659e+00 6.779091e+00 6.269493e-01
    endloop
  endfacet
  facet normal -1.307896e-01 -7.657735e-02 9.884483e-01
    outer loop
      vertex -6.479549e+00 5.288830e+00 5.045919e-01
      vertex -6.953918e+00 6.376860e+00 5.261164e-01
      vertex -7.359241e+00 5.945721e+00 4.390841e-01
    endloop
  endfacet
  facet normal -1.181508e-01 -6.790704e-02 9.906710e-01
    outer loop
      vertex -6.822189e+00 5.091009e+00 4.445467e-01
      vertex -7.359241e+00 5.945721e+00 4.390841e-01
      vertex -7.171490e+00 4.889339e+00 3.890648e-01
    endloop
  endfacet
  facet normal -1.425341e-01 -8.165766e-02 9.864158e-01
    outer loop
      vertex -6.479549e+00 5.288830e+00 5.045919e-01
      vertex -6.143570e+00 5.482821e+00 5.691996e-01
      vertex -6.953918e+00 6.376860e+00 5.261164e-01
    endloop
  endfacet
  facet normal -9.901109e-02 -5.784294e-02 9.934038e-01
    outer loop
      vertex -7.735840e+00 5.488230e+00 3.648748e-01
      vertex -8.082279e+00 5.005840e+00 3.022575e-01
      vertex -7.217960e+00 3.819210e+00 3.193102e-01
    endloop
  endfacet
  facet normal -1.298144e-01 -7.524850e-02 9.886789e-01
    outer loop
      vertex -7.359241e+00 5.945721e+00 4.390841e-01
      vertex -6.822189e+00 5.091009e+00 4.445467e-01
      vertex -6.479549e+00 5.288830e+00 5.045919e-01
    endloop
  endfacet
  facet normal -8.668708e-02 -4.884276e-02 9.950376e-01
    outer loop
      vertex -8.397110e+00 4.500000e+00 2.500000e-01
      vertex -7.217960e+00 3.819210e+00 3.193102e-01
      vertex -8.082279e+00 5.005840e+00 3.022575e-01
    endloop
  endfacet
  facet normal -1.137475e-01 -6.715129e-02 9.912377e-01
    outer loop
      vertex -7.171490e+00 4.889339e+00 3.890648e-01
      vertex -7.359241e+00 5.945721e+00 4.390841e-01
      vertex -7.735840e+00 5.488230e+00 3.648748e-01
    endloop
  endfacet
  facet normal -1.551412e-01 -8.920275e-02 9.838568e-01
    outer loop
      vertex -5.814232e+00 5.672960e+00 6.383705e-01
      vertex -6.522659e+00 6.779091e+00 6.269493e-01
      vertex -6.143570e+00 5.482821e+00 5.691996e-01
    endloop
  endfacet
  facet normal -2.129129e-01 -1.235407e-01 9.692295e-01
    outer loop
      vertex -2.717491e+00 2.851299e+00 9.168501e-01
      vertex -3.003059e+00 3.874830e+00 9.845810e-01
      vertex -3.338791e+00 3.681000e+00 8.861237e-01
    endloop
  endfacet
  facet normal -1.825829e-01 -1.045317e-01 9.776178e-01
    outer loop
      vertex -3.085732e+00 2.537319e+00 8.039103e-01
      vertex -3.670620e+00 3.489420e+00 7.964764e-01
      vertex -4.010151e+00 3.293390e+00 7.121048e-01
    endloop
  endfacet
  facet normal -1.974241e-01 -1.136796e-01 9.737046e-01
    outer loop
      vertex -3.085732e+00 2.537319e+00 8.039103e-01
      vertex -3.338791e+00 3.681000e+00 8.861237e-01
      vertex -3.670620e+00 3.489420e+00 7.964764e-01
    endloop
  endfacet
  facet normal -2.008687e-01 -1.143852e-01 9.729172e-01
    outer loop
      vertex -3.085732e+00 2.537319e+00 8.039103e-01
      vertex -2.717491e+00 2.851299e+00 9.168501e-01
      vertex -3.338791e+00 3.681000e+00 8.861237e-01
    endloop
  endfacet
  facet normal -1.667791e-01 -9.567381e-02 9.813416e-01
    outer loop
      vertex -3.677280e+00 1.775000e+00 6.199121e-01
      vertex -3.408329e+00 2.175070e+00 7.046242e-01
      vertex -4.332829e+00 3.107090e+00 6.383705e-01
    endloop
  endfacet
  facet normal -1.829476e-01 -1.049919e-01 9.775003e-01
    outer loop
      vertex -4.010151e+00 3.293390e+00 7.121048e-01
      vertex -3.408329e+00 2.175070e+00 7.046242e-01
      vertex -3.085732e+00 2.537319e+00 8.039103e-01
    endloop
  endfacet
  facet normal -1.681328e-01 -9.704257e-02 9.809761e-01
    outer loop
      vertex -4.010151e+00 3.293390e+00 7.121048e-01
      vertex -4.332829e+00 3.107090e+00 6.383705e-01
      vertex -3.408329e+00 2.175070e+00 7.046242e-01
    endloop
  endfacet
  facet normal -2.208320e-01 -1.256151e-01 9.671887e-01
    outer loop
      vertex -2.314869e+00 3.109921e+00 1.042368e+00
      vertex -3.003059e+00 3.874830e+00 9.845810e-01
      vertex -2.717491e+00 2.851299e+00 9.168501e-01
    endloop
  endfacet
  facet normal -1.422595e-01 -8.213337e-02 9.864159e-01
    outer loop
      vertex -4.662159e+00 2.916950e+00 5.691996e-01
      vertex -5.402859e+00 4.199881e+00 5.691996e-01
      vertex -5.738850e+00 4.005899e+00 5.045919e-01
    endloop
  endfacet
  facet normal -1.062984e-01 -6.007996e-02 9.925176e-01
    outer loop
      vertex -7.735840e+00 5.488230e+00 3.648748e-01
      vertex -7.217960e+00 3.819210e+00 3.193102e-01
      vertex -7.171490e+00 4.889339e+00 3.890648e-01
    endloop
  endfacet
  facet normal -1.052178e-01 -6.013416e-02 9.926294e-01
    outer loop
      vertex -7.217960e+00 3.819210e+00 3.193102e-01
      vertex -6.035339e+00 3.136431e+00 4.033031e-01
      vertex -7.171490e+00 4.889339e+00 3.890648e-01
    endloop
  endfacet
  facet normal -1.446502e-01 -8.096045e-02 9.861652e-01
    outer loop
      vertex -4.853642e+00 2.454170e+00 5.031214e-01
      vertex -3.677280e+00 1.775000e+00 6.199121e-01
      vertex -4.662159e+00 2.916950e+00 5.691996e-01
    endloop
  endfacet
  facet normal -1.547911e-01 -8.980910e-02 9.838568e-01
    outer loop
      vertex -4.662159e+00 2.916950e+00 5.691996e-01
      vertex -3.677280e+00 1.775000e+00 6.199121e-01
      vertex -4.332829e+00 3.107090e+00 6.383705e-01
    endloop
  endfacet
  facet normal -1.236176e-01 -6.928131e-02 9.899085e-01
    outer loop
      vertex -6.035339e+00 3.136431e+00 4.033031e-01
      vertex -4.853642e+00 2.454170e+00 5.031214e-01
      vertex -6.081490e+00 3.808069e+00 4.445467e-01
    endloop
  endfacet
  facet normal -1.421573e-01 -8.203101e-02 9.864392e-01
    outer loop
      vertex -5.738850e+00 4.005899e+00 5.045919e-01
      vertex -4.853642e+00 2.454170e+00 5.031214e-01
      vertex -4.662159e+00 2.916950e+00 5.691996e-01
    endloop
  endfacet
  facet normal -1.188564e-01 -6.899118e-02 9.905117e-01
    outer loop
      vertex -7.171490e+00 4.889339e+00 3.890648e-01
      vertex -6.035339e+00 3.136431e+00 4.033031e-01
      vertex -6.081490e+00 3.808069e+00 4.445467e-01
    endloop
  endfacet
  facet normal -1.299259e-01 -7.505549e-02 9.886789e-01
    outer loop
      vertex -4.853642e+00 2.454170e+00 5.031214e-01
      vertex -5.738850e+00 4.005899e+00 5.045919e-01
      vertex -6.081490e+00 3.808069e+00 4.445467e-01
    endloop
  endfacet
  facet normal -2.302258e-01 -1.321943e-01 9.641166e-01
    outer loop
      vertex -5.102890e+00 7.794230e+00 1.022494e+00
      vertex -4.484470e+00 6.440701e+00 9.845810e-01
      vertex -4.157001e+00 6.629761e+00 1.088702e+00
    endloop
  endfacet
  facet normal -8.580776e-01 5.135201e-01 1.050842e-16
    outer loop
      vertex -8.397110e+00 4.500000e+00 1.776357e-15
      vertex -8.397110e+00 4.500000e+00 2.500000e-01
      vertex -8.252102e+00 4.742319e+00 2.500000e-01
    endloop
  endfacet
  facet normal -8.414684e-01 5.403045e-01 -1.405550e-03
    outer loop
      vertex -8.086712e+00 4.999241e+00 1.776357e-15
      vertex -8.252102e+00 4.742319e+00 2.500000e-01
      vertex -8.098301e+00 4.981831e+00 2.500000e-01
    endloop
  endfacet
  facet normal -8.053656e-01 5.927758e-01 -1.734953e-03
    outer loop
      vertex -7.749561e+00 5.470381e+00 1.776357e-15
      vertex -7.935780e+00 5.218100e+00 2.500000e-01
      vertex -7.764610e+00 5.450670e+00 2.500000e-01
    endloop
  endfacet
  facet normal -7.858573e-01 6.184062e-01 1.460513e-03
    outer loop
      vertex -7.749561e+00 5.470381e+00 1.776357e-15
      vertex -7.764610e+00 5.450670e+00 2.500000e-01
      vertex -7.584869e+00 5.679070e+00 2.500000e-01
    endloop
  endfacet
  facet normal -8.238985e-01 5.667362e-01 1.250190e-03
    outer loop
      vertex -8.086712e+00 4.999241e+00 1.776357e-15
      vertex -8.098301e+00 4.981831e+00 2.500000e-01
      vertex -7.935780e+00 5.218100e+00 2.500000e-01
    endloop
  endfacet
  facet normal -7.440591e-01 6.681117e-01 1.676228e-03
    outer loop
      vertex -7.377838e+00 5.924520e+00 1.776357e-15
      vertex -7.396721e+00 5.902870e+00 2.500000e-01
      vertex -7.200298e+00 6.121611e+00 2.500000e-01
    endloop
  endfacet
  facet normal -7.217663e-01 6.921328e-01 -2.361929e-03
    outer loop
      vertex -6.972778e+00 6.358021e+00 1.776357e-15
      vertex -7.200298e+00 6.121611e+00 2.500000e-01
      vertex -6.995819e+00 6.334850e+00 2.500000e-01
    endloop
  endfacet
  facet normal -6.746197e-01 7.381606e-01 -2.663802e-03
    outer loop
      vertex -6.536652e+00 6.766870e+00 1.776357e-15
      vertex -6.783508e+00 6.542160e+00 2.500000e-01
      vertex -6.563610e+00 6.743130e+00 2.500000e-01
    endloop
  endfacet
  facet normal -6.497677e-01 7.601299e-01 2.103284e-03
    outer loop
      vertex -6.536652e+00 6.766870e+00 1.776357e-15
      vertex -6.563610e+00 6.743130e+00 2.500000e-01
      vertex -6.336418e+00 6.937330e+00 2.500000e-01
    endloop
  endfacet
  facet normal -6.986287e-01 7.154818e-01 1.935606e-03
    outer loop
      vertex -6.972778e+00 6.358021e+00 1.776357e-15
      vertex -6.995819e+00 6.334850e+00 2.500000e-01
      vertex -6.783508e+00 6.542160e+00 2.500000e-01
    endloop
  endfacet
  facet normal -7.654277e-01 6.435187e-01 -2.067405e-03
    outer loop
      vertex -7.377838e+00 5.924520e+00 1.776357e-15
      vertex -7.584869e+00 5.679070e+00 2.500000e-01
      vertex -7.396721e+00 5.902870e+00 2.500000e-01
    endloop
  endfacet
  facet normal -8.490801e-01 5.279161e-01 -1.917280e-02
    outer loop
      vertex -8.086712e+00 4.999241e+00 1.776357e-15
      vertex -8.397110e+00 4.500000e+00 1.776357e-15
      vertex -8.252102e+00 4.742319e+00 2.500000e-01
    endloop
  endfacet
  facet normal -8.130849e-01 5.818509e-01 -1.850975e-02
    outer loop
      vertex -7.749561e+00 5.470381e+00 1.776357e-15
      vertex -8.086712e+00 4.999241e+00 1.776357e-15
      vertex -7.935780e+00 5.218100e+00 2.500000e-01
    endloop
  endfacet
  facet normal -7.305335e-01 6.826026e-01 -1.935305e-02
    outer loop
      vertex -6.972778e+00 6.358021e+00 1.776357e-15
      vertex -7.377838e+00 5.924520e+00 1.776357e-15
      vertex -7.200298e+00 6.121611e+00 2.500000e-01
    endloop
  endfacet
  facet normal -6.837849e-01 7.294212e-01 -1.956922e-02
    outer loop
      vertex -6.536652e+00 6.766870e+00 1.776357e-15
      vertex -6.972778e+00 6.358021e+00 1.776357e-15
      vertex -6.783508e+00 6.542160e+00 2.500000e-01
    endloop
  endfacet
  facet normal -7.736924e-01 6.332774e-01 -1.896671e-02
    outer loop
      vertex -7.749561e+00 5.470381e+00 1.776357e-15
      vertex -7.584869e+00 5.679070e+00 2.500000e-01
      vertex -7.377838e+00 5.924520e+00 1.776357e-15
    endloop
  endfacet
  facet normal -5.977472e-01 8.016823e-01 1.947079e-03
    outer loop
      vertex -6.076210e+00 7.144421e+00 1.776357e-15
      vertex -6.102249e+00 7.124399e+00 2.500000e-01
      vertex -5.861431e+00 7.303961e+00 2.500000e-01
    endloop
  endfacet
  facet normal -5.706285e-01 8.212054e-01 -2.175554e-03
    outer loop
      vertex -5.589668e+00 7.492130e+00 1.776357e-15
      vertex -5.861431e+00 7.303961e+00 2.500000e-01
      vertex -5.614330e+00 7.475651e+00 2.500000e-01
    endloop
  endfacet
  facet normal -5.813280e-01 8.134319e-01 -1.965724e-02
    outer loop
      vertex -5.589668e+00 7.492130e+00 1.776357e-15
      vertex -6.076210e+00 7.144421e+00 1.776357e-15
      vertex -5.861431e+00 7.303961e+00 2.500000e-01
    endloop
  endfacet
  facet normal -5.259607e-01 8.502791e-01 -1.977083e-02
    outer loop
      vertex -5.080009e+00 7.807390e+00 1.776357e-15
      vertex -5.589668e+00 7.492130e+00 1.776357e-15
      vertex -5.361351e+00 7.639179e+00 2.500000e-01
    endloop
  endfacet
  facet normal -5.144352e-01 8.575271e-01 -1.923909e-03
    outer loop
      vertex -5.080009e+00 7.807390e+00 1.776357e-15
      vertex -5.361351e+00 7.639179e+00 2.500000e-01
      vertex -5.102890e+00 7.794230e+00 2.500000e-01
    endloop
  endfacet
  facet normal -5.428429e-01 8.398324e-01 1.792294e-03
    outer loop
      vertex -5.589668e+00 7.492130e+00 1.776357e-15
      vertex -5.614330e+00 7.475651e+00 2.500000e-01
      vertex -5.361351e+00 7.639179e+00 2.500000e-01
    endloop
  endfacet
  facet normal -6.339490e-01 7.731307e-01 -1.943050e-02
    outer loop
      vertex -6.076210e+00 7.144421e+00 1.776357e-15
      vertex -6.536652e+00 6.766870e+00 1.776357e-15
      vertex -6.336418e+00 6.937330e+00 2.500000e-01
    endloop
  endfacet
  facet normal -6.241311e-01 7.813159e-01 -2.431487e-03
    outer loop
      vertex -6.076210e+00 7.144421e+00 1.776357e-15
      vertex -6.336418e+00 6.937330e+00 2.500000e-01
      vertex -6.102249e+00 7.124399e+00 2.500000e-01
    endloop
  endfacet
  facet normal -4.558892e-01 8.900350e-01 -1.667929e-03
    outer loop
      vertex -4.550560e+00 8.088011e+00 0.000000e+00
      vertex -4.839378e+00 7.940540e+00 2.500000e-01
      vertex -4.571270e+00 8.077869e+00 2.500000e-01
    endloop
  endfacet
  facet normal -4.258540e-01 9.047908e-01 1.418648e-03
    outer loop
      vertex -4.550560e+00 8.088011e+00 0.000000e+00
      vertex -4.571270e+00 8.077869e+00 2.500000e-01
      vertex -4.299030e+00 8.205999e+00 2.500000e-01
    endloop
  endfacet
  facet normal -3.645689e-01 9.311756e-01 1.235455e-03
    outer loop
      vertex -4.004890e+00 8.332251e+00 0.000000e+00
      vertex -4.023121e+00 8.324780e+00 2.500000e-01
      vertex -3.744030e+00 8.434050e+00 2.500000e-01
    endloop
  endfacet
  facet normal -3.333940e-01 9.427869e-01 -1.141771e-03
    outer loop
      vertex -3.446751e+00 8.538870e+00 0.000000e+00
      vertex -3.744030e+00 8.434050e+00 2.500000e-01
      vertex -3.462238e+00 8.533701e+00 2.500000e-01
    endloop
  endfacet
  facet normal -3.954234e-01 9.184979e-01 -1.393277e-03
    outer loop
      vertex -4.004890e+00 8.332251e+00 0.000000e+00
      vertex -4.299030e+00 8.205999e+00 2.500000e-01
      vertex -4.023121e+00 8.324780e+00 2.500000e-01
    endloop
  endfacet
  facet normal -2.703207e-01 9.627699e-01 -8.905952e-04
    outer loop
      vertex -2.880020e+00 8.707161e+00 0.000000e+00
      vertex -3.178249e+00 8.623659e+00 2.500000e-01
      vertex -2.892559e+00 8.703871e+00 2.500000e-01
    endloop
  endfacet
  facet normal -2.384866e-01 9.711455e-01 8.157396e-04
    outer loop
      vertex -2.880020e+00 8.707161e+00 0.000000e+00
      vertex -2.892559e+00 8.703871e+00 2.500000e-01
      vertex -2.605652e+00 8.774330e+00 2.500000e-01
    endloop
  endfacet
  facet normal -1.745943e-01 9.846403e-01 6.127516e-04
    outer loop
      vertex -2.308559e+00 8.836889e+00 0.000000e+00
      vertex -2.318008e+00 8.835060e+00 2.500000e-01
      vertex -2.030121e+00 8.886110e+00 2.500000e-01
    endloop
  endfacet
  facet normal -1.426413e-01 9.897744e-01 -4.477308e-04
    outer loop
      vertex -1.736149e+00 8.928360e+00 0.000000e+00
      vertex -2.030121e+00 8.886110e+00 2.500000e-01
      vertex -1.742439e+00 8.927570e+00 2.500000e-01
    endloop
  endfacet
  facet normal -2.065780e-01 9.784299e-01 -6.415932e-04
    outer loop
      vertex -2.308559e+00 8.836889e+00 0.000000e+00
      vertex -2.605652e+00 8.774330e+00 2.500000e-01
      vertex -2.318008e+00 8.835060e+00 2.500000e-01
    endloop
  endfacet
  facet normal -3.019817e-01 9.533132e-01 1.021557e-03
    outer loop
      vertex -3.446751e+00 8.538870e+00 0.000000e+00
      vertex -3.462238e+00 8.533701e+00 2.500000e-01
      vertex -3.178249e+00 8.623659e+00 2.500000e-01
    endloop
  endfacet
  facet normal -4.682103e-01 8.833949e-01 -1.981886e-02
    outer loop
      vertex -4.550560e+00 8.088011e+00 0.000000e+00
      vertex -5.080009e+00 7.807390e+00 1.776357e-15
      vertex -4.839378e+00 7.940540e+00 2.500000e-01
    endloop
  endfacet
  facet normal -4.084682e-01 9.125591e-01 -1.974032e-02
    outer loop
      vertex -4.004890e+00 8.332251e+00 0.000000e+00
      vertex -4.550560e+00 8.088011e+00 0.000000e+00
      vertex -4.299030e+00 8.205999e+00 2.500000e-01
    endloop
  endfacet
  facet normal -2.846087e-01 9.584479e-01 -1.937862e-02
    outer loop
      vertex -2.880020e+00 8.707161e+00 0.000000e+00
      vertex -3.446751e+00 8.538870e+00 0.000000e+00
      vertex -3.178249e+00 8.623659e+00 2.500000e-01
    endloop
  endfacet
  facet normal -2.213407e-01 9.750107e-01 -1.904049e-02
    outer loop
      vertex -2.308559e+00 8.836889e+00 0.000000e+00
      vertex -2.880020e+00 8.707161e+00 0.000000e+00
      vertex -2.605652e+00 8.774330e+00 2.500000e-01
    endloop
  endfacet
  facet normal -3.471052e-01 9.376211e-01 -1.961154e-02
    outer loop
      vertex -4.004890e+00 8.332251e+00 0.000000e+00
      vertex -3.744030e+00 8.434050e+00 2.500000e-01
      vertex -3.446751e+00 8.538870e+00 0.000000e+00
    endloop
  endfacet
  facet normal -7.885695e-02 9.968859e-01 -1.932818e-04
    outer loop
      vertex -1.166451e+00 8.982340e+00 0.000000e+00
      vertex -1.455448e+00 8.959530e+00 2.500000e-01
      vertex -1.169571e+00 8.982140e+00 2.500000e-01
    endloop
  endfacet
  facet normal -4.717420e-02 9.988867e-01 2.037601e-04
    outer loop
      vertex -1.166451e+00 8.982340e+00 0.000000e+00
      vertex -1.169571e+00 8.982140e+00 2.500000e-01
      vertex -8.852501e-01 8.995569e+00 2.500000e-01
    endloop
  endfacet
  facet normal -9.431026e-02 9.953765e-01 -1.819466e-02
    outer loop
      vertex -1.166451e+00 8.982340e+00 0.000000e+00
      vertex -1.736149e+00 8.928360e+00 0.000000e+00
      vertex -1.455448e+00 8.959530e+00 2.500000e-01
    endloop
  endfacet
  facet normal -3.131942e-02 9.993535e-01 -1.765465e-02
    outer loop
      vertex -6.028900e-01 9.000000e+00 0.000000e+00
      vertex -1.166451e+00 8.982340e+00 0.000000e+00
      vertex -8.852501e-01 8.995569e+00 2.500000e-01
    endloop
  endfacet
  facet normal -1.569653e-02 9.998768e-01 1.922270e-18
    outer loop
      vertex -6.028900e-01 9.000000e+00 0.000000e+00
      vertex -8.852501e-01 8.995569e+00 2.500000e-01
      vertex -6.028900e-01 9.000000e+00 2.500000e-01
    endloop
  endfacet
  facet normal -1.577675e-01 9.873001e-01 -1.865208e-02
    outer loop
      vertex -2.030121e+00 8.886110e+00 2.500000e-01
      vertex -1.736149e+00 8.928360e+00 0.000000e+00
      vertex -2.308559e+00 8.836889e+00 0.000000e+00
    endloop
  endfacet
  facet normal -1.106751e-01 9.938566e-01 3.695516e-04
    outer loop
      vertex -1.455448e+00 8.959530e+00 2.500000e-01
      vertex -1.736149e+00 8.928360e+00 0.000000e+00
      vertex -1.742439e+00 8.927570e+00 2.500000e-01
    endloop
  endfacet
  facet normal -4.854285e-01 8.742749e-01 1.611626e-03
    outer loop
      vertex -5.102890e+00 7.794230e+00 2.500000e-01
      vertex -4.839378e+00 7.940540e+00 2.500000e-01
      vertex -5.080009e+00 7.807390e+00 1.776357e-15
    endloop
  endfacet
  facet normal -5.000011e-01 -8.660248e-01 6.123247e-17
    outer loop
      vertex -4.231861e+00 2.095181e+00 1.549778e-01
      vertex -4.231861e+00 2.095181e+00 3.099566e-01
      vertex -4.833641e+00 2.442619e+00 3.099566e-01
    endloop
  endfacet
  facet normal -5.000011e-01 -8.660248e-01 6.123247e-17
    outer loop
      vertex -4.231861e+00 2.095181e+00 1.549778e-01
      vertex -4.833641e+00 2.442619e+00 3.099566e-01
      vertex -4.833641e+00 2.442619e+00 1.549778e-01
    endloop
  endfacet
  facet normal -5.000005e-01 -8.660251e-01 6.123241e-17
    outer loop
      vertex -4.833641e+00 2.442619e+00 1.549778e-01
      vertex -4.833641e+00 2.442619e+00 3.099566e-01
      vertex -6.035339e+00 3.136431e+00 4.033031e-01
    endloop
  endfacet
  facet normal -5.000002e-01 -8.660253e-01 6.390416e-06
    outer loop
      vertex -4.833641e+00 2.442619e+00 3.099566e-01
      vertex -4.853642e+00 2.454170e+00 5.031214e-01
      vertex -6.035339e+00 3.136431e+00 4.033031e-01
    endloop
  endfacet
  facet normal -5.000014e-01 -8.660246e-01 5.147032e-06
    outer loop
      vertex -3.677280e+00 1.775000e+00 6.199121e-01
      vertex -4.853642e+00 2.454170e+00 5.031214e-01
      vertex -4.231861e+00 2.095181e+00 3.099566e-01
    endloop
  endfacet
  facet normal -5.000011e-01 -8.660248e-01 6.267187e-06
    outer loop
      vertex -4.833641e+00 2.442619e+00 3.099566e-01
      vertex -4.231861e+00 2.095181e+00 3.099566e-01
      vertex -4.853642e+00 2.454170e+00 5.031214e-01
    endloop
  endfacet
  facet normal -4.999992e-01 -8.660259e-01 6.123223e-17
    outer loop
      vertex -3.677280e+00 1.775000e+00 6.199121e-01
      vertex -4.231861e+00 2.095181e+00 3.099566e-01
      vertex -3.677280e+00 1.775000e+00 2.500000e-01
    endloop
  endfacet
  facet normal -4.999992e-01 -8.660259e-01 6.123223e-17
    outer loop
      vertex -4.231861e+00 2.095181e+00 3.099566e-01
      vertex -4.231861e+00 2.095181e+00 1.549778e-01
      vertex -3.677280e+00 1.775000e+00 2.500000e-01
    endloop
  endfacet
  facet normal -5.000016e-01 -8.660245e-01 6.128187e-06
    outer loop
      vertex -7.217960e+00 3.819210e+00 3.193102e-01
      vertex -6.037201e+00 3.137501e+00 1.776357e-15
      vertex -6.035339e+00 3.136431e+00 4.033031e-01
    endloop
  endfacet
  facet normal -5.000013e-01 -8.660247e-01 6.123249e-17
    outer loop
      vertex -7.217159e+00 3.818750e+00 1.776357e-15
      vertex -8.397110e+00 4.500000e+00 2.500000e-01
      vertex -8.397110e+00 4.500000e+00 1.776357e-15
    endloop
  endfacet
  facet normal -5.000013e-01 -8.660247e-01 7.822097e-06
    outer loop
      vertex -7.217159e+00 3.818750e+00 1.776357e-15
      vertex -6.037201e+00 3.137501e+00 1.776357e-15
      vertex -7.217960e+00 3.819210e+00 3.193102e-01
    endloop
  endfacet
  facet normal -4.999996e-01 -8.660256e-01 6.116058e-06
    outer loop
      vertex -6.035339e+00 3.136431e+00 4.033031e-01
      vertex -6.037201e+00 3.137501e+00 1.776357e-15
      vertex -4.833641e+00 2.442619e+00 1.549778e-01
    endloop
  endfacet
  facet normal -5.000011e-01 -8.660248e-01 -1.067803e-05
    outer loop
      vertex -4.857231e+00 2.456249e+00 1.776357e-15
      vertex -4.231861e+00 2.095181e+00 1.549778e-01
      vertex -4.833641e+00 2.442619e+00 1.549778e-01
    endloop
  endfacet
  facet normal -5.000013e-01 -8.660247e-01 -9.814541e-06
    outer loop
      vertex -4.231861e+00 2.095181e+00 1.549778e-01
      vertex -4.857231e+00 2.456249e+00 1.776357e-15
      vertex -3.677280e+00 1.775000e+00 0.000000e+00
    endloop
  endfacet
  facet normal -4.999979e-01 -8.660266e-01 -1.131791e-05
    outer loop
      vertex -4.857231e+00 2.456249e+00 1.776357e-15
      vertex -4.833641e+00 2.442619e+00 1.549778e-01
      vertex -6.037201e+00 3.137501e+00 1.776357e-15
    endloop
  endfacet
  facet normal -4.999992e-01 -8.660259e-01 6.123223e-17
    outer loop
      vertex -3.677280e+00 1.775000e+00 2.500000e-01
      vertex -4.231861e+00 2.095181e+00 1.549778e-01
      vertex -3.677280e+00 1.775000e+00 0.000000e+00
    endloop
  endfacet
  facet normal -5.000000e-01 -8.660254e-01 7.826264e-06
    outer loop
      vertex -7.217960e+00 3.819210e+00 3.193102e-01
      vertex -8.397110e+00 4.500000e+00 2.500000e-01
      vertex -7.217159e+00 3.818750e+00 1.776357e-15
    endloop
  endfacet
  facet normal 1.000000e+00 0.000000e+00 -1.224647e-16
    outer loop
      vertex -6.028900e-01 4.190380e+00 3.664274e-01
      vertex -6.028900e-01 4.885250e+00 3.664274e-01
      vertex -6.028900e-01 4.885250e+00 7.640390e-01
    endloop
  endfacet
  facet normal 1.000000e+00 0.000000e+00 -1.224647e-16
    outer loop
      vertex -6.028900e-01 4.190380e+00 3.664274e-01
      vertex -6.028900e-01 4.885250e+00 7.640390e-01
      vertex -6.028900e-01 4.190380e+00 7.640390e-01
    endloop
  endfacet
  facet normal 1.000000e+00 0.000000e+00 -1.224647e-16
    outer loop
      vertex -6.028900e-01 4.885250e+00 7.640390e-01
      vertex -6.028900e-01 6.275000e+00 7.640390e-01
      vertex -6.028900e-01 6.275000e+00 1.559263e+00
    endloop
  endfacet
  facet normal 1.000000e+00 0.000000e+00 -1.224647e-16
    outer loop
      vertex -6.028900e-01 4.885250e+00 7.640390e-01
      vertex -6.028900e-01 6.275000e+00 1.559263e+00
      vertex -6.028900e-01 4.885250e+00 1.559263e+00
    endloop
  endfacet
  facet normal 1.000000e+00 0.000000e+00 -1.224647e-16
    outer loop
      vertex -6.028900e-01 7.664749e+00 3.664274e-01
      vertex -6.028900e-01 8.359631e+00 3.664274e-01
      vertex -6.028900e-01 8.359631e+00 7.640390e-01
    endloop
  endfacet
  facet normal 1.000000e+00 0.000000e+00 -1.224647e-16
    outer loop
      vertex -6.028900e-01 7.664749e+00 3.664274e-01
      vertex -6.028900e-01 8.359631e+00 7.640390e-01
      vertex -6.028900e-01 7.664749e+00 7.640390e-01
    endloop
  endfacet
  facet normal 1.000000e+00 0.000000e+00 -1.224647e-16
    outer loop
      vertex -6.028900e-01 6.275000e+00 7.640390e-01
      vertex -6.028900e-01 7.664749e+00 7.640390e-01
      vertex -6.028900e-01 7.664749e+00 1.559263e+00
    endloop
  endfacet
  facet normal 1.000000e+00 0.000000e+00 -1.224647e-16
    outer loop
      vertex -6.028900e-01 6.275000e+00 7.640390e-01
      vertex -6.028900e-01 7.664749e+00 1.559263e+00
      vertex -6.028900e-01 6.275000e+00 1.559263e+00
    endloop
  endfacet
  facet normal 1.000000e+00 0.000000e+00 -1.224647e-16
    outer loop
      vertex -6.028900e-01 7.664749e+00 1.559263e+00
      vertex -6.028900e-01 8.359631e+00 7.640390e-01
      vertex -6.028900e-01 9.000000e+00 3.118526e+00
    endloop
  endfacet
  facet normal 1.000000e+00 0.000000e+00 -1.224647e-16
    outer loop
      vertex -6.028900e-01 7.674480e+00 2.652686e+00
      vertex -6.028900e-01 7.664749e+00 1.559263e+00
      vertex -6.028900e-01 9.000000e+00 3.118526e+00
    endloop
  endfacet
  facet normal 1.000000e+00 0.000000e+00 -1.224647e-16
    outer loop
      vertex -6.028900e-01 9.000000e+00 2.500000e-01
      vertex -6.028900e-01 9.000000e+00 3.118526e+00
      vertex -6.028900e-01 8.359631e+00 7.640390e-01
    endloop
  endfacet
  facet normal 1.000000e+00 0.000000e+00 -1.224647e-16
    outer loop
      vertex -6.028900e-01 6.275000e+00 1.559263e+00
      vertex -6.028900e-01 7.664749e+00 1.559263e+00
      vertex -6.028900e-01 6.306721e+00 2.249311e+00
    endloop
  endfacet
  facet normal 1.000000e+00 0.000000e+00 -1.224647e-16
    outer loop
      vertex -6.028900e-01 7.674480e+00 2.652686e+00
      vertex -6.028900e-01 6.306721e+00 2.249311e+00
      vertex -6.028900e-01 7.664749e+00 1.559263e+00
    endloop
  endfacet
  facet normal 1.000000e+00 0.000000e+00 -1.224647e-16
    outer loop
      vertex -6.028900e-01 4.923100e+00 1.903214e+00
      vertex -6.028900e-01 6.275000e+00 1.559263e+00
      vertex -6.028900e-01 6.306721e+00 2.249311e+00
    endloop
  endfacet
  facet normal 1.000000e+00 0.000000e+00 -1.224647e-16
    outer loop
      vertex -6.028900e-01 7.664749e+00 7.640390e-01
      vertex -6.028900e-01 8.359631e+00 7.640390e-01
      vertex -6.028900e-01 7.664749e+00 1.559263e+00
    endloop
  endfacet
  facet normal 1.000000e+00 0.000000e+00 -1.224647e-16
    outer loop
      vertex -6.028900e-01 9.000000e+00 0.000000e+00
      vertex -6.028900e-01 9.000000e+00 2.500000e-01
      vertex -6.028900e-01 8.359631e+00 3.664274e-01
    endloop
  endfacet
  facet normal 1.000000e+00 0.000000e+00 -1.224647e-16
    outer loop
      vertex -6.028900e-01 8.359631e+00 3.664274e-01
      vertex -6.028900e-01 9.000000e+00 2.500000e-01
      vertex -6.028900e-01 8.359631e+00 7.640390e-01
    endloop
  endfacet
  facet normal 1.000000e+00 0.000000e+00 -1.224647e-16
    outer loop
      vertex -6.028900e-01 7.637501e+00 0.000000e+00
      vertex -6.028900e-01 9.000000e+00 0.000000e+00
      vertex -6.028900e-01 8.359631e+00 3.664274e-01
    endloop
  endfacet
  facet normal 1.000000e+00 0.000000e+00 -1.224647e-16
    outer loop
      vertex -6.028900e-01 7.664749e+00 3.664274e-01
      vertex -6.028900e-01 7.664749e+00 7.640390e-01
      vertex -6.028900e-01 6.275000e+00 7.640390e-01
    endloop
  endfacet
  facet normal 1.000000e+00 0.000000e+00 -1.224647e-16
    outer loop
      vertex -6.028900e-01 6.275000e+00 0.000000e+00
      vertex -6.028900e-01 7.637501e+00 0.000000e+00
      vertex -6.028900e-01 7.664749e+00 3.664274e-01
    endloop
  endfacet
  facet normal 1.000000e+00 0.000000e+00 -1.224647e-16
    outer loop
      vertex -6.028900e-01 8.359631e+00 3.664274e-01
      vertex -6.028900e-01 7.664749e+00 3.664274e-01
      vertex -6.028900e-01 7.637501e+00 0.000000e+00
    endloop
  endfacet
  facet normal 1.000000e+00 0.000000e+00 -1.224647e-16
    outer loop
      vertex -6.028900e-01 4.923100e+00 1.903214e+00
      vertex -6.028900e-01 4.885250e+00 1.559263e+00
      vertex -6.028900e-01 6.275000e+00 1.559263e+00
    endloop
  endfacet
  facet normal 1.000000e+00 0.000000e+00 -1.224647e-16
    outer loop
      vertex -6.028900e-01 3.549999e+00 1.609208e+00
      vertex -6.028900e-01 4.885250e+00 1.559263e+00
      vertex -6.028900e-01 4.923100e+00 1.903214e+00
    endloop
  endfacet
  facet normal 1.000000e+00 0.000000e+00 -1.224647e-16
    outer loop
      vertex -6.028900e-01 4.190380e+00 7.640390e-01
      vertex -6.028900e-01 4.885250e+00 7.640390e-01
      vertex -6.028900e-01 4.885250e+00 1.559263e+00
    endloop
  endfacet
  facet normal 1.000000e+00 0.000000e+00 -1.224647e-16
    outer loop
      vertex -6.028900e-01 3.549999e+00 1.609208e+00
      vertex -6.028900e-01 3.549999e+00 9.296036e-01
      vertex -6.028900e-01 4.885250e+00 1.559263e+00
    endloop
  endfacet
  facet normal 1.000000e+00 0.000000e+00 -1.224647e-16
    outer loop
      vertex -6.028900e-01 3.549999e+00 9.296036e-01
      vertex -6.028900e-01 4.190380e+00 7.640390e-01
      vertex -6.028900e-01 4.885250e+00 1.559263e+00
    endloop
  endfacet
  facet normal 1.000000e+00 0.000000e+00 -1.224647e-16
    outer loop
      vertex -6.028900e-01 4.885250e+00 3.664274e-01
      vertex -6.028900e-01 6.275000e+00 7.640390e-01
      vertex -6.028900e-01 4.885250e+00 7.640390e-01
    endloop
  endfacet
  facet normal 1.000000e+00 0.000000e+00 -1.224647e-16
    outer loop
      vertex -6.028900e-01 4.912500e+00 0.000000e+00
      vertex -6.028900e-01 6.275000e+00 0.000000e+00
      vertex -6.028900e-01 4.885250e+00 3.664274e-01
    endloop
  endfacet
  facet normal 1.000000e+00 0.000000e+00 -1.224647e-16
    outer loop
      vertex -6.028900e-01 4.885250e+00 3.664274e-01
      vertex -6.028900e-01 6.275000e+00 0.000000e+00
      vertex -6.028900e-01 6.275000e+00 7.640390e-01
    endloop
  endfacet
  facet normal 1.000000e+00 0.000000e+00 -1.224647e-16
    outer loop
      vertex -6.028900e-01 4.190380e+00 3.664274e-01
      vertex -6.028900e-01 4.912500e+00 0.000000e+00
      vertex -6.028900e-01 4.885250e+00 3.664274e-01
    endloop
  endfacet
  facet normal 1.000000e+00 0.000000e+00 -1.224647e-16
    outer loop
      vertex -6.028900e-01 4.190380e+00 3.664274e-01
      vertex -6.028900e-01 4.190380e+00 7.640390e-01
      vertex -6.028900e-01 3.549999e+00 9.296036e-01
    endloop
  endfacet
  facet normal 1.000000e+00 0.000000e+00 -1.224647e-16
    outer loop
      vertex -6.028900e-01 4.190380e+00 3.664274e-01
      vertex -6.028900e-01 3.549999e+00 9.296036e-01
      vertex -6.028900e-01 3.549999e+00 2.500000e-01
    endloop
  endfacet
  facet normal 1.000000e+00 0.000000e+00 -1.224647e-16
    outer loop
      vertex -6.028900e-01 4.190380e+00 3.664274e-01
      vertex -6.028900e-01 3.549999e+00 2.500000e-01
      vertex -6.028900e-01 3.549999e+00 0.000000e+00
    endloop
  endfacet
  facet normal 1.000000e+00 0.000000e+00 -1.224647e-16
    outer loop
      vertex -6.028900e-01 4.912500e+00 0.000000e+00
      vertex -6.028900e-01 4.190380e+00 3.664274e-01
      vertex -6.028900e-01 3.549999e+00 0.000000e+00
    endloop
  endfacet
  facet normal 1.000000e+00 0.000000e+00 -1.224647e-16
    outer loop
      vertex -6.028900e-01 7.664749e+00 3.664274e-01
      vertex -6.028900e-01 6.275000e+00 7.640390e-01
      vertex -6.028900e-01 6.275000e+00 0.000000e+00
    endloop
  endfacet
  facet normal 8.931596e-01 -4.497398e-01 -1.093805e-16
    outer loop
      vertex 7.468491e+00 -3.981560e+00 9.671316e-01
      vertex 7.468491e+00 -3.981560e+00 1.684263e+00
      vertex 7.401989e+00 -4.113640e+00 1.684263e+00
    endloop
  endfacet
  facet normal 8.931596e-01 -4.497398e-01 -1.093805e-16
    outer loop
      vertex 7.468491e+00 -3.981560e+00 9.671316e-01
      vertex 7.401989e+00 -4.113640e+00 1.684263e+00
      vertex 7.401989e+00 -4.113640e+00 9.671316e-01
    endloop
  endfacet
  facet normal 8.856642e-01 -4.643263e-01 -1.084626e-16
    outer loop
      vertex 7.401989e+00 -4.113640e+00 9.671316e-01
      vertex 7.401989e+00 -4.113640e+00 1.684263e+00
      vertex 7.333591e+00 -4.244110e+00 1.684263e+00
    endloop
  endfacet
  facet normal 8.856642e-01 -4.643263e-01 -1.084626e-16
    outer loop
      vertex 7.401989e+00 -4.113640e+00 9.671316e-01
      vertex 7.333591e+00 -4.244110e+00 1.684263e+00
      vertex 7.333591e+00 -4.244110e+00 9.671316e-01
    endloop
  endfacet
  facet normal 8.779522e-01 -4.787483e-01 -1.075181e-16
    outer loop
      vertex 7.333591e+00 -4.244110e+00 9.671316e-01
      vertex 7.333591e+00 -4.244110e+00 1.684263e+00
      vertex 7.263359e+00 -4.372898e+00 1.684263e+00
    endloop
  endfacet
  facet normal 8.779522e-01 -4.787483e-01 -1.197022e-16
    outer loop
      vertex 7.333591e+00 -4.244110e+00 9.671316e-01
      vertex 7.263359e+00 -4.372898e+00 1.684263e+00
      vertex 7.263359e+00 -4.372898e+00 9.671316e-01
    endloop
  endfacet
  facet normal 9.202875e-01 -3.912427e-01 -1.127027e-16
    outer loop
      vertex 7.707939e+00 -3.454010e+00 9.671316e-01
      vertex 7.707939e+00 -3.454010e+00 1.684263e+00
      vertex 7.650970e+00 -3.588009e+00 1.684263e+00
    endloop
  endfacet
  facet normal 9.202875e-01 -3.912427e-01 -1.127027e-16
    outer loop
      vertex 7.707939e+00 -3.454010e+00 9.671316e-01
      vertex 7.650970e+00 -3.588009e+00 1.684263e+00
      vertex 7.650970e+00 -3.588009e+00 9.671316e-01
    endloop
  endfacet
  facet normal 9.138517e-01 -4.060482e-01 -1.119146e-16
    outer loop
      vertex 7.650970e+00 -3.588009e+00 9.671316e-01
      vertex 7.650970e+00 -3.588009e+00 1.684263e+00
      vertex 7.592041e+00 -3.720631e+00 1.684263e+00
    endloop
  endfacet
  facet normal 9.138517e-01 -4.060482e-01 -1.119146e-16
    outer loop
      vertex 7.650970e+00 -3.588009e+00 9.671316e-01
      vertex 7.592041e+00 -3.720631e+00 1.684263e+00
      vertex 7.592041e+00 -3.720631e+00 9.671316e-01
    endloop
  endfacet
  facet normal 9.071974e-01 -4.207052e-01 -1.110996e-16
    outer loop
      vertex 7.592041e+00 -3.720631e+00 9.671316e-01
      vertex 7.592041e+00 -3.720631e+00 1.684263e+00
      vertex 7.531200e+00 -3.851830e+00 1.684263e+00
    endloop
  endfacet
  facet normal 9.071974e-01 -4.207052e-01 -1.110996e-16
    outer loop
      vertex 7.592041e+00 -3.720631e+00 9.671316e-01
      vertex 7.531200e+00 -3.851830e+00 1.684263e+00
      vertex 7.531200e+00 -3.851830e+00 9.671316e-01
    endloop
  endfacet
  facet normal 9.003353e-01 -4.351969e-01 -1.102593e-16
    outer loop
      vertex 7.531200e+00 -3.851830e+00 9.671316e-01
      vertex 7.531200e+00 -3.851830e+00 1.684263e+00
      vertex 7.468491e+00 -3.981560e+00 1.684263e+00
    endloop
  endfacet
  facet normal 9.003353e-01 -4.351969e-01 -1.102593e-16
    outer loop
      vertex 7.531200e+00 -3.851830e+00 9.671316e-01
      vertex 7.468491e+00 -3.981560e+00 1.684263e+00
      vertex 7.468491e+00 -3.981560e+00 9.671316e-01
    endloop
  endfacet
  facet normal 9.437945e-01 -3.305326e-01 -1.155815e-16
    outer loop
      vertex 7.915379e+00 -2.905022e+00 9.671316e-01
      vertex 7.915379e+00 -2.905022e+00 1.684263e+00
      vertex 7.866661e+00 -3.044121e+00 1.684263e+00
    endloop
  endfacet
  facet normal 9.437945e-01 -3.305326e-01 -1.155815e-16
    outer loop
      vertex 7.915379e+00 -2.905022e+00 9.671316e-01
      vertex 7.866661e+00 -3.044121e+00 1.684263e+00
      vertex 7.866661e+00 -3.044121e+00 9.671316e-01
    endloop
  endfacet
  facet normal 9.382678e-01 -3.459098e-01 -1.149047e-16
    outer loop
      vertex 7.866661e+00 -3.044121e+00 9.671316e-01
      vertex 7.866661e+00 -3.044121e+00 1.684263e+00
      vertex 7.815830e+00 -3.182018e+00 1.684263e+00
    endloop
  endfacet
  facet normal 9.382678e-01 -3.459098e-01 -1.149047e-16
    outer loop
      vertex 7.866661e+00 -3.044121e+00 9.671316e-01
      vertex 7.815830e+00 -3.182018e+00 1.684263e+00
      vertex 7.815830e+00 -3.182018e+00 9.671316e-01
    endloop
  endfacet
  facet normal 9.325084e-01 -3.611482e-01 -1.141993e-16
    outer loop
      vertex 7.815830e+00 -3.182018e+00 9.671316e-01
      vertex 7.815830e+00 -3.182018e+00 1.684263e+00
      vertex 7.762909e+00 -3.318668e+00 1.684263e+00
    endloop
  endfacet
  facet normal 9.325084e-01 -3.611482e-01 -1.141993e-16
    outer loop
      vertex 7.815830e+00 -3.182018e+00 9.671316e-01
      vertex 7.762909e+00 -3.318668e+00 1.684263e+00
      vertex 7.762909e+00 -3.318668e+00 9.671316e-01
    endloop
  endfacet
  facet normal 9.265061e-01 -3.762797e-01 -1.134643e-16
    outer loop
      vertex 7.762909e+00 -3.318668e+00 9.671316e-01
      vertex 7.762909e+00 -3.318668e+00 1.684263e+00
      vertex 7.707939e+00 -3.454010e+00 1.684263e+00
    endloop
  endfacet
  facet normal 9.265061e-01 -3.762797e-01 -1.134643e-16
    outer loop
      vertex 7.762909e+00 -3.318668e+00 9.671316e-01
      vertex 7.707939e+00 -3.454010e+00 1.684263e+00
      vertex 7.707939e+00 -3.454010e+00 9.671316e-01
    endloop
  endfacet
  facet normal 9.635036e-01 -2.676954e-01 -1.179952e-16
    outer loop
      vertex 8.048420e+00 -2.480930e+00 9.671316e-01
      vertex 8.088268e+00 -2.337479e+00 9.671316e-01
      vertex 8.088268e+00 -2.337479e+00 1.684263e+00
    endloop
  endfacet
  facet normal 9.589429e-01 -2.835995e-01 -1.174366e-16
    outer loop
      vertex 8.006290e+00 -2.623371e+00 1.684263e+00
      vertex 8.006290e+00 -2.623371e+00 9.671316e-01
      vertex 8.048420e+00 -2.480930e+00 9.671316e-01
    endloop
  endfacet
  facet normal 9.541487e-01 -2.993332e-01 -1.168495e-16
    outer loop
      vertex 8.006290e+00 -2.623371e+00 9.671316e-01
      vertex 8.006290e+00 -2.623371e+00 1.684263e+00
      vertex 7.961941e+00 -2.764751e+00 1.684263e+00
    endloop
  endfacet
  facet normal 9.541487e-01 -2.993332e-01 -1.168495e-16
    outer loop
      vertex 8.006290e+00 -2.623371e+00 9.671316e-01
      vertex 7.961941e+00 -2.764751e+00 1.684263e+00
      vertex 7.961941e+00 -2.764751e+00 9.671316e-01
    endloop
  endfacet
  facet normal 9.490903e-01 -3.150041e-01 -1.162300e-16
    outer loop
      vertex 7.961941e+00 -2.764751e+00 9.671316e-01
      vertex 7.961941e+00 -2.764751e+00 1.684263e+00
      vertex 7.915379e+00 -2.905022e+00 1.684263e+00
    endloop
  endfacet
  facet normal 9.490903e-01 -3.150041e-01 -1.162300e-16
    outer loop
      vertex 7.961941e+00 -2.764751e+00 9.671316e-01
      vertex 7.915379e+00 -2.905022e+00 1.684263e+00
      vertex 7.915379e+00 -2.905022e+00 9.671316e-01
    endloop
  endfacet
  facet normal 9.718414e-01 -2.356358e-01 -1.190162e-16
    outer loop
      vertex 8.160980e+00 -2.048100e+00 9.671316e-01
      vertex 8.160980e+00 -2.048100e+00 1.684263e+00
      vertex 8.125790e+00 -2.193241e+00 1.684263e+00
    endloop
  endfacet
  facet normal 9.718414e-01 -2.356358e-01 -1.190162e-16
    outer loop
      vertex 8.160980e+00 -2.048100e+00 9.671316e-01
      vertex 8.125790e+00 -2.193241e+00 1.684263e+00
      vertex 8.125790e+00 -2.193241e+00 9.671316e-01
    endloop
  endfacet
  facet normal 9.678030e-01 -2.517091e-01 -1.185217e-16
    outer loop
      vertex 8.125790e+00 -2.193241e+00 9.671316e-01
      vertex 8.125790e+00 -2.193241e+00 1.684263e+00
      vertex 8.088268e+00 -2.337479e+00 1.684263e+00
    endloop
  endfacet
  facet normal 9.678030e-01 -2.517091e-01 -1.185217e-16
    outer loop
      vertex 8.125790e+00 -2.193241e+00 9.671316e-01
      vertex 8.088268e+00 -2.337479e+00 1.684263e+00
      vertex 8.088268e+00 -2.337479e+00 9.671316e-01
    endloop
  endfacet
  facet normal 8.818597e-01 -4.715000e-01 3.337848e-03
    outer loop
      vertex 7.333591e+00 -4.244110e+00 1.684263e+00
      vertex 7.450390e+00 -4.017941e+00 2.771440e+00
      vertex 7.191341e+00 -4.500000e+00 3.118526e+00
    endloop
  endfacet
  facet normal 8.779510e-01 -4.787476e-01 1.657109e-03
    outer loop
      vertex 7.191341e+00 -4.500000e+00 3.118526e+00
      vertex 7.263359e+00 -4.372898e+00 1.684263e+00
      vertex 7.333591e+00 -4.244110e+00 1.684263e+00
    endloop
  endfacet
  facet normal 8.856633e-01 -4.643258e-01 1.436769e-03
    outer loop
      vertex 7.450390e+00 -4.017941e+00 2.771440e+00
      vertex 7.333591e+00 -4.244110e+00 1.684263e+00
      vertex 7.401989e+00 -4.113640e+00 1.684263e+00
    endloop
  endfacet
  facet normal 8.700468e-01 -4.929691e-01 -1.065500e-16
    outer loop
      vertex 7.263359e+00 -4.372898e+00 9.671316e-01
      vertex 7.263359e+00 -4.372898e+00 1.684263e+00
      vertex 7.191341e+00 -4.500000e+00 2.500000e-01
    endloop
  endfacet
  facet normal 8.931596e-01 -4.497397e-01 -1.809673e-04
    outer loop
      vertex 7.468491e+00 -3.981560e+00 1.684263e+00
      vertex 7.450390e+00 -4.017941e+00 2.771440e+00
      vertex 7.401989e+00 -4.113640e+00 1.684263e+00
    endloop
  endfacet
  facet normal 9.071929e-01 -4.207031e-01 3.149574e-03
    outer loop
      vertex 7.450390e+00 -4.017941e+00 2.771440e+00
      vertex 7.531200e+00 -3.851830e+00 1.684263e+00
      vertex 7.592041e+00 -3.720631e+00 1.684263e+00
    endloop
  endfacet
  facet normal 9.003352e-01 -4.351969e-01 4.252076e-04
    outer loop
      vertex 7.468491e+00 -3.981560e+00 1.684263e+00
      vertex 7.531200e+00 -3.851830e+00 1.684263e+00
      vertex 7.450390e+00 -4.017941e+00 2.771440e+00
    endloop
  endfacet
  facet normal 9.094409e-01 -4.158058e-01 4.781731e-03
    outer loop
      vertex 7.450390e+00 -4.017941e+00 2.771440e+00
      vertex 7.592041e+00 -3.720631e+00 1.684263e+00
      vertex 7.685020e+00 -3.508461e+00 2.450111e+00
    endloop
  endfacet
  facet normal 9.138506e-01 -4.060478e-01 1.542995e-03
    outer loop
      vertex 7.685020e+00 -3.508461e+00 2.450111e+00
      vertex 7.592041e+00 -3.720631e+00 1.684263e+00
      vertex 7.650970e+00 -3.588009e+00 1.684263e+00
    endloop
  endfacet
  facet normal 9.202875e-01 -3.912427e-01 -2.810847e-04
    outer loop
      vertex 7.707939e+00 -3.454010e+00 1.684263e+00
      vertex 7.685020e+00 -3.508461e+00 2.450111e+00
      vertex 7.650970e+00 -3.588009e+00 1.684263e+00
    endloop
  endfacet
  facet normal 8.779522e-01 -4.787483e-01 1.056950e-04
    outer loop
      vertex 7.328690e+00 -4.253250e+00 2.500000e-01
      vertex 7.333591e+00 -4.244110e+00 9.671316e-01
      vertex 7.263359e+00 -4.372898e+00 9.671316e-01
    endloop
  endfacet
  facet normal 8.931596e-01 -4.497397e-01 2.061259e-04
    outer loop
      vertex 7.459221e+00 -4.000309e+00 2.500000e-01
      vertex 7.468491e+00 -3.981560e+00 9.671316e-01
      vertex 7.401989e+00 -4.113640e+00 9.671316e-01
    endloop
  endfacet
  facet normal 9.003353e-01 -4.351969e-01 -2.668067e-04
    outer loop
      vertex 7.459221e+00 -4.000309e+00 2.500000e-01
      vertex 7.531200e+00 -3.851830e+00 9.671316e-01
      vertex 7.468491e+00 -3.981560e+00 9.671316e-01
    endloop
  endfacet
  facet normal 8.856642e-01 -4.643263e-01 -1.309848e-04
    outer loop
      vertex 7.401989e+00 -4.113640e+00 9.671316e-01
      vertex 7.333591e+00 -4.244110e+00 9.671316e-01
      vertex 7.328690e+00 -4.253250e+00 2.500000e-01
    endloop
  endfacet
  facet normal 9.265057e-01 -3.762795e-01 9.688366e-04
    outer loop
      vertex 7.685020e+00 -3.508461e+00 2.450111e+00
      vertex 7.707939e+00 -3.454010e+00 1.684263e+00
      vertex 7.762909e+00 -3.318668e+00 1.684263e+00
    endloop
  endfacet
  facet normal 9.202875e-01 -3.912427e-01 2.339283e-04
    outer loop
      vertex 7.698391e+00 -3.476898e+00 2.500000e-01
      vertex 7.707939e+00 -3.454010e+00 9.671316e-01
      vertex 7.650970e+00 -3.588009e+00 9.671316e-01
    endloop
  endfacet
  facet normal 9.265060e-01 -3.762797e-01 -3.264332e-04
    outer loop
      vertex 7.698391e+00 -3.476898e+00 2.500000e-01
      vertex 7.762909e+00 -3.318668e+00 9.671316e-01
      vertex 7.707939e+00 -3.454010e+00 9.671316e-01
    endloop
  endfacet
  facet normal 9.138516e-01 -4.060482e-01 -2.964214e-04
    outer loop
      vertex 7.650970e+00 -3.588009e+00 9.671316e-01
      vertex 7.592041e+00 -3.720631e+00 9.671316e-01
      vertex 7.582569e+00 -3.741421e+00 2.500000e-01
    endloop
  endfacet
  facet normal 9.071974e-01 -4.207051e-01 2.164595e-04
    outer loop
      vertex 7.592041e+00 -3.720631e+00 9.671316e-01
      vertex 7.531200e+00 -3.851830e+00 9.671316e-01
      vertex 7.582569e+00 -3.741421e+00 2.500000e-01
    endloop
  endfacet
  facet normal 8.700468e-01 -4.929691e-01 -1.065500e-16
    outer loop
      vertex 7.191341e+00 -4.500000e+00 2.500000e-01
      vertex 7.263359e+00 -4.372898e+00 1.684263e+00
      vertex 7.191341e+00 -4.500000e+00 3.118526e+00
    endloop
  endfacet
  facet normal 9.324952e-01 -3.611431e-01 5.329037e-03
    outer loop
      vertex 7.815830e+00 -3.182018e+00 1.684263e+00
      vertex 7.685020e+00 -3.508461e+00 2.450111e+00
      vertex 7.762909e+00 -3.318668e+00 1.684263e+00
    endloop
  endfacet
  facet normal 9.382658e-01 -3.459091e-01 2.068081e-03
    outer loop
      vertex 7.866661e+00 -3.044121e+00 1.684263e+00
      vertex 7.891960e+00 -2.972721e+00 2.153464e+00
      vertex 7.815830e+00 -3.182018e+00 1.684263e+00
    endloop
  endfacet
  facet normal 9.342006e-01 -3.566688e-01 7.527444e-03
    outer loop
      vertex 7.685020e+00 -3.508461e+00 2.450111e+00
      vertex 7.815830e+00 -3.182018e+00 1.684263e+00
      vertex 7.891960e+00 -2.972721e+00 2.153464e+00
    endloop
  endfacet
  facet normal 9.437944e-01 -3.305325e-01 -5.700808e-04
    outer loop
      vertex 7.891960e+00 -2.972721e+00 2.153464e+00
      vertex 7.866661e+00 -3.044121e+00 1.684263e+00
      vertex 7.915379e+00 -2.905022e+00 1.684263e+00
    endloop
  endfacet
  facet normal 9.490886e-01 -3.150035e-01 1.934878e-03
    outer loop
      vertex 7.891960e+00 -2.972721e+00 2.153464e+00
      vertex 7.915379e+00 -2.905022e+00 1.684263e+00
      vertex 7.961941e+00 -2.764751e+00 1.684263e+00
    endloop
  endfacet
  facet normal 9.541044e-01 -2.993193e-01 9.634729e-03
    outer loop
      vertex 8.006290e+00 -2.623371e+00 1.684263e+00
      vertex 7.891960e+00 -2.972721e+00 2.153464e+00
      vertex 7.961941e+00 -2.764751e+00 1.684263e+00
    endloop
  endfacet
  facet normal 9.641923e-01 -2.652035e-01 -5.367378e-04
    outer loop
      vertex 8.048420e+00 -2.480930e+00 9.671316e-01
      vertex 8.088268e+00 -2.337479e+00 1.684263e+00
      vertex 8.067921e+00 -2.411880e+00 1.880419e+00
    endloop
  endfacet
  facet normal 9.561099e-01 -2.926184e-01 1.511258e-02
    outer loop
      vertex 7.891960e+00 -2.972721e+00 2.153464e+00
      vertex 8.006290e+00 -2.623371e+00 1.684263e+00
      vertex 8.067921e+00 -2.411880e+00 1.880419e+00
    endloop
  endfacet
  facet normal 9.677910e-01 -2.517060e-01 4.956309e-03
    outer loop
      vertex 8.067921e+00 -2.411880e+00 1.880419e+00
      vertex 8.088268e+00 -2.337479e+00 1.684263e+00
      vertex 8.125790e+00 -2.193241e+00 1.684263e+00
    endloop
  endfacet
  facet normal 9.715601e-01 -2.355677e-01 2.405647e-02
    outer loop
      vertex 8.067921e+00 -2.411880e+00 1.880419e+00
      vertex 8.125790e+00 -2.193241e+00 1.684263e+00
      vertex 8.160980e+00 -2.048100e+00 1.684263e+00
    endloop
  endfacet
  facet normal 9.598962e-01 -2.803547e-01 7.005088e-04
    outer loop
      vertex 8.048420e+00 -2.480930e+00 9.671316e-01
      vertex 8.067921e+00 -2.411880e+00 1.880419e+00
      vertex 8.006290e+00 -2.623371e+00 1.684263e+00
    endloop
  endfacet
  facet normal 9.754845e-01 -1.868664e-01 1.162364e-01
    outer loop
      vertex 8.209030e+00 -1.830219e+00 1.631226e+00
      vertex 8.067921e+00 -2.411880e+00 1.880419e+00
      vertex 8.160980e+00 -2.048100e+00 1.684263e+00
    endloop
  endfacet
  facet normal 9.382677e-01 -3.459098e-01 -3.588676e-04
    outer loop
      vertex 7.806332e+00 -3.207039e+00 2.500000e-01
      vertex 7.866661e+00 -3.044121e+00 9.671316e-01
      vertex 7.815830e+00 -3.182018e+00 9.671316e-01
    endloop
  endfacet
  facet normal 9.490903e-01 -3.150040e-01 -3.965011e-04
    outer loop
      vertex 7.906059e+00 -2.932190e+00 2.500000e-01
      vertex 7.961941e+00 -2.764751e+00 9.671316e-01
      vertex 7.915379e+00 -2.905022e+00 9.671316e-01
    endloop
  endfacet
  facet normal 9.541486e-01 -2.993332e-01 2.794387e-04
    outer loop
      vertex 7.997292e+00 -2.652729e+00 2.500000e-01
      vertex 8.006290e+00 -2.623371e+00 9.671316e-01
      vertex 7.961941e+00 -2.764751e+00 9.671316e-01
    endloop
  endfacet
  facet normal 9.437946e-01 -3.305326e-01 2.607766e-04
    outer loop
      vertex 7.915379e+00 -2.905022e+00 9.671316e-01
      vertex 7.866661e+00 -3.044121e+00 9.671316e-01
      vertex 7.906059e+00 -2.932190e+00 2.500000e-01
    endloop
  endfacet
  facet normal 9.856452e-01 -1.687818e-01 4.027048e-03
    outer loop
      vertex 8.209030e+00 -1.830219e+00 1.631226e+00
      vertex 8.271790e+00 -1.496719e+00 2.500000e-01
      vertex 8.312229e+00 -1.232960e+00 1.406084e+00
    endloop
  endfacet
  facet normal 9.948218e-01 -1.015116e-01 4.991314e-03
    outer loop
      vertex 8.312229e+00 -1.232960e+00 1.406084e+00
      vertex 8.351799e+00 -9.020500e-01 2.500000e-01
      vertex 8.375568e+00 -6.221809e-01 1.203629e+00
    endloop
  endfacet
  facet normal 9.994428e-01 -3.278660e-02 6.260984e-03
    outer loop
      vertex 8.392071e+00 -3.013592e-01 2.500000e-01
      vertex 8.397110e+00 0.000000e+00 1.022494e+00
      vertex 8.375568e+00 -6.221809e-01 1.203629e+00
    endloop
  endfacet
  facet normal 9.765278e-01 -2.153914e-01 -1.195902e-16
    outer loop
      vertex 8.160980e+00 -2.048100e+00 1.684263e+00
      vertex 8.160980e+00 -2.048100e+00 9.671316e-01
      vertex 8.209030e+00 -1.830219e+00 1.631226e+00
    endloop
  endfacet
  facet normal 9.635036e-01 -2.676954e-01 2.891707e-04
    outer loop
      vertex 8.079720e+00 -2.369019e+00 2.500000e-01
      vertex 8.088268e+00 -2.337479e+00 9.671316e-01
      vertex 8.048420e+00 -2.480930e+00 9.671316e-01
    endloop
  endfacet
  facet normal 9.589427e-01 -2.835995e-01 -4.247415e-04
    outer loop
      vertex 8.048420e+00 -2.480930e+00 9.671316e-01
      vertex 8.006290e+00 -2.623371e+00 9.671316e-01
      vertex 7.997292e+00 -2.652729e+00 2.500000e-01
    endloop
  endfacet
  facet normal 9.325084e-01 -3.611482e-01 2.490801e-04
    outer loop
      vertex 7.815830e+00 -3.182018e+00 9.671316e-01
      vertex 7.762909e+00 -3.318668e+00 9.671316e-01
      vertex 7.806332e+00 -3.207039e+00 2.500000e-01
    endloop
  endfacet
  facet normal 8.886469e-01 -4.585895e-01 -1.552692e-03
    outer loop
      vertex 7.328690e+00 -4.253250e+00 2.500000e-01
      vertex 7.459221e+00 -4.000309e+00 2.500000e-01
      vertex 7.401989e+00 -4.113640e+00 9.671316e-01
    endloop
  endfacet
  facet normal 9.160446e-01 -4.010733e-01 -1.569824e-03
    outer loop
      vertex 7.582569e+00 -3.741421e+00 2.500000e-01
      vertex 7.698391e+00 -3.476898e+00 2.500000e-01
      vertex 7.650970e+00 -3.588009e+00 9.671316e-01
    endloop
  endfacet
  facet normal 9.284818e-01 -3.713744e-01 -1.586494e-03
    outer loop
      vertex 7.698391e+00 -3.476898e+00 2.500000e-01
      vertex 7.806332e+00 -3.207039e+00 2.500000e-01
      vertex 7.762909e+00 -3.318668e+00 9.671316e-01
    endloop
  endfacet
  facet normal 9.027571e-01 -4.301479e-01 -1.555290e-03
    outer loop
      vertex 7.459221e+00 -4.000309e+00 2.500000e-01
      vertex 7.582569e+00 -3.741421e+00 2.500000e-01
      vertex 7.531200e+00 -3.851830e+00 9.671316e-01
    endloop
  endfacet
  facet normal 9.718414e-01 -2.356358e-01 3.025426e-04
    outer loop
      vertex 8.125790e+00 -2.193241e+00 9.671316e-01
      vertex 8.153099e+00 -2.081501e+00 2.500000e-01
      vertex 8.160980e+00 -2.048100e+00 9.671316e-01
    endloop
  endfacet
  facet normal 9.987385e-01 -5.021173e-02 3.865676e-04
    outer loop
      vertex 8.375568e+00 -6.221809e-01 1.203629e+00
      vertex 8.376942e+00 -6.022091e-01 2.500000e-01
      vertex 8.392071e+00 -3.013592e-01 2.500000e-01
    endloop
  endfacet
  facet normal 9.506309e-01 -3.103198e-01 -1.610252e-03
    outer loop
      vertex 7.997292e+00 -2.652729e+00 2.500000e-01
      vertex 7.961941e+00 -2.764751e+00 9.671316e-01
      vertex 7.906059e+00 -2.932190e+00 2.500000e-01
    endloop
  endfacet
  facet normal 9.602847e-01 -2.790173e-01 -1.618122e-03
    outer loop
      vertex 7.997292e+00 -2.652729e+00 2.500000e-01
      vertex 8.079720e+00 -2.369019e+00 2.500000e-01
      vertex 8.048420e+00 -2.480930e+00 9.671316e-01
    endloop
  endfacet
  facet normal 9.400225e-01 -3.411088e-01 -1.597207e-03
    outer loop
      vertex 7.866661e+00 -3.044121e+00 9.671316e-01
      vertex 7.806332e+00 -3.207039e+00 2.500000e-01
      vertex 7.906059e+00 -2.932190e+00 2.500000e-01
    endloop
  endfacet
  facet normal 9.767707e-01 -2.142870e-01 -3.799119e-04
    outer loop
      vertex 8.217190e+00 -1.790581e+00 2.500000e-01
      vertex 8.209030e+00 -1.830219e+00 1.631226e+00
      vertex 8.160980e+00 -2.048100e+00 9.671316e-01
    endloop
  endfacet
  facet normal 8.737602e-01 -4.863544e-01 -1.545221e-03
    outer loop
      vertex 7.191341e+00 -4.500000e+00 2.500000e-01
      vertex 7.328690e+00 -4.253250e+00 2.500000e-01
      vertex 7.263359e+00 -4.372898e+00 9.671316e-01
    endloop
  endfacet
  facet normal 9.678028e-01 -2.517091e-01 -4.652520e-04
    outer loop
      vertex 8.088268e+00 -2.337479e+00 9.671316e-01
      vertex 8.079720e+00 -2.369019e+00 2.500000e-01
      vertex 8.125790e+00 -2.193241e+00 9.671316e-01
    endloop
  endfacet
  facet normal 9.765814e-01 -2.151470e-01 -7.035775e-04
    outer loop
      vertex 8.160980e+00 -2.048100e+00 9.671316e-01
      vertex 8.153099e+00 -2.081501e+00 2.500000e-01
      vertex 8.217190e+00 -1.790581e+00 2.500000e-01
    endloop
  endfacet
  facet normal 9.831774e-01 -1.826523e-01 5.658809e-04
    outer loop
      vertex 8.217190e+00 -1.790581e+00 2.500000e-01
      vertex 8.271790e+00 -1.496719e+00 2.500000e-01
      vertex 8.209030e+00 -1.830219e+00 1.631226e+00
    endloop
  endfacet
  facet normal 9.689416e-01 -2.472843e-01 -1.622989e-03
    outer loop
      vertex 8.125790e+00 -2.193241e+00 9.671316e-01
      vertex 8.079720e+00 -2.369019e+00 2.500000e-01
      vertex 8.153099e+00 -2.081501e+00 2.500000e-01
    endloop
  endfacet
  facet normal 9.931529e-01 -1.168199e-01 5.525089e-04
    outer loop
      vertex 8.316700e+00 -1.200390e+00 2.500000e-01
      vertex 8.351799e+00 -9.020500e-01 2.500000e-01
      vertex 8.312229e+00 -1.232960e+00 1.406084e+00
    endloop
  endfacet
  facet normal 9.965017e-01 -8.357216e-02 -3.153881e-04
    outer loop
      vertex 8.351799e+00 -9.020500e-01 2.500000e-01
      vertex 8.376942e+00 -6.022091e-01 2.500000e-01
      vertex 8.375568e+00 -6.221809e-01 1.203629e+00
    endloop
  endfacet
  facet normal 9.998598e-01 1.674470e-02 -1.233147e-16
    outer loop
      vertex 8.397110e+00 0.000000e+00 2.500000e-01
      vertex 8.392071e+00 3.013592e-01 2.500000e-01
      vertex 8.397110e+00 0.000000e+00 1.022494e+00
    endloop
  endfacet
  facet normal 9.994016e-01 3.393259e-02 6.708151e-03
    outer loop
      vertex 8.397110e+00 0.000000e+00 1.022494e+00
      vertex 8.392071e+00 3.013592e-01 2.500000e-01
      vertex 8.378441e+00 5.792294e-01 8.738899e-01
    endloop
  endfacet
  facet normal 9.998598e-01 -1.674449e-02 -1.224475e-16
    outer loop
      vertex 8.392071e+00 -3.013592e-01 2.500000e-01
      vertex 8.397110e+00 0.000000e+00 2.500000e-01
      vertex 8.397110e+00 0.000000e+00 1.022494e+00
    endloop
  endfacet
  facet normal 9.887063e-01 -1.498657e-01 -3.957977e-04
    outer loop
      vertex 8.271790e+00 -1.496719e+00 2.500000e-01
      vertex 8.316700e+00 -1.200390e+00 2.500000e-01
      vertex 8.312229e+00 -1.232960e+00 1.406084e+00
    endloop
  endfacet
  facet normal 9.987384e-01 5.021172e-02 -5.568833e-04
    outer loop
      vertex 8.376942e+00 6.022091e-01 2.500000e-01
      vertex 8.378441e+00 5.792294e-01 8.738899e-01
      vertex 8.392071e+00 3.013592e-01 2.500000e-01
    endloop
  endfacet
  facet normal 9.950980e-01 9.853022e-02 8.476751e-03
    outer loop
      vertex 8.322159e+00 1.158951e+00 7.424583e-01
      vertex 8.378441e+00 5.792294e-01 8.738899e-01
      vertex 8.351799e+00 9.020500e-01 2.500000e-01
    endloop
  endfacet
  facet normal 9.965015e-01 8.357215e-02 6.770659e-04
    outer loop
      vertex 8.376942e+00 6.022091e-01 2.500000e-01
      vertex 8.351799e+00 9.020500e-01 2.500000e-01
      vertex 8.378441e+00 5.792294e-01 8.738899e-01
    endloop
  endfacet
  facet normal 9.931525e-01 1.168198e-01 -1.181596e-03
    outer loop
      vertex 8.322159e+00 1.158951e+00 7.424583e-01
      vertex 8.351799e+00 9.020500e-01 2.500000e-01
      vertex 8.316700e+00 1.200380e+00 2.500000e-01
    endloop
  endfacet
  facet normal 9.887050e-01 1.498655e-01 1.647643e-03
    outer loop
      vertex 8.322159e+00 1.158951e+00 7.424583e-01
      vertex 8.316700e+00 1.200380e+00 2.500000e-01
      vertex 8.271790e+00 1.496719e+00 2.500000e-01
    endloop
  endfacet
  facet normal 9.865520e-01 1.630815e-01 1.093242e-02
    outer loop
      vertex 8.227871e+00 1.737129e+00 6.269493e-01
      vertex 8.322159e+00 1.158951e+00 7.424583e-01
      vertex 8.271790e+00 1.496719e+00 2.500000e-01
    endloop
  endfacet
  facet normal 9.736755e-01 2.274656e-01 1.468104e-02
    outer loop
      vertex 8.227871e+00 1.737129e+00 6.269493e-01
      vertex 8.153099e+00 2.081490e+00 2.500000e-01
      vertex 8.095150e+00 2.311729e+00 5.261164e-01
    endloop
  endfacet
  facet normal 9.345001e-01 3.544710e-01 3.255600e-02
    outer loop
      vertex 7.924431e+00 2.878309e+00 4.390841e-01
      vertex 7.806332e+00 3.207041e+00 2.500000e-01
      vertex 7.716541e+00 3.433201e+00 3.648748e-01
    endloop
  endfacet
  facet normal 9.069692e-01 4.168078e-01 6.064627e-02
    outer loop
      vertex 7.716541e+00 3.433201e+00 3.648748e-01
      vertex 7.582569e+00 3.741421e+00 2.500000e-01
      vertex 7.472000e+00 3.974430e+00 3.022575e-01
    endloop
  endfacet
  facet normal 9.563791e-01 2.913811e-01 2.088366e-02
    outer loop
      vertex 7.997292e+00 2.652719e+00 2.500000e-01
      vertex 7.924431e+00 2.878309e+00 4.390841e-01
      vertex 8.095150e+00 2.311729e+00 5.261164e-01
    endloop
  endfacet
  facet normal 9.831757e-01 1.826520e-01 -1.942740e-03
    outer loop
      vertex 8.217190e+00 1.790581e+00 2.500000e-01
      vertex 8.227871e+00 1.737129e+00 6.269493e-01
      vertex 8.271790e+00 1.496719e+00 2.500000e-01
    endloop
  endfacet
  facet normal 9.765777e-01 2.151462e-01 2.851129e-03
    outer loop
      vertex 8.227871e+00 1.737129e+00 6.269493e-01
      vertex 8.217190e+00 1.790581e+00 2.500000e-01
      vertex 8.153099e+00 2.081490e+00 2.500000e-01
    endloop
  endfacet
  facet normal 9.602774e-01 2.790151e-01 4.230404e-03
    outer loop
      vertex 8.095150e+00 2.311729e+00 5.261164e-01
      vertex 8.079720e+00 2.369020e+00 2.500000e-01
      vertex 7.997292e+00 2.652719e+00 2.500000e-01
    endloop
  endfacet
  facet normal 9.506248e-01 3.103178e-01 -3.926789e-03
    outer loop
      vertex 7.924431e+00 2.878309e+00 4.390841e-01
      vertex 7.997292e+00 2.652719e+00 2.500000e-01
      vertex 7.906059e+00 2.932190e+00 2.500000e-01
    endloop
  endfacet
  facet normal 9.689389e-01 2.472837e-01 -2.837783e-03
    outer loop
      vertex 8.095150e+00 2.311729e+00 5.261164e-01
      vertex 8.153099e+00 2.081490e+00 2.500000e-01
      vertex 8.079720e+00 2.369020e+00 2.500000e-01
    endloop
  endfacet
  facet normal 9.284694e-01 3.713694e-01 -5.427266e-03
    outer loop
      vertex 7.716541e+00 3.433201e+00 3.648748e-01
      vertex 7.806332e+00 3.207041e+00 2.500000e-01
      vertex 7.698391e+00 3.476891e+00 2.500000e-01
    endloop
  endfacet
  facet normal 9.160198e-01 4.010567e-01 7.830185e-03
    outer loop
      vertex 7.716541e+00 3.433201e+00 3.648748e-01
      vertex 7.698391e+00 3.476891e+00 2.500000e-01
      vertex 7.582569e+00 3.741421e+00 2.500000e-01
    endloop
  endfacet
  facet normal 8.886026e-01 4.585735e-01 9.792245e-03
    outer loop
      vertex 7.472000e+00 3.974430e+00 3.022575e-01
      vertex 7.459221e+00 4.000311e+00 2.500000e-01
      vertex 7.328690e+00 4.253250e+00 2.500000e-01
    endloop
  endfacet
  facet normal 8.570126e-01 4.770250e-01 1.948756e-01
    outer loop
      vertex 7.472000e+00 3.974430e+00 3.022575e-01
      vertex 7.328690e+00 4.253250e+00 2.500000e-01
      vertex 7.191341e+00 4.500000e+00 2.500000e-01
    endloop
  endfacet
  facet normal 9.027311e-01 4.301355e-01 -7.745837e-03
    outer loop
      vertex 7.472000e+00 3.974430e+00 3.022575e-01
      vertex 7.582569e+00 3.741421e+00 2.500000e-01
      vertex 7.459221e+00 4.000311e+00 2.500000e-01
    endloop
  endfacet
  facet normal 9.400075e-01 3.411033e-01 5.876188e-03
    outer loop
      vertex 7.924431e+00 2.878309e+00 4.390841e-01
      vertex 7.906059e+00 2.932190e+00 2.500000e-01
      vertex 7.806332e+00 3.207041e+00 2.500000e-01
    endloop
  endfacet
  facet normal 1.103617e-16 4.334617e-01 9.011720e-01
    outer loop
      vertex 5.434311e+00 -2.454552e+00 1.899993e+00
      vertex 5.434311e+00 -2.827240e+00 2.079257e+00
      vertex 6.915710e+00 -2.827240e+00 2.079257e+00
    endloop
  endfacet
  facet normal 1.103617e-16 4.334617e-01 9.011720e-01
    outer loop
      vertex 5.434311e+00 -2.454552e+00 1.899993e+00
      vertex 6.915710e+00 -2.827240e+00 2.079257e+00
      vertex 6.915710e+00 -2.454552e+00 1.899993e+00
    endloop
  endfacet
  facet normal 1.084985e-16 4.637665e-01 8.859575e-01
    outer loop
      vertex 6.915710e+00 -3.185768e+00 2.266933e+00
      vertex 6.915710e+00 -2.827240e+00 2.079257e+00
      vertex 5.434311e+00 -2.827240e+00 2.079257e+00
    endloop
  endfacet
  facet normal 1.133470e-16 3.786295e-01 9.255483e-01
    outer loop
      vertex 5.434311e+00 -1.728531e+00 1.590858e+00
      vertex 5.434311e+00 -2.097591e+00 1.741835e+00
      vertex 6.915710e+00 -2.097591e+00 1.741835e+00
    endloop
  endfacet
  facet normal 1.133470e-16 3.786295e-01 9.255483e-01
    outer loop
      vertex 5.434311e+00 -1.728531e+00 1.590858e+00
      vertex 6.915710e+00 -2.097591e+00 1.741835e+00
      vertex 6.915710e+00 -1.728531e+00 1.590858e+00
    endloop
  endfacet
  facet normal 1.119665e-16 4.050923e-01 9.142758e-01
    outer loop
      vertex 5.434311e+00 -2.097591e+00 1.741835e+00
      vertex 5.434311e+00 -2.454552e+00 1.899993e+00
      vertex 6.915710e+00 -2.454552e+00 1.899993e+00
    endloop
  endfacet
  facet normal 1.119665e-16 4.050923e-01 9.142758e-01
    outer loop
      vertex 5.434311e+00 -2.097591e+00 1.741835e+00
      vertex 6.915710e+00 -2.454552e+00 1.899993e+00
      vertex 6.915710e+00 -2.097591e+00 1.741835e+00
    endloop
  endfacet
  facet normal 1.119665e-16 4.050923e-01 9.142758e-01
    outer loop
      vertex 5.434311e+00 -2.454552e+00 1.899993e+00
      vertex 5.434311e+00 -2.097591e+00 1.741835e+00
      vertex 3.952911e+00 -2.097591e+00 1.741835e+00
    endloop
  endfacet
  facet normal 1.133470e-16 3.786295e-01 9.255483e-01
    outer loop
      vertex 3.952911e+00 -1.728531e+00 1.590858e+00
      vertex 3.952911e+00 -2.097591e+00 1.741835e+00
      vertex 5.434311e+00 -2.097591e+00 1.741835e+00
    endloop
  endfacet
  facet normal 1.133470e-16 3.786295e-01 9.255483e-01
    outer loop
      vertex 3.952911e+00 -1.728531e+00 1.590858e+00
      vertex 5.434311e+00 -2.097591e+00 1.741835e+00
      vertex 5.434311e+00 -1.728531e+00 1.590858e+00
    endloop
  endfacet
  facet normal 1.156121e-16 3.298180e-01 9.440446e-01
    outer loop
      vertex 5.434311e+00 -9.905109e-01 1.322622e+00
      vertex 5.434311e+00 -1.365030e+00 1.453468e+00
      vertex 6.915710e+00 -1.365030e+00 1.453468e+00
    endloop
  endfacet
  facet normal 1.156121e-16 3.298180e-01 9.440446e-01
    outer loop
      vertex 5.434311e+00 -9.905109e-01 1.322622e+00
      vertex 6.915710e+00 -1.365030e+00 1.453468e+00
      vertex 6.915710e+00 -9.905109e-01 1.322622e+00
    endloop
  endfacet
  facet normal 1.145553e-16 3.535514e-01 9.354151e-01
    outer loop
      vertex 5.434311e+00 -1.365030e+00 1.453468e+00
      vertex 5.434311e+00 -1.728531e+00 1.590858e+00
      vertex 6.915710e+00 -1.728531e+00 1.590858e+00
    endloop
  endfacet
  facet normal 1.145553e-16 3.535514e-01 9.354151e-01
    outer loop
      vertex 5.434311e+00 -1.365030e+00 1.453468e+00
      vertex 6.915710e+00 -1.728531e+00 1.590858e+00
      vertex 6.915710e+00 -1.365030e+00 1.453468e+00
    endloop
  endfacet
  facet normal 1.145553e-16 3.535514e-01 9.354151e-01
    outer loop
      vertex 3.952911e+00 -1.365030e+00 1.453468e+00
      vertex 3.952911e+00 -1.728531e+00 1.590858e+00
      vertex 5.434311e+00 -1.728531e+00 1.590858e+00
    endloop
  endfacet
  facet normal 1.145553e-16 3.535514e-01 9.354151e-01
    outer loop
      vertex 3.952911e+00 -1.365030e+00 1.453468e+00
      vertex 5.434311e+00 -1.728531e+00 1.590858e+00
      vertex 5.434311e+00 -1.365030e+00 1.453468e+00
    endloop
  endfacet
  facet normal 1.156121e-16 3.298180e-01 9.440446e-01
    outer loop
      vertex 3.952911e+00 -9.905109e-01 1.322622e+00
      vertex 3.952911e+00 -1.365030e+00 1.453468e+00
      vertex 5.434311e+00 -1.365030e+00 1.453468e+00
    endloop
  endfacet
  facet normal 1.156121e-16 3.298180e-01 9.440446e-01
    outer loop
      vertex 3.952911e+00 -9.905109e-01 1.322622e+00
      vertex 5.434311e+00 -1.365030e+00 1.453468e+00
      vertex 5.434311e+00 -9.905109e-01 1.322622e+00
    endloop
  endfacet
  facet normal 1.173554e-16 2.858319e-01 9.582798e-01
    outer loop
      vertex 5.434311e+00 -2.369308e-01 1.088702e+00
      vertex 5.434311e+00 -6.188507e-01 1.202619e+00
      vertex 6.915710e+00 -6.188507e-01 1.202619e+00
    endloop
  endfacet
  facet normal 1.173554e-16 2.858319e-01 9.582798e-01
    outer loop
      vertex 5.434311e+00 -2.369308e-01 1.088702e+00
      vertex 6.915710e+00 -6.188507e-01 1.202619e+00
      vertex 6.915710e+00 -2.369308e-01 1.088702e+00
    endloop
  endfacet
  facet normal 1.165404e-16 3.072641e-01 9.516243e-01
    outer loop
      vertex 5.434311e+00 -6.188507e-01 1.202619e+00
      vertex 5.434311e+00 -9.905109e-01 1.322622e+00
      vertex 6.915710e+00 -9.905109e-01 1.322622e+00
    endloop
  endfacet
  facet normal 1.165404e-16 3.072641e-01 9.516243e-01
    outer loop
      vertex 5.434311e+00 -6.188507e-01 1.202619e+00
      vertex 6.915710e+00 -9.905109e-01 1.322622e+00
      vertex 6.915710e+00 -6.188507e-01 1.202619e+00
    endloop
  endfacet
  facet normal 1.165404e-16 3.072641e-01 9.516243e-01
    outer loop
      vertex 3.952911e+00 -6.188507e-01 1.202619e+00
      vertex 3.952911e+00 -9.905109e-01 1.322622e+00
      vertex 5.434311e+00 -9.905109e-01 1.322622e+00
    endloop
  endfacet
  facet normal 1.165404e-16 3.072641e-01 9.516243e-01
    outer loop
      vertex 3.952911e+00 -6.188507e-01 1.202619e+00
      vertex 5.434311e+00 -9.905109e-01 1.322622e+00
      vertex 5.434311e+00 -6.188507e-01 1.202619e+00
    endloop
  endfacet
  facet normal 1.173554e-16 2.858319e-01 9.582798e-01
    outer loop
      vertex 3.952911e+00 -2.369308e-01 1.088702e+00
      vertex 3.952911e+00 -6.188507e-01 1.202619e+00
      vertex 5.434311e+00 -6.188507e-01 1.202619e+00
    endloop
  endfacet
  facet normal 1.173554e-16 2.858319e-01 9.582798e-01
    outer loop
      vertex 3.952911e+00 -2.369308e-01 1.088702e+00
      vertex 5.434311e+00 -6.188507e-01 1.202619e+00
      vertex 5.434311e+00 -2.369308e-01 1.088702e+00
    endloop
  endfacet
  facet normal 1.186963e-16 2.461604e-01 9.692291e-01
    outer loop
      vertex 5.434311e+00 5.288601e-01 8.861237e-01
      vertex 5.434311e+00 1.411991e-01 9.845810e-01
      vertex 6.915710e+00 1.411991e-01 9.845810e-01
    endloop
  endfacet
  facet normal 1.186963e-16 2.461604e-01 9.692291e-01
    outer loop
      vertex 5.434311e+00 5.288601e-01 8.861237e-01
      vertex 6.915710e+00 1.411991e-01 9.845810e-01
      vertex 6.915710e+00 5.288601e-01 8.861237e-01
    endloop
  endfacet
  facet normal 1.180702e-16 2.654788e-01 9.641167e-01
    outer loop
      vertex 5.434311e+00 1.411991e-01 9.845810e-01
      vertex 5.434311e+00 -2.369308e-01 1.088702e+00
      vertex 6.915710e+00 -2.369308e-01 1.088702e+00
    endloop
  endfacet
  facet normal 1.180702e-16 2.654788e-01 9.641167e-01
    outer loop
      vertex 5.434311e+00 1.411991e-01 9.845810e-01
      vertex 6.915710e+00 -2.369308e-01 1.088702e+00
      vertex 6.915710e+00 1.411991e-01 9.845810e-01
    endloop
  endfacet
  facet normal 1.180702e-16 2.654788e-01 9.641167e-01
    outer loop
      vertex 3.952911e+00 1.411991e-01 9.845810e-01
      vertex 3.952911e+00 -2.369308e-01 1.088702e+00
      vertex 5.434311e+00 -2.369308e-01 1.088702e+00
    endloop
  endfacet
  facet normal 1.180702e-16 2.654788e-01 9.641167e-01
    outer loop
      vertex 3.952911e+00 1.411991e-01 9.845810e-01
      vertex 5.434311e+00 -2.369308e-01 1.088702e+00
      vertex 5.434311e+00 1.411991e-01 9.845810e-01
    endloop
  endfacet
  facet normal 1.186963e-16 2.461604e-01 9.692291e-01
    outer loop
      vertex 3.952911e+00 5.288601e-01 8.861237e-01
      vertex 3.952911e+00 1.411991e-01 9.845810e-01
      vertex 5.434311e+00 1.411991e-01 9.845810e-01
    endloop
  endfacet
  facet normal 1.186963e-16 2.461604e-01 9.692291e-01
    outer loop
      vertex 3.952911e+00 5.288601e-01 8.861237e-01
      vertex 5.434311e+00 1.411991e-01 9.845810e-01
      vertex 5.434311e+00 5.288601e-01 8.861237e-01
    endloop
  endfacet
  facet normal 1.197237e-16 2.103885e-01 9.776179e-01
    outer loop
      vertex 5.434311e+00 1.304079e+00 7.121048e-01
      vertex 5.434311e+00 9.120293e-01 7.964764e-01
      vertex 6.915710e+00 9.120293e-01 7.964764e-01
    endloop
  endfacet
  facet normal 1.197237e-16 2.103885e-01 9.776179e-01
    outer loop
      vertex 5.434311e+00 1.304079e+00 7.121048e-01
      vertex 6.915710e+00 9.120293e-01 7.964764e-01
      vertex 6.915710e+00 1.304079e+00 7.121048e-01
    endloop
  endfacet
  facet normal 1.192445e-16 2.278118e-01 9.737052e-01
    outer loop
      vertex 5.434311e+00 9.120293e-01 7.964764e-01
      vertex 5.434311e+00 5.288601e-01 8.861237e-01
      vertex 6.915710e+00 5.288601e-01 8.861237e-01
    endloop
  endfacet
  facet normal 1.192445e-16 2.278118e-01 9.737052e-01
    outer loop
      vertex 5.434311e+00 9.120293e-01 7.964764e-01
      vertex 6.915710e+00 5.288601e-01 8.861237e-01
      vertex 6.915710e+00 9.120293e-01 7.964764e-01
    endloop
  endfacet
  facet normal 1.192445e-16 2.278118e-01 9.737052e-01
    outer loop
      vertex 3.952911e+00 9.120293e-01 7.964764e-01
      vertex 3.952911e+00 5.288601e-01 8.861237e-01
      vertex 5.434311e+00 5.288601e-01 8.861237e-01
    endloop
  endfacet
  facet normal 1.192445e-16 2.278118e-01 9.737052e-01
    outer loop
      vertex 3.952911e+00 9.120293e-01 7.964764e-01
      vertex 5.434311e+00 5.288601e-01 8.861237e-01
      vertex 5.434311e+00 9.120293e-01 7.964764e-01
    endloop
  endfacet
  facet normal 1.197237e-16 2.103885e-01 9.776179e-01
    outer loop
      vertex 3.952911e+00 1.304079e+00 7.121048e-01
      vertex 3.952911e+00 9.120293e-01 7.964764e-01
      vertex 5.434311e+00 9.120293e-01 7.964764e-01
    endloop
  endfacet
  facet normal 1.197237e-16 2.103885e-01 9.776179e-01
    outer loop
      vertex 3.952911e+00 1.304079e+00 7.121048e-01
      vertex 5.434311e+00 9.120293e-01 7.964764e-01
      vertex 5.434311e+00 1.304079e+00 7.121048e-01
    endloop
  endfacet
  facet normal 1.204877e-16 1.789586e-01 9.838566e-01
    outer loop
      vertex 5.434311e+00 2.056959e+00 5.691996e-01
      vertex 5.434311e+00 1.676680e+00 6.383705e-01
      vertex 6.915710e+00 1.676680e+00 6.383705e-01
    endloop
  endfacet
  facet normal 1.204877e-16 1.789586e-01 9.838566e-01
    outer loop
      vertex 5.434311e+00 2.056959e+00 5.691996e-01
      vertex 6.915710e+00 1.676680e+00 6.383705e-01
      vertex 6.915710e+00 2.056959e+00 5.691996e-01
    endloop
  endfacet
  facet normal 1.201349e-16 1.941283e-01 9.809762e-01
    outer loop
      vertex 5.434311e+00 1.676680e+00 6.383705e-01
      vertex 5.434311e+00 1.304079e+00 7.121048e-01
      vertex 6.915710e+00 1.304079e+00 7.121048e-01
    endloop
  endfacet
  facet normal 1.201349e-16 1.941283e-01 9.809762e-01
    outer loop
      vertex 5.434311e+00 1.676680e+00 6.383705e-01
      vertex 6.915710e+00 1.304079e+00 7.121048e-01
      vertex 6.915710e+00 1.676680e+00 6.383705e-01
    endloop
  endfacet
  facet normal 1.201349e-16 1.941283e-01 9.809762e-01
    outer loop
      vertex 3.952911e+00 1.676680e+00 6.383705e-01
      vertex 3.952911e+00 1.304079e+00 7.121048e-01
      vertex 5.434311e+00 1.304079e+00 7.121048e-01
    endloop
  endfacet
  facet normal 1.201349e-16 1.941283e-01 9.809762e-01
    outer loop
      vertex 3.952911e+00 1.676680e+00 6.383705e-01
      vertex 5.434311e+00 1.304079e+00 7.121048e-01
      vertex 5.434311e+00 1.676680e+00 6.383705e-01
    endloop
  endfacet
  facet normal 1.204877e-16 1.789586e-01 9.838566e-01
    outer loop
      vertex 3.952911e+00 2.056959e+00 5.691996e-01
      vertex 3.952911e+00 1.676680e+00 6.383705e-01
      vertex 5.434311e+00 1.676680e+00 6.383705e-01
    endloop
  endfacet
  facet normal 1.204877e-16 1.789586e-01 9.838566e-01
    outer loop
      vertex 3.952911e+00 2.056959e+00 5.691996e-01
      vertex 5.434311e+00 1.676680e+00 6.383705e-01
      vertex 5.434311e+00 2.056959e+00 5.691996e-01
    endloop
  endfacet
  facet normal 1.210782e-16 1.500472e-01 9.886788e-01
    outer loop
      vertex 5.434311e+00 2.840570e+00 4.445467e-01
      vertex 5.434311e+00 2.444920e+00 5.045919e-01
      vertex 6.915710e+00 2.444920e+00 5.045919e-01
    endloop
  endfacet
  facet normal 1.210782e-16 1.500472e-01 9.886788e-01
    outer loop
      vertex 5.434311e+00 2.840570e+00 4.445467e-01
      vertex 6.915710e+00 2.444920e+00 5.045919e-01
      vertex 6.915710e+00 2.840570e+00 4.445467e-01
    endloop
  endfacet
  facet normal 1.208011e-16 1.642669e-01 9.864159e-01
    outer loop
      vertex 5.434311e+00 2.444920e+00 5.045919e-01
      vertex 5.434311e+00 2.056959e+00 5.691996e-01
      vertex 6.915710e+00 2.056959e+00 5.691996e-01
    endloop
  endfacet
  facet normal 1.208011e-16 1.642669e-01 9.864159e-01
    outer loop
      vertex 5.434311e+00 2.444920e+00 5.045919e-01
      vertex 6.915710e+00 2.056959e+00 5.691996e-01
      vertex 6.915710e+00 2.444920e+00 5.045919e-01
    endloop
  endfacet
  facet normal 1.213222e-16 1.362757e-01 9.906710e-01
    outer loop
      vertex 5.434311e+00 2.840570e+00 4.445467e-01
      vertex 6.915710e+00 2.840570e+00 4.445467e-01
      vertex 6.915710e+00 3.243900e+00 3.890648e-01
    endloop
  endfacet
  facet normal -2.715825e-03 5.343504e-01 8.452587e-01
    outer loop
      vertex 7.450390e+00 -4.017941e+00 2.771440e+00
      vertex 7.685020e+00 -3.508461e+00 2.450111e+00
      vertex 6.043419e+00 -3.837250e+00 2.652686e+00
    endloop
  endfacet
  facet normal -4.399553e-03 4.857046e-01 8.741120e-01
    outer loop
      vertex 6.915710e+00 -3.185768e+00 2.266933e+00
      vertex 7.685020e+00 -3.508461e+00 2.450111e+00
      vertex 7.891960e+00 -2.972721e+00 2.153464e+00
    endloop
  endfacet
  facet normal -2.973644e-03 4.384849e-01 8.987337e-01
    outer loop
      vertex 7.891960e+00 -2.972721e+00 2.153464e+00
      vertex 8.067921e+00 -2.411880e+00 1.880419e+00
      vertex 6.915710e+00 -2.827240e+00 2.079257e+00
    endloop
  endfacet
  facet normal 5.676181e-03 5.038548e-01 8.637697e-01
    outer loop
      vertex 7.685020e+00 -3.508461e+00 2.450111e+00
      vertex 6.915710e+00 -3.185768e+00 2.266933e+00
      vertex 6.043419e+00 -3.837250e+00 2.652686e+00
    endloop
  endfacet
  facet normal 6.136622e-03 5.821273e-01 8.130744e-01
    outer loop
      vertex 7.450390e+00 -4.017941e+00 2.771440e+00
      vertex 6.043419e+00 -3.837250e+00 2.652686e+00
      vertex 7.191341e+00 -4.500000e+00 3.118526e+00
    endloop
  endfacet
  facet normal 1.764898e-03 4.637658e-01 8.859560e-01
    outer loop
      vertex 6.915710e+00 -2.827240e+00 2.079257e+00
      vertex 6.915710e+00 -3.185768e+00 2.266933e+00
      vertex 7.891960e+00 -2.972721e+00 2.153464e+00
    endloop
  endfacet
  facet normal -7.420454e-04 4.334616e-01 9.011717e-01
    outer loop
      vertex 6.915710e+00 -2.827240e+00 2.079257e+00
      vertex 8.067921e+00 -2.411880e+00 1.880419e+00
      vertex 6.915710e+00 -2.454552e+00 1.899993e+00
    endloop
  endfacet
  facet normal 5.311171e-04 4.050922e-01 9.142757e-01
    outer loop
      vertex 6.915710e+00 -2.454552e+00 1.899993e+00
      vertex 8.067921e+00 -2.411880e+00 1.880419e+00
      vertex 6.915710e+00 -2.097591e+00 1.741835e+00
    endloop
  endfacet
  facet normal 8.818326e-04 3.786294e-01 9.255480e-01
    outer loop
      vertex 8.209030e+00 -1.830219e+00 1.631226e+00
      vertex 6.915710e+00 -1.728531e+00 1.590858e+00
      vertex 6.915710e+00 -2.097591e+00 1.741835e+00
    endloop
  endfacet
  facet normal -2.944774e-03 3.944029e-01 9.189329e-01
    outer loop
      vertex 8.067921e+00 -2.411880e+00 1.880419e+00
      vertex 8.209030e+00 -1.830219e+00 1.631226e+00
      vertex 6.915710e+00 -2.097591e+00 1.741835e+00
    endloop
  endfacet
  facet normal -1.635422e-03 3.529738e-01 9.356318e-01
    outer loop
      vertex 8.312229e+00 -1.232960e+00 1.406084e+00
      vertex 6.915710e+00 -1.365030e+00 1.453468e+00
      vertex 8.209030e+00 -1.830219e+00 1.631226e+00
    endloop
  endfacet
  facet normal -2.066890e-03 3.148306e-01 9.491456e-01
    outer loop
      vertex 8.375568e+00 -6.221809e-01 1.203629e+00
      vertex 6.915710e+00 -9.905109e-01 1.322622e+00
      vertex 8.312229e+00 -1.232960e+00 1.406084e+00
    endloop
  endfacet
  facet normal -1.397910e-03 3.535510e-01 9.354142e-01
    outer loop
      vertex 8.209030e+00 -1.830219e+00 1.631226e+00
      vertex 6.915710e+00 -1.365030e+00 1.453468e+00
      vertex 6.915710e+00 -1.728531e+00 1.590858e+00
    endloop
  endfacet
  facet normal 4.419617e-05 3.072641e-01 9.516243e-01
    outer loop
      vertex 8.375568e+00 -6.221809e-01 1.203629e+00
      vertex 6.915710e+00 -6.188507e-01 1.202619e+00
      vertex 6.915710e+00 -9.905109e-01 1.322622e+00
    endloop
  endfacet
  facet normal 8.399349e-04 3.298179e-01 9.440442e-01
    outer loop
      vertex 6.915710e+00 -9.905109e-01 1.322622e+00
      vertex 6.915710e+00 -1.365030e+00 1.453468e+00
      vertex 8.312229e+00 -1.232960e+00 1.406084e+00
    endloop
  endfacet
  facet normal -9.411408e-06 2.858319e-01 9.582798e-01
    outer loop
      vertex 6.915710e+00 -6.188507e-01 1.202619e+00
      vertex 8.375568e+00 -6.221809e-01 1.203629e+00
      vertex 6.915710e+00 -2.369308e-01 1.088702e+00
    endloop
  endfacet
  facet normal 6.410171e-04 5.088653e-01 8.608459e-01
    outer loop
      vertex 4.858898e+00 -3.153370e+00 2.249311e+00
      vertex 6.043419e+00 -3.837250e+00 2.652686e+00
      vertex 6.915710e+00 -3.185768e+00 2.266933e+00
    endloop
  endfacet
  facet normal 5.390011e-03 4.548557e-01 8.905488e-01
    outer loop
      vertex 3.660641e+00 -2.461552e+00 1.903214e+00
      vertex 4.858898e+00 -3.153370e+00 2.249311e+00
      vertex 5.434311e+00 -2.827240e+00 2.079257e+00
    endloop
  endfacet
  facet normal -3.045867e-04 4.627783e-01 8.864740e-01
    outer loop
      vertex 5.434311e+00 -2.827240e+00 2.079257e+00
      vertex 4.858898e+00 -3.153370e+00 2.249311e+00
      vertex 6.915710e+00 -3.185768e+00 2.266933e+00
    endloop
  endfacet
  facet normal -7.532162e-05 4.334617e-01 9.011720e-01
    outer loop
      vertex 5.434311e+00 -2.454552e+00 1.899993e+00
      vertex 3.660641e+00 -2.461552e+00 1.903214e+00
      vertex 5.434311e+00 -2.827240e+00 2.079257e+00
    endloop
  endfacet
  facet normal 5.476829e-03 4.016539e-01 9.157752e-01
    outer loop
      vertex 2.471500e+00 -1.775000e+00 1.609208e+00
      vertex 3.660641e+00 -2.461552e+00 1.903214e+00
      vertex 3.952911e+00 -2.097591e+00 1.741835e+00
    endloop
  endfacet
  facet normal 5.951459e-05 4.052987e-01 9.141843e-01
    outer loop
      vertex 5.434311e+00 -2.454552e+00 1.899993e+00
      vertex 3.952911e+00 -2.097591e+00 1.741835e+00
      vertex 3.660641e+00 -2.461552e+00 1.903214e+00
    endloop
  endfacet
  facet normal 4.755040e-04 3.541451e-01 9.351904e-01
    outer loop
      vertex 2.675461e+00 -1.362200e+00 1.452781e+00
      vertex 2.471500e+00 -1.775000e+00 1.609208e+00
      vertex 3.952911e+00 -1.728531e+00 1.590858e+00
    endloop
  endfacet
  facet normal -4.119241e-04 3.786295e-01 9.255483e-01
    outer loop
      vertex 3.952911e+00 -2.097591e+00 1.741835e+00
      vertex 3.952911e+00 -1.728531e+00 1.590858e+00
      vertex 2.471500e+00 -1.775000e+00 1.609208e+00
    endloop
  endfacet
  facet normal 2.236379e-04 3.298180e-01 9.440445e-01
    outer loop
      vertex 2.675461e+00 -1.362200e+00 1.452781e+00
      vertex 3.952911e+00 -1.365030e+00 1.453468e+00
      vertex 3.952911e+00 -9.905109e-01 1.322622e+00
    endloop
  endfacet
  facet normal -3.918805e-06 3.072641e-01 9.516243e-01
    outer loop
      vertex 2.824291e+00 -9.263897e-01 1.301915e+00
      vertex 3.952911e+00 -9.905109e-01 1.322622e+00
      vertex 3.952911e+00 -6.188507e-01 1.202619e+00
    endloop
  endfacet
  facet normal 1.222974e-03 3.267558e-01 9.451080e-01
    outer loop
      vertex 2.824291e+00 -9.263897e-01 1.301915e+00
      vertex 2.675461e+00 -1.362200e+00 1.452781e+00
      vertex 3.952911e+00 -9.905109e-01 1.322622e+00
    endloop
  endfacet
  facet normal 1.774951e-03 2.764627e-01 9.610230e-01
    outer loop
      vertex 2.947109e+00 -5.729675e-03 1.024048e+00
      vertex 2.915630e+00 -4.725704e-01 1.158406e+00
      vertex 3.952911e+00 -2.369308e-01 1.088702e+00
    endloop
  endfacet
  facet normal 1.826565e-03 3.011740e-01 9.535675e-01
    outer loop
      vertex 3.952911e+00 -6.188507e-01 1.202619e+00
      vertex 2.915630e+00 -4.725704e-01 1.158406e+00
      vertex 2.824291e+00 -9.263897e-01 1.301915e+00
    endloop
  endfacet
  facet normal -9.488058e-04 2.654787e-01 9.641163e-01
    outer loop
      vertex 3.952911e+00 -2.369308e-01 1.088702e+00
      vertex 3.952911e+00 1.411991e-01 9.845810e-01
      vertex 2.947109e+00 -5.729675e-03 1.024048e+00
    endloop
  endfacet
  facet normal -5.378106e-04 2.858318e-01 9.582797e-01
    outer loop
      vertex 3.952911e+00 -6.188507e-01 1.202619e+00
      vertex 3.952911e+00 -2.369308e-01 1.088702e+00
      vertex 2.915630e+00 -4.725704e-01 1.158406e+00
    endloop
  endfacet
  facet normal 2.809409e-04 3.535514e-01 9.354151e-01
    outer loop
      vertex 3.952911e+00 -1.728531e+00 1.590858e+00
      vertex 3.952911e+00 -1.365030e+00 1.453468e+00
      vertex 2.675461e+00 -1.362200e+00 1.452781e+00
    endloop
  endfacet
  facet normal -1.804542e-03 2.795788e-01 9.601211e-01
    outer loop
      vertex 6.915710e+00 -2.369308e-01 1.088702e+00
      vertex 8.375568e+00 -6.221809e-01 1.203629e+00
      vertex 8.397110e+00 0.000000e+00 1.022494e+00
    endloop
  endfacet
  facet normal -1.107482e-03 2.484728e-01 9.686383e-01
    outer loop
      vertex 8.378441e+00 5.792294e-01 8.738899e-01
      vertex 6.915710e+00 1.411991e-01 9.845810e-01
      vertex 8.397110e+00 0.000000e+00 1.022494e+00
    endloop
  endfacet
  facet normal -3.702833e-04 2.461604e-01 9.692290e-01
    outer loop
      vertex 6.915710e+00 5.288601e-01 8.861237e-01
      vertex 6.915710e+00 1.411991e-01 9.845810e-01
      vertex 8.378441e+00 5.792294e-01 8.738899e-01
    endloop
  endfacet
  facet normal -1.338727e-03 2.209794e-01 9.752776e-01
    outer loop
      vertex 8.322159e+00 1.158951e+00 7.424583e-01
      vertex 6.915710e+00 9.120293e-01 7.964764e-01
      vertex 8.378441e+00 5.792294e-01 8.738899e-01
    endloop
  endfacet
  facet normal 2.989858e-04 2.278118e-01 9.737051e-01
    outer loop
      vertex 8.378441e+00 5.792294e-01 8.738899e-01
      vertex 6.915710e+00 9.120293e-01 7.964764e-01
      vertex 6.915710e+00 5.288601e-01 8.861237e-01
    endloop
  endfacet
  facet normal -4.055620e-04 1.941283e-01 9.809761e-01
    outer loop
      vertex 6.915710e+00 1.304079e+00 7.121048e-01
      vertex 8.227871e+00 1.737129e+00 6.269493e-01
      vertex 6.915710e+00 1.676680e+00 6.383705e-01
    endloop
  endfacet
  facet normal 6.105704e-04 2.103884e-01 9.776177e-01
    outer loop
      vertex 6.915710e+00 1.304079e+00 7.121048e-01
      vertex 6.915710e+00 9.120293e-01 7.964764e-01
      vertex 8.322159e+00 1.158951e+00 7.424583e-01
    endloop
  endfacet
  facet normal -9.645415e-04 1.957582e-01 9.806517e-01
    outer loop
      vertex 8.227871e+00 1.737129e+00 6.269493e-01
      vertex 6.915710e+00 1.304079e+00 7.121048e-01
      vertex 8.322159e+00 1.158951e+00 7.424583e-01
    endloop
  endfacet
  facet normal -1.292678e-03 1.725549e-01 9.849991e-01
    outer loop
      vertex 8.095150e+00 2.311729e+00 5.261164e-01
      vertex 6.915710e+00 2.056959e+00 5.691996e-01
      vertex 8.227871e+00 1.737129e+00 6.269493e-01
    endloop
  endfacet
  facet normal -9.233407e-04 1.515548e-01 9.884484e-01
    outer loop
      vertex 6.915710e+00 2.444920e+00 5.045919e-01
      vertex 8.095150e+00 2.311729e+00 5.261164e-01
      vertex 7.924431e+00 2.878309e+00 4.390841e-01
    endloop
  endfacet
  facet normal 2.654493e-04 1.362757e-01 9.906709e-01
    outer loop
      vertex 6.915710e+00 2.840570e+00 4.445467e-01
      vertex 7.924431e+00 2.878309e+00 4.390841e-01
      vertex 6.915710e+00 3.243900e+00 3.890648e-01
    endloop
  endfacet
  facet normal 5.493634e-04 1.642668e-01 9.864158e-01
    outer loop
      vertex 6.915710e+00 2.444920e+00 5.045919e-01
      vertex 6.915710e+00 2.056959e+00 5.691996e-01
      vertex 8.095150e+00 2.311729e+00 5.261164e-01
    endloop
  endfacet
  facet normal -5.875187e-04 1.146676e-01 9.934038e-01
    outer loop
      vertex 7.716541e+00 3.433201e+00 3.648748e-01
      vertex 7.472000e+00 3.974430e+00 3.022575e-01
      vertex 6.012180e+00 3.819210e+00 3.193102e-01
    endloop
  endfacet
  facet normal -2.606713e-04 1.500472e-01 9.886788e-01
    outer loop
      vertex 7.924431e+00 2.878309e+00 4.390841e-01
      vertex 6.915710e+00 2.840570e+00 4.445467e-01
      vertex 6.915710e+00 2.444920e+00 5.045919e-01
    endloop
  endfacet
  facet normal 1.044868e-03 9.949406e-02 9.950376e-01
    outer loop
      vertex 7.191341e+00 4.500000e+00 2.500000e-01
      vertex 6.012180e+00 3.819210e+00 3.193102e-01
      vertex 7.472000e+00 3.974430e+00 3.022575e-01
    endloop
  endfacet
  facet normal -1.281499e-03 1.320849e-01 9.912376e-01
    outer loop
      vertex 6.915710e+00 3.243900e+00 3.890648e-01
      vertex 7.924431e+00 2.878309e+00 4.390841e-01
      vertex 7.716541e+00 3.433201e+00 3.648748e-01
    endloop
  endfacet
  facet normal 3.184270e-04 1.789586e-01 9.838566e-01
    outer loop
      vertex 6.915710e+00 1.676680e+00 6.383705e-01
      vertex 8.227871e+00 1.737129e+00 6.269493e-01
      vertex 6.915710e+00 2.056959e+00 5.691996e-01
    endloop
  endfacet
  facet normal -7.305556e-04 2.461603e-01 9.692289e-01
    outer loop
      vertex 2.917751e+00 4.559002e-01 9.038744e-01
      vertex 3.952911e+00 1.411991e-01 9.845810e-01
      vertex 3.952911e+00 5.288601e-01 8.861237e-01
    endloop
  endfacet
  facet normal -4.573704e-05 2.103885e-01 9.776179e-01
    outer loop
      vertex 2.828430e+00 9.105301e-01 7.967472e-01
      vertex 3.952911e+00 9.120293e-01 7.964764e-01
      vertex 3.952911e+00 1.304079e+00 7.121048e-01
    endloop
  endfacet
  facet normal -6.996767e-05 2.278118e-01 9.737052e-01
    outer loop
      vertex 2.828430e+00 9.105301e-01 7.967472e-01
      vertex 3.952911e+00 5.288601e-01 8.861237e-01
      vertex 3.952911e+00 9.120293e-01 7.964764e-01
    endloop
  endfacet
  facet normal 5.173012e-04 2.294518e-01 9.733199e-01
    outer loop
      vertex 2.828430e+00 9.105301e-01 7.967472e-01
      vertex 2.917751e+00 4.559002e-01 9.038744e-01
      vertex 3.952911e+00 5.288601e-01 8.861237e-01
    endloop
  endfacet
  facet normal 4.702014e-04 1.913531e-01 9.815211e-01
    outer loop
      vertex 2.471500e+00 1.775000e+00 6.199121e-01
      vertex 2.679550e+00 1.352209e+00 7.022371e-01
      vertex 3.952911e+00 1.676680e+00 6.383705e-01
    endloop
  endfacet
  facet normal 3.352621e-04 2.093479e-01 9.778412e-01
    outer loop
      vertex 3.952911e+00 1.304079e+00 7.121048e-01
      vertex 2.679550e+00 1.352209e+00 7.022371e-01
      vertex 2.828430e+00 9.105301e-01 7.967472e-01
    endloop
  endfacet
  facet normal -2.642973e-04 1.941283e-01 9.809761e-01
    outer loop
      vertex 3.952911e+00 1.304079e+00 7.121048e-01
      vertex 3.952911e+00 1.676680e+00 6.383705e-01
      vertex 2.679550e+00 1.352209e+00 7.022371e-01
    endloop
  endfacet
  facet normal 1.161818e-03 2.519997e-01 9.677266e-01
    outer loop
      vertex 2.947109e+00 -5.729675e-03 1.024048e+00
      vertex 3.952911e+00 1.411991e-01 9.845810e-01
      vertex 2.917751e+00 4.559002e-01 9.038744e-01
    endloop
  endfacet
  facet normal 1.208011e-16 1.642669e-01 9.864159e-01
    outer loop
      vertex 3.952911e+00 2.056959e+00 5.691996e-01
      vertex 5.434311e+00 2.056959e+00 5.691996e-01
      vertex 5.434311e+00 2.444920e+00 5.045919e-01
    endloop
  endfacet
  facet normal 1.118495e-03 1.220956e-01 9.925177e-01
    outer loop
      vertex 7.716541e+00 3.433201e+00 3.648748e-01
      vertex 6.012180e+00 3.819210e+00 3.193102e-01
      vertex 6.915710e+00 3.243900e+00 3.890648e-01
    endloop
  endfacet
  facet normal 5.314943e-04 1.211873e-01 9.926295e-01
    outer loop
      vertex 6.012180e+00 3.819210e+00 3.193102e-01
      vertex 4.829559e+00 3.136431e+00 4.033031e-01
      vertex 6.915710e+00 3.243900e+00 3.890648e-01
    endloop
  endfacet
  facet normal 2.211577e-03 1.657499e-01 9.861654e-01
    outer loop
      vertex 3.647869e+00 2.454170e+00 5.031214e-01
      vertex 2.471500e+00 1.775000e+00 6.199121e-01
      vertex 3.952911e+00 2.056959e+00 5.691996e-01
    endloop
  endfacet
  facet normal -3.815125e-04 1.789586e-01 9.838566e-01
    outer loop
      vertex 3.952911e+00 2.056959e+00 5.691996e-01
      vertex 2.471500e+00 1.775000e+00 6.199121e-01
      vertex 3.952911e+00 1.676680e+00 6.383705e-01
    endloop
  endfacet
  facet normal 1.809703e-03 1.416962e-01 9.899085e-01
    outer loop
      vertex 4.829559e+00 3.136431e+00 4.033031e-01
      vertex 3.647869e+00 2.454170e+00 5.031214e-01
      vertex 5.434311e+00 2.840570e+00 4.445467e-01
    endloop
  endfacet
  facet normal 3.786773e-05 1.641262e-01 9.864394e-01
    outer loop
      vertex 5.434311e+00 2.444920e+00 5.045919e-01
      vertex 3.647869e+00 2.454170e+00 5.031214e-01
      vertex 3.952911e+00 2.056959e+00 5.691996e-01
    endloop
  endfacet
  facet normal -3.196494e-04 1.374278e-01 9.905117e-01
    outer loop
      vertex 6.915710e+00 3.243900e+00 3.890648e-01
      vertex 4.829559e+00 3.136431e+00 4.033031e-01
      vertex 5.434311e+00 2.840570e+00 4.445467e-01
    endloop
  endfacet
  facet normal -3.688019e-05 1.500472e-01 9.886788e-01
    outer loop
      vertex 3.647869e+00 2.454170e+00 5.031214e-01
      vertex 5.434311e+00 2.444920e+00 5.045919e-01
      vertex 5.434311e+00 2.840570e+00 4.445467e-01
    endloop
  endfacet
  facet normal 6.291347e-04 2.654788e-01 9.641165e-01
    outer loop
      vertex 8.397110e+00 0.000000e+00 1.022494e+00
      vertex 6.915710e+00 1.411991e-01 9.845810e-01
      vertex 6.915710e+00 -2.369308e-01 1.088702e+00
    endloop
  endfacet
  facet normal 8.737645e-01 4.863493e-01 -1.070053e-16
    outer loop
      vertex 7.191341e+00 4.500000e+00 0.000000e+00
      vertex 7.191341e+00 4.500000e+00 2.500000e-01
      vertex 7.328690e+00 4.253250e+00 2.500000e-01
    endloop
  endfacet
  facet normal 8.886442e-01 4.585950e-01 -1.436750e-03
    outer loop
      vertex 7.468491e+00 3.981550e+00 0.000000e+00
      vertex 7.328690e+00 4.253250e+00 2.500000e-01
      vertex 7.459221e+00 4.000311e+00 2.500000e-01
    endloop
  endfacet
  facet normal 9.160465e-01 4.010684e-01 -1.732574e-03
    outer loop
      vertex 7.707939e+00 3.454010e+00 0.000000e+00
      vertex 7.582569e+00 3.741421e+00 2.500000e-01
      vertex 7.698391e+00 3.476891e+00 2.500000e-01
    endloop
  endfacet
  facet normal 9.284821e-01 3.713744e-01 1.460936e-03
    outer loop
      vertex 7.707939e+00 3.454010e+00 0.000000e+00
      vertex 7.698391e+00 3.476891e+00 2.500000e-01
      vertex 7.806332e+00 3.207041e+00 2.500000e-01
    endloop
  endfacet
  facet normal 9.027575e-01 4.301481e-01 1.220638e-03
    outer loop
      vertex 7.468491e+00 3.981550e+00 0.000000e+00
      vertex 7.459221e+00 4.000311e+00 2.500000e-01
      vertex 7.582569e+00 3.741421e+00 2.500000e-01
    endloop
  endfacet
  facet normal 9.506307e-01 3.103197e-01 1.703996e-03
    outer loop
      vertex 7.915379e+00 2.905010e+00 0.000000e+00
      vertex 7.906059e+00 2.932190e+00 2.500000e-01
      vertex 7.997292e+00 2.652719e+00 2.500000e-01
    endloop
  endfacet
  facet normal 9.602832e-01 2.790169e-01 -2.368094e-03
    outer loop
      vertex 8.088268e+00 2.337469e+00 0.000000e+00
      vertex 7.997292e+00 2.652719e+00 2.500000e-01
      vertex 8.079720e+00 2.369020e+00 2.500000e-01
    endloop
  endfacet
  facet normal 9.765782e-01 2.151463e-01 -2.657046e-03
    outer loop
      vertex 8.224270e+00 1.755350e+00 0.000000e+00
      vertex 8.153099e+00 2.081490e+00 2.500000e-01
      vertex 8.217190e+00 1.790581e+00 2.500000e-01
    endloop
  endfacet
  facet normal 9.831754e-01 1.826519e-01 2.108245e-03
    outer loop
      vertex 8.224270e+00 1.755350e+00 0.000000e+00
      vertex 8.217190e+00 1.790581e+00 2.500000e-01
      vertex 8.271790e+00 1.496719e+00 2.500000e-01
    endloop
  endfacet
  facet normal 9.689411e-01 2.472842e-01 1.931825e-03
    outer loop
      vertex 8.088268e+00 2.337469e+00 0.000000e+00
      vertex 8.079720e+00 2.369020e+00 2.500000e-01
      vertex 8.153099e+00 2.081490e+00 2.500000e-01
    endloop
  endfacet
  facet normal 9.400217e-01 3.411085e-01 -2.038329e-03
    outer loop
      vertex 7.915379e+00 2.905010e+00 0.000000e+00
      vertex 7.806332e+00 3.207041e+00 2.500000e-01
      vertex 7.906059e+00 2.932190e+00 2.500000e-01
    endloop
  endfacet
  facet normal 8.817331e-01 4.713588e-01 -1.917333e-02
    outer loop
      vertex 7.468491e+00 3.981550e+00 0.000000e+00
      vertex 7.191341e+00 4.500000e+00 0.000000e+00
      vertex 7.328690e+00 4.253250e+00 2.500000e-01
    endloop
  endfacet
  facet normal 9.104368e-01 4.132328e-01 -1.853077e-02
    outer loop
      vertex 7.707939e+00 3.454010e+00 0.000000e+00
      vertex 7.468491e+00 3.981550e+00 0.000000e+00
      vertex 7.582569e+00 3.741421e+00 2.500000e-01
    endloop
  endfacet
  facet normal 9.564198e-01 2.913546e-01 -1.933180e-02
    outer loop
      vertex 8.088268e+00 2.337469e+00 0.000000e+00
      vertex 7.915379e+00 2.905010e+00 0.000000e+00
      vertex 7.997292e+00 2.652719e+00 2.500000e-01
    endloop
  endfacet
  facet normal 9.735906e-01 2.274604e-01 -1.957202e-02
    outer loop
      vertex 8.224270e+00 1.755350e+00 0.000000e+00
      vertex 8.088268e+00 2.337469e+00 0.000000e+00
      vertex 8.153099e+00 2.081490e+00 2.500000e-01
    endloop
  endfacet
  facet normal 9.352778e-01 3.534059e-01 -1.896416e-02
    outer loop
      vertex 7.707939e+00 3.454010e+00 0.000000e+00
      vertex 7.806332e+00 3.207041e+00 2.500000e-01
      vertex 7.915379e+00 2.905010e+00 0.000000e+00
    endloop
  endfacet
  facet normal 9.931512e-01 1.168197e-01 1.957724e-03
    outer loop
      vertex 8.321030e+00 1.167830e+00 0.000000e+00
      vertex 8.316700e+00 1.200380e+00 2.500000e-01
      vertex 8.351799e+00 9.020500e-01 2.500000e-01
    endloop
  endfacet
  facet normal 9.964994e-01 8.357196e-02 -2.167451e-03
    outer loop
      vertex 8.378880e+00 5.726204e-01 0.000000e+00
      vertex 8.351799e+00 9.020500e-01 2.500000e-01
      vertex 8.376942e+00 6.022091e-01 2.500000e-01
    endloop
  endfacet
  facet normal 9.951173e-01 9.672404e-02 -1.964811e-02
    outer loop
      vertex 8.378880e+00 5.726204e-01 0.000000e+00
      vertex 8.321030e+00 1.167830e+00 0.000000e+00
      vertex 8.351799e+00 9.020500e-01 2.500000e-01
    endloop
  endfacet
  facet normal 9.993435e-01 3.035719e-02 -1.977632e-02
    outer loop
      vertex 8.397079e+00 -2.639008e-02 0.000000e+00
      vertex 8.378880e+00 5.726204e-01 0.000000e+00
      vertex 8.392071e+00 3.013592e-01 2.500000e-01
    endloop
  endfacet
  facet normal 9.998580e-01 1.674467e-02 -1.920138e-03
    outer loop
      vertex 8.397079e+00 -2.639008e-02 0.000000e+00
      vertex 8.392071e+00 3.013592e-01 2.500000e-01
      vertex 8.397110e+00 0.000000e+00 2.500000e-01
    endloop
  endfacet
  facet normal 9.987370e-01 5.021165e-02 1.798502e-03
    outer loop
      vertex 8.378880e+00 5.726204e-01 0.000000e+00
      vertex 8.376942e+00 6.022091e-01 2.500000e-01
      vertex 8.392071e+00 3.013592e-01 2.500000e-01
    endloop
  endfacet
  facet normal 9.865243e-01 1.624585e-01 -1.941884e-02
    outer loop
      vertex 8.321030e+00 1.167830e+00 0.000000e+00
      vertex 8.224270e+00 1.755350e+00 0.000000e+00
      vertex 8.271790e+00 1.496719e+00 2.500000e-01
    endloop
  endfacet
  facet normal 9.887034e-01 1.498653e-01 -2.422319e-03
    outer loop
      vertex 8.321030e+00 1.167830e+00 0.000000e+00
      vertex 8.271790e+00 1.496719e+00 2.500000e-01
      vertex 8.316700e+00 1.200380e+00 2.500000e-01
    endloop
  endfacet
  facet normal 9.987372e-01 -5.021166e-02 -1.657150e-03
    outer loop
      vertex 8.375370e+00 -6.252193e-01 0.000000e+00
      vertex 8.392071e+00 -3.013592e-01 2.500000e-01
      vertex 8.376942e+00 -6.022091e-01 2.500000e-01
    endloop
  endfacet
  facet normal 9.965008e-01 -8.357209e-02 1.427437e-03
    outer loop
      vertex 8.375370e+00 -6.252193e-01 0.000000e+00
      vertex 8.376942e+00 -6.022091e-01 2.500000e-01
      vertex 8.351799e+00 -9.020500e-01 2.500000e-01
    endloop
  endfacet
  facet normal 9.887057e-01 -1.498656e-01 1.218593e-03
    outer loop
      vertex 8.314049e+00 -1.219910e+00 0.000000e+00
      vertex 8.316700e+00 -1.200390e+00 2.500000e-01
      vertex 8.271790e+00 -1.496719e+00 2.500000e-01
    endloop
  endfacet
  facet normal 9.831769e-01 -1.826522e-01 -1.140681e-03
    outer loop
      vertex 8.213928e+00 -1.806580e+00 0.000000e+00
      vertex 8.271790e+00 -1.496719e+00 2.500000e-01
      vertex 8.217190e+00 -1.790581e+00 2.500000e-01
    endloop
  endfacet
  facet normal 9.931522e-01 -1.168198e-01 -1.409259e-03
    outer loop
      vertex 8.314049e+00 -1.219910e+00 0.000000e+00
      vertex 8.351799e+00 -9.020500e-01 2.500000e-01
      vertex 8.316700e+00 -1.200390e+00 2.500000e-01
    endloop
  endfacet
  facet normal 9.689425e-01 -2.472845e-01 -8.822788e-04
    outer loop
      vertex 8.076309e+00 -2.381519e+00 0.000000e+00
      vertex 8.153099e+00 -2.081501e+00 2.500000e-01
      vertex 8.079720e+00 -2.369019e+00 2.500000e-01
    endloop
  endfacet
  facet normal 9.602857e-01 -2.790175e-01 8.228226e-04
    outer loop
      vertex 8.076309e+00 -2.381519e+00 0.000000e+00
      vertex 8.079720e+00 -2.369019e+00 2.500000e-01
      vertex 7.997292e+00 -2.652729e+00 2.500000e-01
    endloop
  endfacet
  facet normal 9.400235e-01 -3.411092e-01 6.089170e-04
    outer loop
      vertex 7.902920e+00 -2.941292e+00 0.000000e+00
      vertex 7.906059e+00 -2.932190e+00 2.500000e-01
      vertex 7.806332e+00 -3.207039e+00 2.500000e-01
    endloop
  endfacet
  facet normal 9.284830e-01 -3.713748e-01 -4.226222e-04
    outer loop
      vertex 7.695938e+00 -3.482750e+00 0.000000e+00
      vertex 7.806332e+00 -3.207039e+00 2.500000e-01
      vertex 7.698391e+00 -3.476898e+00 2.500000e-01
    endloop
  endfacet
  facet normal 9.506319e-01 -3.103201e-01 -6.447842e-04
    outer loop
      vertex 7.902920e+00 -2.941292e+00 0.000000e+00
      vertex 7.997292e+00 -2.652729e+00 2.500000e-01
      vertex 7.906059e+00 -2.932190e+00 2.500000e-01
    endloop
  endfacet
  facet normal 9.765812e-01 -2.151470e-01 1.024390e-03
    outer loop
      vertex 8.213928e+00 -1.806580e+00 0.000000e+00
      vertex 8.217190e+00 -1.790581e+00 2.500000e-01
      vertex 8.153099e+00 -2.081501e+00 2.500000e-01
    endloop
  endfacet
  facet normal 9.991475e-01 -3.621576e-02 -1.981542e-02
    outer loop
      vertex 8.375370e+00 -6.252193e-01 0.000000e+00
      vertex 8.397079e+00 -2.639008e-02 0.000000e+00
      vertex 8.392071e+00 -3.013592e-01 2.500000e-01
    endloop
  endfacet
  facet normal 9.945320e-01 -1.025447e-01 -1.976719e-02
    outer loop
      vertex 8.314049e+00 -1.219910e+00 0.000000e+00
      vertex 8.375370e+00 -6.252193e-01 0.000000e+00
      vertex 8.351799e+00 -9.020500e-01 2.500000e-01
    endloop
  endfacet
  facet normal 9.723432e-01 -2.327523e-01 -1.936711e-02
    outer loop
      vertex 8.076309e+00 -2.381519e+00 0.000000e+00
      vertex 8.213928e+00 -1.806580e+00 0.000000e+00
      vertex 8.153099e+00 -2.081501e+00 2.500000e-01
    endloop
  endfacet
  facet normal 9.550546e-01 -2.958170e-01 -1.905468e-02
    outer loop
      vertex 7.902920e+00 -2.941292e+00 0.000000e+00
      vertex 8.076309e+00 -2.381519e+00 0.000000e+00
      vertex 7.997292e+00 -2.652729e+00 2.500000e-01
    endloop
  endfacet
  facet normal 9.855586e-01 -1.681956e-01 -1.960945e-02
    outer loop
      vertex 8.314049e+00 -1.219910e+00 0.000000e+00
      vertex 8.271790e+00 -1.496719e+00 2.500000e-01
      vertex 8.213928e+00 -1.806580e+00 0.000000e+00
    endloop
  endfacet
  facet normal 9.027582e-01 -4.301484e-01 -2.036696e-04
    outer loop
      vertex 7.457829e+00 -4.003109e+00 0.000000e+00
      vertex 7.582569e+00 -3.741421e+00 2.500000e-01
      vertex 7.459221e+00 -4.000309e+00 2.500000e-01
    endloop
  endfacet
  facet normal 8.886480e-01 -4.585900e-01 1.938957e-04
    outer loop
      vertex 7.457829e+00 -4.003109e+00 0.000000e+00
      vertex 7.459221e+00 -4.000309e+00 2.500000e-01
      vertex 7.328690e+00 -4.253250e+00 2.500000e-01
    endloop
  endfacet
  facet normal 9.091724e-01 -4.160225e-01 -1.819027e-02
    outer loop
      vertex 7.457829e+00 -4.003109e+00 0.000000e+00
      vertex 7.695938e+00 -3.482750e+00 0.000000e+00
      vertex 7.582569e+00 -3.741421e+00 2.500000e-01
    endloop
  endfacet
  facet normal 8.811242e-01 -4.725548e-01 -1.766558e-02
    outer loop
      vertex 7.191341e+00 -4.500000e+00 0.000000e+00
      vertex 7.457829e+00 -4.003109e+00 0.000000e+00
      vertex 7.328690e+00 -4.253250e+00 2.500000e-01
    endloop
  endfacet
  facet normal 8.737613e-01 -4.863550e-01 -1.070049e-16
    outer loop
      vertex 7.191341e+00 -4.500000e+00 0.000000e+00
      vertex 7.328690e+00 -4.253250e+00 2.500000e-01
      vertex 7.191341e+00 -4.500000e+00 2.500000e-01
    endloop
  endfacet
  facet normal 9.339129e-01 -3.570133e-01 -1.865830e-02
    outer loop
      vertex 7.806332e+00 -3.207039e+00 2.500000e-01
      vertex 7.695938e+00 -3.482750e+00 0.000000e+00
      vertex 7.902920e+00 -2.941292e+00 0.000000e+00
    endloop
  endfacet
  facet normal 9.160457e-01 -4.010738e-01 3.941161e-04
    outer loop
      vertex 7.582569e+00 -3.741421e+00 2.500000e-01
      vertex 7.695938e+00 -3.482750e+00 0.000000e+00
      vertex 7.698391e+00 -3.476898e+00 2.500000e-01
    endloop
  endfacet
  facet normal 9.998585e-01 -1.674447e-02 1.614985e-03
    outer loop
      vertex 8.397110e+00 0.000000e+00 2.500000e-01
      vertex 8.392071e+00 -3.013592e-01 2.500000e-01
      vertex 8.397079e+00 -2.639008e-02 0.000000e+00
    endloop
  endfacet
  facet normal -5.000011e-01 8.660248e-01 6.123247e-17
    outer loop
      vertex 3.026081e+00 2.095181e+00 1.549778e-01
      vertex 3.026081e+00 2.095181e+00 3.099566e-01
      vertex 3.627861e+00 2.442619e+00 3.099566e-01
    endloop
  endfacet
  facet normal -5.000011e-01 8.660248e-01 6.123247e-17
    outer loop
      vertex 3.026081e+00 2.095181e+00 1.549778e-01
      vertex 3.627861e+00 2.442619e+00 3.099566e-01
      vertex 3.627861e+00 2.442619e+00 1.549778e-01
    endloop
  endfacet
  facet normal -5.000005e-01 8.660251e-01 6.123241e-17
    outer loop
      vertex 3.627861e+00 2.442619e+00 1.549778e-01
      vertex 3.627861e+00 2.442619e+00 3.099566e-01
      vertex 4.829559e+00 3.136431e+00 4.033031e-01
    endloop
  endfacet
  facet normal -5.000002e-01 8.660253e-01 -6.390416e-06
    outer loop
      vertex 3.627861e+00 2.442619e+00 3.099566e-01
      vertex 3.647869e+00 2.454170e+00 5.031214e-01
      vertex 4.829559e+00 3.136431e+00 4.033031e-01
    endloop
  endfacet
  facet normal -5.000014e-01 8.660246e-01 -5.147032e-06
    outer loop
      vertex 2.471500e+00 1.775000e+00 6.199121e-01
      vertex 3.647869e+00 2.454170e+00 5.031214e-01
      vertex 3.026081e+00 2.095181e+00 3.099566e-01
    endloop
  endfacet
  facet normal -5.000011e-01 8.660248e-01 -6.267187e-06
    outer loop
      vertex 3.627861e+00 2.442619e+00 3.099566e-01
      vertex 3.026081e+00 2.095181e+00 3.099566e-01
      vertex 3.647869e+00 2.454170e+00 5.031214e-01
    endloop
  endfacet
  facet normal -4.999992e-01 8.660259e-01 6.123223e-17
    outer loop
      vertex 2.471500e+00 1.775000e+00 6.199121e-01
      vertex 3.026081e+00 2.095181e+00 3.099566e-01
      vertex 2.471500e+00 1.775000e+00 2.500000e-01
    endloop
  endfacet
  facet normal -4.999992e-01 8.660259e-01 6.123223e-17
    outer loop
      vertex 3.026081e+00 2.095181e+00 3.099566e-01
      vertex 3.026081e+00 2.095181e+00 1.549778e-01
      vertex 2.471500e+00 1.775000e+00 2.500000e-01
    endloop
  endfacet
  facet normal -5.000016e-01 8.660245e-01 -6.128187e-06
    outer loop
      vertex 6.012180e+00 3.819210e+00 3.193102e-01
      vertex 4.831421e+00 3.137501e+00 0.000000e+00
      vertex 4.829559e+00 3.136431e+00 4.033031e-01
    endloop
  endfacet
  facet normal -5.000013e-01 8.660247e-01 6.123249e-17
    outer loop
      vertex 6.011379e+00 3.818750e+00 0.000000e+00
      vertex 7.191341e+00 4.500000e+00 2.500000e-01
      vertex 7.191341e+00 4.500000e+00 0.000000e+00
    endloop
  endfacet
  facet normal -5.000013e-01 8.660247e-01 -7.822097e-06
    outer loop
      vertex 6.011379e+00 3.818750e+00 0.000000e+00
      vertex 4.831421e+00 3.137501e+00 0.000000e+00
      vertex 6.012180e+00 3.819210e+00 3.193102e-01
    endloop
  endfacet
  facet normal -4.999996e-01 8.660256e-01 -6.116058e-06
    outer loop
      vertex 4.829559e+00 3.136431e+00 4.033031e-01
      vertex 4.831421e+00 3.137501e+00 0.000000e+00
      vertex 3.627861e+00 2.442619e+00 1.549778e-01
    endloop
  endfacet
  facet normal -5.000011e-01 8.660248e-01 1.067803e-05
    outer loop
      vertex 3.651459e+00 2.456249e+00 0.000000e+00
      vertex 3.026081e+00 2.095181e+00 1.549778e-01
      vertex 3.627861e+00 2.442619e+00 1.549778e-01
    endloop
  endfacet
  facet normal -5.000013e-01 8.660247e-01 9.814541e-06
    outer loop
      vertex 3.026081e+00 2.095181e+00 1.549778e-01
      vertex 3.651459e+00 2.456249e+00 0.000000e+00
      vertex 2.471500e+00 1.775000e+00 0.000000e+00
    endloop
  endfacet
  facet normal -4.999979e-01 8.660266e-01 1.131791e-05
    outer loop
      vertex 3.651459e+00 2.456249e+00 0.000000e+00
      vertex 3.627861e+00 2.442619e+00 1.549778e-01
      vertex 4.831421e+00 3.137501e+00 0.000000e+00
    endloop
  endfacet
  facet normal -4.999992e-01 8.660259e-01 6.123223e-17
    outer loop
      vertex 2.471500e+00 1.775000e+00 2.500000e-01
      vertex 3.026081e+00 2.095181e+00 1.549778e-01
      vertex 2.471500e+00 1.775000e+00 0.000000e+00
    endloop
  endfacet
  facet normal -5.000000e-01 8.660254e-01 -7.826264e-06
    outer loop
      vertex 6.012180e+00 3.819210e+00 3.193102e-01
      vertex 7.191341e+00 4.500000e+00 2.500000e-01
      vertex 6.011379e+00 3.818750e+00 0.000000e+00
    endloop
  endfacet
  facet normal -5.000011e-01 -8.660248e-01 6.123247e-17
    outer loop
      vertex 3.026081e+00 -2.095188e+00 3.664274e-01
      vertex 3.627861e+00 -2.442631e+00 3.664274e-01
      vertex 3.627861e+00 -2.442631e+00 7.640390e-01
    endloop
  endfacet
  facet normal -5.000011e-01 -8.660248e-01 6.123247e-17
    outer loop
      vertex 3.026081e+00 -2.095188e+00 3.664274e-01
      vertex 3.627861e+00 -2.442631e+00 7.640390e-01
      vertex 3.026081e+00 -2.095188e+00 7.640390e-01
    endloop
  endfacet
  facet normal -4.999990e-01 -8.660260e-01 6.123222e-17
    outer loop
      vertex 3.627861e+00 -2.442631e+00 7.640390e-01
      vertex 4.831421e+00 -3.137501e+00 7.640390e-01
      vertex 4.831421e+00 -3.137501e+00 1.559263e+00
    endloop
  endfacet
  facet normal -4.999990e-01 -8.660260e-01 6.123222e-17
    outer loop
      vertex 3.627861e+00 -2.442631e+00 7.640390e-01
      vertex 4.831421e+00 -3.137501e+00 1.559263e+00
      vertex 3.627861e+00 -2.442631e+00 1.559263e+00
    endloop
  endfacet
  facet normal -4.999970e-01 -8.660271e-01 6.123197e-17
    outer loop
      vertex 6.034981e+00 -3.832378e+00 3.664274e-01
      vertex 6.636761e+00 -4.179810e+00 3.664274e-01
      vertex 6.636761e+00 -4.179810e+00 7.640390e-01
    endloop
  endfacet
  facet normal -4.999970e-01 -8.660271e-01 6.123197e-17
    outer loop
      vertex 6.034981e+00 -3.832378e+00 3.664274e-01
      vertex 6.636761e+00 -4.179810e+00 7.640390e-01
      vertex 6.034981e+00 -3.832378e+00 7.640390e-01
    endloop
  endfacet
  facet normal -5.000023e-01 -8.660241e-01 6.123262e-17
    outer loop
      vertex 4.831421e+00 -3.137501e+00 7.640390e-01
      vertex 6.034981e+00 -3.832378e+00 7.640390e-01
      vertex 6.034981e+00 -3.832378e+00 1.559263e+00
    endloop
  endfacet
  facet normal -5.000023e-01 -8.660241e-01 6.123262e-17
    outer loop
      vertex 4.831421e+00 -3.137501e+00 7.640390e-01
      vertex 6.034981e+00 -3.832378e+00 1.559263e+00
      vertex 4.831421e+00 -3.137501e+00 1.559263e+00
    endloop
  endfacet
  facet normal -4.999975e-01 -8.660269e-01 -5.318982e-07
    outer loop
      vertex 6.034981e+00 -3.832378e+00 1.559263e+00
      vertex 6.636761e+00 -4.179810e+00 7.640390e-01
      vertex 7.191341e+00 -4.500000e+00 3.118526e+00
    endloop
  endfacet
  facet normal -4.999996e-01 -8.660256e-01 1.571565e-06
    outer loop
      vertex 6.043419e+00 -3.837250e+00 2.652686e+00
      vertex 6.034981e+00 -3.832378e+00 1.559263e+00
      vertex 7.191341e+00 -4.500000e+00 3.118526e+00
    endloop
  endfacet
  facet normal -4.999992e-01 -8.660259e-01 6.123223e-17
    outer loop
      vertex 7.191341e+00 -4.500000e+00 2.500000e-01
      vertex 7.191341e+00 -4.500000e+00 3.118526e+00
      vertex 6.636761e+00 -4.179810e+00 7.640390e-01
    endloop
  endfacet
  facet normal -5.000023e-01 -8.660241e-01 -4.300035e-06
    outer loop
      vertex 4.831421e+00 -3.137501e+00 1.559263e+00
      vertex 6.034981e+00 -3.832378e+00 1.559263e+00
      vertex 4.858898e+00 -3.153370e+00 2.249311e+00
    endloop
  endfacet
  facet normal -4.999997e-01 -8.660256e-01 1.572258e-06
    outer loop
      vertex 6.043419e+00 -3.837250e+00 2.652686e+00
      vertex 4.858898e+00 -3.153370e+00 2.249311e+00
      vertex 6.034981e+00 -3.832378e+00 1.559263e+00
    endloop
  endfacet
  facet normal -4.999991e-01 -8.660259e-01 -4.467289e-06
    outer loop
      vertex 3.660641e+00 -2.461552e+00 1.903214e+00
      vertex 4.831421e+00 -3.137501e+00 1.559263e+00
      vertex 4.858898e+00 -3.153370e+00 2.249311e+00
    endloop
  endfacet
  facet normal -4.999970e-01 -8.660271e-01 6.123197e-17
    outer loop
      vertex 6.034981e+00 -3.832378e+00 7.640390e-01
      vertex 6.636761e+00 -4.179810e+00 7.640390e-01
      vertex 6.034981e+00 -3.832378e+00 1.559263e+00
    endloop
  endfacet
  facet normal -4.999992e-01 -8.660259e-01 6.123223e-17
    outer loop
      vertex 7.191341e+00 -4.500000e+00 0.000000e+00
      vertex 7.191341e+00 -4.500000e+00 2.500000e-01
      vertex 6.636761e+00 -4.179810e+00 3.664274e-01
    endloop
  endfacet
  facet normal -4.999992e-01 -8.660259e-01 6.123223e-17
    outer loop
      vertex 6.636761e+00 -4.179810e+00 3.664274e-01
      vertex 7.191341e+00 -4.500000e+00 2.500000e-01
      vertex 6.636761e+00 -4.179810e+00 7.640390e-01
    endloop
  endfacet
  facet normal -4.999991e-01 -8.660259e-01 8.642136e-08
    outer loop
      vertex 6.011379e+00 -3.818748e+00 0.000000e+00
      vertex 7.191341e+00 -4.500000e+00 0.000000e+00
      vertex 6.636761e+00 -4.179810e+00 3.664274e-01
    endloop
  endfacet
  facet normal -4.999970e-01 -8.660271e-01 -4.869747e-06
    outer loop
      vertex 6.011379e+00 -3.818748e+00 0.000000e+00
      vertex 6.636761e+00 -4.179810e+00 3.664274e-01
      vertex 6.034981e+00 -3.832378e+00 3.664274e-01
    endloop
  endfacet
  facet normal -5.000023e-01 -8.660241e-01 6.123262e-17
    outer loop
      vertex 6.034981e+00 -3.832378e+00 3.664274e-01
      vertex 6.034981e+00 -3.832378e+00 7.640390e-01
      vertex 4.831421e+00 -3.137501e+00 7.640390e-01
    endloop
  endfacet
  facet normal -5.000013e-01 -8.660247e-01 -4.502415e-06
    outer loop
      vertex 4.831421e+00 -3.137501e+00 0.000000e+00
      vertex 6.011379e+00 -3.818748e+00 0.000000e+00
      vertex 6.034981e+00 -3.832378e+00 3.664274e-01
    endloop
  endfacet
  facet normal -4.999990e-01 -8.660260e-01 -4.028281e-06
    outer loop
      vertex 3.660641e+00 -2.461552e+00 1.903214e+00
      vertex 3.627861e+00 -2.442631e+00 1.559263e+00
      vertex 4.831421e+00 -3.137501e+00 1.559263e+00
    endloop
  endfacet
  facet normal -5.000003e-01 -8.660252e-01 -3.866363e-06
    outer loop
      vertex 2.471500e+00 -1.775000e+00 1.609208e+00
      vertex 3.627861e+00 -2.442631e+00 1.559263e+00
      vertex 3.660641e+00 -2.461552e+00 1.903214e+00
    endloop
  endfacet
  facet normal -5.000011e-01 -8.660248e-01 6.123247e-17
    outer loop
      vertex 3.026081e+00 -2.095188e+00 7.640390e-01
      vertex 3.627861e+00 -2.442631e+00 7.640390e-01
      vertex 3.627861e+00 -2.442631e+00 1.559263e+00
    endloop
  endfacet
  facet normal -5.000002e-01 -8.660253e-01 6.123236e-17
    outer loop
      vertex 2.471500e+00 -1.775000e+00 1.609208e+00
      vertex 2.471500e+00 -1.775000e+00 9.296036e-01
      vertex 3.627861e+00 -2.442631e+00 1.559263e+00
    endloop
  endfacet
  facet normal -4.999995e-01 -8.660257e-01 -1.560929e-06
    outer loop
      vertex 2.471500e+00 -1.775000e+00 9.296036e-01
      vertex 3.026081e+00 -2.095188e+00 7.640390e-01
      vertex 3.627861e+00 -2.442631e+00 1.559263e+00
    endloop
  endfacet
  facet normal -4.999990e-01 -8.660260e-01 6.123222e-17
    outer loop
      vertex 3.627861e+00 -2.442631e+00 3.664274e-01
      vertex 4.831421e+00 -3.137501e+00 7.640390e-01
      vertex 3.627861e+00 -2.442631e+00 7.640390e-01
    endloop
  endfacet
  facet normal -4.999979e-01 -8.660266e-01 4.786828e-06
    outer loop
      vertex 3.651459e+00 -2.456249e+00 0.000000e+00
      vertex 4.831421e+00 -3.137501e+00 0.000000e+00
      vertex 3.627861e+00 -2.442631e+00 3.664274e-01
    endloop
  endfacet
  facet normal -4.999990e-01 -8.660260e-01 6.123222e-17
    outer loop
      vertex 3.627861e+00 -2.442631e+00 3.664274e-01
      vertex 4.831421e+00 -3.137501e+00 0.000000e+00
      vertex 4.831421e+00 -3.137501e+00 7.640390e-01
    endloop
  endfacet
  facet normal -5.000011e-01 -8.660248e-01 4.516196e-06
    outer loop
      vertex 3.026081e+00 -2.095188e+00 3.664274e-01
      vertex 3.651459e+00 -2.456249e+00 0.000000e+00
      vertex 3.627861e+00 -2.442631e+00 3.664274e-01
    endloop
  endfacet
  facet normal -4.999992e-01 -8.660259e-01 6.123223e-17
    outer loop
      vertex 3.026081e+00 -2.095188e+00 3.664274e-01
      vertex 3.026081e+00 -2.095188e+00 7.640390e-01
      vertex 2.471500e+00 -1.775000e+00 9.296036e-01
    endloop
  endfacet
  facet normal -4.999992e-01 -8.660259e-01 6.123223e-17
    outer loop
      vertex 3.026081e+00 -2.095188e+00 3.664274e-01
      vertex 2.471500e+00 -1.775000e+00 9.296036e-01
      vertex 2.471500e+00 -1.775000e+00 2.500000e-01
    endloop
  endfacet
  facet normal -4.999992e-01 -8.660259e-01 6.123223e-17
    outer loop
      vertex 3.026081e+00 -2.095188e+00 3.664274e-01
      vertex 2.471500e+00 -1.775000e+00 2.500000e-01
      vertex 2.471500e+00 -1.775000e+00 0.000000e+00
    endloop
  endfacet
  facet normal -5.000013e-01 -8.660247e-01 4.150988e-06
    outer loop
      vertex 3.651459e+00 -2.456249e+00 0.000000e+00
      vertex 3.026081e+00 -2.095188e+00 3.664274e-01
      vertex 2.471500e+00 -1.775000e+00 0.000000e+00
    endloop
  endfacet
  facet normal -5.000023e-01 -8.660241e-01 6.123262e-17
    outer loop
      vertex 6.034981e+00 -3.832378e+00 3.664274e-01
      vertex 4.831421e+00 -3.137501e+00 7.640390e-01
      vertex 4.831421e+00 -3.137501e+00 0.000000e+00
    endloop
  endfacet
  facet normal 7.288349e-02 -9.973405e-01 -8.925655e-18
    outer loop
      vertex -2.571297e-01 -3.533119e+00 1.125000e+00
      vertex -4.314308e-01 -3.545860e+00 1.125000e+00
      vertex -4.314308e-01 -3.545860e+00 5.625000e-01
    endloop
  endfacet
  facet normal 7.288349e-02 -9.973405e-01 -8.925655e-18
    outer loop
      vertex -2.571297e-01 -3.533119e+00 1.125000e+00
      vertex -4.314308e-01 -3.545860e+00 5.625000e-01
      vertex -2.571297e-01 -3.533119e+00 5.625000e-01
    endloop
  endfacet
  facet normal 8.437027e-01 5.368108e-01 -1.033238e-16
    outer loop
      vertex 2.343159e+00 1.980730e+00 1.125000e+00
      vertex 2.439411e+00 1.829451e+00 1.125000e+00
      vertex 2.439411e+00 1.829451e+00 5.625000e-01
    endloop
  endfacet
  facet normal 8.437027e-01 5.368108e-01 -1.033238e-16
    outer loop
      vertex 2.343159e+00 1.980730e+00 1.125000e+00
      vertex 2.439411e+00 1.829451e+00 5.625000e-01
      vertex 2.343159e+00 1.980730e+00 5.625000e-01
    endloop
  endfacet
  facet normal -8.935019e-01 -4.490595e-01 1.094224e-16
    outer loop
      vertex -3.733158e+00 -1.674480e+00 1.125000e+00
      vertex -3.814411e+00 -1.512810e+00 1.125000e+00
      vertex -3.814411e+00 -1.512810e+00 5.625000e-01
    endloop
  endfacet
  facet normal -8.935019e-01 -4.490595e-01 1.094224e-16
    outer loop
      vertex -3.733158e+00 -1.674480e+00 1.125000e+00
      vertex -3.814411e+00 -1.512810e+00 5.625000e-01
      vertex -3.733158e+00 -1.674480e+00 5.625000e-01
    endloop
  endfacet
  facet normal -9.151346e-01 -4.031484e-01 1.120717e-16
    outer loop
      vertex -3.814411e+00 -1.512810e+00 1.125000e+00
      vertex -3.886719e+00 -1.348680e+00 1.125000e+00
      vertex -3.886719e+00 -1.348680e+00 5.625000e-01
    endloop
  endfacet
  facet normal -9.151346e-01 -4.031484e-01 1.120717e-16
    outer loop
      vertex -3.814411e+00 -1.512810e+00 1.125000e+00
      vertex -3.886719e+00 -1.348680e+00 5.625000e-01
      vertex -3.814411e+00 -1.512810e+00 5.625000e-01
    endloop
  endfacet
  facet normal -8.757746e-01 -4.827202e-01 1.072515e-16
    outer loop
      vertex -3.690220e+00 -1.752390e+00 5.625000e-01
      vertex -3.733158e+00 -1.674480e+00 5.625000e-01
      vertex -3.733158e+00 -1.674480e+00 2.812500e-01
    endloop
  endfacet
  facet normal -8.757746e-01 -4.827202e-01 1.072515e-16
    outer loop
      vertex -3.690220e+00 -1.752390e+00 5.625000e-01
      vertex -3.733158e+00 -1.674480e+00 2.812500e-01
      vertex -3.690220e+00 -1.752390e+00 2.812500e-01
    endloop
  endfacet
  facet normal 4.876304e-02 -9.988104e-01 -5.971751e-18
    outer loop
      vertex -6.028900e-01 -3.549999e+00 0.000000e+00
      vertex -2.571297e-01 -3.533119e+00 0.000000e+00
      vertex -2.571297e-01 -3.533119e+00 5.625000e-01
    endloop
  endfacet
  facet normal 7.287543e-02 -9.972302e-01 -1.486862e-02
    outer loop
      vertex -6.028900e-01 -3.549999e+00 0.000000e+00
      vertex -2.571297e-01 -3.533119e+00 5.625000e-01
      vertex -4.314308e-01 -3.545860e+00 5.625000e-01
    endloop
  endfacet
  facet normal 2.415528e-02 -9.997083e-01 -2.958168e-18
    outer loop
      vertex -6.028900e-01 -3.549999e+00 2.500000e-01
      vertex -6.028900e-01 -3.549999e+00 0.000000e+00
      vertex -4.314308e-01 -3.545860e+00 5.625000e-01
    endloop
  endfacet
  facet normal 1.443803e-01 -9.895223e-01 -1.768149e-17
    outer loop
      vertex -2.571297e-01 -3.533119e+00 0.000000e+00
      vertex 7.534027e-02 -3.484612e+00 0.000000e+00
      vertex -2.571297e-01 -3.533119e+00 5.625000e-01
    endloop
  endfacet
  facet normal 2.386553e-01 -9.711043e-01 -2.922685e-17
    outer loop
      vertex 4.113388e-01 -3.402039e+00 0.000000e+00
      vertex 4.113388e-01 -3.402039e+00 1.125000e+00
      vertex 7.534027e-02 -3.484612e+00 1.125000e+00
    endloop
  endfacet
  facet normal 2.386553e-01 -9.711043e-01 -2.922685e-17
    outer loop
      vertex 4.113388e-01 -3.402039e+00 0.000000e+00
      vertex 7.534027e-02 -3.484612e+00 1.125000e+00
      vertex 7.534027e-02 -3.484612e+00 0.000000e+00
    endloop
  endfacet
  facet normal 2.415528e-02 -9.997083e-01 -2.958168e-18
    outer loop
      vertex -6.028900e-01 -3.549999e+00 6.199121e-01
      vertex -6.028900e-01 -3.549999e+00 2.500000e-01
      vertex -4.314308e-01 -3.545860e+00 5.625000e-01
    endloop
  endfacet
  facet normal 3.332268e-01 -9.428467e-01 -4.080851e-17
    outer loop
      vertex 7.458000e-01 -3.283829e+00 0.000000e+00
      vertex 7.458000e-01 -3.283829e+00 1.125000e+00
      vertex 4.113388e-01 -3.402039e+00 1.125000e+00
    endloop
  endfacet
  facet normal 3.332268e-01 -9.428467e-01 -4.080851e-17
    outer loop
      vertex 7.458000e-01 -3.283829e+00 0.000000e+00
      vertex 4.113388e-01 -3.402039e+00 1.125000e+00
      vertex 4.113388e-01 -3.402039e+00 0.000000e+00
    endloop
  endfacet
  facet normal 4.263427e-01 -9.045617e-01 -5.221192e-17
    outer loop
      vertex 1.071590e+00 -3.130280e+00 0.000000e+00
      vertex 1.071590e+00 -3.130280e+00 1.125000e+00
      vertex 7.458000e-01 -3.283829e+00 1.125000e+00
    endloop
  endfacet
  facet normal 4.263427e-01 -9.045617e-01 -5.221192e-17
    outer loop
      vertex 1.071590e+00 -3.130280e+00 0.000000e+00
      vertex 7.458000e-01 -3.283829e+00 1.125000e+00
      vertex 7.458000e-01 -3.283829e+00 0.000000e+00
    endloop
  endfacet
  facet normal 5.994164e-01 -8.004374e-01 -7.340735e-17
    outer loop
      vertex 1.666740e+00 -2.729710e+00 0.000000e+00
      vertex 1.666740e+00 -2.729710e+00 1.125000e+00
      vertex 1.377850e+00 -2.946049e+00 1.125000e+00
    endloop
  endfacet
  facet normal 5.994164e-01 -8.004374e-01 -7.340735e-17
    outer loop
      vertex 1.666740e+00 -2.729710e+00 0.000000e+00
      vertex 1.377850e+00 -2.946049e+00 1.125000e+00
      vertex 1.377850e+00 -2.946049e+00 0.000000e+00
    endloop
  endfacet
  facet normal 6.777648e-01 -7.352788e-01 -8.300225e-17
    outer loop
      vertex 1.933350e+00 -2.483952e+00 0.000000e+00
      vertex 1.933350e+00 -2.483952e+00 1.125000e+00
      vertex 1.666740e+00 -2.729710e+00 1.125000e+00
    endloop
  endfacet
  facet normal 6.777648e-01 -7.352788e-01 -8.300225e-17
    outer loop
      vertex 1.933350e+00 -2.483952e+00 0.000000e+00
      vertex 1.666740e+00 -2.729710e+00 1.125000e+00
      vertex 1.666740e+00 -2.729710e+00 0.000000e+00
    endloop
  endfacet
  facet normal 5.154749e-01 -8.569047e-01 -6.312747e-17
    outer loop
      vertex 1.377850e+00 -2.946049e+00 0.000000e+00
      vertex 1.377850e+00 -2.946049e+00 1.125000e+00
      vertex 1.071590e+00 -3.130280e+00 1.125000e+00
    endloop
  endfacet
  facet normal 5.154749e-01 -8.569047e-01 -6.312747e-17
    outer loop
      vertex 1.377850e+00 -2.946049e+00 0.000000e+00
      vertex 1.071590e+00 -3.130280e+00 1.125000e+00
      vertex 1.071590e+00 -3.130280e+00 0.000000e+00
    endloop
  endfacet
  facet normal 7.492213e-01 -6.623197e-01 -9.175315e-17
    outer loop
      vertex 2.173389e+00 -2.212421e+00 0.000000e+00
      vertex 2.173389e+00 -2.212421e+00 1.125000e+00
      vertex 1.933350e+00 -2.483952e+00 1.125000e+00
    endloop
  endfacet
  facet normal 7.492213e-01 -6.623197e-01 -9.175315e-17
    outer loop
      vertex 2.173389e+00 -2.212421e+00 0.000000e+00
      vertex 1.933350e+00 -2.483952e+00 1.125000e+00
      vertex 1.933350e+00 -2.483952e+00 0.000000e+00
    endloop
  endfacet
  facet normal 2.415528e-02 -9.997083e-01 -2.958168e-18
    outer loop
      vertex -6.028900e-01 -3.549999e+00 1.125000e+00
      vertex -6.028900e-01 -3.549999e+00 6.199121e-01
      vertex -4.314308e-01 -3.545860e+00 5.625000e-01
    endloop
  endfacet
  facet normal 2.415528e-02 -9.997083e-01 -2.958168e-18
    outer loop
      vertex -6.028900e-01 -3.549999e+00 1.125000e+00
      vertex -4.314308e-01 -3.545860e+00 5.625000e-01
      vertex -4.314308e-01 -3.545860e+00 1.125000e+00
    endloop
  endfacet
  facet normal 7.352788e-01 6.777648e-01 -9.004568e-17
    outer loop
      vertex 2.126820e+00 2.269621e+00 1.125000e+00
      vertex 2.126820e+00 2.269621e+00 0.000000e+00
      vertex 1.881062e+00 2.536240e+00 0.000000e+00
    endloop
  endfacet
  facet normal 7.352788e-01 6.777648e-01 -9.004568e-17
    outer loop
      vertex 2.126820e+00 2.269621e+00 1.125000e+00
      vertex 1.881062e+00 2.536240e+00 0.000000e+00
      vertex 1.881062e+00 2.536240e+00 1.125000e+00
    endloop
  endfacet
  facet normal 7.288349e-02 -9.973405e-01 -8.925655e-18
    outer loop
      vertex -2.571297e-01 -3.533119e+00 2.250000e+00
      vertex -4.314308e-01 -3.545860e+00 1.125000e+00
      vertex -2.571297e-01 -3.533119e+00 1.125000e+00
    endloop
  endfacet
  facet normal 1.443803e-01 -9.895223e-01 -1.768149e-17
    outer loop
      vertex 7.534027e-02 -3.484612e+00 1.125000e+00
      vertex -2.571297e-01 -3.533119e+00 5.625000e-01
      vertex 7.534027e-02 -3.484612e+00 0.000000e+00
    endloop
  endfacet
  facet normal 2.386553e-01 -9.711043e-01 -2.922685e-17
    outer loop
      vertex 7.534027e-02 -3.484612e+00 2.250000e+00
      vertex 7.534027e-02 -3.484612e+00 1.125000e+00
      vertex 4.113388e-01 -3.402039e+00 1.125000e+00
    endloop
  endfacet
  facet normal 2.386553e-01 -9.711043e-01 -2.922685e-17
    outer loop
      vertex 7.534027e-02 -3.484612e+00 2.250000e+00
      vertex 4.113388e-01 -3.402039e+00 1.125000e+00
      vertex 4.113388e-01 -3.402039e+00 2.250000e+00
    endloop
  endfacet
  facet normal 1.443803e-01 -9.895223e-01 -1.768149e-17
    outer loop
      vertex 7.534027e-02 -3.484612e+00 1.125000e+00
      vertex 7.534027e-02 -3.484612e+00 2.250000e+00
      vertex -2.571297e-01 -3.533119e+00 2.250000e+00
    endloop
  endfacet
  facet normal 1.443803e-01 -9.895223e-01 -1.768149e-17
    outer loop
      vertex 7.534027e-02 -3.484612e+00 1.125000e+00
      vertex -2.571297e-01 -3.533119e+00 2.250000e+00
      vertex -2.571297e-01 -3.533119e+00 1.125000e+00
    endloop
  endfacet
  facet normal 2.415528e-02 -9.997083e-01 -2.958168e-18
    outer loop
      vertex -6.028900e-01 -3.549999e+00 2.250000e+00
      vertex -6.028900e-01 -3.549999e+00 1.125000e+00
      vertex -4.314308e-01 -3.545860e+00 1.125000e+00
    endloop
  endfacet
  facet normal 4.263427e-01 -9.045617e-01 -5.221192e-17
    outer loop
      vertex 1.071590e+00 -3.130280e+00 1.125000e+00
      vertex 1.071590e+00 -3.130280e+00 2.250000e+00
      vertex 7.458000e-01 -3.283829e+00 2.250000e+00
    endloop
  endfacet
  facet normal 4.263427e-01 -9.045617e-01 -5.221192e-17
    outer loop
      vertex 1.071590e+00 -3.130280e+00 1.125000e+00
      vertex 7.458000e-01 -3.283829e+00 2.250000e+00
      vertex 7.458000e-01 -3.283829e+00 1.125000e+00
    endloop
  endfacet
  facet normal 5.154749e-01 -8.569047e-01 -6.312747e-17
    outer loop
      vertex 1.377850e+00 -2.946049e+00 1.125000e+00
      vertex 1.377850e+00 -2.946049e+00 2.250000e+00
      vertex 1.071590e+00 -3.130280e+00 2.250000e+00
    endloop
  endfacet
  facet normal 5.154749e-01 -8.569047e-01 -6.312747e-17
    outer loop
      vertex 1.377850e+00 -2.946049e+00 1.125000e+00
      vertex 1.071590e+00 -3.130280e+00 2.250000e+00
      vertex 1.071590e+00 -3.130280e+00 1.125000e+00
    endloop
  endfacet
  facet normal 6.777648e-01 -7.352788e-01 -8.300225e-17
    outer loop
      vertex 1.933350e+00 -2.483952e+00 1.125000e+00
      vertex 1.933350e+00 -2.483952e+00 2.250000e+00
      vertex 1.666740e+00 -2.729710e+00 2.250000e+00
    endloop
  endfacet
  facet normal 6.777648e-01 -7.352788e-01 -8.300225e-17
    outer loop
      vertex 1.933350e+00 -2.483952e+00 1.125000e+00
      vertex 1.666740e+00 -2.729710e+00 2.250000e+00
      vertex 1.666740e+00 -2.729710e+00 1.125000e+00
    endloop
  endfacet
  facet normal 7.492213e-01 -6.623197e-01 -9.175315e-17
    outer loop
      vertex 2.173389e+00 -2.212421e+00 1.125000e+00
      vertex 2.173389e+00 -2.212421e+00 2.250000e+00
      vertex 1.933350e+00 -2.483952e+00 2.250000e+00
    endloop
  endfacet
  facet normal 7.492213e-01 -6.623197e-01 -9.175315e-17
    outer loop
      vertex 2.173389e+00 -2.212421e+00 1.125000e+00
      vertex 1.933350e+00 -2.483952e+00 2.250000e+00
      vertex 1.933350e+00 -2.483952e+00 1.125000e+00
    endloop
  endfacet
  facet normal 5.994164e-01 -8.004374e-01 -7.340735e-17
    outer loop
      vertex 1.666740e+00 -2.729710e+00 1.125000e+00
      vertex 1.666740e+00 -2.729710e+00 2.250000e+00
      vertex 1.377850e+00 -2.946049e+00 2.250000e+00
    endloop
  endfacet
  facet normal 5.994164e-01 -8.004374e-01 -7.340735e-17
    outer loop
      vertex 1.666740e+00 -2.729710e+00 1.125000e+00
      vertex 1.377850e+00 -2.946049e+00 2.250000e+00
      vertex 1.377850e+00 -2.946049e+00 1.125000e+00
    endloop
  endfacet
  facet normal 3.332268e-01 -9.428467e-01 -4.080851e-17
    outer loop
      vertex 7.458000e-01 -3.283829e+00 1.125000e+00
      vertex 7.458000e-01 -3.283829e+00 2.250000e+00
      vertex 4.113388e-01 -3.402039e+00 2.250000e+00
    endloop
  endfacet
  facet normal 3.332268e-01 -9.428467e-01 -4.080851e-17
    outer loop
      vertex 7.458000e-01 -3.283829e+00 1.125000e+00
      vertex 4.113388e-01 -3.402039e+00 2.250000e+00
      vertex 4.113388e-01 -3.402039e+00 1.125000e+00
    endloop
  endfacet
  facet normal 8.126700e-01 -5.827243e-01 -9.952337e-17
    outer loop
      vertex 2.173389e+00 -2.212421e+00 1.125000e+00
      vertex 2.173389e+00 -2.212421e+00 0.000000e+00
      vertex 2.383369e+00 -1.919580e+00 0.000000e+00
    endloop
  endfacet
  facet normal 1.443803e-01 -9.895223e-01 -1.768149e-17
    outer loop
      vertex -2.571297e-01 -3.533119e+00 1.125000e+00
      vertex -2.571297e-01 -3.533119e+00 5.625000e-01
      vertex 7.534027e-02 -3.484612e+00 1.125000e+00
    endloop
  endfacet
  facet normal 8.538499e-01 -5.205193e-01 -1.045665e-16
    outer loop
      vertex 2.471500e+00 -1.775000e+00 2.500000e-01
      vertex 2.383369e+00 -1.919580e+00 0.000000e+00
      vertex 2.471500e+00 -1.775000e+00 0.000000e+00
    endloop
  endfacet
  facet normal 8.004336e-01 5.994215e-01 -9.802484e-17
    outer loop
      vertex 2.343159e+00 1.980730e+00 5.625000e-01
      vertex 2.126820e+00 2.269621e+00 0.000000e+00
      vertex 2.126820e+00 2.269621e+00 1.125000e+00
    endloop
  endfacet
  facet normal 8.202442e-01 5.715937e-01 -2.191092e-02
    outer loop
      vertex 2.343159e+00 1.980730e+00 5.625000e-01
      vertex 2.471500e+00 1.775000e+00 0.000000e+00
      vertex 2.126820e+00 2.269621e+00 0.000000e+00
    endloop
  endfacet
  facet normal 5.827243e-01 8.126700e-01 -7.136315e-17
    outer loop
      vertex 1.316700e+00 2.986250e+00 0.000000e+00
      vertex 1.316700e+00 2.986250e+00 1.125000e+00
      vertex 1.609539e+00 2.776270e+00 1.125000e+00
    endloop
  endfacet
  facet normal 5.827243e-01 8.126700e-01 -7.136315e-17
    outer loop
      vertex 1.316700e+00 2.986250e+00 0.000000e+00
      vertex 1.609539e+00 2.776270e+00 1.125000e+00
      vertex 1.609539e+00 2.776270e+00 0.000000e+00
    endloop
  endfacet
  facet normal 4.978057e-01 8.672886e-01 -6.096361e-17
    outer loop
      vertex 1.007542e+00 3.163700e+00 0.000000e+00
      vertex 1.007542e+00 3.163700e+00 1.125000e+00
      vertex 1.316700e+00 2.986250e+00 1.125000e+00
    endloop
  endfacet
  facet normal 4.978057e-01 8.672886e-01 -3.689152e-17
    outer loop
      vertex 1.007542e+00 3.163700e+00 0.000000e+00
      vertex 1.316700e+00 2.986250e+00 1.125000e+00
      vertex 1.316700e+00 2.986250e+00 0.000000e+00
    endloop
  endfacet
  facet normal 3.179151e-01 9.481192e-01 -3.893337e-17
    outer loop
      vertex 3.614311e-01 3.416519e+00 0.000000e+00
      vertex 3.614311e-01 3.416519e+00 1.125000e+00
      vertex 6.873589e-01 3.307230e+00 1.125000e+00
    endloop
  endfacet
  facet normal 3.179151e-01 9.481192e-01 -3.893337e-17
    outer loop
      vertex 3.614311e-01 3.416519e+00 0.000000e+00
      vertex 6.873589e-01 3.307230e+00 1.125000e+00
      vertex 6.873589e-01 3.307230e+00 0.000000e+00
    endloop
  endfacet
  facet normal 2.258872e-01 9.741535e-01 -2.766320e-17
    outer loop
      vertex 3.479004e-02 3.492260e+00 0.000000e+00
      vertex 3.479004e-02 3.492260e+00 1.125000e+00
      vertex 3.614311e-01 3.416519e+00 1.125000e+00
    endloop
  endfacet
  facet normal 2.258872e-01 9.741535e-01 -2.766320e-17
    outer loop
      vertex 3.479004e-02 3.492260e+00 0.000000e+00
      vertex 3.614311e-01 3.416519e+00 1.125000e+00
      vertex 3.614311e-01 3.416519e+00 0.000000e+00
    endloop
  endfacet
  facet normal 4.090506e-01 9.125117e-01 -5.009425e-17
    outer loop
      vertex 6.873589e-01 3.307230e+00 0.000000e+00
      vertex 6.873589e-01 3.307230e+00 1.125000e+00
      vertex 1.007542e+00 3.163700e+00 1.125000e+00
    endloop
  endfacet
  facet normal 4.090506e-01 9.125117e-01 -5.009425e-17
    outer loop
      vertex 6.873589e-01 3.307230e+00 0.000000e+00
      vertex 1.007542e+00 3.163700e+00 1.125000e+00
      vertex 1.007542e+00 3.163700e+00 0.000000e+00
    endloop
  endfacet
  facet normal 6.623256e-01 7.492161e-01 -8.111150e-17
    outer loop
      vertex 1.609539e+00 2.776270e+00 0.000000e+00
      vertex 1.609539e+00 2.776270e+00 1.125000e+00
      vertex 1.881062e+00 2.536240e+00 1.125000e+00
    endloop
  endfacet
  facet normal 6.623256e-01 7.492161e-01 -8.111150e-17
    outer loop
      vertex 1.609539e+00 2.776270e+00 0.000000e+00
      vertex 1.881062e+00 2.536240e+00 1.125000e+00
      vertex 1.881062e+00 2.536240e+00 0.000000e+00
    endloop
  endfacet
  facet normal 8.538499e-01 -5.205193e-01 -1.045665e-16
    outer loop
      vertex 2.383369e+00 -1.919580e+00 0.000000e+00
      vertex 2.471500e+00 -1.775000e+00 2.500000e-01
      vertex 2.471500e+00 -1.775000e+00 9.296036e-01
    endloop
  endfacet
  facet normal 9.980356e-01 6.254695e-02 -3.585287e-03
    outer loop
      vertex 2.947109e+00 -5.729675e-03 1.024048e+00
      vertex 2.917751e+00 4.559002e-01 9.038744e-01
      vertex 2.947109e+00 0.000000e+00 1.125000e+00
    endloop
  endfacet
  facet normal 9.932457e-01 9.575867e-02 6.552395e-02
    outer loop
      vertex 2.881729e+00 6.782303e-01 1.125000e+00
      vertex 2.947109e+00 0.000000e+00 1.125000e+00
      vertex 2.917751e+00 4.559002e-01 9.038744e-01
    endloop
  endfacet
  facet normal 9.952792e-01 9.595474e-02 -1.456005e-02
    outer loop
      vertex 2.947109e+00 0.000000e+00 1.125000e+00
      vertex 2.881729e+00 6.782303e-01 1.125000e+00
      vertex 2.930241e+00 3.457508e-01 2.250000e+00
    endloop
  endfacet
  facet normal 9.988109e-01 4.875205e-02 -1.223191e-16
    outer loop
      vertex 2.947109e+00 0.000000e+00 1.125000e+00
      vertex 2.930241e+00 3.457508e-01 2.250000e+00
      vertex 2.947109e+00 0.000000e+00 2.250000e+00
    endloop
  endfacet
  facet normal 9.820759e-01 1.864693e-01 -2.749961e-02
    outer loop
      vertex 2.881729e+00 6.782303e-01 1.125000e+00
      vertex 2.917751e+00 4.559002e-01 9.038744e-01
      vertex 2.828430e+00 9.105301e-01 7.967472e-01
    endloop
  endfacet
  facet normal 8.538499e-01 -5.205193e-01 -1.045665e-16
    outer loop
      vertex 2.471500e+00 -1.775000e+00 9.296036e-01
      vertex 2.383369e+00 -1.919580e+00 2.250000e+00
      vertex 2.383369e+00 -1.919580e+00 0.000000e+00
    endloop
  endfacet
  facet normal 8.436825e-01 5.367980e-01 -6.905930e-03
    outer loop
      vertex 2.343159e+00 1.980730e+00 5.625000e-01
      vertex 2.439411e+00 1.829451e+00 5.625000e-01
      vertex 2.471500e+00 1.775000e+00 2.500000e-01
    endloop
  endfacet
  facet normal 8.484470e-01 5.292804e-01 -1.039048e-16
    outer loop
      vertex 2.343159e+00 1.980730e+00 5.625000e-01
      vertex 2.471500e+00 1.775000e+00 2.500000e-01
      vertex 2.471500e+00 1.775000e+00 0.000000e+00
    endloop
  endfacet
  facet normal 8.615399e-01 5.076899e-01 -1.055082e-16
    outer loop
      vertex 2.471500e+00 1.775000e+00 6.199121e-01
      vertex 2.471500e+00 1.775000e+00 2.500000e-01
      vertex 2.439411e+00 1.829451e+00 5.625000e-01
    endloop
  endfacet
  facet normal 9.484956e-01 3.164180e-01 -1.535728e-02
    outer loop
      vertex 2.679550e+00 1.352209e+00 7.022371e-01
      vertex 2.799149e+00 1.014219e+00 1.125000e+00
      vertex 2.828430e+00 9.105301e-01 7.967472e-01
    endloop
  endfacet
  facet normal 8.615399e-01 5.076899e-01 -1.055082e-16
    outer loop
      vertex 2.439411e+00 1.829451e+00 1.125000e+00
      vertex 2.471500e+00 1.775000e+00 6.199121e-01
      vertex 2.439411e+00 1.829451e+00 5.625000e-01
    endloop
  endfacet
  facet normal 8.981017e-01 4.396275e-01 -1.187687e-02
    outer loop
      vertex 2.527390e+00 1.674480e+00 1.125000e+00
      vertex 2.679550e+00 1.352209e+00 7.022371e-01
      vertex 2.471500e+00 1.775000e+00 6.199121e-01
    endloop
  endfacet
  facet normal 9.710407e-01 2.386507e-01 1.122022e-02
    outer loop
      vertex 2.799149e+00 1.014219e+00 1.125000e+00
      vertex 2.881729e+00 6.782303e-01 1.125000e+00
      vertex 2.828430e+00 9.105301e-01 7.967472e-01
    endloop
  endfacet
  facet normal 1.315819e-01 9.913053e-01 -1.611413e-17
    outer loop
      vertex -3.074913e-01 3.537689e+00 0.000000e+00
      vertex -3.074913e-01 3.537689e+00 1.125000e+00
      vertex 3.479004e-02 3.492260e+00 1.125000e+00
    endloop
  endfacet
  facet normal 1.315819e-01 9.913053e-01 -1.611413e-17
    outer loop
      vertex -3.074913e-01 3.537689e+00 0.000000e+00
      vertex 3.479004e-02 3.492260e+00 1.125000e+00
      vertex 3.479004e-02 3.492260e+00 0.000000e+00
    endloop
  endfacet
  facet normal 4.162357e-02 9.991334e-01 -5.097417e-18
    outer loop
      vertex -3.074913e-01 3.537689e+00 0.000000e+00
      vertex -6.028900e-01 3.549999e+00 0.000000e+00
      vertex -3.074913e-01 3.537689e+00 1.125000e+00
    endloop
  endfacet
  facet normal 8.538499e-01 -5.205193e-01 -1.045665e-16
    outer loop
      vertex 2.471500e+00 -1.775000e+00 9.296036e-01
      vertex 2.471500e+00 -1.775000e+00 1.609208e+00
      vertex 2.383369e+00 -1.919580e+00 2.250000e+00
    endloop
  endfacet
  facet normal 9.977988e-01 -6.621040e-02 3.717656e-03
    outer loop
      vertex 2.947109e+00 -5.729675e-03 1.024048e+00
      vertex 2.947109e+00 0.000000e+00 1.125000e+00
      vertex 2.915630e+00 -4.725704e-01 1.158406e+00
    endloop
  endfacet
  facet normal 4.876270e-02 -9.988033e-01 3.753621e-03
    outer loop
      vertex -2.571297e-01 -3.533119e+00 2.250000e+00
      vertex -6.028900e-01 -3.549999e+00 2.250000e+00
      vertex -4.314308e-01 -3.545860e+00 1.125000e+00
    endloop
  endfacet
  facet normal 9.799158e-01 -1.993036e-01 -6.572385e-03
    outer loop
      vertex 2.915630e+00 -4.725704e-01 1.158406e+00
      vertex 2.889370e+00 -6.376801e-01 2.250000e+00
      vertex 2.824291e+00 -9.263897e-01 1.301915e+00
    endloop
  endfacet
  facet normal 9.711018e-01 2.386657e-01 -1.189257e-16
    outer loop
      vertex 2.881729e+00 6.782303e-01 2.250000e+00
      vertex 2.881729e+00 6.782303e-01 1.125000e+00
      vertex 2.799149e+00 1.014219e+00 1.125000e+00
    endloop
  endfacet
  facet normal 9.711018e-01 2.386657e-01 -1.189257e-16
    outer loop
      vertex 2.881729e+00 6.782303e-01 2.250000e+00
      vertex 2.799149e+00 1.014219e+00 1.125000e+00
      vertex 2.799149e+00 1.014219e+00 2.250000e+00
    endloop
  endfacet
  facet normal 9.457997e-01 -3.247127e-01 -4.958431e-03
    outer loop
      vertex 2.704342e+00 -1.290251e+00 2.250000e+00
      vertex 2.675461e+00 -1.362200e+00 1.452781e+00
      vertex 2.824291e+00 -9.263897e-01 1.301915e+00
    endloop
  endfacet
  facet normal 8.949565e-01 -4.460371e-01 -1.018653e-02
    outer loop
      vertex 2.675461e+00 -1.362200e+00 1.452781e+00
      vertex 2.560822e+00 -1.610430e+00 2.250000e+00
      vertex 2.471500e+00 -1.775000e+00 1.609208e+00
    endloop
  endfacet
  facet normal 8.126700e-01 -5.827243e-01 -9.952337e-17
    outer loop
      vertex 2.383369e+00 -1.919580e+00 2.250000e+00
      vertex 2.173389e+00 -2.212421e+00 1.125000e+00
      vertex 2.383369e+00 -1.919580e+00 0.000000e+00
    endloop
  endfacet
  facet normal 8.672602e-01 -4.978063e-01 6.969258e-03
    outer loop
      vertex 2.471500e+00 -1.775000e+00 1.609208e+00
      vertex 2.560822e+00 -1.610430e+00 2.250000e+00
      vertex 2.383369e+00 -1.919580e+00 2.250000e+00
    endloop
  endfacet
  facet normal 9.125090e-01 -4.090385e-01 3.858004e-03
    outer loop
      vertex 2.675461e+00 -1.362200e+00 1.452781e+00
      vertex 2.704342e+00 -1.290251e+00 2.250000e+00
      vertex 2.560822e+00 -1.610430e+00 2.250000e+00
    endloop
  endfacet
  facet normal 8.126700e-01 -5.827243e-01 -9.952337e-17
    outer loop
      vertex 2.173389e+00 -2.212421e+00 2.250000e+00
      vertex 2.173389e+00 -2.212421e+00 1.125000e+00
      vertex 2.383369e+00 -1.919580e+00 2.250000e+00
    endloop
  endfacet
  facet normal 9.741542e-01 -2.258760e-01 1.914830e-03
    outer loop
      vertex 2.824291e+00 -9.263897e-01 1.301915e+00
      vertex 2.889370e+00 -6.376801e-01 2.250000e+00
      vertex 2.813629e+00 -9.643192e-01 2.250000e+00
    endloop
  endfacet
  facet normal 9.912978e-01 -1.315794e-01 3.945217e-03
    outer loop
      vertex 2.915630e+00 -4.725704e-01 1.158406e+00
      vertex 2.934799e+00 -2.954006e-01 2.250000e+00
      vertex 2.889370e+00 -6.376801e-01 2.250000e+00
    endloop
  endfacet
  facet normal 9.991328e-01 -4.163645e-02 -1.223585e-16
    outer loop
      vertex 2.947109e+00 0.000000e+00 2.250000e+00
      vertex 2.934799e+00 -2.954006e-01 2.250000e+00
      vertex 2.947109e+00 0.000000e+00 1.125000e+00
    endloop
  endfacet
  facet normal 9.895221e-01 1.443819e-01 -1.211815e-16
    outer loop
      vertex 2.881729e+00 6.782303e-01 2.250000e+00
      vertex 2.930241e+00 3.457508e-01 2.250000e+00
      vertex 2.881729e+00 6.782303e-01 1.125000e+00
    endloop
  endfacet
  facet normal 9.977348e-01 -6.693969e-02 -6.659338e-03
    outer loop
      vertex 2.934799e+00 -2.954006e-01 2.250000e+00
      vertex 2.915630e+00 -4.725704e-01 1.158406e+00
      vertex 2.947109e+00 0.000000e+00 1.125000e+00
    endloop
  endfacet
  facet normal 9.481138e-01 -3.179244e-01 -2.060445e-03
    outer loop
      vertex 2.813629e+00 -9.643192e-01 2.250000e+00
      vertex 2.704342e+00 -1.290251e+00 2.250000e+00
      vertex 2.824291e+00 -9.263897e-01 1.301915e+00
    endloop
  endfacet
  facet normal 9.045617e-01 4.263427e-01 -1.107769e-16
    outer loop
      vertex 2.527390e+00 1.674480e+00 1.125000e+00
      vertex 2.527390e+00 1.674480e+00 2.250000e+00
      vertex 2.680950e+00 1.348680e+00 2.250000e+00
    endloop
  endfacet
  facet normal 9.045617e-01 4.263427e-01 -1.107769e-16
    outer loop
      vertex 2.527390e+00 1.674480e+00 1.125000e+00
      vertex 2.680950e+00 1.348680e+00 2.250000e+00
      vertex 2.680950e+00 1.348680e+00 1.125000e+00
    endloop
  endfacet
  facet normal 9.045615e-01 4.263427e-01 5.749958e-04
    outer loop
      vertex 2.679550e+00 1.352209e+00 7.022371e-01
      vertex 2.527390e+00 1.674480e+00 1.125000e+00
      vertex 2.680950e+00 1.348680e+00 1.125000e+00
    endloop
  endfacet
  facet normal 8.696474e-01 4.936693e-01 2.026686e-03
    outer loop
      vertex 2.471500e+00 1.775000e+00 6.199121e-01
      vertex 2.439411e+00 1.829451e+00 1.125000e+00
      vertex 2.527390e+00 1.674480e+00 1.125000e+00
    endloop
  endfacet
  facet normal 8.696492e-01 4.936703e-01 -1.065013e-16
    outer loop
      vertex 2.527390e+00 1.674480e+00 2.250000e+00
      vertex 2.527390e+00 1.674480e+00 1.125000e+00
      vertex 2.439411e+00 1.829451e+00 1.125000e+00
    endloop
  endfacet
  facet normal 8.004336e-01 5.994215e-01 -9.802484e-17
    outer loop
      vertex 2.126820e+00 2.269621e+00 1.125000e+00
      vertex 2.126820e+00 2.269621e+00 2.250000e+00
      vertex 2.343159e+00 1.980730e+00 2.250000e+00
    endloop
  endfacet
  facet normal 8.004336e-01 5.994215e-01 -9.802484e-17
    outer loop
      vertex 2.126820e+00 2.269621e+00 1.125000e+00
      vertex 2.343159e+00 1.980730e+00 2.250000e+00
      vertex 2.343159e+00 1.980730e+00 1.125000e+00
    endloop
  endfacet
  facet normal 7.352788e-01 6.777648e-01 -9.004568e-17
    outer loop
      vertex 2.126820e+00 2.269621e+00 2.250000e+00
      vertex 2.126820e+00 2.269621e+00 1.125000e+00
      vertex 1.881062e+00 2.536240e+00 1.125000e+00
    endloop
  endfacet
  facet normal 7.352788e-01 6.777648e-01 -9.004568e-17
    outer loop
      vertex 2.126820e+00 2.269621e+00 2.250000e+00
      vertex 1.881062e+00 2.536240e+00 1.125000e+00
      vertex 1.881062e+00 2.536240e+00 2.250000e+00
    endloop
  endfacet
  facet normal 6.623256e-01 7.492161e-01 -8.111150e-17
    outer loop
      vertex 1.609539e+00 2.776270e+00 1.125000e+00
      vertex 1.609539e+00 2.776270e+00 2.250000e+00
      vertex 1.881062e+00 2.536240e+00 2.250000e+00
    endloop
  endfacet
  facet normal 6.623256e-01 7.492161e-01 -8.111150e-17
    outer loop
      vertex 1.609539e+00 2.776270e+00 1.125000e+00
      vertex 1.881062e+00 2.536240e+00 2.250000e+00
      vertex 1.881062e+00 2.536240e+00 1.125000e+00
    endloop
  endfacet
  facet normal 8.437027e-01 5.368108e-01 -1.033238e-16
    outer loop
      vertex 2.343159e+00 1.980730e+00 2.250000e+00
      vertex 2.439411e+00 1.829451e+00 1.125000e+00
      vertex 2.343159e+00 1.980730e+00 1.125000e+00
    endloop
  endfacet
  facet normal 4.978057e-01 8.672886e-01 -6.096361e-17
    outer loop
      vertex 1.007542e+00 3.163700e+00 1.125000e+00
      vertex 1.007542e+00 3.163700e+00 2.250000e+00
      vertex 1.316700e+00 2.986250e+00 2.250000e+00
    endloop
  endfacet
  facet normal 4.978057e-01 8.672886e-01 -3.689152e-17
    outer loop
      vertex 1.007542e+00 3.163700e+00 1.125000e+00
      vertex 1.316700e+00 2.986250e+00 2.250000e+00
      vertex 1.316700e+00 2.986250e+00 1.125000e+00
    endloop
  endfacet
  facet normal 4.090506e-01 9.125117e-01 -5.009425e-17
    outer loop
      vertex 6.873589e-01 3.307230e+00 1.125000e+00
      vertex 6.873589e-01 3.307230e+00 2.250000e+00
      vertex 1.007542e+00 3.163700e+00 2.250000e+00
    endloop
  endfacet
  facet normal 4.090506e-01 9.125117e-01 -5.009425e-17
    outer loop
      vertex 6.873589e-01 3.307230e+00 1.125000e+00
      vertex 1.007542e+00 3.163700e+00 2.250000e+00
      vertex 1.007542e+00 3.163700e+00 1.125000e+00
    endloop
  endfacet
  facet normal 2.258872e-01 9.741535e-01 -2.766320e-17
    outer loop
      vertex 3.479004e-02 3.492260e+00 1.125000e+00
      vertex 3.479004e-02 3.492260e+00 2.250000e+00
      vertex 3.614311e-01 3.416519e+00 2.250000e+00
    endloop
  endfacet
  facet normal 2.258872e-01 9.741535e-01 -2.766320e-17
    outer loop
      vertex 3.479004e-02 3.492260e+00 1.125000e+00
      vertex 3.614311e-01 3.416519e+00 2.250000e+00
      vertex 3.614311e-01 3.416519e+00 1.125000e+00
    endloop
  endfacet
  facet normal 1.315819e-01 9.913053e-01 -1.611413e-17
    outer loop
      vertex -3.074913e-01 3.537689e+00 1.125000e+00
      vertex -3.074913e-01 3.537689e+00 2.250000e+00
      vertex 3.479004e-02 3.492260e+00 2.250000e+00
    endloop
  endfacet
  facet normal 1.315819e-01 9.913053e-01 -1.611413e-17
    outer loop
      vertex -3.074913e-01 3.537689e+00 1.125000e+00
      vertex 3.479004e-02 3.492260e+00 2.250000e+00
      vertex 3.479004e-02 3.492260e+00 1.125000e+00
    endloop
  endfacet
  facet normal 3.179151e-01 9.481192e-01 -3.893337e-17
    outer loop
      vertex 3.614311e-01 3.416519e+00 1.125000e+00
      vertex 3.614311e-01 3.416519e+00 2.250000e+00
      vertex 6.873589e-01 3.307230e+00 2.250000e+00
    endloop
  endfacet
  facet normal 3.179151e-01 9.481192e-01 -3.893337e-17
    outer loop
      vertex 3.614311e-01 3.416519e+00 1.125000e+00
      vertex 6.873589e-01 3.307230e+00 2.250000e+00
      vertex 6.873589e-01 3.307230e+00 1.125000e+00
    endloop
  endfacet
  facet normal 5.827243e-01 8.126700e-01 -7.136315e-17
    outer loop
      vertex 1.316700e+00 2.986250e+00 1.125000e+00
      vertex 1.316700e+00 2.986250e+00 2.250000e+00
      vertex 1.609539e+00 2.776270e+00 2.250000e+00
    endloop
  endfacet
  facet normal 5.827243e-01 8.126700e-01 -7.136315e-17
    outer loop
      vertex 1.316700e+00 2.986250e+00 1.125000e+00
      vertex 1.609539e+00 2.776270e+00 2.250000e+00
      vertex 1.609539e+00 2.776270e+00 1.125000e+00
    endloop
  endfacet
  facet normal 9.428501e-01 3.332172e-01 -1.154658e-16
    outer loop
      vertex 2.680950e+00 1.348680e+00 1.125000e+00
      vertex 2.680950e+00 1.348680e+00 2.250000e+00
      vertex 2.799149e+00 1.014219e+00 2.250000e+00
    endloop
  endfacet
  facet normal 9.428501e-01 3.332172e-01 -1.154658e-16
    outer loop
      vertex 2.680950e+00 1.348680e+00 1.125000e+00
      vertex 2.799149e+00 1.014219e+00 2.250000e+00
      vertex 2.799149e+00 1.014219e+00 1.125000e+00
    endloop
  endfacet
  facet normal 8.569007e-01 5.154660e-01 3.999432e-03
    outer loop
      vertex 2.343159e+00 1.980730e+00 2.250000e+00
      vertex 2.527390e+00 1.674480e+00 2.250000e+00
      vertex 2.439411e+00 1.829451e+00 1.125000e+00
    endloop
  endfacet
  facet normal 4.162357e-02 9.991334e-01 -5.097417e-18
    outer loop
      vertex -3.074913e-01 3.537689e+00 1.125000e+00
      vertex -6.028900e-01 3.549999e+00 0.000000e+00
      vertex -6.028900e-01 3.549999e+00 2.250000e+00
    endloop
  endfacet
  facet normal 9.428501e-01 3.332172e-01 -3.295653e-04
    outer loop
      vertex 2.680950e+00 1.348680e+00 1.125000e+00
      vertex 2.799149e+00 1.014219e+00 1.125000e+00
      vertex 2.679550e+00 1.352209e+00 7.022371e-01
    endloop
  endfacet
  facet normal NaN NaN NaN
    outer loop
      vertex -6.028900e-01 3.549999e+00 9.296036e-01
      vertex -6.028900e-01 3.549999e+00 0.000000e+00
      vertex -6.028900e-01 3.549999e+00 2.500000e-01
    endloop
  endfacet
  facet normal 8.004336e-01 5.994215e-01 -9.802484e-17
    outer loop
      vertex 2.343159e+00 1.980730e+00 1.125000e+00
      vertex 2.343159e+00 1.980730e+00 5.625000e-01
      vertex 2.126820e+00 2.269621e+00 1.125000e+00
    endloop
  endfacet
  facet normal NaN NaN NaN
    outer loop
      vertex -6.028900e-01 3.549999e+00 1.609208e+00
      vertex -6.028900e-01 3.549999e+00 2.250000e+00
      vertex -6.028900e-01 3.549999e+00 9.296036e-01
    endloop
  endfacet
  facet normal -7.449527e-01 6.669902e-01 -1.302085e-02
    outer loop
      vertex -3.408329e+00 2.175070e+00 7.046242e-01
      vertex -3.139130e+00 2.483950e+00 1.125000e+00
      vertex -3.085732e+00 2.537319e+00 8.039103e-01
    endloop
  endfacet
  facet normal -6.428556e-01 7.653318e-01 -3.168490e-02
    outer loop
      vertex -2.872509e+00 2.729710e+00 1.125000e+00
      vertex -2.717491e+00 2.851299e+00 9.168501e-01
      vertex -3.085732e+00 2.537319e+00 8.039103e-01
    endloop
  endfacet
  facet normal -8.282511e-01 5.601342e-01 -1.580678e-02
    outer loop
      vertex -3.677280e+00 1.775000e+00 6.199121e-01
      vertex -3.589142e+00 1.919580e+00 1.125000e+00
      vertex -3.408329e+00 2.175070e+00 7.046242e-01
    endloop
  endfacet
  facet normal -9.014096e-01 4.329674e-01 1.103908e-16
    outer loop
      vertex -3.677280e+00 1.775000e+00 2.500000e-01
      vertex -3.677280e+00 1.775000e+00 0.000000e+00
      vertex -3.910110e+00 1.290251e+00 0.000000e+00
    endloop
  endfacet
  facet normal -8.994225e-01 4.369744e-01 -9.620295e-03
    outer loop
      vertex -3.766590e+00 1.610430e+00 1.125000e+00
      vertex -3.677280e+00 1.775000e+00 2.500000e-01
      vertex -3.910110e+00 1.290251e+00 0.000000e+00
    endloop
  endfacet
  facet normal -9.741560e-01 2.258764e-01 1.192997e-16
    outer loop
      vertex -4.095139e+00 6.376801e-01 0.000000e+00
      vertex -4.095139e+00 6.376801e-01 1.125000e+00
      vertex -4.019409e+00 9.643192e-01 1.125000e+00
    endloop
  endfacet
  facet normal -9.741560e-01 2.258764e-01 1.192997e-16
    outer loop
      vertex -4.095139e+00 6.376801e-01 0.000000e+00
      vertex -4.019409e+00 9.643192e-01 1.125000e+00
      vertex -4.019409e+00 9.643192e-01 0.000000e+00
    endloop
  endfacet
  facet normal -9.481158e-01 3.179251e-01 1.161107e-16
    outer loop
      vertex -4.019409e+00 9.643192e-01 0.000000e+00
      vertex -4.019409e+00 9.643192e-01 1.125000e+00
      vertex -3.910110e+00 1.290251e+00 1.125000e+00
    endloop
  endfacet
  facet normal -9.481158e-01 3.179251e-01 1.161107e-16
    outer loop
      vertex -4.019409e+00 9.643192e-01 0.000000e+00
      vertex -3.910110e+00 1.290251e+00 1.125000e+00
      vertex -3.910110e+00 1.290251e+00 0.000000e+00
    endloop
  endfacet
  facet normal -8.789082e-01 4.769911e-01 1.076352e-16
    outer loop
      vertex -3.766590e+00 1.610430e+00 1.125000e+00
      vertex -3.677280e+00 1.775000e+00 6.199121e-01
      vertex -3.677280e+00 1.775000e+00 2.500000e-01
    endloop
  endfacet
  facet normal -9.913055e-01 1.315804e-01 1.213999e-16
    outer loop
      vertex -4.140579e+00 2.953892e-01 0.000000e+00
      vertex -4.140579e+00 2.953892e-01 1.125000e+00
      vertex -4.095139e+00 6.376801e-01 1.125000e+00
    endloop
  endfacet
  facet normal -9.913055e-01 1.315804e-01 1.213999e-16
    outer loop
      vertex -4.140579e+00 2.953892e-01 0.000000e+00
      vertex -4.095139e+00 6.376801e-01 1.125000e+00
      vertex -4.095139e+00 6.376801e-01 0.000000e+00
    endloop
  endfacet
  facet normal -5.495896e-01 8.342777e-01 4.395562e-02
    outer loop
      vertex -2.314869e+00 3.109921e+00 1.042368e+00
      vertex -2.717491e+00 2.851299e+00 9.168501e-01
      vertex -2.277370e+00 3.130270e+00 1.125000e+00
    endloop
  endfacet
  facet normal -4.132850e-01 9.098690e-01 -3.652318e-02
    outer loop
      vertex -1.890381e+00 3.308189e+00 1.178244e+00
      vertex -2.314869e+00 3.109921e+00 1.042368e+00
      vertex -2.277370e+00 3.130270e+00 1.125000e+00
    endloop
  endfacet
  facet normal -6.777648e-01 7.352788e-01 8.300225e-17
    outer loop
      vertex -3.139130e+00 2.483950e+00 1.125000e+00
      vertex -3.139130e+00 2.483950e+00 2.250000e+00
      vertex -2.872509e+00 2.729710e+00 2.250000e+00
    endloop
  endfacet
  facet normal -6.777648e-01 7.352788e-01 8.300225e-17
    outer loop
      vertex -3.139130e+00 2.483950e+00 1.125000e+00
      vertex -2.872509e+00 2.729710e+00 2.250000e+00
      vertex -2.872509e+00 2.729710e+00 1.125000e+00
    endloop
  endfacet
  facet normal -5.570467e-01 8.276417e-01 6.861700e-02
    outer loop
      vertex -2.277370e+00 3.130270e+00 1.125000e+00
      vertex -2.717491e+00 2.851299e+00 9.168501e-01
      vertex -2.872509e+00 2.729710e+00 1.125000e+00
    endloop
  endfacet
  facet normal -6.777342e-01 7.352456e-01 9.503165e-03
    outer loop
      vertex -3.139130e+00 2.483950e+00 1.125000e+00
      vertex -2.872509e+00 2.729710e+00 1.125000e+00
      vertex -3.085732e+00 2.537319e+00 8.039103e-01
    endloop
  endfacet
  facet normal -7.492213e-01 6.623197e-01 9.175315e-17
    outer loop
      vertex -3.379162e+00 2.212420e+00 1.125000e+00
      vertex -3.379162e+00 2.212420e+00 2.250000e+00
      vertex -3.139130e+00 2.483950e+00 2.250000e+00
    endloop
  endfacet
  facet normal -7.492213e-01 6.623197e-01 9.175315e-17
    outer loop
      vertex -3.379162e+00 2.212420e+00 1.125000e+00
      vertex -3.139130e+00 2.483950e+00 2.250000e+00
      vertex -3.139130e+00 2.483950e+00 1.125000e+00
    endloop
  endfacet
  facet normal -7.492037e-01 6.623042e-01 -6.855406e-03
    outer loop
      vertex -3.408329e+00 2.175070e+00 7.046242e-01
      vertex -3.379162e+00 2.212420e+00 1.125000e+00
      vertex -3.139130e+00 2.483950e+00 1.125000e+00
    endloop
  endfacet
  facet normal -5.994096e-01 8.004425e-01 7.340651e-17
    outer loop
      vertex -2.583618e+00 2.946039e+00 2.250000e+00
      vertex -2.872509e+00 2.729710e+00 1.125000e+00
      vertex -2.872509e+00 2.729710e+00 2.250000e+00
    endloop
  endfacet
  facet normal -8.672813e-01 4.978183e-01 1.062113e-16
    outer loop
      vertex -3.766590e+00 1.610430e+00 1.125000e+00
      vertex -3.766590e+00 1.610430e+00 2.250000e+00
      vertex -3.589142e+00 1.919580e+00 2.250000e+00
    endloop
  endfacet
  facet normal -8.672813e-01 4.978183e-01 1.302832e-16
    outer loop
      vertex -3.766590e+00 1.610430e+00 1.125000e+00
      vertex -3.589142e+00 1.919580e+00 2.250000e+00
      vertex -3.589142e+00 1.919580e+00 1.125000e+00
    endloop
  endfacet
  facet normal -8.126648e-01 5.827131e-01 4.619861e-03
    outer loop
      vertex -3.589142e+00 1.919580e+00 1.125000e+00
      vertex -3.379162e+00 2.212420e+00 1.125000e+00
      vertex -3.408329e+00 2.175070e+00 7.046242e-01
    endloop
  endfacet
  facet normal -8.672474e-01 4.977988e-01 8.841586e-03
    outer loop
      vertex -3.766590e+00 1.610430e+00 1.125000e+00
      vertex -3.589142e+00 1.919580e+00 1.125000e+00
      vertex -3.677280e+00 1.775000e+00 6.199121e-01
    endloop
  endfacet
  facet normal -9.125158e-01 4.090416e-01 1.117509e-16
    outer loop
      vertex -3.910110e+00 1.290251e+00 1.125000e+00
      vertex -3.910110e+00 1.290251e+00 2.250000e+00
      vertex -3.766590e+00 1.610430e+00 2.250000e+00
    endloop
  endfacet
  facet normal -9.125158e-01 4.090416e-01 1.117509e-16
    outer loop
      vertex -3.910110e+00 1.290251e+00 1.125000e+00
      vertex -3.766590e+00 1.610430e+00 2.250000e+00
      vertex -3.766590e+00 1.610430e+00 1.125000e+00
    endloop
  endfacet
  facet normal -9.741560e-01 2.258764e-01 1.192997e-16
    outer loop
      vertex -4.095139e+00 6.376801e-01 1.125000e+00
      vertex -4.095139e+00 6.376801e-01 2.250000e+00
      vertex -4.019409e+00 9.643192e-01 2.250000e+00
    endloop
  endfacet
  facet normal -9.741560e-01 2.258764e-01 1.192997e-16
    outer loop
      vertex -4.095139e+00 6.376801e-01 1.125000e+00
      vertex -4.019409e+00 9.643192e-01 2.250000e+00
      vertex -4.019409e+00 9.643192e-01 1.125000e+00
    endloop
  endfacet
  facet normal -9.913055e-01 1.315804e-01 1.213999e-16
    outer loop
      vertex -4.140579e+00 2.953892e-01 1.125000e+00
      vertex -4.140579e+00 2.953892e-01 2.250000e+00
      vertex -4.095139e+00 6.376801e-01 2.250000e+00
    endloop
  endfacet
  facet normal -9.913055e-01 1.315804e-01 1.213999e-16
    outer loop
      vertex -4.140579e+00 2.953892e-01 1.125000e+00
      vertex -4.095139e+00 6.376801e-01 2.250000e+00
      vertex -4.095139e+00 6.376801e-01 1.125000e+00
    endloop
  endfacet
  facet normal -9.125158e-01 4.090416e-01 1.117509e-16
    outer loop
      vertex -3.766590e+00 1.610430e+00 1.125000e+00
      vertex -3.910110e+00 1.290251e+00 0.000000e+00
      vertex -3.910110e+00 1.290251e+00 1.125000e+00
    endloop
  endfacet
  facet normal -9.481158e-01 3.179251e-01 1.161107e-16
    outer loop
      vertex -4.019409e+00 9.643192e-01 1.125000e+00
      vertex -4.019409e+00 9.643192e-01 2.250000e+00
      vertex -3.910110e+00 1.290251e+00 2.250000e+00
    endloop
  endfacet
  facet normal -9.481158e-01 3.179251e-01 1.161107e-16
    outer loop
      vertex -4.019409e+00 9.643192e-01 1.125000e+00
      vertex -3.910110e+00 1.290251e+00 2.250000e+00
      vertex -3.910110e+00 1.290251e+00 1.125000e+00
    endloop
  endfacet
  facet normal -8.126735e-01 5.827193e-01 9.952380e-17
    outer loop
      vertex -3.589142e+00 1.919580e+00 1.125000e+00
      vertex -3.589142e+00 1.919580e+00 2.250000e+00
      vertex -3.379162e+00 2.212420e+00 2.250000e+00
    endloop
  endfacet
  facet normal -8.126735e-01 5.827193e-01 9.952380e-17
    outer loop
      vertex -3.589142e+00 1.919580e+00 1.125000e+00
      vertex -3.379162e+00 2.212420e+00 2.250000e+00
      vertex -3.379162e+00 2.212420e+00 1.125000e+00
    endloop
  endfacet
  facet normal -9.991328e-01 4.163698e-02 1.223585e-16
    outer loop
      vertex -4.140579e+00 2.953892e-01 1.125000e+00
      vertex -4.140579e+00 2.953892e-01 0.000000e+00
      vertex -4.152889e+00 0.000000e+00 0.000000e+00
    endloop
  endfacet
  facet normal -9.991328e-01 4.163698e-02 1.223585e-16
    outer loop
      vertex -4.140579e+00 2.953892e-01 1.125000e+00
      vertex -4.152889e+00 0.000000e+00 0.000000e+00
      vertex -4.152889e+00 0.000000e+00 1.125000e+00
    endloop
  endfacet
  facet normal NaN NaN NaN
    outer loop
      vertex -6.028900e-01 3.549999e+00 9.296036e-01
      vertex -6.028900e-01 3.549999e+00 2.250000e+00
      vertex -6.028900e-01 3.549999e+00 0.000000e+00
    endloop
  endfacet
  facet normal -9.988109e-01 -4.875205e-02 1.223191e-16
    outer loop
      vertex -4.136009e+00 -3.457508e-01 0.000000e+00
      vertex -4.136009e+00 -3.457508e-01 1.125000e+00
      vertex -4.152889e+00 0.000000e+00 1.125000e+00
    endloop
  endfacet
  facet normal -9.988109e-01 -4.875205e-02 1.223191e-16
    outer loop
      vertex -4.136009e+00 -3.457508e-01 0.000000e+00
      vertex -4.152889e+00 0.000000e+00 1.125000e+00
      vertex -4.152889e+00 0.000000e+00 0.000000e+00
    endloop
  endfacet
  facet normal -9.895223e-01 -1.443803e-01 1.211815e-16
    outer loop
      vertex -4.087502e+00 -6.782303e-01 0.000000e+00
      vertex -4.087502e+00 -6.782303e-01 1.125000e+00
      vertex -4.136009e+00 -3.457508e-01 1.125000e+00
    endloop
  endfacet
  facet normal -9.895223e-01 -1.443803e-01 1.211815e-16
    outer loop
      vertex -4.087502e+00 -6.782303e-01 0.000000e+00
      vertex -4.136009e+00 -3.457508e-01 1.125000e+00
      vertex -4.136009e+00 -3.457508e-01 0.000000e+00
    endloop
  endfacet
  facet normal -9.428501e-01 -3.332172e-01 1.154658e-16
    outer loop
      vertex -3.886719e+00 -1.348680e+00 5.625000e-01
      vertex -4.004921e+00 -1.014231e+00 0.000000e+00
      vertex -3.886719e+00 -1.348680e+00 0.000000e+00
    endloop
  endfacet
  facet normal -9.151346e-01 -4.031484e-01 1.120717e-16
    outer loop
      vertex -3.814411e+00 -1.512810e+00 5.625000e-01
      vertex -3.886719e+00 -1.348680e+00 5.625000e-01
      vertex -3.886719e+00 -1.348680e+00 0.000000e+00
    endloop
  endfacet
  facet normal -9.711018e-01 -2.386657e-01 1.189257e-16
    outer loop
      vertex -4.004921e+00 -1.014231e+00 0.000000e+00
      vertex -4.004921e+00 -1.014231e+00 1.125000e+00
      vertex -4.087502e+00 -6.782303e-01 1.125000e+00
    endloop
  endfacet
  facet normal -9.711018e-01 -2.386657e-01 1.189257e-16
    outer loop
      vertex -4.004921e+00 -1.014231e+00 0.000000e+00
      vertex -4.087502e+00 -6.782303e-01 1.125000e+00
      vertex -4.087502e+00 -6.782303e-01 0.000000e+00
    endloop
  endfacet
  facet normal -9.428501e-01 -3.332172e-01 1.154658e-16
    outer loop
      vertex -4.004921e+00 -1.014231e+00 1.125000e+00
      vertex -4.004921e+00 -1.014231e+00 0.000000e+00
      vertex -3.886719e+00 -1.348680e+00 5.625000e-01
    endloop
  endfacet
  facet normal -8.740081e-01 -4.859101e-01 -1.153348e-03
    outer loop
      vertex -3.733158e+00 -1.674480e+00 0.000000e+00
      vertex -3.677280e+00 -1.775000e+00 0.000000e+00
      vertex -3.690220e+00 -1.752390e+00 2.812500e-01
    endloop
  endfacet
  facet normal -8.757746e-01 -4.827202e-01 1.072515e-16
    outer loop
      vertex -3.733158e+00 -1.674480e+00 0.000000e+00
      vertex -3.690220e+00 -1.752390e+00 2.812500e-01
      vertex -3.733158e+00 -1.674480e+00 2.812500e-01
    endloop
  endfacet
  facet normal -8.678916e-01 -4.967537e-01 1.062861e-16
    outer loop
      vertex -3.677280e+00 -1.775000e+00 2.500000e-01
      vertex -3.690220e+00 -1.752390e+00 2.812500e-01
      vertex -3.677280e+00 -1.775000e+00 0.000000e+00
    endloop
  endfacet
  facet normal -8.935019e-01 -4.490595e-01 1.094224e-16
    outer loop
      vertex -3.733158e+00 -1.674480e+00 2.812500e-01
      vertex -3.733158e+00 -1.674480e+00 5.625000e-01
      vertex -3.814411e+00 -1.512810e+00 5.625000e-01
    endloop
  endfacet
  facet normal -8.935019e-01 -4.490595e-01 1.094224e-16
    outer loop
      vertex -3.733158e+00 -1.674480e+00 0.000000e+00
      vertex -3.733158e+00 -1.674480e+00 2.812500e-01
      vertex -3.814411e+00 -1.512810e+00 5.625000e-01
    endloop
  endfacet
  facet normal -8.678916e-01 -4.967537e-01 1.062861e-16
    outer loop
      vertex -3.690220e+00 -1.752390e+00 2.812500e-01
      vertex -3.677280e+00 -1.775000e+00 2.500000e-01
      vertex -3.690220e+00 -1.752390e+00 5.625000e-01
    endloop
  endfacet
  facet normal -9.045318e-01 -4.263287e-01 -8.126449e-03
    outer loop
      vertex -3.886719e+00 -1.348680e+00 0.000000e+00
      vertex -3.733158e+00 -1.674480e+00 0.000000e+00
      vertex -3.814411e+00 -1.512810e+00 5.625000e-01
    endloop
  endfacet
  facet normal -9.988109e-01 -4.875205e-02 1.223191e-16
    outer loop
      vertex -4.136009e+00 -3.457508e-01 1.125000e+00
      vertex -4.136009e+00 -3.457508e-01 2.250000e+00
      vertex -4.152889e+00 0.000000e+00 2.250000e+00
    endloop
  endfacet
  facet normal -9.988109e-01 -4.875205e-02 1.223191e-16
    outer loop
      vertex -4.136009e+00 -3.457508e-01 1.125000e+00
      vertex -4.152889e+00 0.000000e+00 2.250000e+00
      vertex -4.152889e+00 0.000000e+00 1.125000e+00
    endloop
  endfacet
  facet normal -9.711018e-01 -2.386657e-01 1.189257e-16
    outer loop
      vertex -4.004921e+00 -1.014231e+00 1.125000e+00
      vertex -4.004921e+00 -1.014231e+00 2.250000e+00
      vertex -4.087502e+00 -6.782303e-01 2.250000e+00
    endloop
  endfacet
  facet normal -9.711018e-01 -2.386657e-01 1.189257e-16
    outer loop
      vertex -4.004921e+00 -1.014231e+00 1.125000e+00
      vertex -4.087502e+00 -6.782303e-01 2.250000e+00
      vertex -4.087502e+00 -6.782303e-01 1.125000e+00
    endloop
  endfacet
  facet normal -9.428501e-01 -3.332172e-01 1.154658e-16
    outer loop
      vertex -3.886719e+00 -1.348680e+00 1.125000e+00
      vertex -4.004921e+00 -1.014231e+00 1.125000e+00
      vertex -3.886719e+00 -1.348680e+00 5.625000e-01
    endloop
  endfacet
  facet normal -9.428501e-01 -3.332172e-01 1.154658e-16
    outer loop
      vertex -3.886719e+00 -1.348680e+00 1.125000e+00
      vertex -3.886719e+00 -1.348680e+00 2.250000e+00
      vertex -4.004921e+00 -1.014231e+00 2.250000e+00
    endloop
  endfacet
  facet normal -9.428501e-01 -3.332172e-01 1.154658e-16
    outer loop
      vertex -3.886719e+00 -1.348680e+00 1.125000e+00
      vertex -4.004921e+00 -1.014231e+00 2.250000e+00
      vertex -4.004921e+00 -1.014231e+00 1.125000e+00
    endloop
  endfacet
  facet normal -9.895223e-01 -1.443803e-01 1.211815e-16
    outer loop
      vertex -4.087502e+00 -6.782303e-01 1.125000e+00
      vertex -4.087502e+00 -6.782303e-01 2.250000e+00
      vertex -4.136009e+00 -3.457508e-01 2.250000e+00
    endloop
  endfacet
  facet normal -9.895223e-01 -1.443803e-01 1.211815e-16
    outer loop
      vertex -4.087502e+00 -6.782303e-01 1.125000e+00
      vertex -4.136009e+00 -3.457508e-01 2.250000e+00
      vertex -4.136009e+00 -3.457508e-01 1.125000e+00
    endloop
  endfacet
  facet normal -1.849308e-01 -9.825882e-01 -1.791923e-02
    outer loop
      vertex -1.028229e+00 -3.524361e+00 6.940527e-01
      vertex -1.240570e+00 -3.492260e+00 1.125000e+00
      vertex -1.464169e+00 -3.443939e+00 7.827854e-01
    endloop
  endfacet
  facet normal -8.740086e-01 -4.859104e-01 1.070352e-16
    outer loop
      vertex -3.733158e+00 -1.674480e+00 5.625000e-01
      vertex -3.677280e+00 -1.775000e+00 9.296036e-01
      vertex -3.733158e+00 -1.674480e+00 1.125000e+00
    endloop
  endfacet
  facet normal -8.678916e-01 -4.967537e-01 1.062861e-16
    outer loop
      vertex -3.677280e+00 -1.775000e+00 9.296036e-01
      vertex -3.690220e+00 -1.752390e+00 5.625000e-01
      vertex -3.677280e+00 -1.775000e+00 2.500000e-01
    endloop
  endfacet
  facet normal -4.258459e-01 -9.047938e-01 1.868906e-03
    outer loop
      vertex -1.893131e+00 -3.307232e+00 1.125000e+00
      vertex -2.326321e+00 -3.103600e+00 1.006456e+00
      vertex -1.900860e+00 -3.304081e+00 8.867283e-01
    endloop
  endfacet
  facet normal -3.085515e-01 -9.510610e-01 -1.670617e-02
    outer loop
      vertex -1.900860e+00 -3.304081e+00 8.867283e-01
      vertex -1.464169e+00 -3.443939e+00 7.827854e-01
      vertex -1.567200e+00 -3.416519e+00 1.125000e+00
    endloop
  endfacet
  facet normal -6.226236e-02 -9.979867e-01 -1.208338e-02
    outer loop
      vertex -8.982811e-01 -3.537689e+00 1.125000e+00
      vertex -1.028229e+00 -3.524361e+00 6.940527e-01
      vertex -6.028900e-01 -3.549999e+00 6.199121e-01
    endloop
  endfacet
  facet normal -8.757740e-01 -4.827199e-01 1.142401e-03
    outer loop
      vertex -3.733158e+00 -1.674480e+00 5.625000e-01
      vertex -3.690220e+00 -1.752390e+00 5.625000e-01
      vertex -3.677280e+00 -1.775000e+00 9.296036e-01
    endloop
  endfacet
  facet normal -9.991328e-01 4.163698e-02 1.223585e-16
    outer loop
      vertex -4.152889e+00 0.000000e+00 1.125000e+00
      vertex -4.152889e+00 0.000000e+00 2.250000e+00
      vertex -4.140579e+00 2.953892e-01 2.250000e+00
    endloop
  endfacet
  facet normal -9.991328e-01 4.163698e-02 1.223585e-16
    outer loop
      vertex -4.152889e+00 0.000000e+00 1.125000e+00
      vertex -4.140579e+00 2.953892e-01 2.250000e+00
      vertex -4.140579e+00 2.953892e-01 1.125000e+00
    endloop
  endfacet
  facet normal -1.772368e-01 9.841390e-01 -7.580295e-03
    outer loop
      vertex -1.281120e+00 3.484610e+00 2.250000e+00
      vertex -1.023861e+00 3.524891e+00 1.465539e+00
      vertex -1.456188e+00 3.445921e+00 1.320591e+00
    endloop
  endfacet
  facet normal -5.784521e-02 9.983134e-01 -4.919508e-03
    outer loop
      vertex -9.486389e-01 3.533119e+00 2.250000e+00
      vertex -6.028900e-01 3.549999e+00 1.609208e+00
      vertex -1.023861e+00 3.524891e+00 1.465539e+00
    endloop
  endfacet
  facet normal -4.875205e-02 9.988109e-01 5.970404e-18
    outer loop
      vertex -6.028900e-01 3.549999e+00 1.609208e+00
      vertex -9.486389e-01 3.533119e+00 2.250000e+00
      vertex -6.028900e-01 3.549999e+00 2.250000e+00
    endloop
  endfacet
  facet normal -1.443794e-01 9.895163e-01 3.470917e-03
    outer loop
      vertex -1.023861e+00 3.524891e+00 1.465539e+00
      vertex -1.281120e+00 3.484610e+00 2.250000e+00
      vertex -9.486389e-01 3.533119e+00 2.250000e+00
    endloop
  endfacet
  facet normal -2.386529e-01 9.710944e-01 4.531851e-03
    outer loop
      vertex -1.281120e+00 3.484610e+00 2.250000e+00
      vertex -1.456188e+00 3.445921e+00 1.320591e+00
      vertex -1.617111e+00 3.402031e+00 2.250000e+00
    endloop
  endfacet
  facet normal 4.162357e-02 9.991334e-01 -5.097417e-18
    outer loop
      vertex -3.074913e-01 3.537689e+00 2.250000e+00
      vertex -3.074913e-01 3.537689e+00 1.125000e+00
      vertex -6.028900e-01 3.549999e+00 2.250000e+00
    endloop
  endfacet
  facet normal -3.332162e-01 9.428474e-01 2.402376e-03
    outer loop
      vertex -1.951569e+00 3.283831e+00 2.250000e+00
      vertex -1.617111e+00 3.402031e+00 2.250000e+00
      vertex -1.890381e+00 3.308189e+00 1.178244e+00
    endloop
  endfacet
  facet normal -3.002863e-01 9.538238e-01 -6.954909e-03
    outer loop
      vertex -1.456188e+00 3.445921e+00 1.320591e+00
      vertex -1.890381e+00 3.308189e+00 1.178244e+00
      vertex -1.617111e+00 3.402031e+00 2.250000e+00
    endloop
  endfacet
  facet normal -4.173534e-01 9.087388e-01 -3.176555e-03
    outer loop
      vertex -1.951569e+00 3.283831e+00 2.250000e+00
      vertex -1.890381e+00 3.308189e+00 1.178244e+00
      vertex -2.277370e+00 3.130270e+00 1.125000e+00
    endloop
  endfacet
  facet normal -4.263514e-01 9.045576e-01 5.221299e-17
    outer loop
      vertex -2.277370e+00 3.130270e+00 2.250000e+00
      vertex -1.951569e+00 3.283831e+00 2.250000e+00
      vertex -2.277370e+00 3.130270e+00 1.125000e+00
    endloop
  endfacet
  facet normal -5.154749e-01 8.569047e-01 6.312747e-17
    outer loop
      vertex -2.277370e+00 3.130270e+00 2.250000e+00
      vertex -2.277370e+00 3.130270e+00 1.125000e+00
      vertex -2.583618e+00 2.946039e+00 2.250000e+00
    endloop
  endfacet
  facet normal -5.582899e-01 8.294889e-01 -1.614479e-02
    outer loop
      vertex -2.583618e+00 2.946039e+00 2.250000e+00
      vertex -2.277370e+00 3.130270e+00 1.125000e+00
      vertex -2.872509e+00 2.729710e+00 1.125000e+00
    endloop
  endfacet
  facet normal -8.935019e-01 -4.490595e-01 1.094224e-16
    outer loop
      vertex -3.814411e+00 -1.512810e+00 1.125000e+00
      vertex -3.733158e+00 -1.674480e+00 1.125000e+00
      vertex -3.733158e+00 -1.674480e+00 2.250000e+00
    endloop
  endfacet
  facet normal -7.498716e-01 -6.615396e-01 -7.613879e-03
    outer loop
      vertex -3.411839e+00 -2.170559e+00 1.447480e+00
      vertex -3.092861e+00 -2.530319e+00 1.290344e+00
      vertex -3.332600e+00 -2.269619e+00 2.250000e+00
    endloop
  endfacet
  facet normal -8.740086e-01 -4.859104e-01 1.070352e-16
    outer loop
      vertex -3.677280e+00 -1.775000e+00 9.296036e-01
      vertex -3.677280e+00 -1.775000e+00 1.609208e+00
      vertex -3.733158e+00 -1.674480e+00 1.125000e+00
    endloop
  endfacet
  facet normal -8.324225e-01 -5.540292e-01 -1.115541e-02
    outer loop
      vertex -3.411839e+00 -2.170559e+00 1.447480e+00
      vertex -3.548931e+00 -1.980740e+00 2.250000e+00
      vertex -3.677280e+00 -1.775000e+00 1.609208e+00
    endloop
  endfacet
  facet normal -6.525069e-01 -7.577629e-01 -5.489581e-03
    outer loop
      vertex -3.092861e+00 -2.530319e+00 1.290344e+00
      vertex -2.727539e+00 -2.843819e+00 1.141971e+00
      vertex -2.815311e+00 -2.776279e+00 2.250000e+00
    endloop
  endfacet
  facet normal -8.740086e-01 -4.859104e-01 1.070352e-16
    outer loop
      vertex -3.677280e+00 -1.775000e+00 1.609208e+00
      vertex -3.733158e+00 -1.674480e+00 2.250000e+00
      vertex -3.733158e+00 -1.674480e+00 1.125000e+00
    endloop
  endfacet
  facet normal -5.704510e-01 -8.213316e-01 6.986010e-17
    outer loop
      vertex -2.522469e+00 -2.986259e+00 1.125000e+00
      vertex -2.522469e+00 -2.986259e+00 2.250000e+00
      vertex -2.727539e+00 -2.843819e+00 1.141971e+00
    endloop
  endfacet
  facet normal -4.542864e-01 -8.907182e-01 -1.565485e-02
    outer loop
      vertex -2.213310e+00 -3.163700e+00 2.250000e+00
      vertex -2.522469e+00 -2.986259e+00 1.125000e+00
      vertex -1.893131e+00 -3.307232e+00 1.125000e+00
    endloop
  endfacet
  facet normal -3.179143e-01 -9.481169e-01 -2.205904e-03
    outer loop
      vertex -1.900860e+00 -3.304081e+00 8.867283e-01
      vertex -1.567200e+00 -3.416519e+00 1.125000e+00
      vertex -1.893131e+00 -3.307232e+00 1.125000e+00
    endloop
  endfacet
  facet normal -4.978057e-01 -8.672886e-01 6.096361e-17
    outer loop
      vertex -2.522469e+00 -2.986259e+00 2.250000e+00
      vertex -2.522469e+00 -2.986259e+00 1.125000e+00
      vertex -2.213310e+00 -3.163700e+00 2.250000e+00
    endloop
  endfacet
  facet normal -2.258872e-01 -9.741535e-01 2.766320e-17
    outer loop
      vertex -1.240570e+00 -3.492260e+00 1.125000e+00
      vertex -1.240570e+00 -3.492260e+00 2.250000e+00
      vertex -1.567200e+00 -3.416519e+00 2.250000e+00
    endloop
  endfacet
  facet normal -2.258872e-01 -9.741535e-01 2.766320e-17
    outer loop
      vertex -1.240570e+00 -3.492260e+00 1.125000e+00
      vertex -1.567200e+00 -3.416519e+00 2.250000e+00
      vertex -1.567200e+00 -3.416519e+00 1.125000e+00
    endloop
  endfacet
  facet normal -1.315656e-01 -9.912664e-01 9.021480e-03
    outer loop
      vertex -1.028229e+00 -3.524361e+00 6.940527e-01
      vertex -8.982811e-01 -3.537689e+00 1.125000e+00
      vertex -1.240570e+00 -3.492260e+00 1.125000e+00
    endloop
  endfacet
  facet normal -4.164933e-02 -9.991323e-01 5.100571e-18
    outer loop
      vertex -6.028900e-01 -3.549999e+00 6.199121e-01
      vertex -6.028900e-01 -3.549999e+00 1.125000e+00
      vertex -8.982811e-01 -3.537689e+00 1.125000e+00
    endloop
  endfacet
  facet normal -1.315710e-01 -9.913067e-01 1.611280e-17
    outer loop
      vertex -8.982811e-01 -3.537689e+00 1.125000e+00
      vertex -8.982811e-01 -3.537689e+00 2.250000e+00
      vertex -1.240570e+00 -3.492260e+00 2.250000e+00
    endloop
  endfacet
  facet normal -1.315710e-01 -9.913067e-01 1.611280e-17
    outer loop
      vertex -8.982811e-01 -3.537689e+00 1.125000e+00
      vertex -1.240570e+00 -3.492260e+00 2.250000e+00
      vertex -1.240570e+00 -3.492260e+00 1.125000e+00
    endloop
  endfacet
  facet normal -2.258758e-01 -9.741045e-01 1.003219e-02
    outer loop
      vertex -1.240570e+00 -3.492260e+00 1.125000e+00
      vertex -1.567200e+00 -3.416519e+00 1.125000e+00
      vertex -1.464169e+00 -3.443939e+00 7.827854e-01
    endloop
  endfacet
  facet normal -3.179151e-01 -9.481192e-01 3.893337e-17
    outer loop
      vertex -1.567200e+00 -3.416519e+00 1.125000e+00
      vertex -1.567200e+00 -3.416519e+00 2.250000e+00
      vertex -1.893131e+00 -3.307232e+00 2.250000e+00
    endloop
  endfacet
  facet normal -3.179151e-01 -9.481192e-01 3.893337e-17
    outer loop
      vertex -1.567200e+00 -3.416519e+00 1.125000e+00
      vertex -1.893131e+00 -3.307232e+00 2.250000e+00
      vertex -1.893131e+00 -3.307232e+00 1.125000e+00
    endloop
  endfacet
  facet normal -5.723737e-01 -8.063556e-01 -1.489263e-01
    outer loop
      vertex -2.727539e+00 -2.843819e+00 1.141971e+00
      vertex -2.326321e+00 -3.103600e+00 1.006456e+00
      vertex -2.522469e+00 -2.986259e+00 1.125000e+00
    endloop
  endfacet
  facet normal -4.164933e-02 -9.991323e-01 5.100571e-18
    outer loop
      vertex -6.028900e-01 -3.549999e+00 1.125000e+00
      vertex -6.028900e-01 -3.549999e+00 2.250000e+00
      vertex -8.982811e-01 -3.537689e+00 2.250000e+00
    endloop
  endfacet
  facet normal -4.164933e-02 -9.991323e-01 5.100571e-18
    outer loop
      vertex -6.028900e-01 -3.549999e+00 1.125000e+00
      vertex -8.982811e-01 -3.537689e+00 2.250000e+00
      vertex -8.982811e-01 -3.537689e+00 1.125000e+00
    endloop
  endfacet
  facet normal -9.045542e-01 -4.263392e-01 4.063325e-03
    outer loop
      vertex -3.814411e+00 -1.512810e+00 1.125000e+00
      vertex -3.733158e+00 -1.674480e+00 2.250000e+00
      vertex -3.886719e+00 -1.348680e+00 2.250000e+00
    endloop
  endfacet
  facet normal -8.568915e-01 -5.154604e-01 6.128358e-03
    outer loop
      vertex -3.677280e+00 -1.775000e+00 1.609208e+00
      vertex -3.548931e+00 -1.980740e+00 2.250000e+00
      vertex -3.733158e+00 -1.674480e+00 2.250000e+00
    endloop
  endfacet
  facet normal -7.352787e-01 -6.777647e-01 4.393536e-04
    outer loop
      vertex -3.092861e+00 -2.530319e+00 1.290344e+00
      vertex -3.086830e+00 -2.536240e+00 2.250000e+00
      vertex -3.332600e+00 -2.269619e+00 2.250000e+00
    endloop
  endfacet
  facet normal -6.623256e-01 -7.492160e-01 -4.593577e-04
    outer loop
      vertex -3.092861e+00 -2.530319e+00 1.290344e+00
      vertex -2.815311e+00 -2.776279e+00 2.250000e+00
      vertex -3.086830e+00 -2.536240e+00 2.250000e+00
    endloop
  endfacet
  facet normal -8.004234e-01 -5.994139e-01 5.046285e-03
    outer loop
      vertex -3.332600e+00 -2.269619e+00 2.250000e+00
      vertex -3.548931e+00 -1.980740e+00 2.250000e+00
      vertex -3.411839e+00 -2.170559e+00 1.447480e+00
    endloop
  endfacet
  facet normal -4.505513e-01 -8.833948e-01 1.289078e-01
    outer loop
      vertex -2.522469e+00 -2.986259e+00 1.125000e+00
      vertex -2.326321e+00 -3.103600e+00 1.006456e+00
      vertex -1.893131e+00 -3.307232e+00 1.125000e+00
    endloop
  endfacet
  facet normal -4.090506e-01 -9.125117e-01 5.009425e-17
    outer loop
      vertex -1.893131e+00 -3.307232e+00 1.125000e+00
      vertex -1.893131e+00 -3.307232e+00 2.250000e+00
      vertex -2.213310e+00 -3.163700e+00 2.250000e+00
    endloop
  endfacet
  facet normal -5.827210e-01 -8.126652e-01 3.384945e-03
    outer loop
      vertex -2.522469e+00 -2.986259e+00 2.250000e+00
      vertex -2.815311e+00 -2.776279e+00 2.250000e+00
      vertex -2.727539e+00 -2.843819e+00 1.141971e+00
    endloop
  endfacet
  facet normal -9.151346e-01 -4.031484e-01 1.120717e-16
    outer loop
      vertex -3.814411e+00 -1.512810e+00 1.125000e+00
      vertex -3.886719e+00 -1.348680e+00 2.250000e+00
      vertex -3.886719e+00 -1.348680e+00 1.125000e+00
    endloop
  endfacet
  facet normal -8.278935e-02 9.965671e-01 1.013877e-17
    outer loop
      vertex -3.594208e-01 -2.186489e+00 1.375000e+00
      vertex -4.822617e-01 -2.196690e+00 1.375000e+00
      vertex -4.822617e-01 -2.196690e+00 1.812500e+00
    endloop
  endfacet
  facet normal -8.278935e-02 9.965671e-01 1.013877e-17
    outer loop
      vertex -3.594208e-01 -2.186489e+00 1.375000e+00
      vertex -4.822617e-01 -2.196690e+00 1.812500e+00
      vertex -3.594208e-01 -2.186489e+00 1.812500e+00
    endloop
  endfacet
  facet normal -2.740732e-02 9.996244e-01 3.356429e-18
    outer loop
      vertex -4.822617e-01 -2.196690e+00 1.375000e+00
      vertex -6.028900e-01 -2.200001e+00 1.375000e+00
      vertex -6.028900e-01 -2.200001e+00 1.812500e+00
    endloop
  endfacet
  facet normal -2.740732e-02 9.996244e-01 4.223465e-18
    outer loop
      vertex -4.822617e-01 -2.196690e+00 1.375000e+00
      vertex -6.028900e-01 -2.200001e+00 1.812500e+00
      vertex -4.822617e-01 -2.196690e+00 1.812500e+00
    endloop
  endfacet
  facet normal -1.374493e-01 9.905088e-01 1.683269e-17
    outer loop
      vertex -2.417908e-01 -2.170170e+00 9.375000e-01
      vertex -3.594208e-01 -2.186489e+00 9.375000e-01
      vertex -3.594208e-01 -2.186489e+00 1.375000e+00
    endloop
  endfacet
  facet normal -1.374493e-01 9.905088e-01 1.683269e-17
    outer loop
      vertex -2.417908e-01 -2.170170e+00 9.375000e-01
      vertex -3.594208e-01 -2.186489e+00 1.375000e+00
      vertex -2.417908e-01 -2.170170e+00 1.375000e+00
    endloop
  endfacet
  facet normal -1.911662e-01 9.815577e-01 2.341111e-17
    outer loop
      vertex -1.231804e-01 -2.147060e+00 9.375000e-01
      vertex -2.417908e-01 -2.170170e+00 9.375000e-01
      vertex -2.417908e-01 -2.170170e+00 1.375000e+00
    endloop
  endfacet
  facet normal -1.911662e-01 9.815577e-01 3.022203e-17
    outer loop
      vertex -1.231804e-01 -2.147060e+00 9.375000e-01
      vertex -2.417908e-01 -2.170170e+00 1.375000e+00
      vertex -1.231804e-01 -2.147060e+00 1.375000e+00
    endloop
  endfacet
  facet normal -2.452024e-01 9.694719e-01 3.002863e-17
    outer loop
      vertex -4.119873e-03 -2.116951e+00 9.375000e-01
      vertex -1.231804e-01 -2.147060e+00 9.375000e-01
      vertex -1.231804e-01 -2.147060e+00 1.375000e+00
    endloop
  endfacet
  facet normal -2.452024e-01 9.694719e-01 3.002863e-17
    outer loop
      vertex -4.119873e-03 -2.116951e+00 9.375000e-01
      vertex -1.231804e-01 -2.147060e+00 1.375000e+00
      vertex -4.119873e-03 -2.116951e+00 1.375000e+00
    endloop
  endfacet
  facet normal -2.993171e-01 9.541537e-01 3.665577e-17
    outer loop
      vertex 1.147919e-01 -2.079651e+00 9.375000e-01
      vertex -4.119873e-03 -2.116951e+00 9.375000e-01
      vertex -4.119873e-03 -2.116951e+00 1.375000e+00
    endloop
  endfacet
  facet normal -2.993171e-01 9.541537e-01 3.665577e-17
    outer loop
      vertex 1.147919e-01 -2.079651e+00 9.375000e-01
      vertex -4.119873e-03 -2.116951e+00 1.375000e+00
      vertex 1.147919e-01 -2.079651e+00 1.375000e+00
    endloop
  endfacet
  facet normal -9.585578e-01 2.848981e-01 1.173895e-16
    outer loop
      vertex 1.522350e+00 -5.686493e-01 9.375000e-01
      vertex 1.487949e+00 -6.844006e-01 9.375000e-01
      vertex 1.487949e+00 -6.844006e-01 1.375000e+00
    endloop
  endfacet
  facet normal -9.585578e-01 2.848981e-01 1.173895e-16
    outer loop
      vertex 1.522350e+00 -5.686493e-01 9.375000e-01
      vertex 1.487949e+00 -6.844006e-01 1.375000e+00
      vertex 1.522350e+00 -5.686493e-01 1.375000e+00
    endloop
  endfacet
  facet normal -9.726598e-01 2.322344e-01 1.191165e-16
    outer loop
      vertex 1.549992e+00 -4.528904e-01 9.375000e-01
      vertex 1.522350e+00 -5.686493e-01 9.375000e-01
      vertex 1.522350e+00 -5.686493e-01 1.375000e+00
    endloop
  endfacet
  facet normal -9.726598e-01 2.322344e-01 1.191165e-16
    outer loop
      vertex 1.549992e+00 -4.528904e-01 9.375000e-01
      vertex 1.522350e+00 -5.686493e-01 1.375000e+00
      vertex 1.549992e+00 -4.528904e-01 1.375000e+00
    endloop
  endfacet
  facet normal -9.839750e-01 1.783069e-01 1.205022e-16
    outer loop
      vertex 1.572029e+00 -3.312798e-01 9.375000e-01
      vertex 1.549992e+00 -4.528904e-01 9.375000e-01
      vertex 1.549992e+00 -4.528904e-01 1.375000e+00
    endloop
  endfacet
  facet normal -9.839750e-01 1.783069e-01 1.205022e-16
    outer loop
      vertex 1.572029e+00 -3.312798e-01 9.375000e-01
      vertex 1.549992e+00 -4.528904e-01 1.375000e+00
      vertex 1.572029e+00 -3.312798e-01 1.375000e+00
    endloop
  endfacet
  facet normal -9.923758e-01 1.232494e-01 1.215310e-16
    outer loop
      vertex 1.586990e+00 -2.108498e-01 9.375000e-01
      vertex 1.572029e+00 -3.312798e-01 9.375000e-01
      vertex 1.572029e+00 -3.312798e-01 1.375000e+00
    endloop
  endfacet
  facet normal -9.923758e-01 1.232494e-01 1.215310e-16
    outer loop
      vertex 1.586990e+00 -2.108498e-01 9.375000e-01
      vertex 1.572029e+00 -3.312798e-01 1.375000e+00
      vertex 1.586990e+00 -2.108498e-01 1.375000e+00
    endloop
  endfacet
  facet normal -9.997173e-01 2.377848e-02 1.224300e-16
    outer loop
      vertex 1.597111e+00 0.000000e+00 1.375000e+00
      vertex 1.594631e+00 -1.045704e-01 1.375000e+00
      vertex 1.594631e+00 -1.045704e-01 1.812500e+00
    endloop
  endfacet
  facet normal -9.997173e-01 2.377848e-02 1.224300e-16
    outer loop
      vertex 1.597111e+00 0.000000e+00 1.375000e+00
      vertex 1.594631e+00 -1.045704e-01 1.812500e+00
      vertex 1.597111e+00 0.000000e+00 1.812500e+00
    endloop
  endfacet
  facet normal -9.974255e-01 7.171009e-02 1.221494e-16
    outer loop
      vertex 1.594631e+00 -1.045704e-01 1.375000e+00
      vertex 1.586990e+00 -2.108498e-01 1.375000e+00
      vertex 1.586990e+00 -2.108498e-01 1.812500e+00
    endloop
  endfacet
  facet normal -9.974255e-01 7.171009e-02 1.221494e-16
    outer loop
      vertex 1.594631e+00 -1.045704e-01 1.375000e+00
      vertex 1.586990e+00 -2.108498e-01 1.812500e+00
      vertex 1.594631e+00 -1.045704e-01 1.812500e+00
    endloop
  endfacet
  facet normal -9.905132e-01 -1.374178e-01 1.213029e-16
    outer loop
      vertex 1.567280e+00 3.610897e-01 9.375000e-01
      vertex 1.583599e+00 2.434597e-01 9.375000e-01
      vertex 1.583599e+00 2.434597e-01 1.375000e+00
    endloop
  endfacet
  facet normal -9.905132e-01 -1.374178e-01 1.213029e-16
    outer loop
      vertex 1.567280e+00 3.610897e-01 9.375000e-01
      vertex 1.583599e+00 2.434597e-01 1.375000e+00
      vertex 1.567280e+00 3.610897e-01 1.375000e+00
    endloop
  endfacet
  facet normal -9.815577e-01 -1.911662e-01 1.202062e-16
    outer loop
      vertex 1.544182e+00 4.797096e-01 9.375000e-01
      vertex 1.567280e+00 3.610897e-01 9.375000e-01
      vertex 1.567280e+00 3.610897e-01 1.375000e+00
    endloop
  endfacet
  facet normal -9.815577e-01 -1.911662e-01 1.270171e-16
    outer loop
      vertex 1.544182e+00 4.797096e-01 9.375000e-01
      vertex 1.567280e+00 3.610897e-01 1.375000e+00
      vertex 1.544182e+00 4.797096e-01 1.375000e+00
    endloop
  endfacet
  facet normal -9.694700e-01 -2.452098e-01 1.187258e-16
    outer loop
      vertex 1.514061e+00 5.987701e-01 9.375000e-01
      vertex 1.544182e+00 4.797096e-01 9.375000e-01
      vertex 1.544182e+00 4.797096e-01 1.375000e+00
    endloop
  endfacet
  facet normal -9.694700e-01 -2.452098e-01 1.187258e-16
    outer loop
      vertex 1.514061e+00 5.987701e-01 9.375000e-01
      vertex 1.544182e+00 4.797096e-01 1.375000e+00
      vertex 1.514061e+00 5.987701e-01 1.375000e+00
    endloop
  endfacet
  facet normal -9.541564e-01 -2.993084e-01 1.168505e-16
    outer loop
      vertex 1.476761e+00 7.176704e-01 9.375000e-01
      vertex 1.514061e+00 5.987701e-01 9.375000e-01
      vertex 1.514061e+00 5.987701e-01 1.375000e+00
    endloop
  endfacet
  facet normal -9.541564e-01 -2.993084e-01 1.168505e-16
    outer loop
      vertex 1.476761e+00 7.176704e-01 9.375000e-01
      vertex 1.514061e+00 5.987701e-01 1.375000e+00
      vertex 1.476761e+00 7.176704e-01 1.375000e+00
    endloop
  endfacet
  facet normal -2.848777e-01 -9.585639e-01 3.488745e-17
    outer loop
      vertex -3.424072e-02 2.125240e+00 9.375000e-01
      vertex 8.150864e-02 2.090839e+00 9.375000e-01
      vertex 8.150864e-02 2.090839e+00 1.375000e+00
    endloop
  endfacet
  facet normal -2.848777e-01 -9.585639e-01 4.819020e-17
    outer loop
      vertex -3.424072e-02 2.125240e+00 9.375000e-01
      vertex 8.150864e-02 2.090839e+00 1.375000e+00
      vertex -3.424072e-02 2.125240e+00 1.375000e+00
    endloop
  endfacet
  facet normal -2.322575e-01 -9.726544e-01 2.844334e-17
    outer loop
      vertex -1.500015e-01 2.152880e+00 9.375000e-01
      vertex -3.424072e-02 2.125240e+00 9.375000e-01
      vertex -3.424072e-02 2.125240e+00 1.375000e+00
    endloop
  endfacet
  facet normal -2.322575e-01 -9.726544e-01 2.844334e-17
    outer loop
      vertex -1.500015e-01 2.152880e+00 9.375000e-01
      vertex -3.424072e-02 2.125240e+00 1.375000e+00
      vertex -1.500015e-01 2.152880e+00 1.375000e+00
    endloop
  endfacet
  facet normal -1.782770e-01 -9.839804e-01 2.183263e-17
    outer loop
      vertex -2.716103e-01 2.174910e+00 9.375000e-01
      vertex -1.500015e-01 2.152880e+00 9.375000e-01
      vertex -1.500015e-01 2.152880e+00 1.375000e+00
    endloop
  endfacet
  facet normal -1.782770e-01 -9.839804e-01 2.183263e-17
    outer loop
      vertex -2.716103e-01 2.174910e+00 9.375000e-01
      vertex -1.500015e-01 2.152880e+00 1.375000e+00
      vertex -2.716103e-01 2.174910e+00 1.375000e+00
    endloop
  endfacet
  facet normal -1.232842e-01 -9.923714e-01 1.509795e-17
    outer loop
      vertex -3.920403e-01 2.189871e+00 9.375000e-01
      vertex -2.716103e-01 2.174910e+00 9.375000e-01
      vertex -2.716103e-01 2.174910e+00 1.375000e+00
    endloop
  endfacet
  facet normal -1.232842e-01 -9.923714e-01 1.509795e-17
    outer loop
      vertex -3.920403e-01 2.189871e+00 9.375000e-01
      vertex -2.716103e-01 2.174910e+00 1.375000e+00
      vertex -3.920403e-01 2.189871e+00 1.375000e+00
    endloop
  endfacet
  facet normal -2.374289e-02 -9.997181e-01 2.907666e-18
    outer loop
      vertex -6.028900e-01 2.200001e+00 1.375000e+00
      vertex -4.983215e-01 2.197510e+00 1.375000e+00
      vertex -4.983215e-01 2.197510e+00 1.812500e+00
    endloop
  endfacet
  facet normal -2.374289e-02 -9.997181e-01 2.907666e-18
    outer loop
      vertex -6.028900e-01 2.200001e+00 1.375000e+00
      vertex -4.983215e-01 2.197510e+00 1.812500e+00
      vertex -6.028900e-01 2.200001e+00 1.812500e+00
    endloop
  endfacet
  facet normal -7.170754e-02 -9.974257e-01 8.781641e-18
    outer loop
      vertex -4.983215e-01 2.197510e+00 1.375000e+00
      vertex -3.920403e-01 2.189871e+00 1.375000e+00
      vertex -3.920403e-01 2.189871e+00 1.812500e+00
    endloop
  endfacet
  facet normal -7.170754e-02 -9.974257e-01 8.781641e-18
    outer loop
      vertex -4.983215e-01 2.197510e+00 1.375000e+00
      vertex -3.920403e-01 2.189871e+00 1.812500e+00
      vertex -4.983215e-01 2.197510e+00 1.812500e+00
    endloop
  endfacet
  facet normal 1.374493e-01 -9.905088e-01 -1.683269e-17
    outer loop
      vertex -9.639816e-01 2.170160e+00 9.375000e-01
      vertex -8.463516e-01 2.186489e+00 9.375000e-01
      vertex -8.463516e-01 2.186489e+00 1.375000e+00
    endloop
  endfacet
  facet normal 1.374493e-01 -9.905088e-01 -1.683269e-17
    outer loop
      vertex -9.639816e-01 2.170160e+00 9.375000e-01
      vertex -8.463516e-01 2.186489e+00 1.375000e+00
      vertex -9.639816e-01 2.170160e+00 1.375000e+00
    endloop
  endfacet
  facet normal 1.911662e-01 -9.815577e-01 -2.341111e-17
    outer loop
      vertex -1.082600e+00 2.147060e+00 9.375000e-01
      vertex -9.639816e-01 2.170160e+00 9.375000e-01
      vertex -9.639816e-01 2.170160e+00 1.375000e+00
    endloop
  endfacet
  facet normal 1.911662e-01 -9.815577e-01 -1.660018e-17
    outer loop
      vertex -1.082600e+00 2.147060e+00 9.375000e-01
      vertex -9.639816e-01 2.170160e+00 1.375000e+00
      vertex -1.082600e+00 2.147060e+00 1.375000e+00
    endloop
  endfacet
  facet normal 2.452024e-01 -9.694719e-01 -3.002863e-17
    outer loop
      vertex -1.201660e+00 2.116949e+00 9.375000e-01
      vertex -1.082600e+00 2.147060e+00 9.375000e-01
      vertex -1.082600e+00 2.147060e+00 1.375000e+00
    endloop
  endfacet
  facet normal 2.452024e-01 -9.694719e-01 -3.002863e-17
    outer loop
      vertex -1.201660e+00 2.116949e+00 9.375000e-01
      vertex -1.082600e+00 2.147060e+00 1.375000e+00
      vertex -1.201660e+00 2.116949e+00 1.375000e+00
    endloop
  endfacet
  facet normal 2.993171e-01 -9.541537e-01 -3.665577e-17
    outer loop
      vertex -1.320560e+00 2.079651e+00 9.375000e-01
      vertex -1.201660e+00 2.116949e+00 9.375000e-01
      vertex -1.201660e+00 2.116949e+00 1.375000e+00
    endloop
  endfacet
  facet normal 2.993171e-01 -9.541537e-01 -3.665577e-17
    outer loop
      vertex -1.320560e+00 2.079651e+00 9.375000e-01
      vertex -1.201660e+00 2.116949e+00 1.375000e+00
      vertex -1.320560e+00 2.079651e+00 1.375000e+00
    endloop
  endfacet
  facet normal 9.585578e-01 -2.848981e-01 -1.173895e-16
    outer loop
      vertex -2.728130e+00 5.686398e-01 9.375000e-01
      vertex -2.693722e+00 6.844006e-01 9.375000e-01
      vertex -2.693722e+00 6.844006e-01 1.375000e+00
    endloop
  endfacet
  facet normal 9.585578e-01 -2.848981e-01 -1.173895e-16
    outer loop
      vertex -2.728130e+00 5.686398e-01 9.375000e-01
      vertex -2.693722e+00 6.844006e-01 1.375000e+00
      vertex -2.728130e+00 5.686398e-01 1.375000e+00
    endloop
  endfacet
  facet normal 9.726598e-01 -2.322344e-01 -1.191165e-16
    outer loop
      vertex -2.755760e+00 4.528904e-01 9.375000e-01
      vertex -2.728130e+00 5.686398e-01 9.375000e-01
      vertex -2.728130e+00 5.686398e-01 1.375000e+00
    endloop
  endfacet
  facet normal 9.726598e-01 -2.322344e-01 -1.191165e-16
    outer loop
      vertex -2.755760e+00 4.528904e-01 9.375000e-01
      vertex -2.728130e+00 5.686398e-01 1.375000e+00
      vertex -2.755760e+00 4.528904e-01 1.375000e+00
    endloop
  endfacet
  facet normal 9.839750e-01 -1.783069e-01 -1.205022e-16
    outer loop
      vertex -2.777802e+00 3.312798e-01 9.375000e-01
      vertex -2.755760e+00 4.528904e-01 9.375000e-01
      vertex -2.755760e+00 4.528904e-01 1.375000e+00
    endloop
  endfacet
  facet normal 9.839750e-01 -1.783069e-01 -1.205022e-16
    outer loop
      vertex -2.777802e+00 3.312798e-01 9.375000e-01
      vertex -2.755760e+00 4.528904e-01 1.375000e+00
      vertex -2.777802e+00 3.312798e-01 1.375000e+00
    endloop
  endfacet
  facet normal 9.923753e-01 -1.232532e-01 -1.215309e-16
    outer loop
      vertex -2.792759e+00 2.108498e-01 9.375000e-01
      vertex -2.777802e+00 3.312798e-01 9.375000e-01
      vertex -2.777802e+00 3.312798e-01 1.375000e+00
    endloop
  endfacet
  facet normal 9.923753e-01 -1.232532e-01 -1.215309e-16
    outer loop
      vertex -2.792759e+00 2.108498e-01 9.375000e-01
      vertex -2.777802e+00 3.312798e-01 1.375000e+00
      vertex -2.792759e+00 2.108498e-01 1.375000e+00
    endloop
  endfacet
  facet normal 9.997173e-01 -2.377935e-02 -1.224300e-16
    outer loop
      vertex -2.802891e+00 0.000000e+00 1.375000e+00
      vertex -2.800400e+00 1.045609e-01 1.375000e+00
      vertex -2.800400e+00 1.045609e-01 1.812500e+00
    endloop
  endfacet
  facet normal 9.997173e-01 -2.377935e-02 -1.224300e-16
    outer loop
      vertex -2.802891e+00 0.000000e+00 1.375000e+00
      vertex -2.800400e+00 1.045609e-01 1.812500e+00
      vertex -2.802891e+00 0.000000e+00 1.812500e+00
    endloop
  endfacet
  facet normal 9.974257e-01 -7.170754e-02 -1.221494e-16
    outer loop
      vertex -2.800400e+00 1.045609e-01 1.375000e+00
      vertex -2.792759e+00 2.108498e-01 1.375000e+00
      vertex -2.792759e+00 2.108498e-01 1.812500e+00
    endloop
  endfacet
  facet normal 9.974257e-01 -7.170754e-02 -1.221494e-16
    outer loop
      vertex -2.800400e+00 1.045609e-01 1.375000e+00
      vertex -2.792759e+00 2.108498e-01 1.812500e+00
      vertex -2.800400e+00 1.045609e-01 1.812500e+00
    endloop
  endfacet
  facet normal 9.905082e-01 1.374537e-01 -1.213023e-16
    outer loop
      vertex -2.773048e+00 -3.610897e-01 9.375000e-01
      vertex -2.789379e+00 -2.434692e-01 9.375000e-01
      vertex -2.789379e+00 -2.434692e-01 1.375000e+00
    endloop
  endfacet
  facet normal 9.905082e-01 1.374537e-01 -1.144292e-16
    outer loop
      vertex -2.773048e+00 -3.610897e-01 9.375000e-01
      vertex -2.789379e+00 -2.434692e-01 1.375000e+00
      vertex -2.773048e+00 -3.610897e-01 1.375000e+00
    endloop
  endfacet
  facet normal 9.815588e-01 1.911603e-01 -1.202063e-16
    outer loop
      vertex -2.749950e+00 -4.797096e-01 9.375000e-01
      vertex -2.773048e+00 -3.610897e-01 9.375000e-01
      vertex -2.773048e+00 -3.610897e-01 1.375000e+00
    endloop
  endfacet
  facet normal 9.815588e-01 1.911603e-01 -1.202063e-16
    outer loop
      vertex -2.749950e+00 -4.797096e-01 9.375000e-01
      vertex -2.773048e+00 -3.610897e-01 1.375000e+00
      vertex -2.749950e+00 -4.797096e-01 1.375000e+00
    endloop
  endfacet
  facet normal 9.694700e-01 2.452098e-01 -1.187258e-16
    outer loop
      vertex -2.719841e+00 -5.987701e-01 9.375000e-01
      vertex -2.749950e+00 -4.797096e-01 9.375000e-01
      vertex -2.749950e+00 -4.797096e-01 1.375000e+00
    endloop
  endfacet
  facet normal 9.694700e-01 2.452098e-01 -1.187258e-16
    outer loop
      vertex -2.719841e+00 -5.987701e-01 9.375000e-01
      vertex -2.749950e+00 -4.797096e-01 1.375000e+00
      vertex -2.719841e+00 -5.987701e-01 1.375000e+00
    endloop
  endfacet
  facet normal 9.541537e-01 2.993171e-01 -1.168501e-16
    outer loop
      vertex -2.682541e+00 -7.176704e-01 9.375000e-01
      vertex -2.719841e+00 -5.987701e-01 9.375000e-01
      vertex -2.719841e+00 -5.987701e-01 1.375000e+00
    endloop
  endfacet
  facet normal 9.541537e-01 2.993171e-01 -1.168501e-16
    outer loop
      vertex -2.682541e+00 -7.176704e-01 9.375000e-01
      vertex -2.719841e+00 -5.987701e-01 1.375000e+00
      vertex -2.682541e+00 -7.176704e-01 1.375000e+00
    endloop
  endfacet
  facet normal 2.848777e-01 9.585639e-01 -3.488745e-17
    outer loop
      vertex -1.171532e+00 -2.125240e+00 9.375000e-01
      vertex -1.287281e+00 -2.090839e+00 9.375000e-01
      vertex -1.287281e+00 -2.090839e+00 1.375000e+00
    endloop
  endfacet
  facet normal 2.848777e-01 9.585639e-01 -2.158471e-17
    outer loop
      vertex -1.171532e+00 -2.125240e+00 9.375000e-01
      vertex -1.287281e+00 -2.090839e+00 1.375000e+00
      vertex -1.171532e+00 -2.125240e+00 1.375000e+00
    endloop
  endfacet
  facet normal 2.322647e-01 9.726526e-01 -2.844423e-17
    outer loop
      vertex -1.055779e+00 -2.152882e+00 9.375000e-01
      vertex -1.171532e+00 -2.125240e+00 9.375000e-01
      vertex -1.171532e+00 -2.125240e+00 1.375000e+00
    endloop
  endfacet
  facet normal 2.322647e-01 9.726526e-01 -2.844423e-17
    outer loop
      vertex -1.055779e+00 -2.152882e+00 9.375000e-01
      vertex -1.171532e+00 -2.125240e+00 1.375000e+00
      vertex -1.055779e+00 -2.152882e+00 1.375000e+00
    endloop
  endfacet
  facet normal 1.782716e-01 9.839813e-01 -2.183197e-17
    outer loop
      vertex -9.341583e-01 -2.174919e+00 9.375000e-01
      vertex -1.055779e+00 -2.152882e+00 9.375000e-01
      vertex -1.055779e+00 -2.152882e+00 1.375000e+00
    endloop
  endfacet
  facet normal 1.782716e-01 9.839813e-01 -1.500423e-17
    outer loop
      vertex -9.341583e-01 -2.174919e+00 9.375000e-01
      vertex -1.055779e+00 -2.152882e+00 1.375000e+00
      vertex -9.341583e-01 -2.174919e+00 1.375000e+00
    endloop
  endfacet
  facet normal 1.232532e-01 9.923753e-01 -1.509416e-17
    outer loop
      vertex -8.137283e-01 -2.189869e+00 9.375000e-01
      vertex -9.341583e-01 -2.174919e+00 9.375000e-01
      vertex -9.341583e-01 -2.174919e+00 1.375000e+00
    endloop
  endfacet
  facet normal 1.232532e-01 9.923753e-01 -1.509416e-17
    outer loop
      vertex -8.137283e-01 -2.189869e+00 9.375000e-01
      vertex -9.341583e-01 -2.174919e+00 1.375000e+00
      vertex -8.137283e-01 -2.189869e+00 1.375000e+00
    endloop
  endfacet
  facet normal 2.377935e-02 9.997173e-01 -2.912130e-18
    outer loop
      vertex -6.028900e-01 -2.200001e+00 1.375000e+00
      vertex -7.074509e-01 -2.197510e+00 1.375000e+00
      vertex -7.074509e-01 -2.197510e+00 1.812500e+00
    endloop
  endfacet
  facet normal 2.377935e-02 9.997173e-01 -2.912130e-18
    outer loop
      vertex -6.028900e-01 -2.200001e+00 1.375000e+00
      vertex -7.074509e-01 -2.197510e+00 1.812500e+00
      vertex -6.028900e-01 -2.200001e+00 1.812500e+00
    endloop
  endfacet
  facet normal 7.170754e-02 9.974257e-01 -8.781641e-18
    outer loop
      vertex -7.074509e-01 -2.197510e+00 1.375000e+00
      vertex -8.137283e-01 -2.189869e+00 1.375000e+00
      vertex -8.137283e-01 -2.189869e+00 1.812500e+00
    endloop
  endfacet
  facet normal 7.170754e-02 9.974257e-01 -8.781641e-18
    outer loop
      vertex -7.074509e-01 -2.197510e+00 1.375000e+00
      vertex -8.137283e-01 -2.189869e+00 1.812500e+00
      vertex -7.074509e-01 -2.197510e+00 1.812500e+00
    endloop
  endfacet
  facet normal -5.541118e-02 9.984337e-01 -7.730279e-03
    outer loop
      vertex -4.822617e-01 -2.196690e+00 1.812500e+00
      vertex -6.028900e-01 -2.200001e+00 2.250000e+00
      vertex -3.594208e-01 -2.186489e+00 2.250000e+00
    endloop
  endfacet
  facet normal -1.646030e-01 9.863599e-01 2.015806e-17
    outer loop
      vertex -3.594208e-01 -2.186489e+00 1.812500e+00
      vertex -3.594208e-01 -2.186489e+00 2.250000e+00
      vertex -1.231804e-01 -2.147060e+00 2.250000e+00
    endloop
  endfacet
  facet normal -2.740732e-02 9.996244e-01 3.356429e-18
    outer loop
      vertex -4.822617e-01 -2.196690e+00 1.812500e+00
      vertex -6.028900e-01 -2.200001e+00 1.812500e+00
      vertex -6.028900e-01 -2.200001e+00 2.250000e+00
    endloop
  endfacet
  facet normal -2.725631e-01 9.621297e-01 -3.975628e-03
    outer loop
      vertex -1.231804e-01 -2.147060e+00 2.250000e+00
      vertex 1.147919e-01 -2.079651e+00 2.250000e+00
      vertex -4.119873e-03 -2.116951e+00 1.375000e+00
    endloop
  endfacet
  facet normal -8.278935e-02 9.965671e-01 1.013877e-17
    outer loop
      vertex -3.594208e-01 -2.186489e+00 2.250000e+00
      vertex -3.594208e-01 -2.186489e+00 1.812500e+00
      vertex -4.822617e-01 -2.196690e+00 1.812500e+00
    endloop
  endfacet
  facet normal -1.556134e-01 9.878055e-01 -4.984614e-03
    outer loop
      vertex -3.594208e-01 -2.186489e+00 1.812500e+00
      vertex -1.231804e-01 -2.147060e+00 2.250000e+00
      vertex -2.417908e-01 -2.170170e+00 1.375000e+00
    endloop
  endfacet
  facet normal -3.802125e-01 9.248992e-01 4.656260e-17
    outer loop
      vertex 3.496208e-01 -1.983120e+00 2.250000e+00
      vertex 1.147919e-01 -2.079651e+00 1.375000e+00
      vertex 1.147919e-01 -2.079651e+00 2.250000e+00
    endloop
  endfacet
  facet normal -5.818759e-01 8.132776e-01 7.125924e-17
    outer loop
      vertex 7.788391e-01 -1.711969e+00 2.250000e+00
      vertex 7.788391e-01 -1.711969e+00 1.375000e+00
      vertex 5.713387e-01 -1.860430e+00 1.375000e+00
    endloop
  endfacet
  facet normal -5.818759e-01 8.132776e-01 7.125924e-17
    outer loop
      vertex 7.788391e-01 -1.711969e+00 2.250000e+00
      vertex 5.713387e-01 -1.860430e+00 1.375000e+00
      vertex 5.713387e-01 -1.860430e+00 2.250000e+00
    endloop
  endfacet
  facet normal -4.841571e-01 8.749812e-01 5.929213e-17
    outer loop
      vertex 5.713387e-01 -1.860430e+00 2.250000e+00
      vertex 5.713387e-01 -1.860430e+00 1.375000e+00
      vertex 3.496208e-01 -1.983120e+00 2.250000e+00
    endloop
  endfacet
  facet normal -7.540181e-01 6.568536e-01 9.234058e-17
    outer loop
      vertex 1.137390e+00 -1.345890e+00 2.250000e+00
      vertex 1.137390e+00 -1.345890e+00 1.375000e+00
      vertex 9.688683e-01 -1.539351e+00 1.375000e+00
    endloop
  endfacet
  facet normal -7.540181e-01 6.568536e-01 9.234058e-17
    outer loop
      vertex 1.137390e+00 -1.345890e+00 2.250000e+00
      vertex 9.688683e-01 -1.539351e+00 1.375000e+00
      vertex 9.688683e-01 -1.539351e+00 2.250000e+00
    endloop
  endfacet
  facet normal -8.845070e-01 4.665269e-01 1.083209e-16
    outer loop
      vertex 1.398441e+00 -9.136200e-01 2.250000e+00
      vertex 1.398441e+00 -9.136200e-01 1.375000e+00
      vertex 1.281281e+00 -1.135750e+00 1.375000e+00
    endloop
  endfacet
  facet normal -8.845070e-01 4.665269e-01 1.083209e-16
    outer loop
      vertex 1.398441e+00 -9.136200e-01 2.250000e+00
      vertex 1.281281e+00 -1.135750e+00 1.375000e+00
      vertex 1.281281e+00 -1.135750e+00 2.250000e+00
    endloop
  endfacet
  facet normal -8.251243e-01 5.649512e-01 1.010486e-16
    outer loop
      vertex 1.281281e+00 -1.135750e+00 2.250000e+00
      vertex 1.281281e+00 -1.135750e+00 1.375000e+00
      vertex 1.137390e+00 -1.345890e+00 1.375000e+00
    endloop
  endfacet
  facet normal -8.251243e-01 5.649512e-01 1.010486e-16
    outer loop
      vertex 1.281281e+00 -1.135750e+00 2.250000e+00
      vertex 1.137390e+00 -1.345890e+00 1.375000e+00
      vertex 1.137390e+00 -1.345890e+00 2.250000e+00
    endloop
  endfacet
  facet normal -6.723924e-01 7.401949e-01 8.234431e-17
    outer loop
      vertex 9.688683e-01 -1.539351e+00 2.250000e+00
      vertex 9.688683e-01 -1.539351e+00 1.375000e+00
      vertex 7.788391e-01 -1.711969e+00 1.375000e+00
    endloop
  endfacet
  facet normal -6.723924e-01 7.401949e-01 8.234431e-17
    outer loop
      vertex 9.688683e-01 -1.539351e+00 2.250000e+00
      vertex 7.788391e-01 -1.711969e+00 1.375000e+00
      vertex 7.788391e-01 -1.711969e+00 2.250000e+00
    endloop
  endfacet
  facet normal -9.314935e-01 3.637581e-01 1.140750e-16
    outer loop
      vertex 1.487949e+00 -6.844006e-01 2.250000e+00
      vertex 1.487949e+00 -6.844006e-01 1.375000e+00
      vertex 1.398441e+00 -9.136200e-01 1.375000e+00
    endloop
  endfacet
  facet normal -9.314935e-01 3.637581e-01 1.270021e-16
    outer loop
      vertex 1.487949e+00 -6.844006e-01 2.250000e+00
      vertex 1.398441e+00 -9.136200e-01 1.375000e+00
      vertex 1.398441e+00 -9.136200e-01 2.250000e+00
    endloop
  endfacet
  facet normal -2.740732e-02 9.996244e-01 3.356429e-18
    outer loop
      vertex -6.028900e-01 -2.200001e+00 5.000000e-01
      vertex -6.028900e-01 -2.200001e+00 1.375000e+00
      vertex -4.822617e-01 -2.196690e+00 1.375000e+00
    endloop
  endfacet
  facet normal -8.278935e-02 9.965671e-01 1.013877e-17
    outer loop
      vertex -3.594208e-01 -2.186489e+00 9.375000e-01
      vertex -4.822617e-01 -2.196690e+00 1.375000e+00
      vertex -3.594208e-01 -2.186489e+00 1.375000e+00
    endloop
  endfacet
  facet normal -1.911662e-01 9.815577e-01 2.341111e-17
    outer loop
      vertex -1.231804e-01 -2.147060e+00 2.250000e+00
      vertex -1.231804e-01 -2.147060e+00 1.375000e+00
      vertex -2.417908e-01 -2.170170e+00 1.375000e+00
    endloop
  endfacet
  facet normal -2.993171e-01 9.541537e-01 3.665577e-17
    outer loop
      vertex 1.147919e-01 -2.079651e+00 2.250000e+00
      vertex 1.147919e-01 -2.079651e+00 1.375000e+00
      vertex -4.119873e-03 -2.116951e+00 1.375000e+00
    endloop
  endfacet
  facet normal -2.452024e-01 9.694719e-01 3.002863e-17
    outer loop
      vertex -4.119873e-03 -2.116951e+00 1.375000e+00
      vertex -1.231804e-01 -2.147060e+00 1.375000e+00
      vertex -1.231804e-01 -2.147060e+00 2.250000e+00
    endloop
  endfacet
  facet normal -1.374493e-01 9.905088e-01 1.683269e-17
    outer loop
      vertex -2.417908e-01 -2.170170e+00 1.375000e+00
      vertex -3.594208e-01 -2.186489e+00 1.375000e+00
      vertex -3.594208e-01 -2.186489e+00 1.812500e+00
    endloop
  endfacet
  facet normal -5.818758e-01 8.132775e-01 4.311905e-04
    outer loop
      vertex 5.713387e-01 -1.860430e+00 1.375000e+00
      vertex 7.788391e-01 -1.711969e+00 1.375000e+00
      vertex 7.837715e-01 -1.707979e+00 5.000000e-01
    endloop
  endfacet
  facet normal -5.895343e-01 8.077398e-01 -2.392929e-03
    outer loop
      vertex 5.713387e-01 -1.860430e+00 1.375000e+00
      vertex 7.837715e-01 -1.707979e+00 5.000000e-01
      vertex 6.009789e-01 -1.841391e+00 5.000000e-01
    endloop
  endfacet
  facet normal -7.540153e-01 6.568511e-01 -2.764495e-03
    outer loop
      vertex 9.688683e-01 -1.539351e+00 1.375000e+00
      vertex 1.137390e+00 -1.345890e+00 1.375000e+00
      vertex 1.105091e+00 -1.386660e+00 5.000000e-01
    endloop
  endfacet
  facet normal -7.427205e-01 6.696004e-01 1.218713e-03
    outer loop
      vertex 9.688683e-01 -1.539351e+00 1.375000e+00
      vertex 1.105091e+00 -1.386660e+00 5.000000e-01
      vertex 9.527512e-01 -1.555639e+00 5.000000e-01
    endloop
  endfacet
  facet normal -6.723918e-01 7.401941e-01 -1.391171e-03
    outer loop
      vertex 7.788391e-01 -1.711969e+00 1.375000e+00
      vertex 9.688683e-01 -1.539351e+00 1.375000e+00
      vertex 9.527512e-01 -1.555639e+00 5.000000e-01
    endloop
  endfacet
  facet normal -6.696000e-01 7.427219e-01 -3.846785e-04
    outer loop
      vertex 7.788391e-01 -1.711969e+00 1.375000e+00
      vertex 9.527512e-01 -1.555639e+00 5.000000e-01
      vertex 7.837715e-01 -1.707979e+00 5.000000e-01
    endloop
  endfacet
  facet normal -8.844999e-01 4.665233e-01 -4.014534e-03
    outer loop
      vertex 1.281281e+00 -1.135750e+00 1.375000e+00
      vertex 1.398441e+00 -9.136200e-01 1.375000e+00
      vertex 1.351341e+00 -1.010450e+00 5.000000e-01
    endloop
  endfacet
  facet normal -8.637540e-01 5.039048e-01 2.999677e-03
    outer loop
      vertex 1.281281e+00 -1.135750e+00 1.375000e+00
      vertex 1.351341e+00 -1.010450e+00 5.000000e-01
      vertex 1.238499e+00 -1.203859e+00 5.000000e-01
    endloop
  endfacet
  facet normal -9.585578e-01 2.848981e-01 1.173895e-16
    outer loop
      vertex 1.487949e+00 -6.844006e-01 2.250000e+00
      vertex 1.522350e+00 -5.686493e-01 1.375000e+00
      vertex 1.487949e+00 -6.844006e-01 1.375000e+00
    endloop
  endfacet
  facet normal -9.314935e-01 3.637581e-01 8.822090e-17
    outer loop
      vertex 1.487949e+00 -6.844006e-01 9.375000e-01
      vertex 1.398441e+00 -9.136200e-01 1.375000e+00
      vertex 1.487949e+00 -6.844006e-01 1.375000e+00
    endloop
  endfacet
  facet normal -8.251189e-01 5.649475e-01 -3.640666e-03
    outer loop
      vertex 1.137390e+00 -1.345890e+00 1.375000e+00
      vertex 1.281281e+00 -1.135750e+00 1.375000e+00
      vertex 1.238499e+00 -1.203859e+00 5.000000e-01
    endloop
  endfacet
  facet normal -8.077479e-01 5.895233e-01 2.355797e-03
    outer loop
      vertex 1.137390e+00 -1.345890e+00 1.375000e+00
      vertex 1.238499e+00 -1.203859e+00 5.000000e-01
      vertex 1.105091e+00 -1.386660e+00 5.000000e-01
    endloop
  endfacet
  facet normal -4.327940e-01 9.013379e-01 1.671103e-02
    outer loop
      vertex 5.713387e-01 -1.860430e+00 1.375000e+00
      vertex 1.147919e-01 -2.079651e+00 1.375000e+00
      vertex 3.496208e-01 -1.983120e+00 2.250000e+00
    endloop
  endfacet
  facet normal -4.328017e-01 9.013539e-01 -1.561403e-02
    outer loop
      vertex 1.147919e-01 -2.079651e+00 1.375000e+00
      vertex 5.713387e-01 -1.860430e+00 1.375000e+00
      vertex 4.075584e-01 -1.954229e+00 5.000000e-01
    endloop
  endfacet
  facet normal -4.141947e-01 9.101520e-01 -8.127009e-03
    outer loop
      vertex 1.147919e-01 -2.079651e+00 1.375000e+00
      vertex 4.075584e-01 -1.954229e+00 5.000000e-01
      vertex 2.069206e-01 -2.045540e+00 5.000000e-01
    endloop
  endfacet
  facet normal -9.659094e-01 2.588533e-01 -3.734620e-03
    outer loop
      vertex 1.522350e+00 -5.686493e-01 1.375000e+00
      vertex 1.487949e+00 -6.844006e-01 2.250000e+00
      vertex 1.549992e+00 -4.528904e-01 2.250000e+00
    endloop
  endfacet
  facet normal -9.885203e-01 1.510878e-01 1.210588e-16
    outer loop
      vertex 1.586990e+00 -2.108498e-01 1.812500e+00
      vertex 1.549992e+00 -4.528904e-01 2.250000e+00
      vertex 1.586990e+00 -2.108498e-01 2.250000e+00
    endloop
  endfacet
  facet normal -9.988316e-01 4.797905e-02 -5.789300e-03
    outer loop
      vertex 1.594631e+00 -1.045704e-01 1.812500e+00
      vertex 1.586990e+00 -2.108498e-01 2.250000e+00
      vertex 1.597111e+00 0.000000e+00 2.250000e+00
    endloop
  endfacet
  facet normal -9.863556e-01 -1.645864e-01 -3.729929e-03
    outer loop
      vertex 1.583599e+00 2.434597e-01 2.250000e+00
      vertex 1.544182e+00 4.797096e-01 2.250000e+00
      vertex 1.567280e+00 3.610897e-01 1.375000e+00
    endloop
  endfacet
  facet normal -9.905132e-01 -1.374178e-01 1.213029e-16
    outer loop
      vertex 1.583599e+00 2.434597e-01 2.250000e+00
      vertex 1.567280e+00 3.610897e-01 1.375000e+00
      vertex 1.583599e+00 2.434597e-01 1.375000e+00
    endloop
  endfacet
  facet normal -9.248939e-01 -3.802253e-01 1.132668e-16
    outer loop
      vertex 1.476761e+00 7.176704e-01 1.375000e+00
      vertex 1.476761e+00 7.176704e-01 2.250000e+00
      vertex 1.380230e+00 9.524994e-01 2.250000e+00
    endloop
  endfacet
  facet normal -9.248939e-01 -3.802253e-01 1.132668e-16
    outer loop
      vertex 1.476761e+00 7.176704e-01 1.375000e+00
      vertex 1.380230e+00 9.524994e-01 2.250000e+00
      vertex 1.380230e+00 9.524994e-01 1.375000e+00
    endloop
  endfacet
  facet normal -9.621297e-01 -2.725631e-01 -3.974440e-03
    outer loop
      vertex 1.544182e+00 4.797096e-01 2.250000e+00
      vertex 1.476761e+00 7.176704e-01 2.250000e+00
      vertex 1.514061e+00 5.987701e-01 1.375000e+00
    endloop
  endfacet
  facet normal -9.694700e-01 -2.452098e-01 1.187258e-16
    outer loop
      vertex 1.544182e+00 4.797096e-01 2.250000e+00
      vertex 1.514061e+00 5.987701e-01 1.375000e+00
      vertex 1.544182e+00 4.797096e-01 1.375000e+00
    endloop
  endfacet
  facet normal -9.984627e-01 -5.542843e-02 1.222764e-16
    outer loop
      vertex 1.597111e+00 0.000000e+00 1.812500e+00
      vertex 1.597111e+00 0.000000e+00 2.250000e+00
      vertex 1.583599e+00 2.434597e-01 2.250000e+00
    endloop
  endfacet
  facet normal -8.749875e-01 -4.841455e-01 1.071551e-16
    outer loop
      vertex 1.257542e+00 1.174231e+00 2.250000e+00
      vertex 1.257542e+00 1.174231e+00 1.375000e+00
      vertex 1.380230e+00 9.524994e-01 1.375000e+00
    endloop
  endfacet
  facet normal -8.749875e-01 -4.841455e-01 1.071551e-16
    outer loop
      vertex 1.257542e+00 1.174231e+00 2.250000e+00
      vertex 1.380230e+00 9.524994e-01 1.375000e+00
      vertex 1.380230e+00 9.524994e-01 2.250000e+00
    endloop
  endfacet
  facet normal -7.401949e-01 -6.723924e-01 9.064773e-17
    outer loop
      vertex 9.364586e-01 1.571751e+00 2.250000e+00
      vertex 9.364586e-01 1.571751e+00 1.375000e+00
      vertex 1.109081e+00 1.381729e+00 1.375000e+00
    endloop
  endfacet
  facet normal -7.401949e-01 -6.723924e-01 9.064773e-17
    outer loop
      vertex 9.364586e-01 1.571751e+00 2.250000e+00
      vertex 1.109081e+00 1.381729e+00 1.375000e+00
      vertex 1.109081e+00 1.381729e+00 2.250000e+00
    endloop
  endfacet
  facet normal -8.132725e-01 -5.818830e-01 9.959716e-17
    outer loop
      vertex 1.109081e+00 1.381729e+00 2.250000e+00
      vertex 1.109081e+00 1.381729e+00 1.375000e+00
      vertex 1.257542e+00 1.174231e+00 1.375000e+00
    endloop
  endfacet
  facet normal -8.132725e-01 -5.818830e-01 9.959716e-17
    outer loop
      vertex 1.109081e+00 1.381729e+00 2.250000e+00
      vertex 1.257542e+00 1.174231e+00 1.375000e+00
      vertex 1.257542e+00 1.174231e+00 2.250000e+00
    endloop
  endfacet
  facet normal -4.665207e-01 -8.845103e-01 5.713231e-17
    outer loop
      vertex 3.107300e-01 2.001320e+00 2.250000e+00
      vertex 3.107300e-01 2.001320e+00 1.375000e+00
      vertex 5.328598e-01 1.884159e+00 1.375000e+00
    endloop
  endfacet
  facet normal -4.665207e-01 -8.845103e-01 5.713231e-17
    outer loop
      vertex 3.107300e-01 2.001320e+00 2.250000e+00
      vertex 5.328598e-01 1.884159e+00 1.375000e+00
      vertex 5.328598e-01 1.884159e+00 2.250000e+00
    endloop
  endfacet
  facet normal -2.588533e-01 -9.659094e-01 -3.731538e-03
    outer loop
      vertex -1.500015e-01 2.152880e+00 2.250000e+00
      vertex -3.424072e-02 2.125240e+00 1.375000e+00
      vertex 8.150864e-02 2.090839e+00 2.250000e+00
    endloop
  endfacet
  facet normal -3.637581e-01 -9.314935e-01 4.454751e-17
    outer loop
      vertex 8.150864e-02 2.090839e+00 2.250000e+00
      vertex 8.150864e-02 2.090839e+00 1.375000e+00
      vertex 3.107300e-01 2.001320e+00 1.375000e+00
    endloop
  endfacet
  facet normal -3.637581e-01 -9.314935e-01 5.747457e-17
    outer loop
      vertex 8.150864e-02 2.090839e+00 2.250000e+00
      vertex 3.107300e-01 2.001320e+00 1.375000e+00
      vertex 3.107300e-01 2.001320e+00 2.250000e+00
    endloop
  endfacet
  facet normal -6.568547e-01 -7.540173e-01 8.044149e-17
    outer loop
      vertex 7.430000e-01 1.740280e+00 2.250000e+00
      vertex 7.430000e-01 1.740280e+00 1.375000e+00
      vertex 9.364586e-01 1.571751e+00 1.375000e+00
    endloop
  endfacet
  facet normal -6.568547e-01 -7.540173e-01 1.013697e-16
    outer loop
      vertex 7.430000e-01 1.740280e+00 2.250000e+00
      vertex 9.364586e-01 1.571751e+00 1.375000e+00
      vertex 9.364586e-01 1.571751e+00 2.250000e+00
    endloop
  endfacet
  facet normal -9.839750e-01 1.783069e-01 1.205022e-16
    outer loop
      vertex 1.572029e+00 -3.312798e-01 1.375000e+00
      vertex 1.549992e+00 -4.528904e-01 1.375000e+00
      vertex 1.549992e+00 -4.528904e-01 2.250000e+00
    endloop
  endfacet
  facet normal -9.898712e-01 1.418730e-01 -5.212293e-03
    outer loop
      vertex 1.586990e+00 -2.108498e-01 1.812500e+00
      vertex 1.572029e+00 -3.312798e-01 1.375000e+00
      vertex 1.549992e+00 -4.528904e-01 2.250000e+00
    endloop
  endfacet
  facet normal -9.997173e-01 2.377848e-02 1.224300e-16
    outer loop
      vertex 1.597111e+00 0.000000e+00 1.812500e+00
      vertex 1.594631e+00 -1.045704e-01 1.812500e+00
      vertex 1.597111e+00 0.000000e+00 2.250000e+00
    endloop
  endfacet
  facet normal -9.974255e-01 7.171009e-02 1.221494e-16
    outer loop
      vertex 1.586990e+00 -2.108498e-01 1.812500e+00
      vertex 1.586990e+00 -2.108498e-01 2.250000e+00
      vertex 1.594631e+00 -1.045704e-01 1.812500e+00
    endloop
  endfacet
  facet normal -9.923758e-01 1.232494e-01 1.215310e-16
    outer loop
      vertex 1.586990e+00 -2.108498e-01 1.812500e+00
      vertex 1.586990e+00 -2.108498e-01 1.375000e+00
      vertex 1.572029e+00 -3.312798e-01 1.375000e+00
    endloop
  endfacet
  facet normal -9.997173e-01 2.377848e-02 1.224300e-16
    outer loop
      vertex 1.597111e+00 0.000000e+00 5.000000e-01
      vertex 1.594631e+00 -1.045704e-01 1.375000e+00
      vertex 1.597111e+00 0.000000e+00 1.375000e+00
    endloop
  endfacet
  facet normal -9.974255e-01 7.171009e-02 1.221494e-16
    outer loop
      vertex 1.586990e+00 -2.108498e-01 9.375000e-01
      vertex 1.586990e+00 -2.108498e-01 1.375000e+00
      vertex 1.594631e+00 -1.045704e-01 1.375000e+00
    endloop
  endfacet
  facet normal -9.984627e-01 -5.542843e-02 1.222764e-16
    outer loop
      vertex 1.597111e+00 0.000000e+00 1.375000e+00
      vertex 1.597111e+00 0.000000e+00 1.812500e+00
      vertex 1.583599e+00 2.434597e-01 1.375000e+00
    endloop
  endfacet
  facet normal -9.984627e-01 -5.542843e-02 1.222764e-16
    outer loop
      vertex 1.583599e+00 2.434597e-01 1.375000e+00
      vertex 1.597111e+00 0.000000e+00 1.812500e+00
      vertex 1.583599e+00 2.434597e-01 2.250000e+00
    endloop
  endfacet
  facet normal -9.541564e-01 -2.993084e-01 1.168505e-16
    outer loop
      vertex 1.514061e+00 5.987701e-01 1.375000e+00
      vertex 1.476761e+00 7.176704e-01 2.250000e+00
      vertex 1.476761e+00 7.176704e-01 1.375000e+00
    endloop
  endfacet
  facet normal -5.649583e-01 -8.251195e-01 6.918743e-17
    outer loop
      vertex 5.328598e-01 1.884159e+00 2.250000e+00
      vertex 5.328598e-01 1.884159e+00 1.375000e+00
      vertex 7.430000e-01 1.740280e+00 1.375000e+00
    endloop
  endfacet
  facet normal -5.649583e-01 -8.251195e-01 6.918743e-17
    outer loop
      vertex 5.328598e-01 1.884159e+00 2.250000e+00
      vertex 7.430000e-01 1.740280e+00 1.375000e+00
      vertex 7.430000e-01 1.740280e+00 2.250000e+00
    endloop
  endfacet
  facet normal -7.170754e-02 -9.974257e-01 8.781641e-18
    outer loop
      vertex -3.920403e-01 2.189871e+00 2.250000e+00
      vertex -4.983215e-01 2.197510e+00 1.812500e+00
      vertex -3.920403e-01 2.189871e+00 1.812500e+00
    endloop
  endfacet
  facet normal -4.796102e-02 -9.988324e-01 -5.793278e-03
    outer loop
      vertex -4.983215e-01 2.197510e+00 1.812500e+00
      vertex -3.920403e-01 2.189871e+00 2.250000e+00
      vertex -6.028900e-01 2.200001e+00 2.250000e+00
    endloop
  endfacet
  facet normal -1.418861e-01 -9.898693e-01 -5.206104e-03
    outer loop
      vertex -1.500015e-01 2.152880e+00 2.250000e+00
      vertex -3.920403e-01 2.189871e+00 1.812500e+00
      vertex -2.716103e-01 2.174910e+00 1.375000e+00
    endloop
  endfacet
  facet normal -9.815577e-01 -1.911662e-01 1.202062e-16
    outer loop
      vertex 1.544182e+00 4.797096e-01 2.250000e+00
      vertex 1.544182e+00 4.797096e-01 1.375000e+00
      vertex 1.567280e+00 3.610897e-01 1.375000e+00
    endloop
  endfacet
  facet normal -1.510901e-01 -9.885200e-01 1.850320e-17
    outer loop
      vertex -3.920403e-01 2.189871e+00 1.812500e+00
      vertex -1.500015e-01 2.152880e+00 2.250000e+00
      vertex -3.920403e-01 2.189871e+00 2.250000e+00
    endloop
  endfacet
  facet normal -9.984627e-01 -5.542843e-02 1.257405e-16
    outer loop
      vertex 1.583599e+00 2.434597e-01 9.375000e-01
      vertex 1.597111e+00 0.000000e+00 1.375000e+00
      vertex 1.583599e+00 2.434597e-01 1.375000e+00
    endloop
  endfacet
  facet normal -9.726598e-01 2.322344e-01 1.191165e-16
    outer loop
      vertex 1.522350e+00 -5.686493e-01 1.375000e+00
      vertex 1.549992e+00 -4.528904e-01 2.250000e+00
      vertex 1.549992e+00 -4.528904e-01 1.375000e+00
    endloop
  endfacet
  facet normal -9.134465e-02 9.956168e-01 2.008339e-02
    outer loop
      vertex -2.025719e-01 -2.163269e+00 5.000000e-01
      vertex -6.028900e-01 -2.200001e+00 5.000000e-01
      vertex -3.594208e-01 -2.186489e+00 9.375000e-01
    endloop
  endfacet
  facet normal -1.374486e-01 9.905035e-01 3.282436e-03
    outer loop
      vertex -2.417908e-01 -2.170170e+00 9.375000e-01
      vertex -2.025719e-01 -2.163269e+00 5.000000e-01
      vertex -3.594208e-01 -2.186489e+00 9.375000e-01
    endloop
  endfacet
  facet normal -2.452023e-01 9.694718e-01 4.645805e-04
    outer loop
      vertex -1.231804e-01 -2.147060e+00 9.375000e-01
      vertex -4.119873e-03 -2.116951e+00 9.375000e-01
      vertex 2.460480e-03 -2.115082e+00 5.000000e-01
    endloop
  endfacet
  facet normal -1.911659e-01 9.815563e-01 -1.674867e-03
    outer loop
      vertex -2.025719e-01 -2.163269e+00 5.000000e-01
      vertex -2.417908e-01 -2.170170e+00 9.375000e-01
      vertex -1.231804e-01 -2.147060e+00 9.375000e-01
    endloop
  endfacet
  facet normal -2.993171e-01 9.541536e-01 -4.144571e-04
    outer loop
      vertex 1.147919e-01 -2.079651e+00 9.375000e-01
      vertex 2.460480e-03 -2.115082e+00 5.000000e-01
      vertex -4.119873e-03 -2.116951e+00 9.375000e-01
    endloop
  endfacet
  facet normal -9.347246e-01 3.553367e-01 -5.073242e-03
    outer loop
      vertex 1.398441e+00 -9.136200e-01 1.375000e+00
      vertex 1.487949e+00 -6.844006e-01 9.375000e-01
      vertex 1.442650e+00 -8.098106e-01 5.000000e-01
    endloop
  endfacet
  facet normal -6.460945e-02 9.978974e-01 5.135248e-03
    outer loop
      vertex -4.822617e-01 -2.196690e+00 1.375000e+00
      vertex -3.594208e-01 -2.186489e+00 9.375000e-01
      vertex -6.028900e-01 -2.200001e+00 5.000000e-01
    endloop
  endfacet
  facet normal -9.585566e-01 2.848977e-01 -1.636538e-03
    outer loop
      vertex 1.522350e+00 -5.686493e-01 9.375000e-01
      vertex 1.512192e+00 -6.053505e-01 5.000000e-01
      vertex 1.487949e+00 -6.844006e-01 9.375000e-01
    endloop
  endfacet
  facet normal -9.839730e-01 1.783065e-01 -1.953859e-03
    outer loop
      vertex 1.572029e+00 -3.312798e-01 9.375000e-01
      vertex 1.560390e+00 -4.003201e-01 5.000000e-01
      vertex 1.549992e+00 -4.528904e-01 9.375000e-01
    endloop
  endfacet
  facet normal -9.726487e-01 2.322317e-01 4.794903e-03
    outer loop
      vertex 1.522350e+00 -5.686493e-01 9.375000e-01
      vertex 1.549992e+00 -4.528904e-01 9.375000e-01
      vertex 1.560390e+00 -4.003201e-01 5.000000e-01
    endloop
  endfacet
  facet normal -9.734614e-01 2.288260e-01 3.413934e-03
    outer loop
      vertex 1.522350e+00 -5.686493e-01 9.375000e-01
      vertex 1.560390e+00 -4.003201e-01 5.000000e-01
      vertex 1.512192e+00 -6.053505e-01 5.000000e-01
    endloop
  endfacet
  facet normal -9.984265e-01 5.594321e-02 3.847574e-03
    outer loop
      vertex 1.597111e+00 0.000000e+00 5.000000e-01
      vertex 1.586990e+00 -2.108498e-01 9.375000e-01
      vertex 1.594631e+00 -1.045704e-01 1.375000e+00
    endloop
  endfacet
  facet normal -9.815563e-01 -1.911659e-01 -1.674867e-03
    outer loop
      vertex 1.544182e+00 4.797096e-01 9.375000e-01
      vertex 1.560390e+00 4.003201e-01 5.000000e-01
      vertex 1.567280e+00 3.610897e-01 9.375000e-01
    endloop
  endfacet
  facet normal -9.905079e-01 -1.374170e-01 3.285330e-03
    outer loop
      vertex 1.567280e+00 3.610897e-01 9.375000e-01
      vertex 1.560390e+00 4.003201e-01 5.000000e-01
      vertex 1.583599e+00 2.434597e-01 9.375000e-01
    endloop
  endfacet
  facet normal -9.984627e-01 -5.542843e-02 1.222764e-16
    outer loop
      vertex 1.597111e+00 0.000000e+00 1.375000e+00
      vertex 1.583599e+00 2.434597e-01 9.375000e-01
      vertex 1.597111e+00 0.000000e+00 5.000000e-01
    endloop
  endfacet
  facet normal -9.923517e-01 1.232464e-01 6.958195e-03
    outer loop
      vertex 1.586990e+00 -2.108498e-01 9.375000e-01
      vertex 1.560390e+00 -4.003201e-01 5.000000e-01
      vertex 1.572029e+00 -3.312798e-01 9.375000e-01
    endloop
  endfacet
  facet normal -9.734525e-01 -2.288239e-01 5.459016e-03
    outer loop
      vertex 1.512192e+00 6.053505e-01 5.000000e-01
      vertex 1.560390e+00 4.003201e-01 5.000000e-01
      vertex 1.544182e+00 4.797096e-01 9.375000e-01
    endloop
  endfacet
  facet normal -9.694700e-01 -2.452097e-01 4.623235e-04
    outer loop
      vertex 1.512192e+00 6.053505e-01 5.000000e-01
      vertex 1.544182e+00 4.797096e-01 9.375000e-01
      vertex 1.514061e+00 5.987701e-01 9.375000e-01
    endloop
  endfacet
  facet normal -2.288239e-01 9.734525e-01 5.459016e-03
    outer loop
      vertex -1.231804e-01 -2.147060e+00 9.375000e-01
      vertex 2.460480e-03 -2.115082e+00 5.000000e-01
      vertex -2.025719e-01 -2.163269e+00 5.000000e-01
    endloop
  endfacet
  facet normal -3.220027e-01 9.467197e-01 6.012010e-03
    outer loop
      vertex 1.147919e-01 -2.079651e+00 9.375000e-01
      vertex 2.069206e-01 -2.045540e+00 5.000000e-01
      vertex 2.460480e-03 -2.115082e+00 5.000000e-01
    endloop
  endfacet
  facet normal -5.039063e-01 8.637566e-01 1.725557e-03
    outer loop
      vertex 4.075584e-01 -1.954229e+00 5.000000e-01
      vertex 5.713387e-01 -1.860430e+00 1.375000e+00
      vertex 6.009789e-01 -1.841391e+00 5.000000e-01
    endloop
  endfacet
  facet normal -3.472397e-01 9.377764e-01 4.252460e-17
    outer loop
      vertex 2.069206e-01 -2.045540e+00 5.000000e-01
      vertex 1.147919e-01 -2.079651e+00 9.375000e-01
      vertex 1.147919e-01 -2.079651e+00 1.375000e+00
    endloop
  endfacet
  facet normal -9.101681e-01 4.142272e-01 3.154282e-03
    outer loop
      vertex 1.442650e+00 -8.098106e-01 5.000000e-01
      vertex 1.351341e+00 -1.010450e+00 5.000000e-01
      vertex 1.398441e+00 -9.136200e-01 1.375000e+00
    endloop
  endfacet
  facet normal -9.956170e-01 -9.134466e-02 2.007471e-02
    outer loop
      vertex 1.583599e+00 2.434597e-01 9.375000e-01
      vertex 1.560390e+00 4.003201e-01 5.000000e-01
      vertex 1.597111e+00 0.000000e+00 5.000000e-01
    endloop
  endfacet
  facet normal -9.955987e-01 9.134211e-02 2.097296e-02
    outer loop
      vertex 1.597111e+00 0.000000e+00 5.000000e-01
      vertex 1.560390e+00 -4.003201e-01 5.000000e-01
      vertex 1.586990e+00 -2.108498e-01 9.375000e-01
    endloop
  endfacet
  facet normal -9.467213e-01 3.220032e-01 5.723869e-03
    outer loop
      vertex 1.512192e+00 -6.053505e-01 5.000000e-01
      vertex 1.442650e+00 -8.098106e-01 5.000000e-01
      vertex 1.487949e+00 -6.844006e-01 9.375000e-01
    endloop
  endfacet
  facet normal -9.285899e-01 -3.710633e-01 -5.733300e-03
    outer loop
      vertex 1.442650e+00 8.098106e-01 5.000000e-01
      vertex 1.476761e+00 7.176704e-01 9.375000e-01
      vertex 1.380230e+00 9.524994e-01 1.375000e+00
    endloop
  endfacet
  facet normal -8.749845e-01 -4.841439e-01 2.642902e-03
    outer loop
      vertex 1.380230e+00 9.524994e-01 1.375000e+00
      vertex 1.257542e+00 1.174231e+00 1.375000e+00
      vertex 1.238499e+00 1.203859e+00 5.000000e-01
    endloop
  endfacet
  facet normal -8.637521e-01 -5.038936e-01 -4.849884e-03
    outer loop
      vertex 1.380230e+00 9.524994e-01 1.375000e+00
      vertex 1.238499e+00 1.203859e+00 5.000000e-01
      vertex 1.351341e+00 1.010441e+00 5.000000e-01
    endloop
  endfacet
  facet normal -7.401941e-01 -6.723918e-01 -1.390875e-03
    outer loop
      vertex 1.109081e+00 1.381729e+00 1.375000e+00
      vertex 9.364586e-01 1.571751e+00 1.375000e+00
      vertex 9.527512e-01 1.555630e+00 5.000000e-01
    endloop
  endfacet
  facet normal -7.427211e-01 -6.696008e-01 -3.846874e-04
    outer loop
      vertex 1.109081e+00 1.381729e+00 1.375000e+00
      vertex 9.527512e-01 1.555630e+00 5.000000e-01
      vertex 1.105091e+00 1.386650e+00 5.000000e-01
    endloop
  endfacet
  facet normal -8.132725e-01 -5.818829e-01 4.311275e-04
    outer loop
      vertex 1.257542e+00 1.174231e+00 1.375000e+00
      vertex 1.109081e+00 1.381729e+00 1.375000e+00
      vertex 1.105091e+00 1.386650e+00 5.000000e-01
    endloop
  endfacet
  facet normal -8.077420e-01 -5.895313e-01 -2.389260e-03
    outer loop
      vertex 1.257542e+00 1.174231e+00 1.375000e+00
      vertex 1.105091e+00 1.386650e+00 5.000000e-01
      vertex 1.238499e+00 1.203859e+00 5.000000e-01
    endloop
  endfacet
  facet normal -6.568521e-01 -7.540143e-01 -2.767445e-03
    outer loop
      vertex 9.364586e-01 1.571751e+00 1.375000e+00
      vertex 7.430000e-01 1.740280e+00 1.375000e+00
      vertex 7.837715e-01 1.707979e+00 5.000000e-01
    endloop
  endfacet
  facet normal -6.696088e-01 -7.427130e-01 1.218100e-03
    outer loop
      vertex 9.364586e-01 1.571751e+00 1.375000e+00
      vertex 7.837715e-01 1.707979e+00 5.000000e-01
      vertex 9.527512e-01 1.555630e+00 5.000000e-01
    endloop
  endfacet
  facet normal -5.649545e-01 -8.251140e-01 -3.641444e-03
    outer loop
      vertex 7.430000e-01 1.740280e+00 1.375000e+00
      vertex 5.328598e-01 1.884159e+00 1.375000e+00
      vertex 6.009789e-01 1.841391e+00 5.000000e-01
    endloop
  endfacet
  facet normal -5.895233e-01 -8.077479e-01 2.353226e-03
    outer loop
      vertex 7.430000e-01 1.740280e+00 1.375000e+00
      vertex 6.009789e-01 1.841391e+00 5.000000e-01
      vertex 7.837715e-01 1.707979e+00 5.000000e-01
    endloop
  endfacet
  facet normal -3.637581e-01 -9.314935e-01 1.869338e-17
    outer loop
      vertex 8.150864e-02 2.090839e+00 9.375000e-01
      vertex 3.107300e-01 2.001320e+00 1.375000e+00
      vertex 8.150864e-02 2.090839e+00 1.375000e+00
    endloop
  endfacet
  facet normal -2.322575e-01 -9.726544e-01 2.844334e-17
    outer loop
      vertex -1.500015e-01 2.152880e+00 2.250000e+00
      vertex -1.500015e-01 2.152880e+00 1.375000e+00
      vertex -3.424072e-02 2.125240e+00 1.375000e+00
    endloop
  endfacet
  facet normal -2.848777e-01 -9.585639e-01 3.488745e-17
    outer loop
      vertex -3.424072e-02 2.125240e+00 1.375000e+00
      vertex 8.150864e-02 2.090839e+00 1.375000e+00
      vertex 8.150864e-02 2.090839e+00 2.250000e+00
    endloop
  endfacet
  facet normal -1.232842e-01 -9.923714e-01 1.509795e-17
    outer loop
      vertex -3.920403e-01 2.189871e+00 1.375000e+00
      vertex -2.716103e-01 2.174910e+00 1.375000e+00
      vertex -3.920403e-01 2.189871e+00 1.812500e+00
    endloop
  endfacet
  facet normal -7.170754e-02 -9.974257e-01 8.781641e-18
    outer loop
      vertex -4.983215e-01 2.197510e+00 1.375000e+00
      vertex -3.920403e-01 2.189871e+00 9.375000e-01
      vertex -3.920403e-01 2.189871e+00 1.375000e+00
    endloop
  endfacet
  facet normal -1.782770e-01 -9.839804e-01 2.183263e-17
    outer loop
      vertex -2.716103e-01 2.174910e+00 1.375000e+00
      vertex -1.500015e-01 2.152880e+00 1.375000e+00
      vertex -1.500015e-01 2.152880e+00 2.250000e+00
    endloop
  endfacet
  facet normal -4.665169e-01 -8.845032e-01 -4.015697e-03
    outer loop
      vertex 5.328598e-01 1.884159e+00 1.375000e+00
      vertex 3.107300e-01 2.001320e+00 1.375000e+00
      vertex 4.075584e-01 1.954220e+00 5.000000e-01
    endloop
  endfacet
  facet normal -5.039048e-01 -8.637540e-01 2.999677e-03
    outer loop
      vertex 5.328598e-01 1.884159e+00 1.375000e+00
      vertex 4.075584e-01 1.954220e+00 5.000000e-01
      vertex 6.009789e-01 1.841391e+00 5.000000e-01
    endloop
  endfacet
  facet normal -3.553455e-01 -9.347213e-01 -5.067956e-03
    outer loop
      vertex 8.150864e-02 2.090839e+00 9.375000e-01
      vertex 2.069206e-01 2.045530e+00 5.000000e-01
      vertex 3.107300e-01 2.001320e+00 1.375000e+00
    endloop
  endfacet
  facet normal -9.467365e-01 -3.220084e-01 -7.901163e-04
    outer loop
      vertex 1.442650e+00 8.098106e-01 5.000000e-01
      vertex 1.512192e+00 6.053505e-01 5.000000e-01
      vertex 1.514061e+00 5.987701e-01 9.375000e-01
    endloop
  endfacet
  facet normal -9.540948e-01 -2.992890e-01 1.137033e-02
    outer loop
      vertex 1.442650e+00 8.098106e-01 5.000000e-01
      vertex 1.514061e+00 5.987701e-01 9.375000e-01
      vertex 1.476761e+00 7.176704e-01 9.375000e-01
    endloop
  endfacet
  facet normal -9.101695e-01 -4.142278e-01 2.620182e-03
    outer loop
      vertex 1.442650e+00 8.098106e-01 5.000000e-01
      vertex 1.380230e+00 9.524994e-01 1.375000e+00
      vertex 1.351341e+00 1.010441e+00 5.000000e-01
    endloop
  endfacet
  facet normal -2.322548e-01 -9.726431e-01 4.806289e-03
    outer loop
      vertex -3.424072e-02 2.125240e+00 9.375000e-01
      vertex -1.500015e-01 2.152880e+00 9.375000e-01
      vertex -2.025719e-01 2.163271e+00 5.000000e-01
    endloop
  endfacet
  facet normal -2.288088e-01 -9.734654e-01 3.408975e-03
    outer loop
      vertex -3.424072e-02 2.125240e+00 9.375000e-01
      vertex -2.025719e-01 2.163271e+00 5.000000e-01
      vertex 2.460480e-03 2.115080e+00 5.000000e-01
    endloop
  endfacet
  facet normal -1.232812e-01 -9.923474e-01 6.952588e-03
    outer loop
      vertex -2.025719e-01 2.163271e+00 5.000000e-01
      vertex -2.716103e-01 2.174910e+00 9.375000e-01
      vertex -3.920403e-01 2.189871e+00 9.375000e-01
    endloop
  endfacet
  facet normal -1.782767e-01 -9.839785e-01 -1.948999e-03
    outer loop
      vertex -2.025719e-01 2.163271e+00 5.000000e-01
      vertex -1.500015e-01 2.152880e+00 9.375000e-01
      vertex -2.716103e-01 2.174910e+00 9.375000e-01
    endloop
  endfacet
  facet normal -4.142063e-01 -9.101775e-01 3.155295e-03
    outer loop
      vertex 2.069206e-01 2.045530e+00 5.000000e-01
      vertex 4.075584e-01 1.954220e+00 5.000000e-01
      vertex 3.107300e-01 2.001320e+00 1.375000e+00
    endloop
  endfacet
  facet normal -3.220190e-01 -9.467159e-01 5.727028e-03
    outer loop
      vertex 2.069206e-01 2.045530e+00 5.000000e-01
      vertex 8.150864e-02 2.090839e+00 9.375000e-01
      vertex 2.460480e-03 2.115080e+00 5.000000e-01
    endloop
  endfacet
  facet normal -9.134297e-02 -9.955985e-01 2.098205e-02
    outer loop
      vertex -2.025719e-01 2.163271e+00 5.000000e-01
      vertex -3.920403e-01 2.189871e+00 9.375000e-01
      vertex -6.028900e-01 2.200001e+00 5.000000e-01
    endloop
  endfacet
  facet normal -2.848773e-01 -9.585626e-01 -1.640560e-03
    outer loop
      vertex 2.460480e-03 2.115080e+00 5.000000e-01
      vertex 8.150864e-02 2.090839e+00 9.375000e-01
      vertex -3.424072e-02 2.125240e+00 9.375000e-01
    endloop
  endfacet
  facet normal -5.593057e-02 -9.984272e-01 3.850170e-03
    outer loop
      vertex -3.920403e-01 2.189871e+00 9.375000e-01
      vertex -4.983215e-01 2.197510e+00 1.375000e+00
      vertex -6.028900e-01 2.200001e+00 5.000000e-01
    endloop
  endfacet
  facet normal -9.248939e-01 -3.802253e-01 1.132668e-16
    outer loop
      vertex 1.476761e+00 7.176704e-01 1.375000e+00
      vertex 1.380230e+00 9.524994e-01 1.375000e+00
      vertex 1.476761e+00 7.176704e-01 9.375000e-01
    endloop
  endfacet
  facet normal 5.541283e-02 -9.984635e-01 -6.786115e-18
    outer loop
      vertex -6.028900e-01 2.200001e+00 1.812500e+00
      vertex -6.028900e-01 2.200001e+00 2.250000e+00
      vertex -8.463516e-01 2.186489e+00 2.250000e+00
    endloop
  endfacet
  facet normal 5.541283e-02 -9.984635e-01 -6.786115e-18
    outer loop
      vertex -8.463516e-01 2.186489e+00 2.250000e+00
      vertex -8.463516e-01 2.186489e+00 1.375000e+00
      vertex -6.028900e-01 2.200001e+00 1.812500e+00
    endloop
  endfacet
  facet normal 5.541283e-02 -9.984635e-01 -6.786115e-18
    outer loop
      vertex -8.463516e-01 2.186489e+00 1.375000e+00
      vertex -6.028900e-01 2.200001e+00 1.375000e+00
      vertex -6.028900e-01 2.200001e+00 1.812500e+00
    endloop
  endfacet
  facet normal 2.725652e-01 -9.621373e-01 -3.337961e-17
    outer loop
      vertex -1.082600e+00 2.147060e+00 2.250000e+00
      vertex -1.320560e+00 2.079651e+00 2.250000e+00
      vertex -1.320560e+00 2.079651e+00 1.375000e+00
    endloop
  endfacet
  facet normal 2.993078e-01 -9.541240e-01 -7.890281e-03
    outer loop
      vertex -1.082600e+00 2.147060e+00 2.250000e+00
      vertex -1.320560e+00 2.079651e+00 1.375000e+00
      vertex -1.201660e+00 2.116949e+00 1.375000e+00
    endloop
  endfacet
  facet normal 1.646030e-01 -9.863599e-01 -2.015806e-17
    outer loop
      vertex -8.463516e-01 2.186489e+00 2.250000e+00
      vertex -1.082600e+00 2.147060e+00 2.250000e+00
      vertex -1.082600e+00 2.147060e+00 1.375000e+00
    endloop
  endfacet
  facet normal 1.911610e-01 -9.815309e-01 -7.388174e-03
    outer loop
      vertex -8.463516e-01 2.186489e+00 2.250000e+00
      vertex -1.082600e+00 2.147060e+00 1.375000e+00
      vertex -9.639816e-01 2.170160e+00 1.375000e+00
    endloop
  endfacet
  facet normal 3.802125e-01 -9.248992e-01 -4.656260e-17
    outer loop
      vertex -1.555389e+00 1.983110e+00 2.250000e+00
      vertex -1.555389e+00 1.983110e+00 1.375000e+00
      vertex -1.320560e+00 2.079651e+00 1.375000e+00
    endloop
  endfacet
  facet normal 3.802125e-01 -9.248992e-01 -4.656260e-17
    outer loop
      vertex -1.555389e+00 1.983110e+00 2.250000e+00
      vertex -1.320560e+00 2.079651e+00 1.375000e+00
      vertex -1.320560e+00 2.079651e+00 2.250000e+00
    endloop
  endfacet
  facet normal -2.374289e-02 -9.997181e-01 2.907666e-18
    outer loop
      vertex -4.983215e-01 2.197510e+00 1.812500e+00
      vertex -6.028900e-01 2.200001e+00 2.250000e+00
      vertex -6.028900e-01 2.200001e+00 1.812500e+00
    endloop
  endfacet
  facet normal 4.841571e-01 -8.749812e-01 -5.929213e-17
    outer loop
      vertex -1.777111e+00 1.860420e+00 2.250000e+00
      vertex -1.777111e+00 1.860420e+00 1.375000e+00
      vertex -1.555389e+00 1.983110e+00 1.375000e+00
    endloop
  endfacet
  facet normal 4.841571e-01 -8.749812e-01 -5.929213e-17
    outer loop
      vertex -1.777111e+00 1.860420e+00 2.250000e+00
      vertex -1.555389e+00 1.983110e+00 1.375000e+00
      vertex -1.555389e+00 1.983110e+00 2.250000e+00
    endloop
  endfacet
  facet normal 6.723924e-01 -7.401949e-01 -8.234431e-17
    outer loop
      vertex -2.174641e+00 1.539339e+00 2.250000e+00
      vertex -2.174641e+00 1.539339e+00 1.375000e+00
      vertex -1.984619e+00 1.711960e+00 1.375000e+00
    endloop
  endfacet
  facet normal 6.723924e-01 -7.401949e-01 -8.234431e-17
    outer loop
      vertex -2.174641e+00 1.539339e+00 2.250000e+00
      vertex -1.984619e+00 1.711960e+00 1.375000e+00
      vertex -1.984619e+00 1.711960e+00 2.250000e+00
    endloop
  endfacet
  facet normal 5.818759e-01 -8.132776e-01 -7.125924e-17
    outer loop
      vertex -1.984619e+00 1.711960e+00 2.250000e+00
      vertex -1.984619e+00 1.711960e+00 1.375000e+00
      vertex -1.777111e+00 1.860420e+00 1.375000e+00
    endloop
  endfacet
  facet normal 5.818759e-01 -8.132776e-01 -7.125924e-17
    outer loop
      vertex -1.984619e+00 1.711960e+00 2.250000e+00
      vertex -1.777111e+00 1.860420e+00 1.375000e+00
      vertex -1.777111e+00 1.860420e+00 2.250000e+00
    endloop
  endfacet
  facet normal 8.251195e-01 -5.649583e-01 -1.010480e-16
    outer loop
      vertex -2.487049e+00 1.135750e+00 2.250000e+00
      vertex -2.487049e+00 1.135750e+00 1.375000e+00
      vertex -2.343170e+00 1.345890e+00 1.375000e+00
    endloop
  endfacet
  facet normal 8.251195e-01 -5.649583e-01 -1.010480e-16
    outer loop
      vertex -2.487049e+00 1.135750e+00 2.250000e+00
      vertex -2.343170e+00 1.345890e+00 1.375000e+00
      vertex -2.343170e+00 1.345890e+00 2.250000e+00
    endloop
  endfacet
  facet normal 9.314935e-01 -3.637581e-01 -1.140750e-16
    outer loop
      vertex -2.693722e+00 6.844006e-01 2.250000e+00
      vertex -2.693722e+00 6.844006e-01 1.375000e+00
      vertex -2.604210e+00 9.136200e-01 1.375000e+00
    endloop
  endfacet
  facet normal 9.314935e-01 -3.637581e-01 -1.011480e-16
    outer loop
      vertex -2.693722e+00 6.844006e-01 2.250000e+00
      vertex -2.604210e+00 9.136200e-01 1.375000e+00
      vertex -2.604210e+00 9.136200e-01 2.250000e+00
    endloop
  endfacet
  facet normal 8.845103e-01 -4.665207e-01 -1.083213e-16
    outer loop
      vertex -2.604210e+00 9.136200e-01 2.250000e+00
      vertex -2.604210e+00 9.136200e-01 1.375000e+00
      vertex -2.487049e+00 1.135750e+00 1.375000e+00
    endloop
  endfacet
  facet normal 8.845103e-01 -4.665207e-01 -1.083213e-16
    outer loop
      vertex -2.604210e+00 9.136200e-01 2.250000e+00
      vertex -2.487049e+00 1.135750e+00 1.375000e+00
      vertex -2.487049e+00 1.135750e+00 2.250000e+00
    endloop
  endfacet
  facet normal 7.540181e-01 -6.568536e-01 -9.234058e-17
    outer loop
      vertex -2.343170e+00 1.345890e+00 2.250000e+00
      vertex -2.343170e+00 1.345890e+00 1.375000e+00
      vertex -2.174641e+00 1.539339e+00 1.375000e+00
    endloop
  endfacet
  facet normal 7.540181e-01 -6.568536e-01 -9.234058e-17
    outer loop
      vertex -2.343170e+00 1.345890e+00 2.250000e+00
      vertex -2.174641e+00 1.539339e+00 1.375000e+00
      vertex -2.174641e+00 1.539339e+00 2.250000e+00
    endloop
  endfacet
  facet normal 9.659094e-01 -2.588533e-01 -3.734620e-03
    outer loop
      vertex -2.755760e+00 4.528904e-01 2.250000e+00
      vertex -2.728130e+00 5.686398e-01 1.375000e+00
      vertex -2.693722e+00 6.844006e-01 2.250000e+00
    endloop
  endfacet
  facet normal 1.374493e-01 -9.905088e-01 -1.683269e-17
    outer loop
      vertex -8.463516e-01 2.186489e+00 2.250000e+00
      vertex -9.639816e-01 2.170160e+00 1.375000e+00
      vertex -8.463516e-01 2.186489e+00 1.375000e+00
    endloop
  endfacet
  facet normal 4.841553e-01 -8.749781e-01 2.638558e-03
    outer loop
      vertex -1.555389e+00 1.983110e+00 1.375000e+00
      vertex -1.777111e+00 1.860420e+00 1.375000e+00
      vertex -1.806751e+00 1.841391e+00 5.000000e-01
    endloop
  endfacet
  facet normal 5.039011e-01 -8.637477e-01 -4.852714e-03
    outer loop
      vertex -1.555389e+00 1.983110e+00 1.375000e+00
      vertex -1.806751e+00 1.841391e+00 5.000000e-01
      vertex -1.613331e+00 1.954220e+00 5.000000e-01
    endloop
  endfacet
  facet normal 3.802125e-01 -9.248992e-01 -4.656260e-17
    outer loop
      vertex -1.320560e+00 2.079651e+00 9.375000e-01
      vertex -1.320560e+00 2.079651e+00 1.375000e+00
      vertex -1.555389e+00 1.983110e+00 1.375000e+00
    endloop
  endfacet
  facet normal 2.452024e-01 -9.694719e-01 -3.002863e-17
    outer loop
      vertex -1.201660e+00 2.116949e+00 1.375000e+00
      vertex -1.082600e+00 2.147060e+00 1.375000e+00
      vertex -1.082600e+00 2.147060e+00 2.250000e+00
    endloop
  endfacet
  facet normal 6.723918e-01 -7.401941e-01 -1.391171e-03
    outer loop
      vertex -1.984619e+00 1.711960e+00 1.375000e+00
      vertex -2.174641e+00 1.539339e+00 1.375000e+00
      vertex -2.158520e+00 1.555630e+00 5.000000e-01
    endloop
  endfacet
  facet normal 6.696091e-01 -7.427135e-01 -3.880066e-04
    outer loop
      vertex -1.984619e+00 1.711960e+00 1.375000e+00
      vertex -2.158520e+00 1.555630e+00 5.000000e-01
      vertex -1.989540e+00 1.707979e+00 5.000000e-01
    endloop
  endfacet
  facet normal 8.251140e-01 -5.649545e-01 -3.641444e-03
    outer loop
      vertex -2.343170e+00 1.345890e+00 1.375000e+00
      vertex -2.487049e+00 1.135750e+00 1.375000e+00
      vertex -2.444271e+00 1.203859e+00 5.000000e-01
    endloop
  endfacet
  facet normal 8.077420e-01 -5.895314e-01 2.355206e-03
    outer loop
      vertex -2.343170e+00 1.345890e+00 1.375000e+00
      vertex -2.444271e+00 1.203859e+00 5.000000e-01
      vertex -2.310860e+00 1.386650e+00 5.000000e-01
    endloop
  endfacet
  facet normal 7.540153e-01 -6.568511e-01 -2.764495e-03
    outer loop
      vertex -2.174641e+00 1.539339e+00 1.375000e+00
      vertex -2.343170e+00 1.345890e+00 1.375000e+00
      vertex -2.310860e+00 1.386650e+00 5.000000e-01
    endloop
  endfacet
  facet normal 7.427205e-01 -6.696004e-01 1.218713e-03
    outer loop
      vertex -2.174641e+00 1.539339e+00 1.375000e+00
      vertex -2.310860e+00 1.386650e+00 5.000000e-01
      vertex -2.158520e+00 1.555630e+00 5.000000e-01
    endloop
  endfacet
  facet normal 9.314935e-01 -3.637581e-01 -1.399292e-16
    outer loop
      vertex -2.693722e+00 6.844006e-01 9.375000e-01
      vertex -2.604210e+00 9.136200e-01 1.375000e+00
      vertex -2.693722e+00 6.844006e-01 1.375000e+00
    endloop
  endfacet
  facet normal 9.726598e-01 -2.322344e-01 -1.191165e-16
    outer loop
      vertex -2.755760e+00 4.528904e-01 2.250000e+00
      vertex -2.755760e+00 4.528904e-01 1.375000e+00
      vertex -2.728130e+00 5.686398e-01 1.375000e+00
    endloop
  endfacet
  facet normal 9.585578e-01 -2.848981e-01 -1.173895e-16
    outer loop
      vertex -2.728130e+00 5.686398e-01 1.375000e+00
      vertex -2.693722e+00 6.844006e-01 1.375000e+00
      vertex -2.693722e+00 6.844006e-01 2.250000e+00
    endloop
  endfacet
  facet normal 8.845032e-01 -4.665169e-01 -4.013663e-03
    outer loop
      vertex -2.487049e+00 1.135750e+00 1.375000e+00
      vertex -2.604210e+00 9.136200e-01 1.375000e+00
      vertex -2.557110e+00 1.010441e+00 5.000000e-01
    endloop
  endfacet
  facet normal 8.637583e-01 -5.038974e-01 3.000466e-03
    outer loop
      vertex -2.487049e+00 1.135750e+00 1.375000e+00
      vertex -2.557110e+00 1.010441e+00 5.000000e-01
      vertex -2.444271e+00 1.203859e+00 5.000000e-01
    endloop
  endfacet
  facet normal 5.818758e-01 -8.132775e-01 4.276449e-04
    outer loop
      vertex -1.777111e+00 1.860420e+00 1.375000e+00
      vertex -1.984619e+00 1.711960e+00 1.375000e+00
      vertex -1.989540e+00 1.707979e+00 5.000000e-01
    endloop
  endfacet
  facet normal 5.895234e-01 -8.077479e-01 -2.392382e-03
    outer loop
      vertex -1.777111e+00 1.860420e+00 1.375000e+00
      vertex -1.989540e+00 1.707979e+00 5.000000e-01
      vertex -1.806751e+00 1.841391e+00 5.000000e-01
    endloop
  endfacet
  facet normal 9.839750e-01 -1.783069e-01 -1.205022e-16
    outer loop
      vertex -2.755760e+00 4.528904e-01 1.375000e+00
      vertex -2.755760e+00 4.528904e-01 2.250000e+00
      vertex -2.777802e+00 3.312798e-01 1.375000e+00
    endloop
  endfacet
  facet normal 5.541283e-02 -9.984635e-01 -6.786115e-18
    outer loop
      vertex -8.463516e-01 2.186489e+00 9.375000e-01
      vertex -6.028900e-01 2.200001e+00 1.375000e+00
      vertex -8.463516e-01 2.186489e+00 1.375000e+00
    endloop
  endfacet
  facet normal 9.988316e-01 -4.797905e-02 -5.788883e-03
    outer loop
      vertex -2.800400e+00 1.045609e-01 1.812500e+00
      vertex -2.792759e+00 2.108498e-01 2.250000e+00
      vertex -2.802891e+00 0.000000e+00 2.250000e+00
    endloop
  endfacet
  facet normal 9.984636e-01 5.541197e-02 -1.222765e-16
    outer loop
      vertex -2.802891e+00 0.000000e+00 1.812500e+00
      vertex -2.802891e+00 0.000000e+00 2.250000e+00
      vertex -2.789379e+00 -2.434692e-01 2.250000e+00
    endloop
  endfacet
  facet normal 9.621285e-01 2.725671e-01 -3.975030e-03
    outer loop
      vertex -2.749950e+00 -4.797096e-01 2.250000e+00
      vertex -2.682541e+00 -7.176704e-01 2.250000e+00
      vertex -2.719841e+00 -5.987701e-01 1.375000e+00
    endloop
  endfacet
  facet normal 9.694700e-01 2.452098e-01 -1.187258e-16
    outer loop
      vertex -2.749950e+00 -4.797096e-01 2.250000e+00
      vertex -2.719841e+00 -5.987701e-01 1.375000e+00
      vertex -2.749950e+00 -4.797096e-01 1.375000e+00
    endloop
  endfacet
  facet normal 9.014638e-01 4.328545e-01 -1.103975e-16
    outer loop
      vertex -2.463310e+00 -1.174231e+00 1.375000e+00
      vertex -2.682541e+00 -7.176704e-01 1.375000e+00
      vertex -2.682541e+00 -7.176704e-01 2.250000e+00
    endloop
  endfacet
  facet normal 9.243806e-01 3.800144e-01 3.331235e-02
    outer loop
      vertex -2.463310e+00 -1.174231e+00 1.375000e+00
      vertex -2.682541e+00 -7.176704e-01 2.250000e+00
      vertex -2.585999e+00 -9.524994e-01 2.250000e+00
    endloop
  endfacet
  facet normal 9.863531e-01 1.646019e-01 -3.727044e-03
    outer loop
      vertex -2.773048e+00 -3.610897e-01 1.375000e+00
      vertex -2.789379e+00 -2.434692e-01 2.250000e+00
      vertex -2.749950e+00 -4.797096e-01 2.250000e+00
    endloop
  endfacet
  facet normal 8.132776e-01 5.818759e-01 -9.959778e-17
    outer loop
      vertex -2.314850e+00 -1.381729e+00 2.250000e+00
      vertex -2.314850e+00 -1.381729e+00 1.375000e+00
      vertex -2.463310e+00 -1.174231e+00 1.375000e+00
    endloop
  endfacet
  facet normal 8.132776e-01 5.818759e-01 -9.959778e-17
    outer loop
      vertex -2.314850e+00 -1.381729e+00 2.250000e+00
      vertex -2.463310e+00 -1.174231e+00 1.375000e+00
      vertex -2.463310e+00 -1.174231e+00 2.250000e+00
    endloop
  endfacet
  facet normal 6.568536e-01 7.540181e-01 -8.044136e-17
    outer loop
      vertex -1.948780e+00 -1.740280e+00 2.250000e+00
      vertex -1.948780e+00 -1.740280e+00 1.375000e+00
      vertex -2.142231e+00 -1.571751e+00 1.375000e+00
    endloop
  endfacet
  facet normal 6.568536e-01 7.540181e-01 -8.044136e-17
    outer loop
      vertex -1.948780e+00 -1.740280e+00 2.250000e+00
      vertex -2.142231e+00 -1.571751e+00 1.375000e+00
      vertex -2.142231e+00 -1.571751e+00 2.250000e+00
    endloop
  endfacet
  facet normal 7.401949e-01 6.723924e-01 -9.064773e-17
    outer loop
      vertex -2.142231e+00 -1.571751e+00 2.250000e+00
      vertex -2.142231e+00 -1.571751e+00 1.375000e+00
      vertex -2.314850e+00 -1.381729e+00 1.375000e+00
    endloop
  endfacet
  facet normal 7.401949e-01 6.723924e-01 -9.064773e-17
    outer loop
      vertex -2.142231e+00 -1.571751e+00 2.250000e+00
      vertex -2.314850e+00 -1.381729e+00 1.375000e+00
      vertex -2.314850e+00 -1.381729e+00 2.250000e+00
    endloop
  endfacet
  facet normal 3.637581e-01 9.314935e-01 -4.454751e-17
    outer loop
      vertex -1.287281e+00 -2.090839e+00 2.250000e+00
      vertex -1.287281e+00 -2.090839e+00 1.375000e+00
      vertex -1.516499e+00 -2.001331e+00 1.375000e+00
    endloop
  endfacet
  facet normal 3.637581e-01 9.314935e-01 -3.162044e-17
    outer loop
      vertex -1.287281e+00 -2.090839e+00 2.250000e+00
      vertex -1.516499e+00 -2.001331e+00 1.375000e+00
      vertex -1.516499e+00 -2.001331e+00 2.250000e+00
    endloop
  endfacet
  facet normal 1.510725e-01 9.885227e-01 -1.850105e-17
    outer loop
      vertex -8.137283e-01 -2.189869e+00 1.812500e+00
      vertex -1.055779e+00 -2.152882e+00 2.250000e+00
      vertex -8.137283e-01 -2.189869e+00 2.250000e+00
    endloop
  endfacet
  facet normal 2.588573e-01 9.659084e-01 -3.730970e-03
    outer loop
      vertex -1.287281e+00 -2.090839e+00 2.250000e+00
      vertex -1.055779e+00 -2.152882e+00 2.250000e+00
      vertex -1.171532e+00 -2.125240e+00 1.375000e+00
    endloop
  endfacet
  facet normal 2.848777e-01 9.585639e-01 -2.823608e-17
    outer loop
      vertex -1.287281e+00 -2.090839e+00 2.250000e+00
      vertex -1.171532e+00 -2.125240e+00 1.375000e+00
      vertex -1.287281e+00 -2.090839e+00 1.375000e+00
    endloop
  endfacet
  facet normal 4.665326e-01 8.845040e-01 -5.713376e-17
    outer loop
      vertex -1.516499e+00 -2.001331e+00 2.250000e+00
      vertex -1.516499e+00 -2.001331e+00 1.375000e+00
      vertex -1.738640e+00 -1.884159e+00 1.375000e+00
    endloop
  endfacet
  facet normal 4.665326e-01 8.845040e-01 -5.713376e-17
    outer loop
      vertex -1.516499e+00 -2.001331e+00 2.250000e+00
      vertex -1.738640e+00 -1.884159e+00 1.375000e+00
      vertex -1.738640e+00 -1.884159e+00 2.250000e+00
    endloop
  endfacet
  facet normal 8.749875e-01 4.841455e-01 -1.071551e-16
    outer loop
      vertex -2.463310e+00 -1.174231e+00 2.250000e+00
      vertex -2.463310e+00 -1.174231e+00 1.375000e+00
      vertex -2.585999e+00 -9.524994e-01 2.250000e+00
    endloop
  endfacet
  facet normal 9.923753e-01 -1.232532e-01 -1.215309e-16
    outer loop
      vertex -2.792759e+00 2.108498e-01 1.812500e+00
      vertex -2.792759e+00 2.108498e-01 1.375000e+00
      vertex -2.777802e+00 3.312798e-01 1.375000e+00
    endloop
  endfacet
  facet normal 9.898707e-01 -1.418759e-01 -5.211875e-03
    outer loop
      vertex -2.792759e+00 2.108498e-01 1.812500e+00
      vertex -2.777802e+00 3.312798e-01 1.375000e+00
      vertex -2.755760e+00 4.528904e-01 2.250000e+00
    endloop
  endfacet
  facet normal 9.997173e-01 -2.377935e-02 -1.224300e-16
    outer loop
      vertex -2.802891e+00 0.000000e+00 1.812500e+00
      vertex -2.800400e+00 1.045609e-01 1.812500e+00
      vertex -2.802891e+00 0.000000e+00 2.250000e+00
    endloop
  endfacet
  facet normal 9.974257e-01 -7.170754e-02 -1.221494e-16
    outer loop
      vertex -2.792759e+00 2.108498e-01 1.812500e+00
      vertex -2.792759e+00 2.108498e-01 2.250000e+00
      vertex -2.800400e+00 1.045609e-01 1.812500e+00
    endloop
  endfacet
  facet normal 9.974257e-01 -7.170754e-02 -1.221494e-16
    outer loop
      vertex -2.792759e+00 2.108498e-01 9.375000e-01
      vertex -2.792759e+00 2.108498e-01 1.375000e+00
      vertex -2.800400e+00 1.045609e-01 1.375000e+00
    endloop
  endfacet
  facet normal 9.984636e-01 5.541197e-02 -1.222765e-16
    outer loop
      vertex -2.789379e+00 -2.434692e-01 9.375000e-01
      vertex -2.802891e+00 0.000000e+00 1.375000e+00
      vertex -2.789379e+00 -2.434692e-01 1.375000e+00
    endloop
  endfacet
  facet normal 9.984636e-01 5.541197e-02 -1.222765e-16
    outer loop
      vertex -2.802891e+00 0.000000e+00 1.812500e+00
      vertex -2.789379e+00 -2.434692e-01 1.375000e+00
      vertex -2.802891e+00 0.000000e+00 1.375000e+00
    endloop
  endfacet
  facet normal 9.997173e-01 -2.377935e-02 -1.224300e-16
    outer loop
      vertex -2.802891e+00 0.000000e+00 5.000000e-01
      vertex -2.800400e+00 1.045609e-01 1.375000e+00
      vertex -2.802891e+00 0.000000e+00 1.375000e+00
    endloop
  endfacet
  facet normal 9.984636e-01 5.541197e-02 -1.222765e-16
    outer loop
      vertex -2.802891e+00 0.000000e+00 1.812500e+00
      vertex -2.789379e+00 -2.434692e-01 2.250000e+00
      vertex -2.789379e+00 -2.434692e-01 1.375000e+00
    endloop
  endfacet
  facet normal 1.418642e-01 9.898724e-01 -5.208605e-03
    outer loop
      vertex -8.137283e-01 -2.189869e+00 1.812500e+00
      vertex -9.341583e-01 -2.174919e+00 1.375000e+00
      vertex -1.055779e+00 -2.152882e+00 2.250000e+00
    endloop
  endfacet
  facet normal 7.170754e-02 9.974257e-01 -8.781641e-18
    outer loop
      vertex -7.074509e-01 -2.197510e+00 1.812500e+00
      vertex -8.137283e-01 -2.189869e+00 1.812500e+00
      vertex -8.137283e-01 -2.189869e+00 2.250000e+00
    endloop
  endfacet
  facet normal 2.377935e-02 9.997173e-01 -2.912130e-18
    outer loop
      vertex -7.074509e-01 -2.197510e+00 1.812500e+00
      vertex -6.028900e-01 -2.200001e+00 2.250000e+00
      vertex -6.028900e-01 -2.200001e+00 1.812500e+00
    endloop
  endfacet
  facet normal 5.649512e-01 8.251243e-01 -6.918657e-17
    outer loop
      vertex -1.738640e+00 -1.884159e+00 2.250000e+00
      vertex -1.738640e+00 -1.884159e+00 1.375000e+00
      vertex -1.948780e+00 -1.740280e+00 1.375000e+00
    endloop
  endfacet
  facet normal 5.649512e-01 8.251243e-01 -6.918657e-17
    outer loop
      vertex -1.738640e+00 -1.884159e+00 2.250000e+00
      vertex -1.948780e+00 -1.740280e+00 1.375000e+00
      vertex -1.948780e+00 -1.740280e+00 2.250000e+00
    endloop
  endfacet
  facet normal 9.905082e-01 1.374537e-01 -1.213023e-16
    outer loop
      vertex -2.789379e+00 -2.434692e-01 1.375000e+00
      vertex -2.789379e+00 -2.434692e-01 2.250000e+00
      vertex -2.773048e+00 -3.610897e-01 1.375000e+00
    endloop
  endfacet
  facet normal 9.815588e-01 1.911603e-01 -1.202063e-16
    outer loop
      vertex -2.749950e+00 -4.797096e-01 2.250000e+00
      vertex -2.749950e+00 -4.797096e-01 1.375000e+00
      vertex -2.773048e+00 -3.610897e-01 1.375000e+00
    endloop
  endfacet
  facet normal 9.541537e-01 2.993171e-01 -1.168501e-16
    outer loop
      vertex -2.682541e+00 -7.176704e-01 1.375000e+00
      vertex -2.719841e+00 -5.987701e-01 1.375000e+00
      vertex -2.682541e+00 -7.176704e-01 2.250000e+00
    endloop
  endfacet
  facet normal 4.797905e-02 9.988316e-01 -5.788883e-03
    outer loop
      vertex -8.137283e-01 -2.189869e+00 2.250000e+00
      vertex -6.028900e-01 -2.200001e+00 2.250000e+00
      vertex -7.074509e-01 -2.197510e+00 1.812500e+00
    endloop
  endfacet
  facet normal 9.885200e-01 -1.510901e-01 -1.210588e-16
    outer loop
      vertex -2.792759e+00 2.108498e-01 2.250000e+00
      vertex -2.792759e+00 2.108498e-01 1.812500e+00
      vertex -2.755760e+00 4.528904e-01 2.250000e+00
    endloop
  endfacet
  facet normal 9.134465e-02 -9.956168e-01 2.008339e-02
    outer loop
      vertex -1.003201e+00 2.163271e+00 5.000000e-01
      vertex -6.028900e-01 2.200001e+00 5.000000e-01
      vertex -8.463516e-01 2.186489e+00 9.375000e-01
    endloop
  endfacet
  facet normal 1.374486e-01 -9.905035e-01 3.282436e-03
    outer loop
      vertex -9.639816e-01 2.170160e+00 9.375000e-01
      vertex -1.003201e+00 2.163271e+00 5.000000e-01
      vertex -8.463516e-01 2.186489e+00 9.375000e-01
    endloop
  endfacet
  facet normal 2.452023e-01 -9.694718e-01 4.561274e-04
    outer loop
      vertex -1.082600e+00 2.147060e+00 9.375000e-01
      vertex -1.201660e+00 2.116949e+00 9.375000e-01
      vertex -1.208229e+00 2.115080e+00 5.000000e-01
    endloop
  endfacet
  facet normal 1.911659e-01 -9.815563e-01 -1.674867e-03
    outer loop
      vertex -1.003201e+00 2.163271e+00 5.000000e-01
      vertex -9.639816e-01 2.170160e+00 9.375000e-01
      vertex -1.082600e+00 2.147060e+00 9.375000e-01
    endloop
  endfacet
  facet normal 2.993171e-01 -9.541536e-01 -4.227767e-04
    outer loop
      vertex -1.320560e+00 2.079651e+00 9.375000e-01
      vertex -1.208229e+00 2.115080e+00 5.000000e-01
      vertex -1.201660e+00 2.116949e+00 9.375000e-01
    endloop
  endfacet
  facet normal 9.347246e-01 -3.553367e-01 -5.073242e-03
    outer loop
      vertex -2.604210e+00 9.136200e-01 1.375000e+00
      vertex -2.693722e+00 6.844006e-01 9.375000e-01
      vertex -2.648418e+00 8.098106e-01 5.000000e-01
    endloop
  endfacet
  facet normal 5.541283e-02 -9.984635e-01 -6.786115e-18
    outer loop
      vertex -6.028900e-01 2.200001e+00 1.375000e+00
      vertex -8.463516e-01 2.186489e+00 9.375000e-01
      vertex -6.028900e-01 2.200001e+00 5.000000e-01
    endloop
  endfacet
  facet normal 9.585566e-01 -2.848977e-01 -1.636538e-03
    outer loop
      vertex -2.728130e+00 5.686398e-01 9.375000e-01
      vertex -2.717960e+00 6.053505e-01 5.000000e-01
      vertex -2.693722e+00 6.844006e-01 9.375000e-01
    endloop
  endfacet
  facet normal 9.839730e-01 -1.783065e-01 -1.953859e-03
    outer loop
      vertex -2.777802e+00 3.312798e-01 9.375000e-01
      vertex -2.766159e+00 4.003201e-01 5.000000e-01
      vertex -2.755760e+00 4.528904e-01 9.375000e-01
    endloop
  endfacet
  facet normal 9.726487e-01 -2.322317e-01 4.794903e-03
    outer loop
      vertex -2.728130e+00 5.686398e-01 9.375000e-01
      vertex -2.755760e+00 4.528904e-01 9.375000e-01
      vertex -2.766159e+00 4.003201e-01 5.000000e-01
    endloop
  endfacet
  facet normal 9.734614e-01 -2.288260e-01 3.413934e-03
    outer loop
      vertex -2.728130e+00 5.686398e-01 9.375000e-01
      vertex -2.766159e+00 4.003201e-01 5.000000e-01
      vertex -2.717960e+00 6.053505e-01 5.000000e-01
    endloop
  endfacet
  facet normal 9.984266e-01 -5.594254e-02 3.847250e-03
    outer loop
      vertex -2.802891e+00 0.000000e+00 5.000000e-01
      vertex -2.792759e+00 2.108498e-01 9.375000e-01
      vertex -2.800400e+00 1.045609e-01 1.375000e+00
    endloop
  endfacet
  facet normal 9.815575e-01 1.911600e-01 -1.675984e-03
    outer loop
      vertex -2.749950e+00 -4.797096e-01 9.375000e-01
      vertex -2.766159e+00 -4.003201e-01 5.000000e-01
      vertex -2.773048e+00 -3.610897e-01 9.375000e-01
    endloop
  endfacet
  facet normal 9.905029e-01 1.374529e-01 3.280836e-03
    outer loop
      vertex -2.773048e+00 -3.610897e-01 9.375000e-01
      vertex -2.766159e+00 -4.003201e-01 5.000000e-01
      vertex -2.789379e+00 -2.434692e-01 9.375000e-01
    endloop
  endfacet
  facet normal 9.984636e-01 5.541197e-02 -1.222765e-16
    outer loop
      vertex -2.802891e+00 0.000000e+00 1.375000e+00
      vertex -2.789379e+00 -2.434692e-01 9.375000e-01
      vertex -2.802891e+00 0.000000e+00 5.000000e-01
    endloop
  endfacet
  facet normal 9.923513e-01 -1.232502e-01 6.957576e-03
    outer loop
      vertex -2.792759e+00 2.108498e-01 9.375000e-01
      vertex -2.766159e+00 4.003201e-01 5.000000e-01
      vertex -2.777802e+00 3.312798e-01 9.375000e-01
    endloop
  endfacet
  facet normal 9.694700e-01 2.452097e-01 4.623235e-04
    outer loop
      vertex -2.719841e+00 -5.987701e-01 9.375000e-01
      vertex -2.717960e+00 -6.053505e-01 5.000000e-01
      vertex -2.749950e+00 -4.797096e-01 9.375000e-01
    endloop
  endfacet
  facet normal 2.288068e-01 -9.734566e-01 5.455751e-03
    outer loop
      vertex -1.082600e+00 2.147060e+00 9.375000e-01
      vertex -1.208229e+00 2.115080e+00 5.000000e-01
      vertex -1.003201e+00 2.163271e+00 5.000000e-01
    endloop
  endfacet
  facet normal 3.710539e-01 -9.285937e-01 -5.731042e-03
    outer loop
      vertex -1.555389e+00 1.983110e+00 1.375000e+00
      vertex -1.412689e+00 2.045530e+00 5.000000e-01
      vertex -1.320560e+00 2.079651e+00 9.375000e-01
    endloop
  endfacet
  facet normal 3.220185e-01 -9.467143e-01 6.008255e-03
    outer loop
      vertex -1.412689e+00 2.045530e+00 5.000000e-01
      vertex -1.208229e+00 2.115080e+00 5.000000e-01
      vertex -1.320560e+00 2.079651e+00 9.375000e-01
    endloop
  endfacet
  facet normal 4.142070e-01 -9.101790e-01 2.620071e-03
    outer loop
      vertex -1.412689e+00 2.045530e+00 5.000000e-01
      vertex -1.555389e+00 1.983110e+00 1.375000e+00
      vertex -1.613331e+00 1.954220e+00 5.000000e-01
    endloop
  endfacet
  facet normal 9.467213e-01 -3.220032e-01 5.723869e-03
    outer loop
      vertex -2.693722e+00 6.844006e-01 9.375000e-01
      vertex -2.717960e+00 6.053505e-01 5.000000e-01
      vertex -2.648418e+00 8.098106e-01 5.000000e-01
    endloop
  endfacet
  facet normal 9.101681e-01 -4.142272e-01 3.154282e-03
    outer loop
      vertex -2.557110e+00 1.010441e+00 5.000000e-01
      vertex -2.604210e+00 9.136200e-01 1.375000e+00
      vertex -2.648418e+00 8.098106e-01 5.000000e-01
    endloop
  endfacet
  facet normal 9.955986e-01 -9.134298e-02 2.097338e-02
    outer loop
      vertex -2.792759e+00 2.108498e-01 9.375000e-01
      vertex -2.802891e+00 0.000000e+00 5.000000e-01
      vertex -2.766159e+00 4.003201e-01 5.000000e-01
    endloop
  endfacet
  facet normal 9.734525e-01 2.288239e-01 5.459016e-03
    outer loop
      vertex -2.749950e+00 -4.797096e-01 9.375000e-01
      vertex -2.717960e+00 -6.053505e-01 5.000000e-01
      vertex -2.766159e+00 -4.003201e-01 5.000000e-01
    endloop
  endfacet
  facet normal 9.956169e-01 9.134378e-02 2.008370e-02
    outer loop
      vertex -2.766159e+00 -4.003201e-01 5.000000e-01
      vertex -2.802891e+00 0.000000e+00 5.000000e-01
      vertex -2.789379e+00 -2.434692e-01 9.375000e-01
    endloop
  endfacet
  facet normal 9.541536e-01 2.993171e-01 -4.170669e-04
    outer loop
      vertex -2.717960e+00 -6.053505e-01 5.000000e-01
      vertex -2.719841e+00 -5.987701e-01 9.375000e-01
      vertex -2.682541e+00 -7.176704e-01 9.375000e-01
    endloop
  endfacet
  facet normal 9.101425e-01 4.142155e-01 -8.131381e-03
    outer loop
      vertex -2.682541e+00 -7.176704e-01 1.375000e+00
      vertex -2.557110e+00 -1.010450e+00 5.000000e-01
      vertex -2.648418e+00 -8.098106e-01 5.000000e-01
    endloop
  endfacet
  facet normal 8.132775e-01 5.818758e-01 4.311905e-04
    outer loop
      vertex -2.463310e+00 -1.174231e+00 1.375000e+00
      vertex -2.314850e+00 -1.381729e+00 1.375000e+00
      vertex -2.310860e+00 -1.386660e+00 5.000000e-01
    endloop
  endfacet
  facet normal 8.077479e-01 5.895234e-01 -2.388860e-03
    outer loop
      vertex -2.463310e+00 -1.174231e+00 1.375000e+00
      vertex -2.310860e+00 -1.386660e+00 5.000000e-01
      vertex -2.444271e+00 -1.203859e+00 5.000000e-01
    endloop
  endfacet
  facet normal 6.568511e-01 7.540153e-01 -2.764495e-03
    outer loop
      vertex -2.142231e+00 -1.571751e+00 1.375000e+00
      vertex -1.948780e+00 -1.740280e+00 1.375000e+00
      vertex -1.989540e+00 -1.707979e+00 5.000000e-01
    endloop
  endfacet
  facet normal 6.695995e-01 7.427214e-01 1.218426e-03
    outer loop
      vertex -2.142231e+00 -1.571751e+00 1.375000e+00
      vertex -1.989540e+00 -1.707979e+00 5.000000e-01
      vertex -2.158520e+00 -1.555639e+00 5.000000e-01
    endloop
  endfacet
  facet normal 7.401941e-01 6.723918e-01 -1.390875e-03
    outer loop
      vertex -2.314850e+00 -1.381729e+00 1.375000e+00
      vertex -2.142231e+00 -1.571751e+00 1.375000e+00
      vertex -2.158520e+00 -1.555639e+00 5.000000e-01
    endloop
  endfacet
  facet normal 7.427211e-01 6.696008e-01 -3.846874e-04
    outer loop
      vertex -2.314850e+00 -1.381729e+00 1.375000e+00
      vertex -2.158520e+00 -1.555639e+00 5.000000e-01
      vertex -2.310860e+00 -1.386660e+00 5.000000e-01
    endloop
  endfacet
  facet normal 5.649475e-01 8.251188e-01 -3.644264e-03
    outer loop
      vertex -1.948780e+00 -1.740280e+00 1.375000e+00
      vertex -1.738640e+00 -1.884159e+00 1.375000e+00
      vertex -1.806751e+00 -1.841391e+00 5.000000e-01
    endloop
  endfacet
  facet normal 5.895343e-01 8.077399e-01 2.354988e-03
    outer loop
      vertex -1.948780e+00 -1.740280e+00 1.375000e+00
      vertex -1.806751e+00 -1.841391e+00 5.000000e-01
      vertex -1.989540e+00 -1.707979e+00 5.000000e-01
    endloop
  endfacet
  facet normal 4.665288e-01 8.844969e-01 -4.017349e-03
    outer loop
      vertex -1.738640e+00 -1.884159e+00 1.375000e+00
      vertex -1.516499e+00 -2.001331e+00 1.375000e+00
      vertex -1.613331e+00 -1.954229e+00 5.000000e-01
    endloop
  endfacet
  facet normal 5.039048e-01 8.637540e-01 2.995912e-03
    outer loop
      vertex -1.738640e+00 -1.884159e+00 1.375000e+00
      vertex -1.613331e+00 -1.954229e+00 5.000000e-01
      vertex -1.806751e+00 -1.841391e+00 5.000000e-01
    endloop
  endfacet
  facet normal 1.782716e-01 9.839813e-01 -1.841810e-17
    outer loop
      vertex -1.055779e+00 -2.152882e+00 2.250000e+00
      vertex -9.341583e-01 -2.174919e+00 1.375000e+00
      vertex -1.055779e+00 -2.152882e+00 1.375000e+00
    endloop
  endfacet
  facet normal 2.322647e-01 9.726526e-01 -2.844423e-17
    outer loop
      vertex -1.055779e+00 -2.152882e+00 1.375000e+00
      vertex -1.171532e+00 -2.125240e+00 1.375000e+00
      vertex -1.055779e+00 -2.152882e+00 2.250000e+00
    endloop
  endfacet
  facet normal 7.170754e-02 9.974257e-01 -8.781641e-18
    outer loop
      vertex -7.074509e-01 -2.197510e+00 1.375000e+00
      vertex -8.137283e-01 -2.189869e+00 9.375000e-01
      vertex -8.137283e-01 -2.189869e+00 1.375000e+00
    endloop
  endfacet
  facet normal 2.377935e-02 9.997173e-01 -2.912130e-18
    outer loop
      vertex -6.028900e-01 -2.200001e+00 1.375000e+00
      vertex -6.028900e-01 -2.200001e+00 5.000000e-01
      vertex -7.074509e-01 -2.197510e+00 1.375000e+00
    endloop
  endfacet
  facet normal 1.232532e-01 9.923753e-01 -1.509416e-17
    outer loop
      vertex -8.137283e-01 -2.189869e+00 1.375000e+00
      vertex -9.341583e-01 -2.174919e+00 1.375000e+00
      vertex -8.137283e-01 -2.189869e+00 1.812500e+00
    endloop
  endfacet
  facet normal 3.637581e-01 9.314935e-01 -4.454751e-17
    outer loop
      vertex -1.516499e+00 -2.001331e+00 1.375000e+00
      vertex -1.287281e+00 -2.090839e+00 1.375000e+00
      vertex -1.287281e+00 -2.090839e+00 9.375000e-01
    endloop
  endfacet
  facet normal 3.553455e-01 9.347213e-01 -5.067956e-03
    outer loop
      vertex -1.287281e+00 -2.090839e+00 9.375000e-01
      vertex -1.412689e+00 -2.045540e+00 5.000000e-01
      vertex -1.516499e+00 -2.001331e+00 1.375000e+00
    endloop
  endfacet
  facet normal 9.377811e-01 3.472271e-01 -1.083379e-16
    outer loop
      vertex -2.648418e+00 -8.098106e-01 5.000000e-01
      vertex -2.682541e+00 -7.176704e-01 9.375000e-01
      vertex -2.682541e+00 -7.176704e-01 1.375000e+00
    endloop
  endfacet
  facet normal 8.637566e-01 5.039063e-01 1.729323e-03
    outer loop
      vertex -2.557110e+00 -1.010450e+00 5.000000e-01
      vertex -2.463310e+00 -1.174231e+00 1.375000e+00
      vertex -2.444271e+00 -1.203859e+00 5.000000e-01
    endloop
  endfacet
  facet normal 2.322620e-01 9.726414e-01 4.809225e-03
    outer loop
      vertex -1.171532e+00 -2.125240e+00 9.375000e-01
      vertex -1.055779e+00 -2.152882e+00 9.375000e-01
      vertex -1.003201e+00 -2.163269e+00 5.000000e-01
    endloop
  endfacet
  facet normal 2.288260e-01 9.734614e-01 3.415931e-03
    outer loop
      vertex -1.171532e+00 -2.125240e+00 9.375000e-01
      vertex -1.003201e+00 -2.163269e+00 5.000000e-01
      vertex -1.208229e+00 -2.115082e+00 5.000000e-01
    endloop
  endfacet
  facet normal 1.232502e-01 9.923513e-01 6.957576e-03
    outer loop
      vertex -1.003201e+00 -2.163269e+00 5.000000e-01
      vertex -9.341583e-01 -2.174919e+00 9.375000e-01
      vertex -8.137283e-01 -2.189869e+00 9.375000e-01
    endloop
  endfacet
  facet normal 1.782712e-01 9.839795e-01 -1.948119e-03
    outer loop
      vertex -1.003201e+00 -2.163269e+00 5.000000e-01
      vertex -1.055779e+00 -2.152882e+00 9.375000e-01
      vertex -9.341583e-01 -2.174919e+00 9.375000e-01
    endloop
  endfacet
  facet normal 3.220032e-01 9.467213e-01 5.732125e-03
    outer loop
      vertex -1.208229e+00 -2.115082e+00 5.000000e-01
      vertex -1.412689e+00 -2.045540e+00 5.000000e-01
      vertex -1.287281e+00 -2.090839e+00 9.375000e-01
    endloop
  endfacet
  facet normal 9.134298e-02 9.955986e-01 2.097338e-02
    outer loop
      vertex -8.137283e-01 -2.189869e+00 9.375000e-01
      vertex -6.028900e-01 -2.200001e+00 5.000000e-01
      vertex -1.003201e+00 -2.163269e+00 5.000000e-01
    endloop
  endfacet
  facet normal 5.594254e-02 9.984266e-01 3.847250e-03
    outer loop
      vertex -6.028900e-01 -2.200001e+00 5.000000e-01
      vertex -8.137283e-01 -2.189869e+00 9.375000e-01
      vertex -7.074509e-01 -2.197510e+00 1.375000e+00
    endloop
  endfacet
  facet normal 4.142063e-01 9.101775e-01 3.155295e-03
    outer loop
      vertex -1.516499e+00 -2.001331e+00 1.375000e+00
      vertex -1.412689e+00 -2.045540e+00 5.000000e-01
      vertex -1.613331e+00 -1.954229e+00 5.000000e-01
    endloop
  endfacet
  facet normal 2.848773e-01 9.585626e-01 -1.632202e-03
    outer loop
      vertex -1.171532e+00 -2.125240e+00 9.375000e-01
      vertex -1.208229e+00 -2.115082e+00 5.000000e-01
      vertex -1.287281e+00 -2.090839e+00 9.375000e-01
    endloop
  endfacet
  facet normal 9.467197e-01 3.220027e-01 6.009202e-03
    outer loop
      vertex -2.717960e+00 -6.053505e-01 5.000000e-01
      vertex -2.682541e+00 -7.176704e-01 9.375000e-01
      vertex -2.648418e+00 -8.098106e-01 5.000000e-01
    endloop
  endfacet
  facet normal 9.013540e-01 4.328017e-01 -1.561010e-02
    outer loop
      vertex -2.557110e+00 -1.010450e+00 5.000000e-01
      vertex -2.682541e+00 -7.176704e-01 1.375000e+00
      vertex -2.463310e+00 -1.174231e+00 1.375000e+00
    endloop
  endfacet
  facet normal -2.374289e-02 -9.997181e-01 2.907666e-18
    outer loop
      vertex -4.983215e-01 2.197510e+00 1.375000e+00
      vertex -6.028900e-01 2.200001e+00 1.375000e+00
      vertex -6.028900e-01 2.200001e+00 5.000000e-01
    endloop
  endfacet
  facet normal 1.224647e-16 0.000000e+00 1.000000e+00
    outer loop
      vertex -1.120171e+00 2.586430e+00 2.250000e+00
      vertex -1.120171e+00 3.103710e+00 2.250000e+00
      vertex -1.637459e+00 3.103710e+00 2.250000e+00
    endloop
  endfacet
  facet normal 1.224647e-16 0.000000e+00 1.000000e+00
    outer loop
      vertex -1.120171e+00 2.586430e+00 2.250000e+00
      vertex -1.637459e+00 3.103710e+00 2.250000e+00
      vertex -1.637459e+00 2.586430e+00 2.250000e+00
    endloop
  endfacet
  facet normal 1.224647e-16 0.000000e+00 1.000000e+00
    outer loop
      vertex -2.154739e+00 2.586430e+00 2.250000e+00
      vertex -1.637459e+00 2.586430e+00 2.250000e+00
      vertex -1.637459e+00 3.103710e+00 2.250000e+00
    endloop
  endfacet
  facet normal 1.224647e-16 0.000000e+00 1.000000e+00
    outer loop
      vertex -8.560181e-02 2.586430e+00 2.250000e+00
      vertex -8.560181e-02 3.103710e+00 2.250000e+00
      vertex -6.028900e-01 3.103710e+00 2.250000e+00
    endloop
  endfacet
  facet normal 1.224647e-16 0.000000e+00 1.000000e+00
    outer loop
      vertex -8.560181e-02 2.586430e+00 2.250000e+00
      vertex -6.028900e-01 3.103710e+00 2.250000e+00
      vertex -6.028900e-01 2.586430e+00 2.250000e+00
    endloop
  endfacet
  facet normal 1.224647e-16 0.000000e+00 1.000000e+00
    outer loop
      vertex -6.028900e-01 2.586430e+00 2.250000e+00
      vertex -6.028900e-01 3.103710e+00 2.250000e+00
      vertex -1.120171e+00 3.103710e+00 2.250000e+00
    endloop
  endfacet
  facet normal 1.224647e-16 0.000000e+00 1.000000e+00
    outer loop
      vertex -6.028900e-01 2.586430e+00 2.250000e+00
      vertex -1.120171e+00 3.103710e+00 2.250000e+00
      vertex -1.120171e+00 2.586430e+00 2.250000e+00
    endloop
  endfacet
  facet normal 1.224647e-16 0.000000e+00 1.000000e+00
    outer loop
      vertex 4.316902e-01 3.103710e+00 2.250000e+00
      vertex 4.316902e-01 2.586430e+00 2.250000e+00
      vertex 9.489708e-01 2.586430e+00 2.250000e+00
    endloop
  endfacet
  facet normal 1.224647e-16 0.000000e+00 1.000000e+00
    outer loop
      vertex 4.316902e-01 2.586430e+00 2.250000e+00
      vertex 4.316902e-01 3.103710e+00 2.250000e+00
      vertex -8.560181e-02 3.103710e+00 2.250000e+00
    endloop
  endfacet
  facet normal 1.224647e-16 0.000000e+00 1.000000e+00
    outer loop
      vertex 4.316902e-01 2.586430e+00 2.250000e+00
      vertex -8.560181e-02 3.103710e+00 2.250000e+00
      vertex -8.560181e-02 2.586430e+00 2.250000e+00
    endloop
  endfacet
  facet normal 1.224647e-16 0.000000e+00 1.000000e+00
    outer loop
      vertex -1.637459e+00 2.586430e+00 2.250000e+00
      vertex -2.154739e+00 2.586430e+00 2.250000e+00
      vertex -2.154739e+00 2.069139e+00 2.250000e+00
    endloop
  endfacet
  facet normal 1.224647e-16 0.000000e+00 1.000000e+00
    outer loop
      vertex 9.489708e-01 2.069139e+00 2.250000e+00
      vertex 9.489708e-01 2.586430e+00 2.250000e+00
      vertex 4.316902e-01 2.586430e+00 2.250000e+00
    endloop
  endfacet
  facet normal 1.224647e-16 0.000000e+00 1.000000e+00
    outer loop
      vertex -3.189320e+00 5.172806e-01 2.250000e+00
      vertex -3.189320e+00 1.034571e+00 2.250000e+00
      vertex -3.706600e+00 1.034571e+00 2.250000e+00
    endloop
  endfacet
  facet normal 1.224647e-16 0.000000e+00 1.000000e+00
    outer loop
      vertex -3.189320e+00 5.172806e-01 2.250000e+00
      vertex -3.706600e+00 1.034571e+00 2.250000e+00
      vertex -3.706600e+00 5.172806e-01 2.250000e+00
    endloop
  endfacet
  facet normal 1.224647e-16 0.000000e+00 1.000000e+00
    outer loop
      vertex -3.706600e+00 1.034571e+00 2.250000e+00
      vertex -3.189320e+00 1.034571e+00 2.250000e+00
      vertex -3.189320e+00 1.551861e+00 2.250000e+00
    endloop
  endfacet
  facet normal 1.224647e-16 0.000000e+00 1.000000e+00
    outer loop
      vertex -2.672031e+00 1.551861e+00 2.250000e+00
      vertex -3.189320e+00 1.551861e+00 2.250000e+00
      vertex -3.189320e+00 1.034571e+00 2.250000e+00
    endloop
  endfacet
  facet normal 1.224647e-16 0.000000e+00 1.000000e+00
    outer loop
      vertex 1.983540e+00 1.034571e+00 2.250000e+00
      vertex 1.983540e+00 1.551861e+00 2.250000e+00
      vertex 1.466259e+00 1.551861e+00 2.250000e+00
    endloop
  endfacet
  facet normal 1.224647e-16 0.000000e+00 1.000000e+00
    outer loop
      vertex 1.983540e+00 1.551861e+00 2.250000e+00
      vertex 1.983540e+00 1.034571e+00 2.250000e+00
      vertex 2.500832e+00 1.034571e+00 2.250000e+00
    endloop
  endfacet
  facet normal 1.224647e-16 0.000000e+00 1.000000e+00
    outer loop
      vertex 2.500832e+00 5.172806e-01 2.250000e+00
      vertex 2.500832e+00 1.034571e+00 2.250000e+00
      vertex 1.983540e+00 1.034571e+00 2.250000e+00
    endloop
  endfacet
  facet normal 1.224647e-16 0.000000e+00 1.000000e+00
    outer loop
      vertex 2.500832e+00 5.172806e-01 2.250000e+00
      vertex 1.983540e+00 1.034571e+00 2.250000e+00
      vertex 1.983540e+00 5.172806e-01 2.250000e+00
    endloop
  endfacet
  facet normal 1.224647e-16 0.000000e+00 1.000000e+00
    outer loop
      vertex -3.189320e+00 -5.172901e-01 2.250000e+00
      vertex -3.189320e+00 0.000000e+00 2.250000e+00
      vertex -3.706600e+00 0.000000e+00 2.250000e+00
    endloop
  endfacet
  facet normal 1.224647e-16 0.000000e+00 1.000000e+00
    outer loop
      vertex -3.189320e+00 -5.172901e-01 2.250000e+00
      vertex -3.706600e+00 0.000000e+00 2.250000e+00
      vertex -3.706600e+00 -5.172901e-01 2.250000e+00
    endloop
  endfacet
  facet normal 1.224647e-16 0.000000e+00 1.000000e+00
    outer loop
      vertex -3.189320e+00 0.000000e+00 2.250000e+00
      vertex -3.189320e+00 5.172806e-01 2.250000e+00
      vertex -3.706600e+00 5.172806e-01 2.250000e+00
    endloop
  endfacet
  facet normal 1.224647e-16 0.000000e+00 1.000000e+00
    outer loop
      vertex -3.189320e+00 0.000000e+00 2.250000e+00
      vertex -3.706600e+00 5.172806e-01 2.250000e+00
      vertex -3.706600e+00 0.000000e+00 2.250000e+00
    endloop
  endfacet
  facet normal 1.224647e-16 0.000000e+00 1.000000e+00
    outer loop
      vertex 2.500832e+00 0.000000e+00 2.250000e+00
      vertex 2.500832e+00 5.172806e-01 2.250000e+00
      vertex 1.983540e+00 5.172806e-01 2.250000e+00
    endloop
  endfacet
  facet normal 1.224647e-16 0.000000e+00 1.000000e+00
    outer loop
      vertex 2.500832e+00 0.000000e+00 2.250000e+00
      vertex 1.983540e+00 5.172806e-01 2.250000e+00
      vertex 1.983540e+00 0.000000e+00 2.250000e+00
    endloop
  endfacet
  facet normal 1.224647e-16 0.000000e+00 1.000000e+00
    outer loop
      vertex 2.500832e+00 -5.172901e-01 2.250000e+00
      vertex 2.500832e+00 0.000000e+00 2.250000e+00
      vertex 1.983540e+00 0.000000e+00 2.250000e+00
    endloop
  endfacet
  facet normal 1.224647e-16 0.000000e+00 1.000000e+00
    outer loop
      vertex 2.500832e+00 -5.172901e-01 2.250000e+00
      vertex 1.983540e+00 0.000000e+00 2.250000e+00
      vertex 1.983540e+00 -5.172901e-01 2.250000e+00
    endloop
  endfacet
  facet normal 1.224647e-16 0.000000e+00 1.000000e+00
    outer loop
      vertex -3.189320e+00 -1.551861e+00 2.250000e+00
      vertex -3.189320e+00 -1.034571e+00 2.250000e+00
      vertex -3.706600e+00 -1.034571e+00 2.250000e+00
    endloop
  endfacet
  facet normal 1.224647e-16 0.000000e+00 1.000000e+00
    outer loop
      vertex -3.189320e+00 -1.034571e+00 2.250000e+00
      vertex -3.189320e+00 -5.172901e-01 2.250000e+00
      vertex -3.706600e+00 -5.172901e-01 2.250000e+00
    endloop
  endfacet
  facet normal 1.224647e-16 0.000000e+00 1.000000e+00
    outer loop
      vertex -3.189320e+00 -1.034571e+00 2.250000e+00
      vertex -3.706600e+00 -5.172901e-01 2.250000e+00
      vertex -3.706600e+00 -1.034571e+00 2.250000e+00
    endloop
  endfacet
  facet normal 1.224647e-16 0.000000e+00 1.000000e+00
    outer loop
      vertex -3.189320e+00 -1.034571e+00 2.250000e+00
      vertex -3.189320e+00 -1.551861e+00 2.250000e+00
      vertex -2.672031e+00 -1.551861e+00 2.250000e+00
    endloop
  endfacet
  facet normal 1.224647e-16 0.000000e+00 1.000000e+00
    outer loop
      vertex 1.466259e+00 -1.551861e+00 2.250000e+00
      vertex 1.983540e+00 -1.551861e+00 2.250000e+00
      vertex 1.983540e+00 -1.034571e+00 2.250000e+00
    endloop
  endfacet
  facet normal 1.224647e-16 0.000000e+00 1.000000e+00
    outer loop
      vertex 2.500832e+00 -1.034571e+00 2.250000e+00
      vertex 2.500832e+00 -5.172901e-01 2.250000e+00
      vertex 1.983540e+00 -5.172901e-01 2.250000e+00
    endloop
  endfacet
  facet normal 1.224647e-16 0.000000e+00 1.000000e+00
    outer loop
      vertex 2.500832e+00 -1.034571e+00 2.250000e+00
      vertex 1.983540e+00 -5.172901e-01 2.250000e+00
      vertex 1.983540e+00 -1.034571e+00 2.250000e+00
    endloop
  endfacet
  facet normal 1.224647e-16 0.000000e+00 1.000000e+00
    outer loop
      vertex 2.500832e+00 -1.034571e+00 2.250000e+00
      vertex 1.983540e+00 -1.034571e+00 2.250000e+00
      vertex 1.983540e+00 -1.551861e+00 2.250000e+00
    endloop
  endfacet
  facet normal 1.224647e-16 0.000000e+00 1.000000e+00
    outer loop
      vertex -2.154739e+00 -2.069149e+00 2.250000e+00
      vertex -2.154739e+00 -2.586430e+00 2.250000e+00
      vertex -1.637459e+00 -2.586430e+00 2.250000e+00
    endloop
  endfacet
  facet normal 1.224647e-16 0.000000e+00 1.000000e+00
    outer loop
      vertex 4.316902e-01 -2.586430e+00 2.250000e+00
      vertex 9.489708e-01 -2.586430e+00 2.250000e+00
      vertex 9.489708e-01 -2.069149e+00 2.250000e+00
    endloop
  endfacet
  facet normal 1.224647e-16 0.000000e+00 1.000000e+00
    outer loop
      vertex -1.120171e+00 -3.103710e+00 2.250000e+00
      vertex -1.120171e+00 -2.586430e+00 2.250000e+00
      vertex -1.637459e+00 -2.586430e+00 2.250000e+00
    endloop
  endfacet
  facet normal 1.224647e-16 0.000000e+00 1.000000e+00
    outer loop
      vertex -1.120171e+00 -3.103710e+00 2.250000e+00
      vertex -1.637459e+00 -2.586430e+00 2.250000e+00
      vertex -1.637459e+00 -3.103710e+00 2.250000e+00
    endloop
  endfacet
  facet normal 1.224647e-16 0.000000e+00 1.000000e+00
    outer loop
      vertex -1.637459e+00 -3.103710e+00 2.250000e+00
      vertex -1.637459e+00 -2.586430e+00 2.250000e+00
      vertex -2.154739e+00 -2.586430e+00 2.250000e+00
    endloop
  endfacet
  facet normal 1.224647e-16 0.000000e+00 1.000000e+00
    outer loop
      vertex -8.560181e-02 -3.103710e+00 2.250000e+00
      vertex -8.560181e-02 -2.586430e+00 2.250000e+00
      vertex -6.028900e-01 -2.586430e+00 2.250000e+00
    endloop
  endfacet
  facet normal 1.224647e-16 0.000000e+00 1.000000e+00
    outer loop
      vertex -8.560181e-02 -3.103710e+00 2.250000e+00
      vertex -6.028900e-01 -2.586430e+00 2.250000e+00
      vertex -6.028900e-01 -3.103710e+00 2.250000e+00
    endloop
  endfacet
  facet normal 1.224647e-16 0.000000e+00 1.000000e+00
    outer loop
      vertex -6.028900e-01 -3.103710e+00 2.250000e+00
      vertex -6.028900e-01 -2.586430e+00 2.250000e+00
      vertex -1.120171e+00 -2.586430e+00 2.250000e+00
    endloop
  endfacet
  facet normal 1.224647e-16 0.000000e+00 1.000000e+00
    outer loop
      vertex -6.028900e-01 -3.103710e+00 2.250000e+00
      vertex -1.120171e+00 -2.586430e+00 2.250000e+00
      vertex -1.120171e+00 -3.103710e+00 2.250000e+00
    endloop
  endfacet
  facet normal 1.224647e-16 0.000000e+00 1.000000e+00
    outer loop
      vertex 9.489708e-01 -2.586430e+00 2.250000e+00
      vertex 4.316902e-01 -2.586430e+00 2.250000e+00
      vertex 4.316902e-01 -3.103710e+00 2.250000e+00
    endloop
  endfacet
  facet normal 1.224647e-16 0.000000e+00 1.000000e+00
    outer loop
      vertex 4.316902e-01 -3.103710e+00 2.250000e+00
      vertex 4.316902e-01 -2.586430e+00 2.250000e+00
      vertex -8.560181e-02 -2.586430e+00 2.250000e+00
    endloop
  endfacet
  facet normal 1.224647e-16 0.000000e+00 1.000000e+00
    outer loop
      vertex 4.316902e-01 -3.103710e+00 2.250000e+00
      vertex -8.560181e-02 -2.586430e+00 2.250000e+00
      vertex -8.560181e-02 -3.103710e+00 2.250000e+00
    endloop
  endfacet
  facet normal 1.224647e-16 0.000000e+00 1.000000e+00
    outer loop
      vertex -2.154739e+00 2.586430e+00 2.250000e+00
      vertex -2.583618e+00 2.946039e+00 2.250000e+00
      vertex -2.872509e+00 2.729710e+00 2.250000e+00
    endloop
  endfacet
  facet normal 1.224647e-16 0.000000e+00 1.000000e+00
    outer loop
      vertex -2.154739e+00 2.586430e+00 2.250000e+00
      vertex -1.951569e+00 3.283831e+00 2.250000e+00
      vertex -2.277370e+00 3.130270e+00 2.250000e+00
    endloop
  endfacet
  facet normal 1.224647e-16 0.000000e+00 1.000000e+00
    outer loop
      vertex -2.583618e+00 2.946039e+00 2.250000e+00
      vertex -2.154739e+00 2.586430e+00 2.250000e+00
      vertex -2.277370e+00 3.130270e+00 2.250000e+00
    endloop
  endfacet
  facet normal 1.224647e-16 0.000000e+00 1.000000e+00
    outer loop
      vertex -2.154739e+00 2.586430e+00 2.250000e+00
      vertex -1.637459e+00 3.103710e+00 2.250000e+00
      vertex -1.951569e+00 3.283831e+00 2.250000e+00
    endloop
  endfacet
  facet normal 1.224647e-16 0.000000e+00 1.000000e+00
    outer loop
      vertex -2.154739e+00 2.586430e+00 2.250000e+00
      vertex -2.872509e+00 2.729710e+00 2.250000e+00
      vertex -2.154739e+00 2.069139e+00 2.250000e+00
    endloop
  endfacet
  facet normal 1.224647e-16 0.000000e+00 1.000000e+00
    outer loop
      vertex -3.139130e+00 2.483950e+00 2.250000e+00
      vertex -2.672031e+00 1.551861e+00 2.250000e+00
      vertex -2.154739e+00 2.069139e+00 2.250000e+00
    endloop
  endfacet
  facet normal 1.224647e-16 0.000000e+00 1.000000e+00
    outer loop
      vertex -3.139130e+00 2.483950e+00 2.250000e+00
      vertex -3.379162e+00 2.212420e+00 2.250000e+00
      vertex -2.672031e+00 1.551861e+00 2.250000e+00
    endloop
  endfacet
  facet normal 1.224647e-16 0.000000e+00 1.000000e+00
    outer loop
      vertex -1.777111e+00 1.860420e+00 2.250000e+00
      vertex -2.154739e+00 2.069139e+00 2.250000e+00
      vertex -1.984619e+00 1.711960e+00 2.250000e+00
    endloop
  endfacet
  facet normal 1.224647e-16 0.000000e+00 1.000000e+00
    outer loop
      vertex -2.154739e+00 2.069139e+00 2.250000e+00
      vertex -2.174641e+00 1.539339e+00 2.250000e+00
      vertex -1.984619e+00 1.711960e+00 2.250000e+00
    endloop
  endfacet
  facet normal 1.224647e-16 0.000000e+00 1.000000e+00
    outer loop
      vertex -3.589142e+00 1.919580e+00 2.250000e+00
      vertex -3.189320e+00 1.551861e+00 2.250000e+00
      vertex -3.379162e+00 2.212420e+00 2.250000e+00
    endloop
  endfacet
  facet normal 1.224647e-16 0.000000e+00 1.000000e+00
    outer loop
      vertex -2.872509e+00 2.729710e+00 2.250000e+00
      vertex -3.139130e+00 2.483950e+00 2.250000e+00
      vertex -2.154739e+00 2.069139e+00 2.250000e+00
    endloop
  endfacet
  facet normal 1.224647e-16 0.000000e+00 1.000000e+00
    outer loop
      vertex -2.154739e+00 2.069139e+00 2.250000e+00
      vertex -1.777111e+00 1.860420e+00 2.250000e+00
      vertex -1.555389e+00 1.983110e+00 2.250000e+00
    endloop
  endfacet
  facet normal 1.224647e-16 0.000000e+00 1.000000e+00
    outer loop
      vertex -1.281120e+00 3.484610e+00 2.250000e+00
      vertex -1.617111e+00 3.402031e+00 2.250000e+00
      vertex -1.637459e+00 3.103710e+00 2.250000e+00
    endloop
  endfacet
  facet normal 1.224647e-16 0.000000e+00 1.000000e+00
    outer loop
      vertex -1.951569e+00 3.283831e+00 2.250000e+00
      vertex -1.637459e+00 3.103710e+00 2.250000e+00
      vertex -1.617111e+00 3.402031e+00 2.250000e+00
    endloop
  endfacet
  facet normal 1.224647e-16 0.000000e+00 1.000000e+00
    outer loop
      vertex -1.120171e+00 3.103710e+00 2.250000e+00
      vertex -9.486389e-01 3.533119e+00 2.250000e+00
      vertex -1.281120e+00 3.484610e+00 2.250000e+00
    endloop
  endfacet
  facet normal 1.224647e-16 0.000000e+00 1.000000e+00
    outer loop
      vertex -1.637459e+00 3.103710e+00 2.250000e+00
      vertex -1.120171e+00 3.103710e+00 2.250000e+00
      vertex -1.281120e+00 3.484610e+00 2.250000e+00
    endloop
  endfacet
  facet normal 1.224647e-16 0.000000e+00 1.000000e+00
    outer loop
      vertex -1.120171e+00 3.103710e+00 2.250000e+00
      vertex -6.028900e-01 3.103710e+00 2.250000e+00
      vertex -9.486389e-01 3.533119e+00 2.250000e+00
    endloop
  endfacet
  facet normal 1.224647e-16 0.000000e+00 1.000000e+00
    outer loop
      vertex -1.320560e+00 2.079651e+00 2.250000e+00
      vertex -1.637459e+00 2.586430e+00 2.250000e+00
      vertex -1.555389e+00 1.983110e+00 2.250000e+00
    endloop
  endfacet
  facet normal 1.224647e-16 0.000000e+00 1.000000e+00
    outer loop
      vertex -2.154739e+00 2.069139e+00 2.250000e+00
      vertex -1.555389e+00 1.983110e+00 2.250000e+00
      vertex -1.637459e+00 2.586430e+00 2.250000e+00
    endloop
  endfacet
  facet normal 1.224647e-16 0.000000e+00 1.000000e+00
    outer loop
      vertex -1.120171e+00 2.586430e+00 2.250000e+00
      vertex -1.637459e+00 2.586430e+00 2.250000e+00
      vertex -1.320560e+00 2.079651e+00 2.250000e+00
    endloop
  endfacet
  facet normal 1.224647e-16 0.000000e+00 1.000000e+00
    outer loop
      vertex -8.463516e-01 2.186489e+00 2.250000e+00
      vertex -1.120171e+00 2.586430e+00 2.250000e+00
      vertex -1.082600e+00 2.147060e+00 2.250000e+00
    endloop
  endfacet
  facet normal 1.224647e-16 0.000000e+00 1.000000e+00
    outer loop
      vertex -1.320560e+00 2.079651e+00 2.250000e+00
      vertex -1.082600e+00 2.147060e+00 2.250000e+00
      vertex -1.120171e+00 2.586430e+00 2.250000e+00
    endloop
  endfacet
  facet normal 1.224647e-16 0.000000e+00 1.000000e+00
    outer loop
      vertex -1.120171e+00 2.586430e+00 2.250000e+00
      vertex -8.463516e-01 2.186489e+00 2.250000e+00
      vertex -6.028900e-01 2.586430e+00 2.250000e+00
    endloop
  endfacet
  facet normal 1.224647e-16 0.000000e+00 1.000000e+00
    outer loop
      vertex -3.706600e+00 1.034571e+00 2.250000e+00
      vertex -3.766590e+00 1.610430e+00 2.250000e+00
      vertex -3.910110e+00 1.290251e+00 2.250000e+00
    endloop
  endfacet
  facet normal 1.224647e-16 0.000000e+00 1.000000e+00
    outer loop
      vertex -3.766590e+00 1.610430e+00 2.250000e+00
      vertex -3.706600e+00 1.034571e+00 2.250000e+00
      vertex -3.189320e+00 1.551861e+00 2.250000e+00
    endloop
  endfacet
  facet normal 1.224647e-16 0.000000e+00 1.000000e+00
    outer loop
      vertex -3.706600e+00 1.034571e+00 2.250000e+00
      vertex -3.910110e+00 1.290251e+00 2.250000e+00
      vertex -4.019409e+00 9.643192e-01 2.250000e+00
    endloop
  endfacet
  facet normal 1.224647e-16 0.000000e+00 1.000000e+00
    outer loop
      vertex -3.379162e+00 2.212420e+00 2.250000e+00
      vertex -3.189320e+00 1.551861e+00 2.250000e+00
      vertex -2.672031e+00 1.551861e+00 2.250000e+00
    endloop
  endfacet
  facet normal 1.224647e-16 0.000000e+00 1.000000e+00
    outer loop
      vertex -4.140579e+00 2.953892e-01 2.250000e+00
      vertex -3.706600e+00 5.172806e-01 2.250000e+00
      vertex -4.095139e+00 6.376801e-01 2.250000e+00
    endloop
  endfacet
  facet normal 1.224647e-16 0.000000e+00 1.000000e+00
    outer loop
      vertex -4.152889e+00 0.000000e+00 2.250000e+00
      vertex -3.706600e+00 0.000000e+00 2.250000e+00
      vertex -4.140579e+00 2.953892e-01 2.250000e+00
    endloop
  endfacet
  facet normal 1.224647e-16 0.000000e+00 1.000000e+00
    outer loop
      vertex -4.019409e+00 9.643192e-01 2.250000e+00
      vertex -4.095139e+00 6.376801e-01 2.250000e+00
      vertex -3.706600e+00 5.172806e-01 2.250000e+00
    endloop
  endfacet
  facet normal 1.224647e-16 0.000000e+00 1.000000e+00
    outer loop
      vertex -3.706600e+00 0.000000e+00 2.250000e+00
      vertex -3.706600e+00 5.172806e-01 2.250000e+00
      vertex -4.140579e+00 2.953892e-01 2.250000e+00
    endloop
  endfacet
  facet normal 1.224647e-16 0.000000e+00 1.000000e+00
    outer loop
      vertex -3.706600e+00 1.034571e+00 2.250000e+00
      vertex -4.019409e+00 9.643192e-01 2.250000e+00
      vertex -3.706600e+00 5.172806e-01 2.250000e+00
    endloop
  endfacet
  facet normal 1.224647e-16 0.000000e+00 1.000000e+00
    outer loop
      vertex -3.706600e+00 0.000000e+00 2.250000e+00
      vertex -4.152889e+00 0.000000e+00 2.250000e+00
      vertex -4.136009e+00 -3.457508e-01 2.250000e+00
    endloop
  endfacet
  facet normal 1.224647e-16 0.000000e+00 1.000000e+00
    outer loop
      vertex -2.672031e+00 1.551861e+00 2.250000e+00
      vertex -3.189320e+00 1.034571e+00 2.250000e+00
      vertex -2.487049e+00 1.135750e+00 2.250000e+00
    endloop
  endfacet
  facet normal 1.224647e-16 0.000000e+00 1.000000e+00
    outer loop
      vertex -2.487049e+00 1.135750e+00 2.250000e+00
      vertex -3.189320e+00 1.034571e+00 2.250000e+00
      vertex -2.604210e+00 9.136200e-01 2.250000e+00
    endloop
  endfacet
  facet normal 1.224647e-16 0.000000e+00 1.000000e+00
    outer loop
      vertex -2.672031e+00 1.551861e+00 2.250000e+00
      vertex -2.343170e+00 1.345890e+00 2.250000e+00
      vertex -2.174641e+00 1.539339e+00 2.250000e+00
    endloop
  endfacet
  facet normal 1.224647e-16 0.000000e+00 1.000000e+00
    outer loop
      vertex -2.672031e+00 1.551861e+00 2.250000e+00
      vertex -2.487049e+00 1.135750e+00 2.250000e+00
      vertex -2.343170e+00 1.345890e+00 2.250000e+00
    endloop
  endfacet
  facet normal 1.224647e-16 0.000000e+00 1.000000e+00
    outer loop
      vertex -2.672031e+00 1.551861e+00 2.250000e+00
      vertex -2.174641e+00 1.539339e+00 2.250000e+00
      vertex -2.154739e+00 2.069139e+00 2.250000e+00
    endloop
  endfacet
  facet normal 1.224647e-16 0.000000e+00 1.000000e+00
    outer loop
      vertex -3.189320e+00 0.000000e+00 2.250000e+00
      vertex -2.792759e+00 2.108498e-01 2.250000e+00
      vertex -3.189320e+00 5.172806e-01 2.250000e+00
    endloop
  endfacet
  facet normal 1.224647e-16 0.000000e+00 1.000000e+00
    outer loop
      vertex -2.789379e+00 -2.434692e-01 2.250000e+00
      vertex -2.802891e+00 0.000000e+00 2.250000e+00
      vertex -3.189320e+00 0.000000e+00 2.250000e+00
    endloop
  endfacet
  facet normal 1.224647e-16 0.000000e+00 1.000000e+00
    outer loop
      vertex -2.802891e+00 0.000000e+00 2.250000e+00
      vertex -2.792759e+00 2.108498e-01 2.250000e+00
      vertex -3.189320e+00 0.000000e+00 2.250000e+00
    endloop
  endfacet
  facet normal 1.224647e-16 0.000000e+00 1.000000e+00
    outer loop
      vertex -3.189320e+00 5.172806e-01 2.250000e+00
      vertex -2.755760e+00 4.528904e-01 2.250000e+00
      vertex -2.693722e+00 6.844006e-01 2.250000e+00
    endloop
  endfacet
  facet normal 1.224647e-16 0.000000e+00 1.000000e+00
    outer loop
      vertex -3.189320e+00 5.172806e-01 2.250000e+00
      vertex -2.792759e+00 2.108498e-01 2.250000e+00
      vertex -2.755760e+00 4.528904e-01 2.250000e+00
    endloop
  endfacet
  facet normal 1.224647e-16 0.000000e+00 1.000000e+00
    outer loop
      vertex -3.189320e+00 1.034571e+00 2.250000e+00
      vertex -2.693722e+00 6.844006e-01 2.250000e+00
      vertex -2.604210e+00 9.136200e-01 2.250000e+00
    endloop
  endfacet
  facet normal 1.224647e-16 0.000000e+00 1.000000e+00
    outer loop
      vertex -3.189320e+00 1.034571e+00 2.250000e+00
      vertex -3.189320e+00 5.172806e-01 2.250000e+00
      vertex -2.693722e+00 6.844006e-01 2.250000e+00
    endloop
  endfacet
  facet normal 1.224647e-16 0.000000e+00 1.000000e+00
    outer loop
      vertex -3.189320e+00 1.551861e+00 2.250000e+00
      vertex -3.589142e+00 1.919580e+00 2.250000e+00
      vertex -3.766590e+00 1.610430e+00 2.250000e+00
    endloop
  endfacet
  facet normal 1.224647e-16 0.000000e+00 1.000000e+00
    outer loop
      vertex -3.074913e-01 3.537689e+00 2.250000e+00
      vertex -6.028900e-01 3.549999e+00 2.250000e+00
      vertex -6.028900e-01 3.103710e+00 2.250000e+00
    endloop
  endfacet
  facet normal 1.224647e-16 0.000000e+00 1.000000e+00
    outer loop
      vertex -9.486389e-01 3.533119e+00 2.250000e+00
      vertex -6.028900e-01 3.103710e+00 2.250000e+00
      vertex -6.028900e-01 3.549999e+00 2.250000e+00
    endloop
  endfacet
  facet normal 1.224647e-16 0.000000e+00 1.000000e+00
    outer loop
      vertex 3.479004e-02 3.492260e+00 2.250000e+00
      vertex -3.074913e-01 3.537689e+00 2.250000e+00
      vertex -8.560181e-02 3.103710e+00 2.250000e+00
    endloop
  endfacet
  facet normal 1.224647e-16 0.000000e+00 1.000000e+00
    outer loop
      vertex -6.028900e-01 3.103710e+00 2.250000e+00
      vertex -8.560181e-02 3.103710e+00 2.250000e+00
      vertex -3.074913e-01 3.537689e+00 2.250000e+00
    endloop
  endfacet
  facet normal 1.224647e-16 0.000000e+00 1.000000e+00
    outer loop
      vertex -8.560181e-02 3.103710e+00 2.250000e+00
      vertex 3.614311e-01 3.416519e+00 2.250000e+00
      vertex 3.479004e-02 3.492260e+00 2.250000e+00
    endloop
  endfacet
  facet normal 1.224647e-16 0.000000e+00 1.000000e+00
    outer loop
      vertex -3.920403e-01 2.189871e+00 2.250000e+00
      vertex -6.028900e-01 2.586430e+00 2.250000e+00
      vertex -6.028900e-01 2.200001e+00 2.250000e+00
    endloop
  endfacet
  facet normal 1.224647e-16 0.000000e+00 1.000000e+00
    outer loop
      vertex -8.463516e-01 2.186489e+00 2.250000e+00
      vertex -6.028900e-01 2.200001e+00 2.250000e+00
      vertex -6.028900e-01 2.586430e+00 2.250000e+00
    endloop
  endfacet
  facet normal 1.224647e-16 0.000000e+00 1.000000e+00
    outer loop
      vertex -8.560181e-02 2.586430e+00 2.250000e+00
      vertex -6.028900e-01 2.586430e+00 2.250000e+00
      vertex -3.920403e-01 2.189871e+00 2.250000e+00
    endloop
  endfacet
  facet normal 1.224647e-16 0.000000e+00 1.000000e+00
    outer loop
      vertex 8.150864e-02 2.090839e+00 2.250000e+00
      vertex -8.560181e-02 2.586430e+00 2.250000e+00
      vertex -1.500015e-01 2.152880e+00 2.250000e+00
    endloop
  endfacet
  facet normal 1.224647e-16 0.000000e+00 1.000000e+00
    outer loop
      vertex -3.920403e-01 2.189871e+00 2.250000e+00
      vertex -1.500015e-01 2.152880e+00 2.250000e+00
      vertex -8.560181e-02 2.586430e+00 2.250000e+00
    endloop
  endfacet
  facet normal 1.224647e-16 0.000000e+00 1.000000e+00
    outer loop
      vertex 8.150864e-02 2.090839e+00 2.250000e+00
      vertex 4.316902e-01 2.586430e+00 2.250000e+00
      vertex -8.560181e-02 2.586430e+00 2.250000e+00
    endloop
  endfacet
  facet normal 1.224647e-16 0.000000e+00 1.000000e+00
    outer loop
      vertex 6.873589e-01 3.307230e+00 2.250000e+00
      vertex 3.614311e-01 3.416519e+00 2.250000e+00
      vertex 4.316902e-01 3.103710e+00 2.250000e+00
    endloop
  endfacet
  facet normal 1.224647e-16 0.000000e+00 1.000000e+00
    outer loop
      vertex 4.316902e-01 3.103710e+00 2.250000e+00
      vertex 3.614311e-01 3.416519e+00 2.250000e+00
      vertex -8.560181e-02 3.103710e+00 2.250000e+00
    endloop
  endfacet
  facet normal 1.224647e-16 0.000000e+00 1.000000e+00
    outer loop
      vertex 6.873589e-01 3.307230e+00 2.250000e+00
      vertex 4.316902e-01 3.103710e+00 2.250000e+00
      vertex 1.007542e+00 3.163700e+00 2.250000e+00
    endloop
  endfacet
  facet normal 1.224647e-16 0.000000e+00 1.000000e+00
    outer loop
      vertex 9.489708e-01 2.586430e+00 2.250000e+00
      vertex 1.316700e+00 2.986250e+00 2.250000e+00
      vertex 1.007542e+00 3.163700e+00 2.250000e+00
    endloop
  endfacet
  facet normal 1.224647e-16 0.000000e+00 1.000000e+00
    outer loop
      vertex 9.489708e-01 2.586430e+00 2.250000e+00
      vertex 1.007542e+00 3.163700e+00 2.250000e+00
      vertex 4.316902e-01 3.103710e+00 2.250000e+00
    endloop
  endfacet
  facet normal 1.224647e-16 0.000000e+00 1.000000e+00
    outer loop
      vertex 4.316902e-01 2.586430e+00 2.250000e+00
      vertex 5.328598e-01 1.884159e+00 2.250000e+00
      vertex 9.489708e-01 2.069139e+00 2.250000e+00
    endloop
  endfacet
  facet normal 1.224647e-16 0.000000e+00 1.000000e+00
    outer loop
      vertex 1.609539e+00 2.776270e+00 2.250000e+00
      vertex 9.489708e-01 2.586430e+00 2.250000e+00
      vertex 9.489708e-01 2.069139e+00 2.250000e+00
    endloop
  endfacet
  facet normal 1.224647e-16 0.000000e+00 1.000000e+00
    outer loop
      vertex 1.316700e+00 2.986250e+00 2.250000e+00
      vertex 9.489708e-01 2.586430e+00 2.250000e+00
      vertex 1.609539e+00 2.776270e+00 2.250000e+00
    endloop
  endfacet
  facet normal 1.224647e-16 0.000000e+00 1.000000e+00
    outer loop
      vertex 1.609539e+00 2.776270e+00 2.250000e+00
      vertex 9.489708e-01 2.069139e+00 2.250000e+00
      vertex 1.881062e+00 2.536240e+00 2.250000e+00
    endloop
  endfacet
  facet normal 1.224647e-16 0.000000e+00 1.000000e+00
    outer loop
      vertex 1.466259e+00 1.551861e+00 2.250000e+00
      vertex 2.126820e+00 2.269621e+00 2.250000e+00
      vertex 1.881062e+00 2.536240e+00 2.250000e+00
    endloop
  endfacet
  facet normal 1.224647e-16 0.000000e+00 1.000000e+00
    outer loop
      vertex 1.466259e+00 1.551861e+00 2.250000e+00
      vertex 1.881062e+00 2.536240e+00 2.250000e+00
      vertex 9.489708e-01 2.069139e+00 2.250000e+00
    endloop
  endfacet
  facet normal 1.224647e-16 0.000000e+00 1.000000e+00
    outer loop
      vertex 3.107300e-01 2.001320e+00 2.250000e+00
      vertex 4.316902e-01 2.586430e+00 2.250000e+00
      vertex 8.150864e-02 2.090839e+00 2.250000e+00
    endloop
  endfacet
  facet normal 1.224647e-16 0.000000e+00 1.000000e+00
    outer loop
      vertex 9.489708e-01 2.069139e+00 2.250000e+00
      vertex 5.328598e-01 1.884159e+00 2.250000e+00
      vertex 7.430000e-01 1.740280e+00 2.250000e+00
    endloop
  endfacet
  facet normal 1.224647e-16 0.000000e+00 1.000000e+00
    outer loop
      vertex 9.489708e-01 2.069139e+00 2.250000e+00
      vertex 9.364586e-01 1.571751e+00 2.250000e+00
      vertex 1.466259e+00 1.551861e+00 2.250000e+00
    endloop
  endfacet
  facet normal 1.224647e-16 0.000000e+00 1.000000e+00
    outer loop
      vertex 1.109081e+00 1.381729e+00 2.250000e+00
      vertex 1.466259e+00 1.551861e+00 2.250000e+00
      vertex 9.364586e-01 1.571751e+00 2.250000e+00
    endloop
  endfacet
  facet normal 1.224647e-16 0.000000e+00 1.000000e+00
    outer loop
      vertex 9.364586e-01 1.571751e+00 2.250000e+00
      vertex 9.489708e-01 2.069139e+00 2.250000e+00
      vertex 7.430000e-01 1.740280e+00 2.250000e+00
    endloop
  endfacet
  facet normal 1.224647e-16 0.000000e+00 1.000000e+00
    outer loop
      vertex 1.983540e+00 1.551861e+00 2.250000e+00
      vertex 2.126820e+00 2.269621e+00 2.250000e+00
      vertex 1.466259e+00 1.551861e+00 2.250000e+00
    endloop
  endfacet
  facet normal 1.224647e-16 0.000000e+00 1.000000e+00
    outer loop
      vertex 1.466259e+00 1.551861e+00 2.250000e+00
      vertex 1.257542e+00 1.174231e+00 2.250000e+00
      vertex 1.380230e+00 9.524994e-01 2.250000e+00
    endloop
  endfacet
  facet normal 1.224647e-16 0.000000e+00 1.000000e+00
    outer loop
      vertex 1.466259e+00 1.551861e+00 2.250000e+00
      vertex 1.109081e+00 1.381729e+00 2.250000e+00
      vertex 1.257542e+00 1.174231e+00 2.250000e+00
    endloop
  endfacet
  facet normal 1.224647e-16 0.000000e+00 1.000000e+00
    outer loop
      vertex 1.544182e+00 4.797096e-01 2.250000e+00
      vertex 1.983540e+00 5.172806e-01 2.250000e+00
      vertex 1.476761e+00 7.176704e-01 2.250000e+00
    endloop
  endfacet
  facet normal 1.224647e-16 0.000000e+00 1.000000e+00
    outer loop
      vertex 1.476761e+00 7.176704e-01 2.250000e+00
      vertex 1.983540e+00 1.034571e+00 2.250000e+00
      vertex 1.380230e+00 9.524994e-01 2.250000e+00
    endloop
  endfacet
  facet normal 1.224647e-16 0.000000e+00 1.000000e+00
    outer loop
      vertex 1.983540e+00 1.034571e+00 2.250000e+00
      vertex 1.466259e+00 1.551861e+00 2.250000e+00
      vertex 1.380230e+00 9.524994e-01 2.250000e+00
    endloop
  endfacet
  facet normal 1.224647e-16 0.000000e+00 1.000000e+00
    outer loop
      vertex 1.583599e+00 2.434597e-01 2.250000e+00
      vertex 1.983540e+00 5.172806e-01 2.250000e+00
      vertex 1.544182e+00 4.797096e-01 2.250000e+00
    endloop
  endfacet
  facet normal 1.224647e-16 0.000000e+00 1.000000e+00
    outer loop
      vertex 2.500832e+00 1.034571e+00 2.250000e+00
      vertex 2.680950e+00 1.348680e+00 2.250000e+00
      vertex 1.983540e+00 1.551861e+00 2.250000e+00
    endloop
  endfacet
  facet normal 1.224647e-16 0.000000e+00 1.000000e+00
    outer loop
      vertex 2.343159e+00 1.980730e+00 2.250000e+00
      vertex 1.983540e+00 1.551861e+00 2.250000e+00
      vertex 2.527390e+00 1.674480e+00 2.250000e+00
    endloop
  endfacet
  facet normal 1.224647e-16 0.000000e+00 1.000000e+00
    outer loop
      vertex 2.680950e+00 1.348680e+00 2.250000e+00
      vertex 2.527390e+00 1.674480e+00 2.250000e+00
      vertex 1.983540e+00 1.551861e+00 2.250000e+00
    endloop
  endfacet
  facet normal 1.224647e-16 0.000000e+00 1.000000e+00
    outer loop
      vertex 1.983540e+00 1.551861e+00 2.250000e+00
      vertex 2.343159e+00 1.980730e+00 2.250000e+00
      vertex 2.126820e+00 2.269621e+00 2.250000e+00
    endloop
  endfacet
  facet normal 1.224647e-16 0.000000e+00 1.000000e+00
    outer loop
      vertex 2.881729e+00 6.782303e-01 2.250000e+00
      vertex 2.500832e+00 1.034571e+00 2.250000e+00
      vertex 2.500832e+00 5.172806e-01 2.250000e+00
    endloop
  endfacet
  facet normal 1.224647e-16 0.000000e+00 1.000000e+00
    outer loop
      vertex 2.799149e+00 1.014219e+00 2.250000e+00
      vertex 2.500832e+00 1.034571e+00 2.250000e+00
      vertex 2.881729e+00 6.782303e-01 2.250000e+00
    endloop
  endfacet
  facet normal 1.224647e-16 0.000000e+00 1.000000e+00
    outer loop
      vertex 2.930241e+00 3.457508e-01 2.250000e+00
      vertex 2.881729e+00 6.782303e-01 2.250000e+00
      vertex 2.500832e+00 5.172806e-01 2.250000e+00
    endloop
  endfacet
  facet normal 1.224647e-16 0.000000e+00 1.000000e+00
    outer loop
      vertex 2.930241e+00 3.457508e-01 2.250000e+00
      vertex 2.500832e+00 5.172806e-01 2.250000e+00
      vertex 2.500832e+00 0.000000e+00 2.250000e+00
    endloop
  endfacet
  facet normal 1.224647e-16 0.000000e+00 1.000000e+00
    outer loop
      vertex 2.680950e+00 1.348680e+00 2.250000e+00
      vertex 2.500832e+00 1.034571e+00 2.250000e+00
      vertex 2.799149e+00 1.014219e+00 2.250000e+00
    endloop
  endfacet
  facet normal 1.224647e-16 0.000000e+00 1.000000e+00
    outer loop
      vertex 1.983540e+00 5.172806e-01 2.250000e+00
      vertex 1.983540e+00 1.034571e+00 2.250000e+00
      vertex 1.476761e+00 7.176704e-01 2.250000e+00
    endloop
  endfacet
  facet normal 1.224647e-16 0.000000e+00 1.000000e+00
    outer loop
      vertex 1.583599e+00 2.434597e-01 2.250000e+00
      vertex 1.983540e+00 0.000000e+00 2.250000e+00
      vertex 1.983540e+00 5.172806e-01 2.250000e+00
    endloop
  endfacet
  facet normal 1.224647e-16 0.000000e+00 1.000000e+00
    outer loop
      vertex 3.107300e-01 2.001320e+00 2.250000e+00
      vertex 5.328598e-01 1.884159e+00 2.250000e+00
      vertex 4.316902e-01 2.586430e+00 2.250000e+00
    endloop
  endfacet
  facet normal 1.224647e-16 0.000000e+00 1.000000e+00
    outer loop
      vertex -3.706600e+00 -5.172901e-01 2.250000e+00
      vertex -4.136009e+00 -3.457508e-01 2.250000e+00
      vertex -4.087502e+00 -6.782303e-01 2.250000e+00
    endloop
  endfacet
  facet normal 1.224647e-16 0.000000e+00 1.000000e+00
    outer loop
      vertex -3.706600e+00 -5.172901e-01 2.250000e+00
      vertex -4.087502e+00 -6.782303e-01 2.250000e+00
      vertex -3.706600e+00 -1.034571e+00 2.250000e+00
    endloop
  endfacet
  facet normal 1.224647e-16 0.000000e+00 1.000000e+00
    outer loop
      vertex -4.087502e+00 -6.782303e-01 2.250000e+00
      vertex -4.004921e+00 -1.014231e+00 2.250000e+00
      vertex -3.706600e+00 -1.034571e+00 2.250000e+00
    endloop
  endfacet
  facet normal 1.224647e-16 0.000000e+00 1.000000e+00
    outer loop
      vertex -2.789379e+00 -2.434692e-01 2.250000e+00
      vertex -3.189320e+00 0.000000e+00 2.250000e+00
      vertex -3.189320e+00 -5.172901e-01 2.250000e+00
    endloop
  endfacet
  facet normal 1.224647e-16 0.000000e+00 1.000000e+00
    outer loop
      vertex -3.886719e+00 -1.348680e+00 2.250000e+00
      vertex -3.189320e+00 -1.551861e+00 2.250000e+00
      vertex -3.706600e+00 -1.034571e+00 2.250000e+00
    endloop
  endfacet
  facet normal 1.224647e-16 0.000000e+00 1.000000e+00
    outer loop
      vertex -4.004921e+00 -1.014231e+00 2.250000e+00
      vertex -3.886719e+00 -1.348680e+00 2.250000e+00
      vertex -3.706600e+00 -1.034571e+00 2.250000e+00
    endloop
  endfacet
  facet normal 1.224647e-16 0.000000e+00 1.000000e+00
    outer loop
      vertex -3.733158e+00 -1.674480e+00 2.250000e+00
      vertex -3.189320e+00 -1.551861e+00 2.250000e+00
      vertex -3.886719e+00 -1.348680e+00 2.250000e+00
    endloop
  endfacet
  facet normal 1.224647e-16 0.000000e+00 1.000000e+00
    outer loop
      vertex -3.548931e+00 -1.980740e+00 2.250000e+00
      vertex -3.189320e+00 -1.551861e+00 2.250000e+00
      vertex -3.733158e+00 -1.674480e+00 2.250000e+00
    endloop
  endfacet
  facet normal 1.224647e-16 0.000000e+00 1.000000e+00
    outer loop
      vertex -3.332600e+00 -2.269619e+00 2.250000e+00
      vertex -2.672031e+00 -1.551861e+00 2.250000e+00
      vertex -3.189320e+00 -1.551861e+00 2.250000e+00
    endloop
  endfacet
  facet normal 1.224647e-16 0.000000e+00 1.000000e+00
    outer loop
      vertex -2.682541e+00 -7.176704e-01 2.250000e+00
      vertex -3.189320e+00 -5.172901e-01 2.250000e+00
      vertex -3.189320e+00 -1.034571e+00 2.250000e+00
    endloop
  endfacet
  facet normal 1.224647e-16 0.000000e+00 1.000000e+00
    outer loop
      vertex -2.749950e+00 -4.797096e-01 2.250000e+00
      vertex -2.789379e+00 -2.434692e-01 2.250000e+00
      vertex -3.189320e+00 -5.172901e-01 2.250000e+00
    endloop
  endfacet
  facet normal 1.224647e-16 0.000000e+00 1.000000e+00
    outer loop
      vertex -2.585999e+00 -9.524994e-01 2.250000e+00
      vertex -2.682541e+00 -7.176704e-01 2.250000e+00
      vertex -3.189320e+00 -1.034571e+00 2.250000e+00
    endloop
  endfacet
  facet normal 1.224647e-16 0.000000e+00 1.000000e+00
    outer loop
      vertex -2.672031e+00 -1.551861e+00 2.250000e+00
      vertex -2.463310e+00 -1.174231e+00 2.250000e+00
      vertex -2.585999e+00 -9.524994e-01 2.250000e+00
    endloop
  endfacet
  facet normal 1.224647e-16 0.000000e+00 1.000000e+00
    outer loop
      vertex -2.749950e+00 -4.797096e-01 2.250000e+00
      vertex -3.189320e+00 -5.172901e-01 2.250000e+00
      vertex -2.682541e+00 -7.176704e-01 2.250000e+00
    endloop
  endfacet
  facet normal 1.224647e-16 0.000000e+00 1.000000e+00
    outer loop
      vertex -2.142231e+00 -1.571751e+00 2.250000e+00
      vertex -2.314850e+00 -1.381729e+00 2.250000e+00
      vertex -2.672031e+00 -1.551861e+00 2.250000e+00
    endloop
  endfacet
  facet normal 1.224647e-16 0.000000e+00 1.000000e+00
    outer loop
      vertex -2.463310e+00 -1.174231e+00 2.250000e+00
      vertex -2.672031e+00 -1.551861e+00 2.250000e+00
      vertex -2.314850e+00 -1.381729e+00 2.250000e+00
    endloop
  endfacet
  facet normal 1.224647e-16 0.000000e+00 1.000000e+00
    outer loop
      vertex -2.154739e+00 -2.069149e+00 2.250000e+00
      vertex -1.948780e+00 -1.740280e+00 2.250000e+00
      vertex -2.142231e+00 -1.571751e+00 2.250000e+00
    endloop
  endfacet
  facet normal 1.224647e-16 0.000000e+00 1.000000e+00
    outer loop
      vertex -2.142231e+00 -1.571751e+00 2.250000e+00
      vertex -2.672031e+00 -1.551861e+00 2.250000e+00
      vertex -2.154739e+00 -2.069149e+00 2.250000e+00
    endloop
  endfacet
  facet normal 1.224647e-16 0.000000e+00 1.000000e+00
    outer loop
      vertex -2.154739e+00 -2.069149e+00 2.250000e+00
      vertex -1.738640e+00 -1.884159e+00 2.250000e+00
      vertex -1.948780e+00 -1.740280e+00 2.250000e+00
    endloop
  endfacet
  facet normal 1.224647e-16 0.000000e+00 1.000000e+00
    outer loop
      vertex -1.516499e+00 -2.001331e+00 2.250000e+00
      vertex -1.738640e+00 -1.884159e+00 2.250000e+00
      vertex -1.637459e+00 -2.586430e+00 2.250000e+00
    endloop
  endfacet
  facet normal 1.224647e-16 0.000000e+00 1.000000e+00
    outer loop
      vertex -2.672031e+00 -1.551861e+00 2.250000e+00
      vertex -2.585999e+00 -9.524994e-01 2.250000e+00
      vertex -3.189320e+00 -1.034571e+00 2.250000e+00
    endloop
  endfacet
  facet normal 1.224647e-16 0.000000e+00 1.000000e+00
    outer loop
      vertex -3.332600e+00 -2.269619e+00 2.250000e+00
      vertex -3.189320e+00 -1.551861e+00 2.250000e+00
      vertex -3.548931e+00 -1.980740e+00 2.250000e+00
    endloop
  endfacet
  facet normal 1.224647e-16 0.000000e+00 1.000000e+00
    outer loop
      vertex -4.136009e+00 -3.457508e-01 2.250000e+00
      vertex -3.706600e+00 -5.172901e-01 2.250000e+00
      vertex -3.706600e+00 0.000000e+00 2.250000e+00
    endloop
  endfacet
  facet normal 1.224647e-16 0.000000e+00 1.000000e+00
    outer loop
      vertex -2.672031e+00 -1.551861e+00 2.250000e+00
      vertex -3.086830e+00 -2.536240e+00 2.250000e+00
      vertex -2.154739e+00 -2.069149e+00 2.250000e+00
    endloop
  endfacet
  facet normal 1.224647e-16 0.000000e+00 1.000000e+00
    outer loop
      vertex -2.154739e+00 -2.069149e+00 2.250000e+00
      vertex -2.815311e+00 -2.776279e+00 2.250000e+00
      vertex -2.154739e+00 -2.586430e+00 2.250000e+00
    endloop
  endfacet
  facet normal 1.224647e-16 0.000000e+00 1.000000e+00
    outer loop
      vertex -1.516499e+00 -2.001331e+00 2.250000e+00
      vertex -1.637459e+00 -2.586430e+00 2.250000e+00
      vertex -1.287281e+00 -2.090839e+00 2.250000e+00
    endloop
  endfacet
  facet normal 1.224647e-16 0.000000e+00 1.000000e+00
    outer loop
      vertex -2.815311e+00 -2.776279e+00 2.250000e+00
      vertex -2.154739e+00 -2.069149e+00 2.250000e+00
      vertex -3.086830e+00 -2.536240e+00 2.250000e+00
    endloop
  endfacet
  facet normal 1.224647e-16 0.000000e+00 1.000000e+00
    outer loop
      vertex -3.332600e+00 -2.269619e+00 2.250000e+00
      vertex -3.086830e+00 -2.536240e+00 2.250000e+00
      vertex -2.672031e+00 -1.551861e+00 2.250000e+00
    endloop
  endfacet
  facet normal 1.224647e-16 0.000000e+00 1.000000e+00
    outer loop
      vertex -2.154739e+00 -2.586430e+00 2.250000e+00
      vertex -2.522469e+00 -2.986259e+00 2.250000e+00
      vertex -2.213310e+00 -3.163700e+00 2.250000e+00
    endloop
  endfacet
  facet normal 1.224647e-16 0.000000e+00 1.000000e+00
    outer loop
      vertex -1.637459e+00 -3.103710e+00 2.250000e+00
      vertex -2.154739e+00 -2.586430e+00 2.250000e+00
      vertex -2.213310e+00 -3.163700e+00 2.250000e+00
    endloop
  endfacet
  facet normal 1.224647e-16 0.000000e+00 1.000000e+00
    outer loop
      vertex -1.567200e+00 -3.416519e+00 2.250000e+00
      vertex -1.637459e+00 -3.103710e+00 2.250000e+00
      vertex -1.893131e+00 -3.307232e+00 2.250000e+00
    endloop
  endfacet
  facet normal 1.224647e-16 0.000000e+00 1.000000e+00
    outer loop
      vertex -2.213310e+00 -3.163700e+00 2.250000e+00
      vertex -1.893131e+00 -3.307232e+00 2.250000e+00
      vertex -1.637459e+00 -3.103710e+00 2.250000e+00
    endloop
  endfacet
  facet normal 1.224647e-16 0.000000e+00 1.000000e+00
    outer loop
      vertex -2.815311e+00 -2.776279e+00 2.250000e+00
      vertex -2.522469e+00 -2.986259e+00 2.250000e+00
      vertex -2.154739e+00 -2.586430e+00 2.250000e+00
    endloop
  endfacet
  facet normal 1.224647e-16 0.000000e+00 1.000000e+00
    outer loop
      vertex -1.567200e+00 -3.416519e+00 2.250000e+00
      vertex -1.120171e+00 -3.103710e+00 2.250000e+00
      vertex -1.637459e+00 -3.103710e+00 2.250000e+00
    endloop
  endfacet
  facet normal 1.224647e-16 0.000000e+00 1.000000e+00
    outer loop
      vertex -1.055779e+00 -2.152882e+00 2.250000e+00
      vertex -1.287281e+00 -2.090839e+00 2.250000e+00
      vertex -1.120171e+00 -2.586430e+00 2.250000e+00
    endloop
  endfacet
  facet normal 1.224647e-16 0.000000e+00 1.000000e+00
    outer loop
      vertex -1.120171e+00 -2.586430e+00 2.250000e+00
      vertex -1.287281e+00 -2.090839e+00 2.250000e+00
      vertex -1.637459e+00 -2.586430e+00 2.250000e+00
    endloop
  endfacet
  facet normal 1.224647e-16 0.000000e+00 1.000000e+00
    outer loop
      vertex -1.120171e+00 -2.586430e+00 2.250000e+00
      vertex -8.137283e-01 -2.189869e+00 2.250000e+00
      vertex -1.055779e+00 -2.152882e+00 2.250000e+00
    endloop
  endfacet
  facet normal 1.224647e-16 0.000000e+00 1.000000e+00
    outer loop
      vertex -8.137283e-01 -2.189869e+00 2.250000e+00
      vertex -6.028900e-01 -2.586430e+00 2.250000e+00
      vertex -6.028900e-01 -2.200001e+00 2.250000e+00
    endloop
  endfacet
  facet normal 1.224647e-16 0.000000e+00 1.000000e+00
    outer loop
      vertex -6.028900e-01 -2.586430e+00 2.250000e+00
      vertex -8.137283e-01 -2.189869e+00 2.250000e+00
      vertex -1.120171e+00 -2.586430e+00 2.250000e+00
    endloop
  endfacet
  facet normal 1.224647e-16 0.000000e+00 1.000000e+00
    outer loop
      vertex -8.982811e-01 -3.537689e+00 2.250000e+00
      vertex -1.120171e+00 -3.103710e+00 2.250000e+00
      vertex -1.240570e+00 -3.492260e+00 2.250000e+00
    endloop
  endfacet
  facet normal 1.224647e-16 0.000000e+00 1.000000e+00
    outer loop
      vertex -6.028900e-01 -3.103710e+00 2.250000e+00
      vertex -1.120171e+00 -3.103710e+00 2.250000e+00
      vertex -8.982811e-01 -3.537689e+00 2.250000e+00
    endloop
  endfacet
  facet normal 1.224647e-16 0.000000e+00 1.000000e+00
    outer loop
      vertex -6.028900e-01 -3.549999e+00 2.250000e+00
      vertex -6.028900e-01 -3.103710e+00 2.250000e+00
      vertex -8.982811e-01 -3.537689e+00 2.250000e+00
    endloop
  endfacet
  facet normal 1.224647e-16 0.000000e+00 1.000000e+00
    outer loop
      vertex -2.571297e-01 -3.533119e+00 2.250000e+00
      vertex -6.028900e-01 -3.103710e+00 2.250000e+00
      vertex -6.028900e-01 -3.549999e+00 2.250000e+00
    endloop
  endfacet
  facet normal 1.224647e-16 0.000000e+00 1.000000e+00
    outer loop
      vertex -1.567200e+00 -3.416519e+00 2.250000e+00
      vertex -1.240570e+00 -3.492260e+00 2.250000e+00
      vertex -1.120171e+00 -3.103710e+00 2.250000e+00
    endloop
  endfacet
  facet normal 1.224647e-16 0.000000e+00 1.000000e+00
    outer loop
      vertex -3.594208e-01 -2.186489e+00 2.250000e+00
      vertex -6.028900e-01 -2.200001e+00 2.250000e+00
      vertex -6.028900e-01 -2.586430e+00 2.250000e+00
    endloop
  endfacet
  facet normal 1.224647e-16 0.000000e+00 1.000000e+00
    outer loop
      vertex -2.154739e+00 -2.069149e+00 2.250000e+00
      vertex -1.637459e+00 -2.586430e+00 2.250000e+00
      vertex -1.738640e+00 -1.884159e+00 2.250000e+00
    endloop
  endfacet
  facet normal 1.224647e-16 0.000000e+00 1.000000e+00
    outer loop
      vertex 1.983540e+00 -5.172901e-01 2.250000e+00
      vertex 1.586990e+00 -2.108498e-01 2.250000e+00
      vertex 1.549992e+00 -4.528904e-01 2.250000e+00
    endloop
  endfacet
  facet normal 1.224647e-16 0.000000e+00 1.000000e+00
    outer loop
      vertex 1.983540e+00 0.000000e+00 2.250000e+00
      vertex 1.597111e+00 0.000000e+00 2.250000e+00
      vertex 1.586990e+00 -2.108498e-01 2.250000e+00
    endloop
  endfacet
  facet normal 1.224647e-16 0.000000e+00 1.000000e+00
    outer loop
      vertex 1.583599e+00 2.434597e-01 2.250000e+00
      vertex 1.597111e+00 0.000000e+00 2.250000e+00
      vertex 1.983540e+00 0.000000e+00 2.250000e+00
    endloop
  endfacet
  facet normal 1.224647e-16 0.000000e+00 1.000000e+00
    outer loop
      vertex 1.983540e+00 -5.172901e-01 2.250000e+00
      vertex 1.983540e+00 0.000000e+00 2.250000e+00
      vertex 1.586990e+00 -2.108498e-01 2.250000e+00
    endloop
  endfacet
  facet normal 1.224647e-16 0.000000e+00 1.000000e+00
    outer loop
      vertex 1.983540e+00 -5.172901e-01 2.250000e+00
      vertex 1.549992e+00 -4.528904e-01 2.250000e+00
      vertex 1.487949e+00 -6.844006e-01 2.250000e+00
    endloop
  endfacet
  facet normal 1.224647e-16 0.000000e+00 1.000000e+00
    outer loop
      vertex 1.466259e+00 -1.551861e+00 2.250000e+00
      vertex 1.137390e+00 -1.345890e+00 2.250000e+00
      vertex 9.688683e-01 -1.539351e+00 2.250000e+00
    endloop
  endfacet
  facet normal 1.224647e-16 0.000000e+00 1.000000e+00
    outer loop
      vertex 1.466259e+00 -1.551861e+00 2.250000e+00
      vertex 1.281281e+00 -1.135750e+00 2.250000e+00
      vertex 1.137390e+00 -1.345890e+00 2.250000e+00
    endloop
  endfacet
  facet normal 1.224647e-16 0.000000e+00 1.000000e+00
    outer loop
      vertex 1.398441e+00 -9.136200e-01 2.250000e+00
      vertex 1.983540e+00 -1.034571e+00 2.250000e+00
      vertex 1.487949e+00 -6.844006e-01 2.250000e+00
    endloop
  endfacet
  facet normal 1.224647e-16 0.000000e+00 1.000000e+00
    outer loop
      vertex 1.398441e+00 -9.136200e-01 2.250000e+00
      vertex 1.281281e+00 -1.135750e+00 2.250000e+00
      vertex 1.983540e+00 -1.034571e+00 2.250000e+00
    endloop
  endfacet
  facet normal 1.224647e-16 0.000000e+00 1.000000e+00
    outer loop
      vertex 1.983540e+00 -5.172901e-01 2.250000e+00
      vertex 1.487949e+00 -6.844006e-01 2.250000e+00
      vertex 1.983540e+00 -1.034571e+00 2.250000e+00
    endloop
  endfacet
  facet normal 1.224647e-16 0.000000e+00 1.000000e+00
    outer loop
      vertex 2.173389e+00 -2.212421e+00 2.250000e+00
      vertex 1.983540e+00 -1.551861e+00 2.250000e+00
      vertex 1.466259e+00 -1.551861e+00 2.250000e+00
    endloop
  endfacet
  facet normal 1.224647e-16 0.000000e+00 1.000000e+00
    outer loop
      vertex 1.281281e+00 -1.135750e+00 2.250000e+00
      vertex 1.466259e+00 -1.551861e+00 2.250000e+00
      vertex 1.983540e+00 -1.034571e+00 2.250000e+00
    endloop
  endfacet
  facet normal 1.224647e-16 0.000000e+00 1.000000e+00
    outer loop
      vertex 2.934799e+00 -2.954006e-01 2.250000e+00
      vertex 2.500832e+00 0.000000e+00 2.250000e+00
      vertex 2.500832e+00 -5.172901e-01 2.250000e+00
    endloop
  endfacet
  facet normal 1.224647e-16 0.000000e+00 1.000000e+00
    outer loop
      vertex 2.947109e+00 0.000000e+00 2.250000e+00
      vertex 2.500832e+00 0.000000e+00 2.250000e+00
      vertex 2.934799e+00 -2.954006e-01 2.250000e+00
    endloop
  endfacet
  facet normal 1.224647e-16 0.000000e+00 1.000000e+00
    outer loop
      vertex 2.889370e+00 -6.376801e-01 2.250000e+00
      vertex 2.934799e+00 -2.954006e-01 2.250000e+00
      vertex 2.500832e+00 -5.172901e-01 2.250000e+00
    endloop
  endfacet
  facet normal 1.224647e-16 0.000000e+00 1.000000e+00
    outer loop
      vertex 2.889370e+00 -6.376801e-01 2.250000e+00
      vertex 2.500832e+00 -5.172901e-01 2.250000e+00
      vertex 2.813629e+00 -9.643192e-01 2.250000e+00
    endloop
  endfacet
  facet normal 1.224647e-16 0.000000e+00 1.000000e+00
    outer loop
      vertex 2.930241e+00 3.457508e-01 2.250000e+00
      vertex 2.500832e+00 0.000000e+00 2.250000e+00
      vertex 2.947109e+00 0.000000e+00 2.250000e+00
    endloop
  endfacet
  facet normal 1.224647e-16 0.000000e+00 1.000000e+00
    outer loop
      vertex 2.560822e+00 -1.610430e+00 2.250000e+00
      vertex 2.500832e+00 -1.034571e+00 2.250000e+00
      vertex 1.983540e+00 -1.551861e+00 2.250000e+00
    endloop
  endfacet
  facet normal 1.224647e-16 0.000000e+00 1.000000e+00
    outer loop
      vertex 2.500832e+00 -5.172901e-01 2.250000e+00
      vertex 2.500832e+00 -1.034571e+00 2.250000e+00
      vertex 2.813629e+00 -9.643192e-01 2.250000e+00
    endloop
  endfacet
  facet normal 1.224647e-16 0.000000e+00 1.000000e+00
    outer loop
      vertex 2.813629e+00 -9.643192e-01 2.250000e+00
      vertex 2.500832e+00 -1.034571e+00 2.250000e+00
      vertex 2.704342e+00 -1.290251e+00 2.250000e+00
    endloop
  endfacet
  facet normal 1.224647e-16 0.000000e+00 1.000000e+00
    outer loop
      vertex 2.560822e+00 -1.610430e+00 2.250000e+00
      vertex 2.704342e+00 -1.290251e+00 2.250000e+00
      vertex 2.500832e+00 -1.034571e+00 2.250000e+00
    endloop
  endfacet
  facet normal 1.224647e-16 0.000000e+00 1.000000e+00
    outer loop
      vertex 2.383369e+00 -1.919580e+00 2.250000e+00
      vertex 2.560822e+00 -1.610430e+00 2.250000e+00
      vertex 1.983540e+00 -1.551861e+00 2.250000e+00
    endloop
  endfacet
  facet normal 1.224647e-16 0.000000e+00 1.000000e+00
    outer loop
      vertex 9.489708e-01 -2.069149e+00 2.250000e+00
      vertex 1.466259e+00 -1.551861e+00 2.250000e+00
      vertex 9.688683e-01 -1.539351e+00 2.250000e+00
    endloop
  endfacet
  facet normal 1.224647e-16 0.000000e+00 1.000000e+00
    outer loop
      vertex -8.560181e-02 -2.586430e+00 2.250000e+00
      vertex -1.231804e-01 -2.147060e+00 2.250000e+00
      vertex -3.594208e-01 -2.186489e+00 2.250000e+00
    endloop
  endfacet
  facet normal 1.224647e-16 0.000000e+00 1.000000e+00
    outer loop
      vertex 1.147919e-01 -2.079651e+00 2.250000e+00
      vertex 4.316902e-01 -2.586430e+00 2.250000e+00
      vertex 3.496208e-01 -1.983120e+00 2.250000e+00
    endloop
  endfacet
  facet normal 1.224647e-16 0.000000e+00 1.000000e+00
    outer loop
      vertex -1.231804e-01 -2.147060e+00 2.250000e+00
      vertex -8.560181e-02 -2.586430e+00 2.250000e+00
      vertex 1.147919e-01 -2.079651e+00 2.250000e+00
    endloop
  endfacet
  facet normal 1.224647e-16 0.000000e+00 1.000000e+00
    outer loop
      vertex -8.560181e-02 -2.586430e+00 2.250000e+00
      vertex 4.316902e-01 -2.586430e+00 2.250000e+00
      vertex 1.147919e-01 -2.079651e+00 2.250000e+00
    endloop
  endfacet
  facet normal 1.224647e-16 0.000000e+00 1.000000e+00
    outer loop
      vertex -3.594208e-01 -2.186489e+00 2.250000e+00
      vertex -6.028900e-01 -2.586430e+00 2.250000e+00
      vertex -8.560181e-02 -2.586430e+00 2.250000e+00
    endloop
  endfacet
  facet normal 1.224647e-16 0.000000e+00 1.000000e+00
    outer loop
      vertex 7.534027e-02 -3.484612e+00 2.250000e+00
      vertex -8.560181e-02 -3.103710e+00 2.250000e+00
      vertex -2.571297e-01 -3.533119e+00 2.250000e+00
    endloop
  endfacet
  facet normal 1.224647e-16 0.000000e+00 1.000000e+00
    outer loop
      vertex 4.316902e-01 -3.103710e+00 2.250000e+00
      vertex -8.560181e-02 -3.103710e+00 2.250000e+00
      vertex 7.534027e-02 -3.484612e+00 2.250000e+00
    endloop
  endfacet
  facet normal 1.224647e-16 0.000000e+00 1.000000e+00
    outer loop
      vertex 4.113388e-01 -3.402039e+00 2.250000e+00
      vertex 4.316902e-01 -3.103710e+00 2.250000e+00
      vertex 7.534027e-02 -3.484612e+00 2.250000e+00
    endloop
  endfacet
  facet normal 1.224647e-16 0.000000e+00 1.000000e+00
    outer loop
      vertex 7.458000e-01 -3.283829e+00 2.250000e+00
      vertex 4.316902e-01 -3.103710e+00 2.250000e+00
      vertex 4.113388e-01 -3.402039e+00 2.250000e+00
    endloop
  endfacet
  facet normal 1.224647e-16 0.000000e+00 1.000000e+00
    outer loop
      vertex -8.560181e-02 -3.103710e+00 2.250000e+00
      vertex -6.028900e-01 -3.103710e+00 2.250000e+00
      vertex -2.571297e-01 -3.533119e+00 2.250000e+00
    endloop
  endfacet
  facet normal 1.224647e-16 0.000000e+00 1.000000e+00
    outer loop
      vertex 9.489708e-01 -2.069149e+00 2.250000e+00
      vertex 3.496208e-01 -1.983120e+00 2.250000e+00
      vertex 4.316902e-01 -2.586430e+00 2.250000e+00
    endloop
  endfacet
  facet normal 1.224647e-16 0.000000e+00 1.000000e+00
    outer loop
      vertex 9.489708e-01 -2.069149e+00 2.250000e+00
      vertex 7.788391e-01 -1.711969e+00 2.250000e+00
      vertex 5.713387e-01 -1.860430e+00 2.250000e+00
    endloop
  endfacet
  facet normal 1.224647e-16 0.000000e+00 1.000000e+00
    outer loop
      vertex 2.383369e+00 -1.919580e+00 2.250000e+00
      vertex 1.983540e+00 -1.551861e+00 2.250000e+00
      vertex 2.173389e+00 -2.212421e+00 2.250000e+00
    endloop
  endfacet
  facet normal 1.224647e-16 0.000000e+00 1.000000e+00
    outer loop
      vertex 1.466259e+00 -1.551861e+00 2.250000e+00
      vertex 9.489708e-01 -2.069149e+00 2.250000e+00
      vertex 1.933350e+00 -2.483952e+00 2.250000e+00
    endloop
  endfacet
  facet normal 1.224647e-16 0.000000e+00 1.000000e+00
    outer loop
      vertex 2.173389e+00 -2.212421e+00 2.250000e+00
      vertex 1.466259e+00 -1.551861e+00 2.250000e+00
      vertex 1.933350e+00 -2.483952e+00 2.250000e+00
    endloop
  endfacet
  facet normal 1.224647e-16 0.000000e+00 1.000000e+00
    outer loop
      vertex 5.713387e-01 -1.860430e+00 2.250000e+00
      vertex 3.496208e-01 -1.983120e+00 2.250000e+00
      vertex 9.489708e-01 -2.069149e+00 2.250000e+00
    endloop
  endfacet
  facet normal 1.224647e-16 0.000000e+00 1.000000e+00
    outer loop
      vertex 7.788391e-01 -1.711969e+00 2.250000e+00
      vertex 9.489708e-01 -2.069149e+00 2.250000e+00
      vertex 9.688683e-01 -1.539351e+00 2.250000e+00
    endloop
  endfacet
  facet normal 1.224647e-16 0.000000e+00 1.000000e+00
    outer loop
      vertex 1.071590e+00 -3.130280e+00 2.250000e+00
      vertex 9.489708e-01 -2.586430e+00 2.250000e+00
      vertex 7.458000e-01 -3.283829e+00 2.250000e+00
    endloop
  endfacet
  facet normal 1.224647e-16 0.000000e+00 1.000000e+00
    outer loop
      vertex 1.377850e+00 -2.946049e+00 2.250000e+00
      vertex 9.489708e-01 -2.586430e+00 2.250000e+00
      vertex 1.071590e+00 -3.130280e+00 2.250000e+00
    endloop
  endfacet
  facet normal 1.224647e-16 0.000000e+00 1.000000e+00
    outer loop
      vertex 9.489708e-01 -2.069149e+00 2.250000e+00
      vertex 1.666740e+00 -2.729710e+00 2.250000e+00
      vertex 1.933350e+00 -2.483952e+00 2.250000e+00
    endloop
  endfacet
  facet normal 1.224647e-16 0.000000e+00 1.000000e+00
    outer loop
      vertex 1.377850e+00 -2.946049e+00 2.250000e+00
      vertex 1.666740e+00 -2.729710e+00 2.250000e+00
      vertex 9.489708e-01 -2.586430e+00 2.250000e+00
    endloop
  endfacet
  facet normal 1.224647e-16 0.000000e+00 1.000000e+00
    outer loop
      vertex 9.489708e-01 -2.586430e+00 2.250000e+00
      vertex 1.666740e+00 -2.729710e+00 2.250000e+00
      vertex 9.489708e-01 -2.069149e+00 2.250000e+00
    endloop
  endfacet
  facet normal 1.224647e-16 0.000000e+00 1.000000e+00
    outer loop
      vertex 9.489708e-01 -2.586430e+00 2.250000e+00
      vertex 4.316902e-01 -3.103710e+00 2.250000e+00
      vertex 7.458000e-01 -3.283829e+00 2.250000e+00
    endloop
  endfacet
  facet normal -1.224647e-16 0.000000e+00 -1.000000e+00
    outer loop
      vertex -2.207001e+00 6.885000e+00 0.000000e+00
      vertex -3.267410e+00 6.885000e+00 0.000000e+00
      vertex -3.267410e+00 8.032499e+00 0.000000e+00
    endloop
  endfacet
  facet normal -1.224647e-16 0.000000e+00 -1.000000e+00
    outer loop
      vertex -2.207001e+00 6.885000e+00 0.000000e+00
      vertex -3.267410e+00 8.032499e+00 0.000000e+00
      vertex -2.207001e+00 8.032499e+00 0.000000e+00
    endloop
  endfacet
  facet normal -1.224647e-16 0.000000e+00 -1.000000e+00
    outer loop
      vertex -4.327820e+00 6.885000e+00 0.000000e+00
      vertex -3.267410e+00 8.032499e+00 0.000000e+00
      vertex -3.267410e+00 6.885000e+00 0.000000e+00
    endloop
  endfacet
  facet normal -1.224647e-16 0.000000e+00 -1.000000e+00
    outer loop
      vertex -1.146591e+00 6.885000e+00 0.000000e+00
      vertex -2.207001e+00 6.885000e+00 0.000000e+00
      vertex -2.207001e+00 8.032499e+00 0.000000e+00
    endloop
  endfacet
  facet normal -1.224647e-16 0.000000e+00 -1.000000e+00
    outer loop
      vertex -1.146591e+00 6.885000e+00 0.000000e+00
      vertex -2.207001e+00 8.032499e+00 0.000000e+00
      vertex -1.146591e+00 8.032499e+00 0.000000e+00
    endloop
  endfacet
  facet normal -1.224647e-16 0.000000e+00 -1.000000e+00
    outer loop
      vertex -7.509060e+00 4.590000e+00 1.776357e-15
      vertex -6.448650e+00 5.737499e+00 1.776357e-15
      vertex -6.448650e+00 4.590000e+00 1.776357e-15
    endloop
  endfacet
  facet normal -1.224647e-16 0.000000e+00 -1.000000e+00
    outer loop
      vertex -3.267410e+00 6.885000e+00 0.000000e+00
      vertex -2.207001e+00 5.737499e+00 0.000000e+00
      vertex -3.267410e+00 4.590000e+00 0.000000e+00
    endloop
  endfacet
  facet normal -1.224647e-16 0.000000e+00 -1.000000e+00
    outer loop
      vertex -3.267410e+00 4.590000e+00 0.000000e+00
      vertex -2.207001e+00 5.737499e+00 0.000000e+00
      vertex -2.207001e+00 4.590000e+00 0.000000e+00
    endloop
  endfacet
  facet normal -1.224647e-16 0.000000e+00 -1.000000e+00
    outer loop
      vertex -2.207001e+00 5.737499e+00 0.000000e+00
      vertex -3.267410e+00 6.885000e+00 0.000000e+00
      vertex -2.207001e+00 6.885000e+00 0.000000e+00
    endloop
  endfacet
  facet normal -1.224647e-16 0.000000e+00 -1.000000e+00
    outer loop
      vertex -3.267410e+00 6.885000e+00 0.000000e+00
      vertex -3.267410e+00 4.590000e+00 0.000000e+00
      vertex -4.327820e+00 4.590000e+00 0.000000e+00
    endloop
  endfacet
  facet normal -1.224647e-16 0.000000e+00 -1.000000e+00
    outer loop
      vertex -3.267410e+00 6.885000e+00 0.000000e+00
      vertex -4.327820e+00 4.590000e+00 0.000000e+00
      vertex -4.327820e+00 6.885000e+00 0.000000e+00
    endloop
  endfacet
  facet normal -1.224647e-16 0.000000e+00 -1.000000e+00
    outer loop
      vertex -1.146591e+00 5.737499e+00 0.000000e+00
      vertex -2.207001e+00 5.737499e+00 0.000000e+00
      vertex -2.207001e+00 6.885000e+00 0.000000e+00
    endloop
  endfacet
  facet normal -1.224647e-16 0.000000e+00 -1.000000e+00
    outer loop
      vertex -1.146591e+00 5.737499e+00 0.000000e+00
      vertex -2.207001e+00 6.885000e+00 0.000000e+00
      vertex -1.146591e+00 6.885000e+00 0.000000e+00
    endloop
  endfacet
  facet normal -1.224647e-16 0.000000e+00 -1.000000e+00
    outer loop
      vertex -1.146591e+00 4.590000e+00 0.000000e+00
      vertex -2.207001e+00 4.590000e+00 0.000000e+00
      vertex -2.207001e+00 5.737499e+00 0.000000e+00
    endloop
  endfacet
  facet normal -1.224647e-16 0.000000e+00 -1.000000e+00
    outer loop
      vertex -1.146591e+00 4.590000e+00 0.000000e+00
      vertex -2.207001e+00 5.737499e+00 0.000000e+00
      vertex -1.146591e+00 5.737499e+00 0.000000e+00
    endloop
  endfacet
  facet normal -1.224647e-16 0.000000e+00 -1.000000e+00
    outer loop
      vertex -2.207001e+00 3.442499e+00 0.000000e+00
      vertex -3.267410e+00 3.442499e+00 0.000000e+00
      vertex -3.267410e+00 4.590000e+00 0.000000e+00
    endloop
  endfacet
  facet normal -1.224647e-16 0.000000e+00 -1.000000e+00
    outer loop
      vertex -2.207001e+00 3.442499e+00 0.000000e+00
      vertex -3.267410e+00 4.590000e+00 0.000000e+00
      vertex -2.207001e+00 4.590000e+00 0.000000e+00
    endloop
  endfacet
  facet normal -1.224647e-16 0.000000e+00 -1.000000e+00
    outer loop
      vertex -3.267410e+00 3.442499e+00 0.000000e+00
      vertex -4.327820e+00 3.442499e+00 0.000000e+00
      vertex -4.327820e+00 4.590000e+00 0.000000e+00
    endloop
  endfacet
  facet normal -1.224647e-16 0.000000e+00 -1.000000e+00
    outer loop
      vertex -3.267410e+00 3.442499e+00 0.000000e+00
      vertex -4.327820e+00 4.590000e+00 0.000000e+00
      vertex -3.267410e+00 4.590000e+00 0.000000e+00
    endloop
  endfacet
  facet normal -1.224647e-16 0.000000e+00 -1.000000e+00
    outer loop
      vertex -3.267410e+00 2.295000e+00 0.000000e+00
      vertex -4.327820e+00 3.442499e+00 0.000000e+00
      vertex -3.267410e+00 3.442499e+00 0.000000e+00
    endloop
  endfacet
  facet normal -1.224647e-16 0.000000e+00 -1.000000e+00
    outer loop
      vertex -1.146591e+00 3.442499e+00 0.000000e+00
      vertex -6.163788e-01 2.868750e+00 0.000000e+00
      vertex -1.146591e+00 2.868750e+00 0.000000e+00
    endloop
  endfacet
  facet normal -1.224647e-16 0.000000e+00 -1.000000e+00
    outer loop
      vertex -1.676800e+00 3.442499e+00 0.000000e+00
      vertex -1.146591e+00 4.016251e+00 0.000000e+00
      vertex -1.146591e+00 3.442499e+00 0.000000e+00
    endloop
  endfacet
  facet normal -1.224647e-16 0.000000e+00 -1.000000e+00
    outer loop
      vertex -1.146591e+00 4.016251e+00 0.000000e+00
      vertex -2.207001e+00 4.590000e+00 0.000000e+00
      vertex -1.146591e+00 4.590000e+00 0.000000e+00
    endloop
  endfacet
  facet normal -1.224647e-16 0.000000e+00 -1.000000e+00
    outer loop
      vertex -2.207001e+00 4.590000e+00 0.000000e+00
      vertex -1.676800e+00 3.442499e+00 0.000000e+00
      vertex -2.207001e+00 3.442499e+00 0.000000e+00
    endloop
  endfacet
  facet normal -1.224647e-16 0.000000e+00 -1.000000e+00
    outer loop
      vertex -1.676800e+00 3.442499e+00 0.000000e+00
      vertex -2.207001e+00 4.590000e+00 0.000000e+00
      vertex -1.146591e+00 4.016251e+00 0.000000e+00
    endloop
  endfacet
  facet normal -1.224647e-16 0.000000e+00 -1.000000e+00
    outer loop
      vertex -1.146591e+00 2.868750e+00 0.000000e+00
      vertex -1.676800e+00 2.868750e+00 0.000000e+00
      vertex -1.676800e+00 3.442499e+00 0.000000e+00
    endloop
  endfacet
  facet normal -1.224647e-16 0.000000e+00 -1.000000e+00
    outer loop
      vertex -1.146591e+00 2.868750e+00 0.000000e+00
      vertex -1.676800e+00 3.442499e+00 0.000000e+00
      vertex -1.146591e+00 3.442499e+00 0.000000e+00
    endloop
  endfacet
  facet normal -1.224647e-16 0.000000e+00 -1.000000e+00
    outer loop
      vertex -1.676800e+00 2.868750e+00 0.000000e+00
      vertex -2.207001e+00 2.868750e+00 0.000000e+00
      vertex -2.207001e+00 3.442499e+00 0.000000e+00
    endloop
  endfacet
  facet normal -1.224647e-16 0.000000e+00 -1.000000e+00
    outer loop
      vertex -1.676800e+00 2.868750e+00 0.000000e+00
      vertex -2.207001e+00 3.442499e+00 0.000000e+00
      vertex -1.676800e+00 3.442499e+00 0.000000e+00
    endloop
  endfacet
  facet normal -1.224647e-16 0.000000e+00 -1.000000e+00
    outer loop
      vertex 6.276291e+00 2.295000e+00 0.000000e+00
      vertex 7.336700e+00 3.442499e+00 0.000000e+00
      vertex 7.336700e+00 2.295000e+00 0.000000e+00
    endloop
  endfacet
  facet normal -1.224647e-16 0.000000e+00 -1.000000e+00
    outer loop
      vertex 3.095051e+00 5.737495e-01 0.000000e+00
      vertex 4.155472e+00 0.000000e+00 0.000000e+00
      vertex 3.095051e+00 0.000000e+00 0.000000e+00
    endloop
  endfacet
  facet normal -1.224647e-16 0.000000e+00 -1.000000e+00
    outer loop
      vertex 4.155472e+00 1.147499e+00 0.000000e+00
      vertex 3.095051e+00 5.737495e-01 0.000000e+00
      vertex 3.095051e+00 1.147499e+00 0.000000e+00
    endloop
  endfacet
  facet normal -1.224647e-16 0.000000e+00 -1.000000e+00
    outer loop
      vertex 4.155472e+00 0.000000e+00 0.000000e+00
      vertex 3.095051e+00 5.737495e-01 0.000000e+00
      vertex 4.155472e+00 1.147499e+00 0.000000e+00
    endloop
  endfacet
  facet normal -1.224647e-16 0.000000e+00 -1.000000e+00
    outer loop
      vertex 2.564850e+00 1.147499e+00 0.000000e+00
      vertex 3.095051e+00 1.721251e+00 0.000000e+00
      vertex 3.095051e+00 1.147499e+00 0.000000e+00
    endloop
  endfacet
  facet normal -1.224647e-16 0.000000e+00 -1.000000e+00
    outer loop
      vertex 2.034649e+00 1.721251e+00 0.000000e+00
      vertex 2.564850e+00 1.147499e+00 0.000000e+00
      vertex 2.034649e+00 1.147499e+00 0.000000e+00
    endloop
  endfacet
  facet normal -1.224647e-16 0.000000e+00 -1.000000e+00
    outer loop
      vertex 3.095051e+00 0.000000e+00 0.000000e+00
      vertex 2.564850e+00 0.000000e+00 0.000000e+00
      vertex 2.564850e+00 5.737495e-01 0.000000e+00
    endloop
  endfacet
  facet normal -1.224647e-16 0.000000e+00 -1.000000e+00
    outer loop
      vertex 3.095051e+00 0.000000e+00 0.000000e+00
      vertex 2.564850e+00 5.737495e-01 0.000000e+00
      vertex 3.095051e+00 5.737495e-01 0.000000e+00
    endloop
  endfacet
  facet normal -1.224647e-16 0.000000e+00 -1.000000e+00
    outer loop
      vertex 3.095051e+00 5.737495e-01 0.000000e+00
      vertex 2.564850e+00 5.737495e-01 0.000000e+00
      vertex 2.564850e+00 1.147499e+00 0.000000e+00
    endloop
  endfacet
  facet normal -1.224647e-16 0.000000e+00 -1.000000e+00
    outer loop
      vertex 3.095051e+00 5.737495e-01 0.000000e+00
      vertex 2.564850e+00 1.147499e+00 0.000000e+00
      vertex 3.095051e+00 1.147499e+00 0.000000e+00
    endloop
  endfacet
  facet normal -1.224647e-16 0.000000e+00 -1.000000e+00
    outer loop
      vertex 6.276291e+00 1.147499e+00 0.000000e+00
      vertex 4.155472e+00 1.147499e+00 0.000000e+00
      vertex 4.155472e+00 2.295000e+00 0.000000e+00
    endloop
  endfacet
  facet normal -1.224647e-16 0.000000e+00 -1.000000e+00
    outer loop
      vertex 6.276291e+00 1.147499e+00 0.000000e+00
      vertex 4.155472e+00 2.295000e+00 0.000000e+00
      vertex 6.276291e+00 2.295000e+00 0.000000e+00
    endloop
  endfacet
  facet normal -1.224647e-16 0.000000e+00 -1.000000e+00
    outer loop
      vertex 4.155472e+00 1.147499e+00 0.000000e+00
      vertex 6.276291e+00 1.147499e+00 0.000000e+00
      vertex 6.276291e+00 0.000000e+00 0.000000e+00
    endloop
  endfacet
  facet normal -1.224647e-16 0.000000e+00 -1.000000e+00
    outer loop
      vertex 4.155472e+00 1.147499e+00 0.000000e+00
      vertex 6.276291e+00 0.000000e+00 0.000000e+00
      vertex 4.155472e+00 0.000000e+00 0.000000e+00
    endloop
  endfacet
  facet normal -1.224647e-16 0.000000e+00 -1.000000e+00
    outer loop
      vertex 7.336700e+00 1.147499e+00 0.000000e+00
      vertex 6.276291e+00 1.147499e+00 0.000000e+00
      vertex 6.276291e+00 2.295000e+00 0.000000e+00
    endloop
  endfacet
  facet normal -1.224647e-16 0.000000e+00 -1.000000e+00
    outer loop
      vertex 7.336700e+00 1.147499e+00 0.000000e+00
      vertex 6.276291e+00 2.295000e+00 0.000000e+00
      vertex 7.336700e+00 2.295000e+00 0.000000e+00
    endloop
  endfacet
  facet normal -1.224647e-16 0.000000e+00 -1.000000e+00
    outer loop
      vertex 7.336700e+00 0.000000e+00 0.000000e+00
      vertex 6.276291e+00 0.000000e+00 0.000000e+00
      vertex 6.276291e+00 1.147499e+00 0.000000e+00
    endloop
  endfacet
  facet normal -1.224647e-16 0.000000e+00 -1.000000e+00
    outer loop
      vertex 7.336700e+00 0.000000e+00 0.000000e+00
      vertex 6.276291e+00 1.147499e+00 0.000000e+00
      vertex 7.336700e+00 1.147499e+00 0.000000e+00
    endloop
  endfacet
  facet normal -1.224647e-16 0.000000e+00 -1.000000e+00
    outer loop
      vertex -3.267410e+00 -2.294998e+00 0.000000e+00
      vertex -3.532520e+00 -2.294998e+00 0.000000e+00
      vertex -3.532520e+00 -2.008129e+00 0.000000e+00
    endloop
  endfacet
  facet normal -1.224647e-16 0.000000e+00 -1.000000e+00
    outer loop
      vertex -3.267410e+00 -2.294998e+00 0.000000e+00
      vertex -3.532520e+00 -2.008129e+00 0.000000e+00
      vertex -3.267410e+00 -2.008129e+00 0.000000e+00
    endloop
  endfacet
  facet normal -1.224647e-16 0.000000e+00 -1.000000e+00
    outer loop
      vertex -3.267410e+00 -2.008129e+00 0.000000e+00
      vertex -3.532520e+00 -2.008129e+00 0.000000e+00
      vertex -3.532520e+00 -1.721251e+00 0.000000e+00
    endloop
  endfacet
  facet normal -1.224647e-16 0.000000e+00 -1.000000e+00
    outer loop
      vertex -3.267410e+00 -2.008129e+00 0.000000e+00
      vertex -3.532520e+00 -1.721251e+00 0.000000e+00
      vertex -3.267410e+00 -1.721251e+00 0.000000e+00
    endloop
  endfacet
  facet normal -1.224647e-16 0.000000e+00 -1.000000e+00
    outer loop
      vertex -3.532520e+00 -2.294998e+00 0.000000e+00
      vertex -3.797619e+00 -2.294998e+00 0.000000e+00
      vertex -3.797619e+00 -2.008129e+00 0.000000e+00
    endloop
  endfacet
  facet normal -1.224647e-16 0.000000e+00 -1.000000e+00
    outer loop
      vertex -3.532520e+00 -2.294998e+00 0.000000e+00
      vertex -3.797619e+00 -2.008129e+00 0.000000e+00
      vertex -3.532520e+00 -2.008129e+00 0.000000e+00
    endloop
  endfacet
  facet normal -1.224647e-16 0.000000e+00 -1.000000e+00
    outer loop
      vertex -3.267410e+00 -1.721251e+00 0.000000e+00
      vertex -3.532520e+00 -1.721251e+00 0.000000e+00
      vertex -3.532520e+00 -1.434380e+00 0.000000e+00
    endloop
  endfacet
  facet normal -1.224647e-16 0.000000e+00 -1.000000e+00
    outer loop
      vertex -3.267410e+00 -1.721251e+00 0.000000e+00
      vertex -3.532520e+00 -1.434380e+00 0.000000e+00
      vertex -3.267410e+00 -1.434380e+00 0.000000e+00
    endloop
  endfacet
  facet normal -1.224647e-16 0.000000e+00 -1.000000e+00
    outer loop
      vertex -3.267410e+00 -1.434380e+00 0.000000e+00
      vertex -3.532520e+00 -1.434380e+00 0.000000e+00
      vertex -3.532520e+00 -1.147499e+00 0.000000e+00
    endloop
  endfacet
  facet normal -1.224647e-16 0.000000e+00 -1.000000e+00
    outer loop
      vertex -3.267410e+00 -1.434380e+00 0.000000e+00
      vertex -3.532520e+00 -1.147499e+00 0.000000e+00
      vertex -3.267410e+00 -1.147499e+00 0.000000e+00
    endloop
  endfacet
  facet normal -1.224647e-16 0.000000e+00 -1.000000e+00
    outer loop
      vertex -3.532520e+00 -1.434380e+00 0.000000e+00
      vertex -3.797619e+00 -1.147499e+00 0.000000e+00
      vertex -3.532520e+00 -1.147499e+00 0.000000e+00
    endloop
  endfacet
  facet normal -1.224647e-16 0.000000e+00 -1.000000e+00
    outer loop
      vertex 3.095051e+00 -5.737495e-01 0.000000e+00
      vertex 4.155472e+00 -1.147499e+00 0.000000e+00
      vertex 3.095051e+00 -1.147499e+00 0.000000e+00
    endloop
  endfacet
  facet normal -1.224647e-16 0.000000e+00 -1.000000e+00
    outer loop
      vertex 4.155472e+00 0.000000e+00 0.000000e+00
      vertex 3.095051e+00 -5.737495e-01 0.000000e+00
      vertex 3.095051e+00 0.000000e+00 0.000000e+00
    endloop
  endfacet
  facet normal -1.224647e-16 0.000000e+00 -1.000000e+00
    outer loop
      vertex 4.155472e+00 -1.147499e+00 0.000000e+00
      vertex 3.095051e+00 -5.737495e-01 0.000000e+00
      vertex 4.155472e+00 0.000000e+00 0.000000e+00
    endloop
  endfacet
  facet normal -1.224647e-16 0.000000e+00 -1.000000e+00
    outer loop
      vertex 3.095051e+00 -1.147499e+00 0.000000e+00
      vertex 2.564850e+00 -1.147499e+00 0.000000e+00
      vertex 2.564850e+00 -5.737495e-01 0.000000e+00
    endloop
  endfacet
  facet normal -1.224647e-16 0.000000e+00 -1.000000e+00
    outer loop
      vertex 3.095051e+00 -1.147499e+00 0.000000e+00
      vertex 2.564850e+00 -5.737495e-01 0.000000e+00
      vertex 3.095051e+00 -5.737495e-01 0.000000e+00
    endloop
  endfacet
  facet normal -1.224647e-16 0.000000e+00 -1.000000e+00
    outer loop
      vertex 3.095051e+00 -5.737495e-01 0.000000e+00
      vertex 2.564850e+00 -5.737495e-01 0.000000e+00
      vertex 2.564850e+00 0.000000e+00 0.000000e+00
    endloop
  endfacet
  facet normal -1.224647e-16 0.000000e+00 -1.000000e+00
    outer loop
      vertex 3.095051e+00 -5.737495e-01 0.000000e+00
      vertex 2.564850e+00 0.000000e+00 0.000000e+00
      vertex 3.095051e+00 0.000000e+00 0.000000e+00
    endloop
  endfacet
  facet normal -1.224647e-16 0.000000e+00 -1.000000e+00
    outer loop
      vertex 3.095051e+00 -1.721251e+00 0.000000e+00
      vertex 2.564850e+00 -1.721251e+00 0.000000e+00
      vertex 2.564850e+00 -1.147499e+00 0.000000e+00
    endloop
  endfacet
  facet normal -1.224647e-16 0.000000e+00 -1.000000e+00
    outer loop
      vertex 3.095051e+00 -1.721251e+00 0.000000e+00
      vertex 2.564850e+00 -1.147499e+00 0.000000e+00
      vertex 3.095051e+00 -1.147499e+00 0.000000e+00
    endloop
  endfacet
  facet normal -1.224647e-16 0.000000e+00 -1.000000e+00
    outer loop
      vertex 2.564850e+00 -1.147499e+00 0.000000e+00
      vertex 2.034649e+00 -1.721251e+00 0.000000e+00
      vertex 2.034649e+00 -1.147499e+00 0.000000e+00
    endloop
  endfacet
  facet normal -1.224647e-16 0.000000e+00 -1.000000e+00
    outer loop
      vertex 6.276291e+00 -1.147499e+00 0.000000e+00
      vertex 4.155472e+00 -1.147499e+00 0.000000e+00
      vertex 4.155472e+00 0.000000e+00 0.000000e+00
    endloop
  endfacet
  facet normal -1.224647e-16 0.000000e+00 -1.000000e+00
    outer loop
      vertex 6.276291e+00 -1.147499e+00 0.000000e+00
      vertex 4.155472e+00 0.000000e+00 0.000000e+00
      vertex 6.276291e+00 0.000000e+00 0.000000e+00
    endloop
  endfacet
  facet normal -1.224647e-16 0.000000e+00 -1.000000e+00
    outer loop
      vertex 4.155472e+00 -1.147499e+00 0.000000e+00
      vertex 6.276291e+00 -1.147499e+00 0.000000e+00
      vertex 6.276291e+00 -2.294998e+00 0.000000e+00
    endloop
  endfacet
  facet normal -1.224647e-16 0.000000e+00 -1.000000e+00
    outer loop
      vertex 4.155472e+00 -1.147499e+00 0.000000e+00
      vertex 6.276291e+00 -2.294998e+00 0.000000e+00
      vertex 4.155472e+00 -2.294998e+00 0.000000e+00
    endloop
  endfacet
  facet normal -1.224647e-16 0.000000e+00 -1.000000e+00
    outer loop
      vertex 7.336700e+00 -1.147499e+00 0.000000e+00
      vertex 6.276291e+00 -1.147499e+00 0.000000e+00
      vertex 6.276291e+00 0.000000e+00 0.000000e+00
    endloop
  endfacet
  facet normal -1.224647e-16 0.000000e+00 -1.000000e+00
    outer loop
      vertex 7.336700e+00 -1.147499e+00 0.000000e+00
      vertex 6.276291e+00 0.000000e+00 0.000000e+00
      vertex 7.336700e+00 0.000000e+00 0.000000e+00
    endloop
  endfacet
  facet normal -1.224647e-16 0.000000e+00 -1.000000e+00
    outer loop
      vertex 7.336700e+00 -2.294998e+00 0.000000e+00
      vertex 6.276291e+00 -2.294998e+00 0.000000e+00
      vertex 6.276291e+00 -1.147499e+00 0.000000e+00
    endloop
  endfacet
  facet normal -1.224647e-16 0.000000e+00 -1.000000e+00
    outer loop
      vertex 7.336700e+00 -2.294998e+00 0.000000e+00
      vertex 6.276291e+00 -1.147499e+00 0.000000e+00
      vertex 7.336700e+00 -1.147499e+00 0.000000e+00
    endloop
  endfacet
  facet normal -1.224647e-16 0.000000e+00 -1.000000e+00
    outer loop
      vertex -4.327820e+00 -4.590000e+00 0.000000e+00
      vertex -5.388241e+00 -4.590000e+00 1.776357e-15
      vertex -5.388241e+00 -3.442501e+00 1.776357e-15
    endloop
  endfacet
  facet normal -1.224647e-16 0.000000e+00 -1.000000e+00
    outer loop
      vertex -4.327820e+00 -4.590000e+00 0.000000e+00
      vertex -5.388241e+00 -3.442501e+00 1.776357e-15
      vertex -4.327820e+00 -3.442501e+00 0.000000e+00
    endloop
  endfacet
  facet normal -1.224647e-16 0.000000e+00 -1.000000e+00
    outer loop
      vertex -2.207001e+00 -4.590000e+00 0.000000e+00
      vertex -3.267410e+00 -4.590000e+00 0.000000e+00
      vertex -3.267410e+00 -3.442501e+00 0.000000e+00
    endloop
  endfacet
  facet normal -1.224647e-16 0.000000e+00 -1.000000e+00
    outer loop
      vertex -2.207001e+00 -4.590000e+00 0.000000e+00
      vertex -3.267410e+00 -3.442501e+00 0.000000e+00
      vertex -2.207001e+00 -3.442501e+00 0.000000e+00
    endloop
  endfacet
  facet normal -1.224647e-16 0.000000e+00 -1.000000e+00
    outer loop
      vertex -3.267410e+00 -3.442501e+00 0.000000e+00
      vertex -3.797619e+00 -3.442501e+00 0.000000e+00
      vertex -3.797619e+00 -2.868752e+00 0.000000e+00
    endloop
  endfacet
  facet normal -1.224647e-16 0.000000e+00 -1.000000e+00
    outer loop
      vertex -3.267410e+00 -3.442501e+00 0.000000e+00
      vertex -3.797619e+00 -2.868752e+00 0.000000e+00
      vertex -3.267410e+00 -2.868752e+00 0.000000e+00
    endloop
  endfacet
  facet normal -1.224647e-16 0.000000e+00 -1.000000e+00
    outer loop
      vertex -3.532520e+00 -2.294998e+00 0.000000e+00
      vertex -3.797619e+00 -2.868752e+00 0.000000e+00
      vertex -3.797619e+00 -2.294998e+00 0.000000e+00
    endloop
  endfacet
  facet normal -1.224647e-16 0.000000e+00 -1.000000e+00
    outer loop
      vertex -3.267410e+00 -2.868752e+00 0.000000e+00
      vertex -3.532520e+00 -2.294998e+00 0.000000e+00
      vertex -3.267410e+00 -2.294998e+00 0.000000e+00
    endloop
  endfacet
  facet normal -1.224647e-16 0.000000e+00 -1.000000e+00
    outer loop
      vertex -3.797619e+00 -2.868752e+00 0.000000e+00
      vertex -3.532520e+00 -2.294998e+00 0.000000e+00
      vertex -3.267410e+00 -2.868752e+00 0.000000e+00
    endloop
  endfacet
  facet normal -1.224647e-16 0.000000e+00 -1.000000e+00
    outer loop
      vertex -3.797619e+00 -2.868752e+00 0.000000e+00
      vertex -4.327820e+00 -2.868752e+00 0.000000e+00
      vertex -4.327820e+00 -2.294998e+00 0.000000e+00
    endloop
  endfacet
  facet normal -1.224647e-16 0.000000e+00 -1.000000e+00
    outer loop
      vertex -3.797619e+00 -2.868752e+00 0.000000e+00
      vertex -4.327820e+00 -2.294998e+00 0.000000e+00
      vertex -3.797619e+00 -2.294998e+00 0.000000e+00
    endloop
  endfacet
  facet normal -1.224647e-16 0.000000e+00 -1.000000e+00
    outer loop
      vertex -3.797619e+00 -3.442501e+00 0.000000e+00
      vertex -4.327820e+00 -3.442501e+00 0.000000e+00
      vertex -4.327820e+00 -2.868752e+00 0.000000e+00
    endloop
  endfacet
  facet normal -1.224647e-16 0.000000e+00 -1.000000e+00
    outer loop
      vertex -3.797619e+00 -3.442501e+00 0.000000e+00
      vertex -4.327820e+00 -2.868752e+00 0.000000e+00
      vertex -3.797619e+00 -2.868752e+00 0.000000e+00
    endloop
  endfacet
  facet normal -1.224647e-16 0.000000e+00 -1.000000e+00
    outer loop
      vertex -3.797619e+00 -3.442501e+00 0.000000e+00
      vertex -4.327820e+00 -4.590000e+00 0.000000e+00
      vertex -4.327820e+00 -3.442501e+00 0.000000e+00
    endloop
  endfacet
  facet normal -1.224647e-16 0.000000e+00 -1.000000e+00
    outer loop
      vertex -3.267410e+00 -4.590000e+00 0.000000e+00
      vertex -3.797619e+00 -3.442501e+00 0.000000e+00
      vertex -3.267410e+00 -3.442501e+00 0.000000e+00
    endloop
  endfacet
  facet normal -1.224647e-16 0.000000e+00 -1.000000e+00
    outer loop
      vertex -4.327820e+00 -4.590000e+00 0.000000e+00
      vertex -3.797619e+00 -3.442501e+00 0.000000e+00
      vertex -3.267410e+00 -4.590000e+00 0.000000e+00
    endloop
  endfacet
  facet normal -1.224647e-16 0.000000e+00 -1.000000e+00
    outer loop
      vertex -6.163788e-01 -2.868752e+00 0.000000e+00
      vertex -1.146591e+00 -3.442501e+00 0.000000e+00
      vertex -1.146591e+00 -2.868752e+00 0.000000e+00
    endloop
  endfacet
  facet normal -1.224647e-16 0.000000e+00 -1.000000e+00
    outer loop
      vertex -1.146591e+00 -3.442501e+00 0.000000e+00
      vertex -1.676800e+00 -3.442501e+00 0.000000e+00
      vertex -1.676800e+00 -2.868752e+00 0.000000e+00
    endloop
  endfacet
  facet normal -1.224647e-16 0.000000e+00 -1.000000e+00
    outer loop
      vertex -1.146591e+00 -3.442501e+00 0.000000e+00
      vertex -1.676800e+00 -2.868752e+00 0.000000e+00
      vertex -1.146591e+00 -2.868752e+00 0.000000e+00
    endloop
  endfacet
  facet normal -1.224647e-16 0.000000e+00 -1.000000e+00
    outer loop
      vertex -1.676800e+00 -3.442501e+00 0.000000e+00
      vertex -2.207001e+00 -3.442501e+00 0.000000e+00
      vertex -2.207001e+00 -2.868752e+00 0.000000e+00
    endloop
  endfacet
  facet normal -1.224647e-16 0.000000e+00 -1.000000e+00
    outer loop
      vertex -1.676800e+00 -3.442501e+00 0.000000e+00
      vertex -2.207001e+00 -2.868752e+00 0.000000e+00
      vertex -1.676800e+00 -2.868752e+00 0.000000e+00
    endloop
  endfacet
  facet normal -1.224647e-16 0.000000e+00 -1.000000e+00
    outer loop
      vertex -1.146591e+00 -4.016251e+00 0.000000e+00
      vertex -1.676800e+00 -3.442501e+00 0.000000e+00
      vertex -1.146591e+00 -3.442501e+00 0.000000e+00
    endloop
  endfacet
  facet normal -1.224647e-16 0.000000e+00 -1.000000e+00
    outer loop
      vertex -1.676800e+00 -3.442501e+00 0.000000e+00
      vertex -2.207001e+00 -4.590000e+00 0.000000e+00
      vertex -2.207001e+00 -3.442501e+00 0.000000e+00
    endloop
  endfacet
  facet normal -1.224647e-16 0.000000e+00 -1.000000e+00
    outer loop
      vertex -2.207001e+00 -4.590000e+00 0.000000e+00
      vertex -1.146591e+00 -4.016251e+00 0.000000e+00
      vertex -1.146591e+00 -4.590000e+00 0.000000e+00
    endloop
  endfacet
  facet normal -1.224647e-16 0.000000e+00 -1.000000e+00
    outer loop
      vertex -1.146591e+00 -4.016251e+00 0.000000e+00
      vertex -2.207001e+00 -4.590000e+00 0.000000e+00
      vertex -1.676800e+00 -3.442501e+00 0.000000e+00
    endloop
  endfacet
  facet normal -1.224647e-16 0.000000e+00 -1.000000e+00
    outer loop
      vertex 7.336700e+00 -3.442501e+00 0.000000e+00
      vertex 6.276291e+00 -2.294998e+00 0.000000e+00
      vertex 7.336700e+00 -2.294998e+00 0.000000e+00
    endloop
  endfacet
  facet normal -1.224647e-16 0.000000e+00 -1.000000e+00
    outer loop
      vertex -3.267410e+00 -4.590000e+00 0.000000e+00
      vertex -2.207001e+00 -5.737499e+00 0.000000e+00
      vertex -3.267410e+00 -6.884998e+00 0.000000e+00
    endloop
  endfacet
  facet normal -1.224647e-16 0.000000e+00 -1.000000e+00
    outer loop
      vertex -3.267410e+00 -6.884998e+00 0.000000e+00
      vertex -2.207001e+00 -5.737499e+00 0.000000e+00
      vertex -2.207001e+00 -6.884998e+00 0.000000e+00
    endloop
  endfacet
  facet normal -1.224647e-16 0.000000e+00 -1.000000e+00
    outer loop
      vertex -2.207001e+00 -5.737499e+00 0.000000e+00
      vertex -3.267410e+00 -4.590000e+00 0.000000e+00
      vertex -2.207001e+00 -4.590000e+00 0.000000e+00
    endloop
  endfacet
  facet normal -1.224647e-16 0.000000e+00 -1.000000e+00
    outer loop
      vertex -3.267410e+00 -4.590000e+00 0.000000e+00
      vertex -3.267410e+00 -6.884998e+00 0.000000e+00
      vertex -4.327820e+00 -6.884998e+00 0.000000e+00
    endloop
  endfacet
  facet normal -1.224647e-16 0.000000e+00 -1.000000e+00
    outer loop
      vertex -3.267410e+00 -4.590000e+00 0.000000e+00
      vertex -4.327820e+00 -6.884998e+00 0.000000e+00
      vertex -4.327820e+00 -4.590000e+00 0.000000e+00
    endloop
  endfacet
  facet normal -1.224647e-16 0.000000e+00 -1.000000e+00
    outer loop
      vertex -1.146591e+00 -5.737499e+00 0.000000e+00
      vertex -2.207001e+00 -5.737499e+00 0.000000e+00
      vertex -2.207001e+00 -4.590000e+00 0.000000e+00
    endloop
  endfacet
  facet normal -1.224647e-16 0.000000e+00 -1.000000e+00
    outer loop
      vertex -1.146591e+00 -5.737499e+00 0.000000e+00
      vertex -2.207001e+00 -4.590000e+00 0.000000e+00
      vertex -1.146591e+00 -4.590000e+00 0.000000e+00
    endloop
  endfacet
  facet normal -1.224647e-16 0.000000e+00 -1.000000e+00
    outer loop
      vertex -1.146591e+00 -6.884998e+00 0.000000e+00
      vertex -2.207001e+00 -6.884998e+00 0.000000e+00
      vertex -2.207001e+00 -5.737499e+00 0.000000e+00
    endloop
  endfacet
  facet normal -1.224647e-16 0.000000e+00 -1.000000e+00
    outer loop
      vertex -1.146591e+00 -6.884998e+00 0.000000e+00
      vertex -2.207001e+00 -5.737499e+00 0.000000e+00
      vertex -1.146591e+00 -5.737499e+00 0.000000e+00
    endloop
  endfacet
  facet normal -1.224647e-16 0.000000e+00 -1.000000e+00
    outer loop
      vertex -2.207001e+00 -8.032501e+00 0.000000e+00
      vertex -3.267410e+00 -8.032501e+00 0.000000e+00
      vertex -3.267410e+00 -6.884998e+00 0.000000e+00
    endloop
  endfacet
  facet normal -1.224647e-16 0.000000e+00 -1.000000e+00
    outer loop
      vertex -2.207001e+00 -8.032501e+00 0.000000e+00
      vertex -3.267410e+00 -6.884998e+00 0.000000e+00
      vertex -2.207001e+00 -6.884998e+00 0.000000e+00
    endloop
  endfacet
  facet normal -1.224647e-16 0.000000e+00 -1.000000e+00
    outer loop
      vertex -1.146591e+00 -8.032501e+00 0.000000e+00
      vertex -2.207001e+00 -8.032501e+00 0.000000e+00
      vertex -2.207001e+00 -6.884998e+00 0.000000e+00
    endloop
  endfacet
  facet normal -1.224647e-16 0.000000e+00 -1.000000e+00
    outer loop
      vertex -1.146591e+00 -8.032501e+00 0.000000e+00
      vertex -2.207001e+00 -6.884998e+00 0.000000e+00
      vertex -1.146591e+00 -6.884998e+00 0.000000e+00
    endloop
  endfacet
  facet normal -1.224647e-16 0.000000e+00 -1.000000e+00
    outer loop
      vertex -6.076210e+00 7.144421e+00 1.776357e-15
      vertex -4.327820e+00 6.885000e+00 0.000000e+00
      vertex -6.448650e+00 5.737499e+00 1.776357e-15
    endloop
  endfacet
  facet normal -1.224647e-16 0.000000e+00 -1.000000e+00
    outer loop
      vertex -6.076210e+00 7.144421e+00 1.776357e-15
      vertex -6.448650e+00 5.737499e+00 1.776357e-15
      vertex -6.536652e+00 6.766870e+00 1.776357e-15
    endloop
  endfacet
  facet normal -1.224647e-16 0.000000e+00 -1.000000e+00
    outer loop
      vertex -4.327820e+00 6.885000e+00 0.000000e+00
      vertex -5.080009e+00 7.807390e+00 1.776357e-15
      vertex -4.550560e+00 8.088011e+00 0.000000e+00
    endloop
  endfacet
  facet normal -1.224647e-16 0.000000e+00 -1.000000e+00
    outer loop
      vertex -5.080009e+00 7.807390e+00 1.776357e-15
      vertex -4.327820e+00 6.885000e+00 0.000000e+00
      vertex -5.589668e+00 7.492130e+00 1.776357e-15
    endloop
  endfacet
  facet normal -1.224647e-16 0.000000e+00 -1.000000e+00
    outer loop
      vertex -6.076210e+00 7.144421e+00 1.776357e-15
      vertex -5.589668e+00 7.492130e+00 1.776357e-15
      vertex -4.327820e+00 6.885000e+00 0.000000e+00
    endloop
  endfacet
  facet normal -1.224647e-16 0.000000e+00 -1.000000e+00
    outer loop
      vertex -4.004890e+00 8.332251e+00 0.000000e+00
      vertex -4.327820e+00 6.885000e+00 0.000000e+00
      vertex -4.550560e+00 8.088011e+00 0.000000e+00
    endloop
  endfacet
  facet normal -1.224647e-16 0.000000e+00 -1.000000e+00
    outer loop
      vertex -6.448650e+00 5.737499e+00 1.776357e-15
      vertex -6.972778e+00 6.358021e+00 1.776357e-15
      vertex -6.536652e+00 6.766870e+00 1.776357e-15
    endloop
  endfacet
  facet normal -1.224647e-16 0.000000e+00 -1.000000e+00
    outer loop
      vertex -7.509060e+00 4.590000e+00 1.776357e-15
      vertex -8.086712e+00 4.999241e+00 1.776357e-15
      vertex -7.749561e+00 5.470381e+00 1.776357e-15
    endloop
  endfacet
  facet normal -1.224647e-16 0.000000e+00 -1.000000e+00
    outer loop
      vertex -7.217159e+00 3.818750e+00 1.776357e-15
      vertex -8.397110e+00 4.500000e+00 1.776357e-15
      vertex -7.509060e+00 4.590000e+00 1.776357e-15
    endloop
  endfacet
  facet normal -1.224647e-16 0.000000e+00 -1.000000e+00
    outer loop
      vertex -8.086712e+00 4.999241e+00 1.776357e-15
      vertex -7.509060e+00 4.590000e+00 1.776357e-15
      vertex -8.397110e+00 4.500000e+00 1.776357e-15
    endloop
  endfacet
  facet normal -1.224647e-16 0.000000e+00 -1.000000e+00
    outer loop
      vertex -7.377838e+00 5.924520e+00 1.776357e-15
      vertex -7.509060e+00 4.590000e+00 1.776357e-15
      vertex -7.749561e+00 5.470381e+00 1.776357e-15
    endloop
  endfacet
  facet normal -1.224647e-16 0.000000e+00 -1.000000e+00
    outer loop
      vertex -6.972778e+00 6.358021e+00 1.776357e-15
      vertex -6.448650e+00 5.737499e+00 1.776357e-15
      vertex -7.377838e+00 5.924520e+00 1.776357e-15
    endloop
  endfacet
  facet normal -1.224647e-16 0.000000e+00 -1.000000e+00
    outer loop
      vertex -6.448650e+00 5.737499e+00 1.776357e-15
      vertex -7.509060e+00 4.590000e+00 1.776357e-15
      vertex -7.377838e+00 5.924520e+00 1.776357e-15
    endloop
  endfacet
  facet normal -1.224647e-16 0.000000e+00 -1.000000e+00
    outer loop
      vertex -6.448650e+00 4.590000e+00 1.776357e-15
      vertex -4.327820e+00 4.590000e+00 0.000000e+00
      vertex -6.037201e+00 3.137501e+00 1.776357e-15
    endloop
  endfacet
  facet normal -1.224647e-16 0.000000e+00 -1.000000e+00
    outer loop
      vertex -6.448650e+00 4.590000e+00 1.776357e-15
      vertex -7.217159e+00 3.818750e+00 1.776357e-15
      vertex -7.509060e+00 4.590000e+00 1.776357e-15
    endloop
  endfacet
  facet normal -1.224647e-16 0.000000e+00 -1.000000e+00
    outer loop
      vertex -4.327820e+00 4.590000e+00 0.000000e+00
      vertex -6.448650e+00 5.737499e+00 1.776357e-15
      vertex -4.327820e+00 6.885000e+00 0.000000e+00
    endloop
  endfacet
  facet normal -1.224647e-16 0.000000e+00 -1.000000e+00
    outer loop
      vertex -6.448650e+00 4.590000e+00 1.776357e-15
      vertex -6.448650e+00 5.737499e+00 1.776357e-15
      vertex -4.327820e+00 4.590000e+00 0.000000e+00
    endloop
  endfacet
  facet normal -1.224647e-16 0.000000e+00 -1.000000e+00
    outer loop
      vertex -3.267410e+00 8.032499e+00 0.000000e+00
      vertex -3.446751e+00 8.538870e+00 0.000000e+00
      vertex -2.880020e+00 8.707161e+00 0.000000e+00
    endloop
  endfacet
  facet normal -1.224647e-16 0.000000e+00 -1.000000e+00
    outer loop
      vertex -3.446751e+00 8.538870e+00 0.000000e+00
      vertex -3.267410e+00 8.032499e+00 0.000000e+00
      vertex -4.004890e+00 8.332251e+00 0.000000e+00
    endloop
  endfacet
  facet normal -1.224647e-16 0.000000e+00 -1.000000e+00
    outer loop
      vertex -3.267410e+00 8.032499e+00 0.000000e+00
      vertex -4.327820e+00 6.885000e+00 0.000000e+00
      vertex -4.004890e+00 8.332251e+00 0.000000e+00
    endloop
  endfacet
  facet normal -1.224647e-16 0.000000e+00 -1.000000e+00
    outer loop
      vertex -2.207001e+00 8.032499e+00 0.000000e+00
      vertex -3.267410e+00 8.032499e+00 0.000000e+00
      vertex -2.880020e+00 8.707161e+00 0.000000e+00
    endloop
  endfacet
  facet normal -1.224647e-16 0.000000e+00 -1.000000e+00
    outer loop
      vertex -1.736149e+00 8.928360e+00 0.000000e+00
      vertex -1.166451e+00 8.982340e+00 0.000000e+00
      vertex -1.146591e+00 8.032499e+00 0.000000e+00
    endloop
  endfacet
  facet normal -1.224647e-16 0.000000e+00 -1.000000e+00
    outer loop
      vertex -1.736149e+00 8.928360e+00 0.000000e+00
      vertex -2.207001e+00 8.032499e+00 0.000000e+00
      vertex -2.308559e+00 8.836889e+00 0.000000e+00
    endloop
  endfacet
  facet normal -1.224647e-16 0.000000e+00 -1.000000e+00
    outer loop
      vertex -2.880020e+00 8.707161e+00 0.000000e+00
      vertex -2.308559e+00 8.836889e+00 0.000000e+00
      vertex -2.207001e+00 8.032499e+00 0.000000e+00
    endloop
  endfacet
  facet normal -1.224647e-16 0.000000e+00 -1.000000e+00
    outer loop
      vertex -2.207001e+00 8.032499e+00 0.000000e+00
      vertex -1.736149e+00 8.928360e+00 0.000000e+00
      vertex -1.146591e+00 8.032499e+00 0.000000e+00
    endloop
  endfacet
  facet normal -1.224647e-16 0.000000e+00 -1.000000e+00
    outer loop
      vertex -6.037201e+00 3.137501e+00 1.776357e-15
      vertex -4.327820e+00 4.590000e+00 0.000000e+00
      vertex -4.327820e+00 3.442499e+00 0.000000e+00
    endloop
  endfacet
  facet normal -1.224647e-16 0.000000e+00 -1.000000e+00
    outer loop
      vertex -1.146591e+00 5.737499e+00 0.000000e+00
      vertex -1.146591e+00 6.885000e+00 0.000000e+00
      vertex -6.028900e-01 6.275000e+00 0.000000e+00
    endloop
  endfacet
  facet normal -1.224647e-16 0.000000e+00 -1.000000e+00
    outer loop
      vertex -1.146591e+00 4.016251e+00 0.000000e+00
      vertex -1.146591e+00 4.590000e+00 0.000000e+00
      vertex -6.028900e-01 4.912500e+00 0.000000e+00
    endloop
  endfacet
  facet normal -1.224647e-16 0.000000e+00 -1.000000e+00
    outer loop
      vertex -1.146591e+00 4.590000e+00 0.000000e+00
      vertex -1.146591e+00 5.737499e+00 0.000000e+00
      vertex -6.028900e-01 4.912500e+00 0.000000e+00
    endloop
  endfacet
  facet normal -1.224647e-16 0.000000e+00 -1.000000e+00
    outer loop
      vertex -1.146591e+00 6.885000e+00 0.000000e+00
      vertex -1.146591e+00 8.032499e+00 0.000000e+00
      vertex -6.028900e-01 7.637501e+00 0.000000e+00
    endloop
  endfacet
  facet normal -1.224647e-16 0.000000e+00 -1.000000e+00
    outer loop
      vertex -6.028900e-01 9.000000e+00 0.000000e+00
      vertex -1.146591e+00 8.032499e+00 0.000000e+00
      vertex -1.166451e+00 8.982340e+00 0.000000e+00
    endloop
  endfacet
  facet normal -1.224647e-16 0.000000e+00 -1.000000e+00
    outer loop
      vertex -6.037201e+00 3.137501e+00 1.776357e-15
      vertex -7.217159e+00 3.818750e+00 1.776357e-15
      vertex -6.448650e+00 4.590000e+00 1.776357e-15
    endloop
  endfacet
  facet normal -1.224647e-16 0.000000e+00 -1.000000e+00
    outer loop
      vertex -4.327820e+00 3.442499e+00 0.000000e+00
      vertex -3.267410e+00 2.295000e+00 0.000000e+00
      vertex -4.857231e+00 2.456249e+00 1.776357e-15
    endloop
  endfacet
  facet normal -1.224647e-16 0.000000e+00 -1.000000e+00
    outer loop
      vertex -3.250919e+00 5.267391e-01 0.000000e+00
      vertex -4.019409e+00 9.643192e-01 0.000000e+00
      vertex -3.186611e+00 7.837906e-01 0.000000e+00
    endloop
  endfacet
  facet normal -1.224647e-16 0.000000e+00 -1.000000e+00
    outer loop
      vertex -3.677280e+00 1.775000e+00 0.000000e+00
      vertex -3.267410e+00 2.295000e+00 0.000000e+00
      vertex -2.847778e+00 1.500000e+00 0.000000e+00
    endloop
  endfacet
  facet normal -1.224647e-16 0.000000e+00 -1.000000e+00
    outer loop
      vertex -4.857231e+00 2.456249e+00 1.776357e-15
      vertex -3.267410e+00 2.295000e+00 0.000000e+00
      vertex -3.677280e+00 1.775000e+00 0.000000e+00
    endloop
  endfacet
  facet normal -1.224647e-16 0.000000e+00 -1.000000e+00
    outer loop
      vertex -3.097450e+00 1.033270e+00 0.000000e+00
      vertex -3.910110e+00 1.290251e+00 0.000000e+00
      vertex -3.677280e+00 1.775000e+00 0.000000e+00
    endloop
  endfacet
  facet normal -1.224647e-16 0.000000e+00 -1.000000e+00
    outer loop
      vertex -4.019409e+00 9.643192e-01 0.000000e+00
      vertex -3.910110e+00 1.290251e+00 0.000000e+00
      vertex -3.186611e+00 7.837906e-01 0.000000e+00
    endloop
  endfacet
  facet normal -1.224647e-16 0.000000e+00 -1.000000e+00
    outer loop
      vertex -3.910110e+00 1.290251e+00 0.000000e+00
      vertex -3.097450e+00 1.033270e+00 0.000000e+00
      vertex -3.186611e+00 7.837906e-01 0.000000e+00
    endloop
  endfacet
  facet normal -1.224647e-16 0.000000e+00 -1.000000e+00
    outer loop
      vertex -3.250919e+00 5.267391e-01 0.000000e+00
      vertex -4.095139e+00 6.376801e-01 0.000000e+00
      vertex -4.019409e+00 9.643192e-01 0.000000e+00
    endloop
  endfacet
  facet normal -1.224647e-16 0.000000e+00 -1.000000e+00
    outer loop
      vertex -3.267410e+00 3.442499e+00 0.000000e+00
      vertex -2.207001e+00 2.868750e+00 0.000000e+00
      vertex -3.267410e+00 2.295000e+00 0.000000e+00
    endloop
  endfacet
  facet normal -1.224647e-16 0.000000e+00 -1.000000e+00
    outer loop
      vertex -3.302971e+00 -9.536743e-06 0.000000e+00
      vertex -4.152889e+00 0.000000e+00 0.000000e+00
      vertex -4.140579e+00 2.953892e-01 0.000000e+00
    endloop
  endfacet
  facet normal -1.224647e-16 0.000000e+00 -1.000000e+00
    outer loop
      vertex -3.289879e+00 -2.646198e-01 0.000000e+00
      vertex -4.136009e+00 -3.457508e-01 0.000000e+00
      vertex -3.302971e+00 -9.536743e-06 0.000000e+00
    endloop
  endfacet
  facet normal -1.224647e-16 0.000000e+00 -1.000000e+00
    outer loop
      vertex -4.152889e+00 0.000000e+00 0.000000e+00
      vertex -3.302971e+00 -9.536743e-06 0.000000e+00
      vertex -4.136009e+00 -3.457508e-01 0.000000e+00
    endloop
  endfacet
  facet normal -1.224647e-16 0.000000e+00 -1.000000e+00
    outer loop
      vertex -3.289879e+00 2.646408e-01 0.000000e+00
      vertex -3.302971e+00 -9.536743e-06 0.000000e+00
      vertex -4.140579e+00 2.953892e-01 0.000000e+00
    endloop
  endfacet
  facet normal -1.224647e-16 0.000000e+00 -1.000000e+00
    outer loop
      vertex -3.289879e+00 2.646408e-01 0.000000e+00
      vertex -4.095139e+00 6.376801e-01 0.000000e+00
      vertex -3.250919e+00 5.267391e-01 0.000000e+00
    endloop
  endfacet
  facet normal -1.224647e-16 0.000000e+00 -1.000000e+00
    outer loop
      vertex -3.289879e+00 -2.646198e-01 0.000000e+00
      vertex -3.250919e+00 -5.267200e-01 0.000000e+00
      vertex -4.087502e+00 -6.782303e-01 0.000000e+00
    endloop
  endfacet
  facet normal -1.224647e-16 0.000000e+00 -1.000000e+00
    outer loop
      vertex -4.087502e+00 -6.782303e-01 0.000000e+00
      vertex -4.136009e+00 -3.457508e-01 0.000000e+00
      vertex -3.289879e+00 -2.646198e-01 0.000000e+00
    endloop
  endfacet
  facet normal -1.224647e-16 0.000000e+00 -1.000000e+00
    outer loop
      vertex -4.140579e+00 2.953892e-01 0.000000e+00
      vertex -4.095139e+00 6.376801e-01 0.000000e+00
      vertex -3.289879e+00 2.646408e-01 0.000000e+00
    endloop
  endfacet
  facet normal -1.224647e-16 0.000000e+00 -1.000000e+00
    outer loop
      vertex -2.207001e+00 3.442499e+00 0.000000e+00
      vertex -2.207001e+00 2.868750e+00 0.000000e+00
      vertex -3.267410e+00 3.442499e+00 0.000000e+00
    endloop
  endfacet
  facet normal -1.224647e-16 0.000000e+00 -1.000000e+00
    outer loop
      vertex -1.386662e+00 2.583731e+00 0.000000e+00
      vertex -1.636169e+00 2.494560e+00 0.000000e+00
      vertex -1.676800e+00 2.868750e+00 0.000000e+00
    endloop
  endfacet
  facet normal -1.224647e-16 0.000000e+00 -1.000000e+00
    outer loop
      vertex -1.676800e+00 2.868750e+00 0.000000e+00
      vertex -1.636169e+00 2.494560e+00 0.000000e+00
      vertex -1.875629e+00 2.381201e+00 0.000000e+00
    endloop
  endfacet
  facet normal -1.224647e-16 0.000000e+00 -1.000000e+00
    outer loop
      vertex -1.875629e+00 2.381201e+00 0.000000e+00
      vertex -2.207001e+00 2.868750e+00 0.000000e+00
      vertex -1.676800e+00 2.868750e+00 0.000000e+00
    endloop
  endfacet
  facet normal -1.224647e-16 0.000000e+00 -1.000000e+00
    outer loop
      vertex -1.146591e+00 2.868750e+00 0.000000e+00
      vertex -1.129601e+00 2.648041e+00 0.000000e+00
      vertex -1.386662e+00 2.583731e+00 0.000000e+00
    endloop
  endfacet
  facet normal -1.224647e-16 0.000000e+00 -1.000000e+00
    outer loop
      vertex -1.146591e+00 2.868750e+00 0.000000e+00
      vertex -1.386662e+00 2.583731e+00 0.000000e+00
      vertex -1.676800e+00 2.868750e+00 0.000000e+00
    endloop
  endfacet
  facet normal -1.224647e-16 0.000000e+00 -1.000000e+00
    outer loop
      vertex -6.028900e-01 3.549999e+00 0.000000e+00
      vertex -1.146591e+00 3.442499e+00 0.000000e+00
      vertex -1.146591e+00 4.016251e+00 0.000000e+00
    endloop
  endfacet
  facet normal -1.224647e-16 0.000000e+00 -1.000000e+00
    outer loop
      vertex -2.512138e+00 1.909241e+00 0.000000e+00
      vertex -2.689991e+00 1.712879e+00 0.000000e+00
      vertex -3.267410e+00 2.295000e+00 0.000000e+00
    endloop
  endfacet
  facet normal -1.224647e-16 0.000000e+00 -1.000000e+00
    outer loop
      vertex -2.984070e+00 1.272760e+00 0.000000e+00
      vertex -3.677280e+00 1.775000e+00 0.000000e+00
      vertex -2.847778e+00 1.500000e+00 0.000000e+00
    endloop
  endfacet
  facet normal -1.224647e-16 0.000000e+00 -1.000000e+00
    outer loop
      vertex -2.689991e+00 1.712879e+00 0.000000e+00
      vertex -2.847778e+00 1.500000e+00 0.000000e+00
      vertex -3.267410e+00 2.295000e+00 0.000000e+00
    endloop
  endfacet
  facet normal -1.224647e-16 0.000000e+00 -1.000000e+00
    outer loop
      vertex -2.207001e+00 2.868750e+00 0.000000e+00
      vertex -1.875629e+00 2.381201e+00 0.000000e+00
      vertex -2.102871e+00 2.244900e+00 0.000000e+00
    endloop
  endfacet
  facet normal -1.224647e-16 0.000000e+00 -1.000000e+00
    outer loop
      vertex -3.267410e+00 2.295000e+00 0.000000e+00
      vertex -2.207001e+00 2.868750e+00 0.000000e+00
      vertex -2.315750e+00 2.087120e+00 0.000000e+00
    endloop
  endfacet
  facet normal -1.224647e-16 0.000000e+00 -1.000000e+00
    outer loop
      vertex -2.315750e+00 2.087120e+00 0.000000e+00
      vertex -2.207001e+00 2.868750e+00 0.000000e+00
      vertex -2.102871e+00 2.244900e+00 0.000000e+00
    endloop
  endfacet
  facet normal -1.224647e-16 0.000000e+00 -1.000000e+00
    outer loop
      vertex -2.512138e+00 1.909241e+00 0.000000e+00
      vertex -3.267410e+00 2.295000e+00 0.000000e+00
      vertex -2.315750e+00 2.087120e+00 0.000000e+00
    endloop
  endfacet
  facet normal -1.224647e-16 0.000000e+00 -1.000000e+00
    outer loop
      vertex -2.984070e+00 1.272760e+00 0.000000e+00
      vertex -3.097450e+00 1.033270e+00 0.000000e+00
      vertex -3.677280e+00 1.775000e+00 0.000000e+00
    endloop
  endfacet
  facet normal -1.224647e-16 0.000000e+00 -1.000000e+00
    outer loop
      vertex -6.037201e+00 3.137501e+00 1.776357e-15
      vertex -4.327820e+00 3.442499e+00 0.000000e+00
      vertex -4.857231e+00 2.456249e+00 1.776357e-15
    endloop
  endfacet
  facet normal -1.224647e-16 0.000000e+00 -1.000000e+00
    outer loop
      vertex -8.675003e-01 2.686991e+00 0.000000e+00
      vertex -1.129601e+00 2.648041e+00 0.000000e+00
      vertex -1.146591e+00 2.868750e+00 0.000000e+00
    endloop
  endfacet
  facet normal -1.224647e-16 0.000000e+00 -1.000000e+00
    outer loop
      vertex -6.028900e-01 6.275000e+00 0.000000e+00
      vertex -6.028900e-01 4.912500e+00 0.000000e+00
      vertex -1.146591e+00 5.737499e+00 0.000000e+00
    endloop
  endfacet
  facet normal -1.224647e-16 0.000000e+00 -1.000000e+00
    outer loop
      vertex -1.146591e+00 4.016251e+00 0.000000e+00
      vertex -6.028900e-01 4.912500e+00 0.000000e+00
      vertex -6.028900e-01 3.549999e+00 0.000000e+00
    endloop
  endfacet
  facet normal -1.224647e-16 0.000000e+00 -1.000000e+00
    outer loop
      vertex -1.146591e+00 6.885000e+00 0.000000e+00
      vertex -6.028900e-01 7.637501e+00 0.000000e+00
      vertex -6.028900e-01 6.275000e+00 0.000000e+00
    endloop
  endfacet
  facet normal -1.224647e-16 0.000000e+00 -1.000000e+00
    outer loop
      vertex -6.028900e-01 3.549999e+00 0.000000e+00
      vertex -3.074913e-01 3.537689e+00 0.000000e+00
      vertex -6.163788e-01 2.868750e+00 0.000000e+00
    endloop
  endfacet
  facet normal -1.224647e-16 0.000000e+00 -1.000000e+00
    outer loop
      vertex -1.146591e+00 8.032499e+00 0.000000e+00
      vertex -6.028900e-01 9.000000e+00 0.000000e+00
      vertex -6.028900e-01 7.637501e+00 0.000000e+00
    endloop
  endfacet
  facet normal -1.224647e-16 0.000000e+00 -1.000000e+00
    outer loop
      vertex -3.382492e-01 2.686991e+00 0.000000e+00
      vertex -6.028900e-01 2.700090e+00 0.000000e+00
      vertex -6.163788e-01 2.868750e+00 0.000000e+00
    endloop
  endfacet
  facet normal -1.224647e-16 0.000000e+00 -1.000000e+00
    outer loop
      vertex -8.675003e-01 2.686991e+00 0.000000e+00
      vertex -6.163788e-01 2.868750e+00 0.000000e+00
      vertex -6.028900e-01 2.700090e+00 0.000000e+00
    endloop
  endfacet
  facet normal -1.224647e-16 0.000000e+00 -1.000000e+00
    outer loop
      vertex -3.382492e-01 2.686991e+00 0.000000e+00
      vertex -6.163788e-01 2.868750e+00 0.000000e+00
      vertex -3.074913e-01 3.537689e+00 0.000000e+00
    endloop
  endfacet
  facet normal -1.224647e-16 0.000000e+00 -1.000000e+00
    outer loop
      vertex -3.074913e-01 3.537689e+00 0.000000e+00
      vertex 3.479004e-02 3.492260e+00 0.000000e+00
      vertex -3.382492e-01 2.686991e+00 0.000000e+00
    endloop
  endfacet
  facet normal -1.224647e-16 0.000000e+00 -1.000000e+00
    outer loop
      vertex -7.614899e-02 2.648029e+00 0.000000e+00
      vertex 3.479004e-02 3.492260e+00 0.000000e+00
      vertex 3.614311e-01 3.416519e+00 0.000000e+00
    endloop
  endfacet
  facet normal -1.224647e-16 0.000000e+00 -1.000000e+00
    outer loop
      vertex 3.614311e-01 3.416519e+00 0.000000e+00
      vertex 1.809082e-01 2.583719e+00 0.000000e+00
      vertex -7.614899e-02 2.648029e+00 0.000000e+00
    endloop
  endfacet
  facet normal -1.224647e-16 0.000000e+00 -1.000000e+00
    outer loop
      vertex -7.614899e-02 2.648029e+00 0.000000e+00
      vertex -3.382492e-01 2.686991e+00 0.000000e+00
      vertex 3.479004e-02 3.492260e+00 0.000000e+00
    endloop
  endfacet
  facet normal -1.224647e-16 0.000000e+00 -1.000000e+00
    outer loop
      vertex 6.873589e-01 3.307230e+00 0.000000e+00
      vertex 1.809082e-01 2.583719e+00 0.000000e+00
      vertex 3.614311e-01 3.416519e+00 0.000000e+00
    endloop
  endfacet
  facet normal -1.224647e-16 0.000000e+00 -1.000000e+00
    outer loop
      vertex -6.163788e-01 2.868750e+00 0.000000e+00
      vertex -1.146591e+00 3.442499e+00 0.000000e+00
      vertex -6.028900e-01 3.549999e+00 0.000000e+00
    endloop
  endfacet
  facet normal -1.224647e-16 0.000000e+00 -1.000000e+00
    outer loop
      vertex -1.146591e+00 2.868750e+00 0.000000e+00
      vertex -6.163788e-01 2.868750e+00 0.000000e+00
      vertex -8.675003e-01 2.686991e+00 0.000000e+00
    endloop
  endfacet
  facet normal -1.224647e-16 0.000000e+00 -1.000000e+00
    outer loop
      vertex 1.007542e+00 3.163700e+00 0.000000e+00
      vertex 4.303894e-01 2.494560e+00 0.000000e+00
      vertex 6.873589e-01 3.307230e+00 0.000000e+00
    endloop
  endfacet
  facet normal -1.224647e-16 0.000000e+00 -1.000000e+00
    outer loop
      vertex 6.276291e+00 2.295000e+00 0.000000e+00
      vertex 6.011379e+00 3.818750e+00 0.000000e+00
      vertex 7.336700e+00 3.442499e+00 0.000000e+00
    endloop
  endfacet
  facet normal -1.224647e-16 0.000000e+00 -1.000000e+00
    outer loop
      vertex 7.336700e+00 3.442499e+00 0.000000e+00
      vertex 7.191341e+00 4.500000e+00 0.000000e+00
      vertex 7.468491e+00 3.981550e+00 0.000000e+00
    endloop
  endfacet
  facet normal -1.224647e-16 0.000000e+00 -1.000000e+00
    outer loop
      vertex 7.336700e+00 3.442499e+00 0.000000e+00
      vertex 7.707939e+00 3.454010e+00 0.000000e+00
      vertex 7.915379e+00 2.905010e+00 0.000000e+00
    endloop
  endfacet
  facet normal -1.224647e-16 0.000000e+00 -1.000000e+00
    outer loop
      vertex 7.468491e+00 3.981550e+00 0.000000e+00
      vertex 7.707939e+00 3.454010e+00 0.000000e+00
      vertex 7.336700e+00 3.442499e+00 0.000000e+00
    endloop
  endfacet
  facet normal -1.224647e-16 0.000000e+00 -1.000000e+00
    outer loop
      vertex 7.336700e+00 3.442499e+00 0.000000e+00
      vertex 6.011379e+00 3.818750e+00 0.000000e+00
      vertex 7.191341e+00 4.500000e+00 0.000000e+00
    endloop
  endfacet
  facet normal -1.224647e-16 0.000000e+00 -1.000000e+00
    outer loop
      vertex 7.336700e+00 3.442499e+00 0.000000e+00
      vertex 7.915379e+00 2.905010e+00 0.000000e+00
      vertex 7.336700e+00 2.295000e+00 0.000000e+00
    endloop
  endfacet
  facet normal -1.224647e-16 0.000000e+00 -1.000000e+00
    outer loop
      vertex 1.316700e+00 2.986250e+00 0.000000e+00
      vertex 1.609539e+00 2.776270e+00 0.000000e+00
      vertex 1.109989e+00 2.087099e+00 0.000000e+00
    endloop
  endfacet
  facet normal -1.224647e-16 0.000000e+00 -1.000000e+00
    outer loop
      vertex 1.007542e+00 3.163700e+00 0.000000e+00
      vertex 1.316700e+00 2.986250e+00 0.000000e+00
      vertex 6.698799e-01 2.381180e+00 0.000000e+00
    endloop
  endfacet
  facet normal -1.224647e-16 0.000000e+00 -1.000000e+00
    outer loop
      vertex 6.698799e-01 2.381180e+00 0.000000e+00
      vertex 4.303894e-01 2.494560e+00 0.000000e+00
      vertex 1.007542e+00 3.163700e+00 0.000000e+00
    endloop
  endfacet
  facet normal -1.224647e-16 0.000000e+00 -1.000000e+00
    outer loop
      vertex 1.306358e+00 1.909260e+00 0.000000e+00
      vertex 1.609539e+00 2.776270e+00 0.000000e+00
      vertex 1.881062e+00 2.536240e+00 0.000000e+00
    endloop
  endfacet
  facet normal -1.224647e-16 0.000000e+00 -1.000000e+00
    outer loop
      vertex 6.276291e+00 2.295000e+00 0.000000e+00
      vertex 4.831421e+00 3.137501e+00 0.000000e+00
      vertex 6.011379e+00 3.818750e+00 0.000000e+00
    endloop
  endfacet
  facet normal -1.224647e-16 0.000000e+00 -1.000000e+00
    outer loop
      vertex 7.915379e+00 2.905010e+00 0.000000e+00
      vertex 8.088268e+00 2.337469e+00 0.000000e+00
      vertex 7.336700e+00 2.295000e+00 0.000000e+00
    endloop
  endfacet
  facet normal -1.224647e-16 0.000000e+00 -1.000000e+00
    outer loop
      vertex 4.831421e+00 3.137501e+00 0.000000e+00
      vertex 4.155472e+00 2.295000e+00 0.000000e+00
      vertex 3.651459e+00 2.456249e+00 0.000000e+00
    endloop
  endfacet
  facet normal -1.224647e-16 0.000000e+00 -1.000000e+00
    outer loop
      vertex 8.971214e-01 2.244890e+00 0.000000e+00
      vertex 6.698799e-01 2.381180e+00 0.000000e+00
      vertex 1.316700e+00 2.986250e+00 0.000000e+00
    endloop
  endfacet
  facet normal -1.224647e-16 0.000000e+00 -1.000000e+00
    outer loop
      vertex 4.303894e-01 2.494560e+00 0.000000e+00
      vertex 1.809082e-01 2.583719e+00 0.000000e+00
      vertex 6.873589e-01 3.307230e+00 0.000000e+00
    endloop
  endfacet
  facet normal -1.224647e-16 0.000000e+00 -1.000000e+00
    outer loop
      vertex 1.109989e+00 2.087099e+00 0.000000e+00
      vertex 1.609539e+00 2.776270e+00 0.000000e+00
      vertex 1.306358e+00 1.909260e+00 0.000000e+00
    endloop
  endfacet
  facet normal -1.224647e-16 0.000000e+00 -1.000000e+00
    outer loop
      vertex 1.881062e+00 2.536240e+00 0.000000e+00
      vertex 2.126820e+00 2.269621e+00 0.000000e+00
      vertex 1.484230e+00 1.712860e+00 0.000000e+00
    endloop
  endfacet
  facet normal -1.224647e-16 0.000000e+00 -1.000000e+00
    outer loop
      vertex 1.306358e+00 1.909260e+00 0.000000e+00
      vertex 1.881062e+00 2.536240e+00 0.000000e+00
      vertex 1.484230e+00 1.712860e+00 0.000000e+00
    endloop
  endfacet
  facet normal -1.224647e-16 0.000000e+00 -1.000000e+00
    outer loop
      vertex 2.034649e+00 1.721251e+00 0.000000e+00
      vertex 2.126820e+00 2.269621e+00 0.000000e+00
      vertex 2.471500e+00 1.775000e+00 0.000000e+00
    endloop
  endfacet
  facet normal -1.224647e-16 0.000000e+00 -1.000000e+00
    outer loop
      vertex 2.034649e+00 1.721251e+00 0.000000e+00
      vertex 1.484230e+00 1.712860e+00 0.000000e+00
      vertex 2.126820e+00 2.269621e+00 0.000000e+00
    endloop
  endfacet
  facet normal -1.224647e-16 0.000000e+00 -1.000000e+00
    outer loop
      vertex 2.034649e+00 1.721251e+00 0.000000e+00
      vertex 1.778309e+00 1.272739e+00 0.000000e+00
      vertex 1.642021e+00 1.499981e+00 0.000000e+00
    endloop
  endfacet
  facet normal -1.224647e-16 0.000000e+00 -1.000000e+00
    outer loop
      vertex 2.034649e+00 1.721251e+00 0.000000e+00
      vertex 1.642021e+00 1.499981e+00 0.000000e+00
      vertex 1.484230e+00 1.712860e+00 0.000000e+00
    endloop
  endfacet
  facet normal -1.224647e-16 0.000000e+00 -1.000000e+00
    outer loop
      vertex 2.034649e+00 1.147499e+00 0.000000e+00
      vertex 1.778309e+00 1.272739e+00 0.000000e+00
      vertex 2.034649e+00 1.721251e+00 0.000000e+00
    endloop
  endfacet
  facet normal -1.224647e-16 0.000000e+00 -1.000000e+00
    outer loop
      vertex 8.971214e-01 2.244890e+00 0.000000e+00
      vertex 1.316700e+00 2.986250e+00 0.000000e+00
      vertex 1.109989e+00 2.087099e+00 0.000000e+00
    endloop
  endfacet
  facet normal -1.224647e-16 0.000000e+00 -1.000000e+00
    outer loop
      vertex 1.980850e+00 7.837696e-01 0.000000e+00
      vertex 1.891670e+00 1.033279e+00 0.000000e+00
      vertex 2.034649e+00 1.147499e+00 0.000000e+00
    endloop
  endfacet
  facet normal -1.224647e-16 0.000000e+00 -1.000000e+00
    outer loop
      vertex 1.778309e+00 1.272739e+00 0.000000e+00
      vertex 2.034649e+00 1.147499e+00 0.000000e+00
      vertex 1.891670e+00 1.033279e+00 0.000000e+00
    endloop
  endfacet
  facet normal -1.224647e-16 0.000000e+00 -1.000000e+00
    outer loop
      vertex 1.980850e+00 7.837696e-01 0.000000e+00
      vertex 2.034649e+00 1.147499e+00 0.000000e+00
      vertex 2.564850e+00 1.147499e+00 0.000000e+00
    endloop
  endfacet
  facet normal -1.224647e-16 0.000000e+00 -1.000000e+00
    outer loop
      vertex 2.045151e+00 5.267105e-01 0.000000e+00
      vertex 1.980850e+00 7.837696e-01 0.000000e+00
      vertex 2.564850e+00 5.737495e-01 0.000000e+00
    endloop
  endfacet
  facet normal -1.224647e-16 0.000000e+00 -1.000000e+00
    outer loop
      vertex 2.564850e+00 0.000000e+00 0.000000e+00
      vertex 2.084099e+00 -2.646408e-01 0.000000e+00
      vertex 2.097198e+00 0.000000e+00 0.000000e+00
    endloop
  endfacet
  facet normal -1.224647e-16 0.000000e+00 -1.000000e+00
    outer loop
      vertex 2.045151e+00 5.267105e-01 0.000000e+00
      vertex 2.564850e+00 5.737495e-01 0.000000e+00
      vertex 2.084110e+00 2.646103e-01 0.000000e+00
    endloop
  endfacet
  facet normal -1.224647e-16 0.000000e+00 -1.000000e+00
    outer loop
      vertex 2.564850e+00 0.000000e+00 0.000000e+00
      vertex 2.564850e+00 -5.737495e-01 0.000000e+00
      vertex 2.084099e+00 -2.646408e-01 0.000000e+00
    endloop
  endfacet
  facet normal -1.224647e-16 0.000000e+00 -1.000000e+00
    outer loop
      vertex 2.097198e+00 0.000000e+00 0.000000e+00
      vertex 2.084110e+00 2.646103e-01 0.000000e+00
      vertex 2.564850e+00 0.000000e+00 0.000000e+00
    endloop
  endfacet
  facet normal -1.224647e-16 0.000000e+00 -1.000000e+00
    outer loop
      vertex 3.651459e+00 2.456249e+00 0.000000e+00
      vertex 4.155472e+00 2.295000e+00 0.000000e+00
      vertex 3.095051e+00 1.721251e+00 0.000000e+00
    endloop
  endfacet
  facet normal -1.224647e-16 0.000000e+00 -1.000000e+00
    outer loop
      vertex 3.095051e+00 1.721251e+00 0.000000e+00
      vertex 2.471500e+00 1.775000e+00 0.000000e+00
      vertex 3.651459e+00 2.456249e+00 0.000000e+00
    endloop
  endfacet
  facet normal -1.224647e-16 0.000000e+00 -1.000000e+00
    outer loop
      vertex 4.155472e+00 1.147499e+00 0.000000e+00
      vertex 3.095051e+00 1.721251e+00 0.000000e+00
      vertex 4.155472e+00 2.295000e+00 0.000000e+00
    endloop
  endfacet
  facet normal -1.224647e-16 0.000000e+00 -1.000000e+00
    outer loop
      vertex 2.471500e+00 1.775000e+00 0.000000e+00
      vertex 3.095051e+00 1.721251e+00 0.000000e+00
      vertex 2.564850e+00 1.147499e+00 0.000000e+00
    endloop
  endfacet
  facet normal -1.224647e-16 0.000000e+00 -1.000000e+00
    outer loop
      vertex 2.034649e+00 1.721251e+00 0.000000e+00
      vertex 2.471500e+00 1.775000e+00 0.000000e+00
      vertex 2.564850e+00 1.147499e+00 0.000000e+00
    endloop
  endfacet
  facet normal -1.224647e-16 0.000000e+00 -1.000000e+00
    outer loop
      vertex 7.336700e+00 2.295000e+00 0.000000e+00
      vertex 8.224270e+00 1.755350e+00 0.000000e+00
      vertex 7.336700e+00 1.147499e+00 0.000000e+00
    endloop
  endfacet
  facet normal -1.224647e-16 0.000000e+00 -1.000000e+00
    outer loop
      vertex 8.224270e+00 1.755350e+00 0.000000e+00
      vertex 8.321030e+00 1.167830e+00 0.000000e+00
      vertex 7.336700e+00 1.147499e+00 0.000000e+00
    endloop
  endfacet
  facet normal -1.224647e-16 0.000000e+00 -1.000000e+00
    outer loop
      vertex 8.088268e+00 2.337469e+00 0.000000e+00
      vertex 8.224270e+00 1.755350e+00 0.000000e+00
      vertex 7.336700e+00 2.295000e+00 0.000000e+00
    endloop
  endfacet
  facet normal -1.224647e-16 0.000000e+00 -1.000000e+00
    outer loop
      vertex 4.831421e+00 3.137501e+00 0.000000e+00
      vertex 6.276291e+00 2.295000e+00 0.000000e+00
      vertex 4.155472e+00 2.295000e+00 0.000000e+00
    endloop
  endfacet
  facet normal -1.224647e-16 0.000000e+00 -1.000000e+00
    outer loop
      vertex 3.095051e+00 1.721251e+00 0.000000e+00
      vertex 4.155472e+00 1.147499e+00 0.000000e+00
      vertex 3.095051e+00 1.147499e+00 0.000000e+00
    endloop
  endfacet
  facet normal -1.224647e-16 0.000000e+00 -1.000000e+00
    outer loop
      vertex 2.564850e+00 5.737495e-01 0.000000e+00
      vertex 1.980850e+00 7.837696e-01 0.000000e+00
      vertex 2.564850e+00 1.147499e+00 0.000000e+00
    endloop
  endfacet
  facet normal -1.224647e-16 0.000000e+00 -1.000000e+00
    outer loop
      vertex 8.321030e+00 1.167830e+00 0.000000e+00
      vertex 8.378880e+00 5.726204e-01 0.000000e+00
      vertex 7.336700e+00 1.147499e+00 0.000000e+00
    endloop
  endfacet
  facet normal -1.224647e-16 0.000000e+00 -1.000000e+00
    outer loop
      vertex 7.336700e+00 0.000000e+00 0.000000e+00
      vertex 7.336700e+00 1.147499e+00 0.000000e+00
      vertex 8.378880e+00 5.726204e-01 0.000000e+00
    endloop
  endfacet
  facet normal -1.224647e-16 0.000000e+00 -1.000000e+00
    outer loop
      vertex 8.378880e+00 5.726204e-01 0.000000e+00
      vertex 8.397079e+00 -2.639008e-02 0.000000e+00
      vertex 7.336700e+00 0.000000e+00 0.000000e+00
    endloop
  endfacet
  facet normal -1.224647e-16 0.000000e+00 -1.000000e+00
    outer loop
      vertex 8.397079e+00 -2.639008e-02 0.000000e+00
      vertex 8.375370e+00 -6.252193e-01 0.000000e+00
      vertex 7.336700e+00 0.000000e+00 0.000000e+00
    endloop
  endfacet
  facet normal -1.224647e-16 0.000000e+00 -1.000000e+00
    outer loop
      vertex 2.564850e+00 5.737495e-01 0.000000e+00
      vertex 2.564850e+00 0.000000e+00 0.000000e+00
      vertex 2.084110e+00 2.646103e-01 0.000000e+00
    endloop
  endfacet
  facet normal -1.224647e-16 0.000000e+00 -1.000000e+00
    outer loop
      vertex 2.084099e+00 -2.646408e-01 0.000000e+00
      vertex 2.564850e+00 -5.737495e-01 0.000000e+00
      vertex 2.045151e+00 -5.267391e-01 0.000000e+00
    endloop
  endfacet
  facet normal -1.224647e-16 0.000000e+00 -1.000000e+00
    outer loop
      vertex -4.004921e+00 -1.014231e+00 0.000000e+00
      vertex -4.087502e+00 -6.782303e-01 0.000000e+00
      vertex -3.797619e+00 -1.147499e+00 0.000000e+00
    endloop
  endfacet
  facet normal -1.224647e-16 0.000000e+00 -1.000000e+00
    outer loop
      vertex -3.886719e+00 -1.348680e+00 0.000000e+00
      vertex -4.004921e+00 -1.014231e+00 0.000000e+00
      vertex -3.797619e+00 -1.147499e+00 0.000000e+00
    endloop
  endfacet
  facet normal -1.224647e-16 0.000000e+00 -1.000000e+00
    outer loop
      vertex -4.087502e+00 -6.782303e-01 0.000000e+00
      vertex -3.532520e+00 -1.147499e+00 0.000000e+00
      vertex -3.797619e+00 -1.147499e+00 0.000000e+00
    endloop
  endfacet
  facet normal -1.224647e-16 0.000000e+00 -1.000000e+00
    outer loop
      vertex -3.532520e+00 -1.721251e+00 0.000000e+00
      vertex -3.733158e+00 -1.674480e+00 0.000000e+00
      vertex -3.532520e+00 -1.434380e+00 0.000000e+00
    endloop
  endfacet
  facet normal -1.224647e-16 0.000000e+00 -1.000000e+00
    outer loop
      vertex -3.886719e+00 -1.348680e+00 0.000000e+00
      vertex -3.797619e+00 -1.147499e+00 0.000000e+00
      vertex -3.532520e+00 -1.434380e+00 0.000000e+00
    endloop
  endfacet
  facet normal -1.224647e-16 0.000000e+00 -1.000000e+00
    outer loop
      vertex -3.532520e+00 -1.434380e+00 0.000000e+00
      vertex -3.733158e+00 -1.674480e+00 0.000000e+00
      vertex -3.886719e+00 -1.348680e+00 0.000000e+00
    endloop
  endfacet
  facet normal -1.224647e-16 0.000000e+00 -1.000000e+00
    outer loop
      vertex -3.250919e+00 -5.267200e-01 0.000000e+00
      vertex -3.186611e+00 -7.837791e-01 0.000000e+00
      vertex -3.532520e+00 -1.147499e+00 0.000000e+00
    endloop
  endfacet
  facet normal -1.224647e-16 0.000000e+00 -1.000000e+00
    outer loop
      vertex -4.327820e+00 -2.294998e+00 0.000000e+00
      vertex -3.797619e+00 -2.008129e+00 0.000000e+00
      vertex -3.797619e+00 -2.294998e+00 0.000000e+00
    endloop
  endfacet
  facet normal -1.224647e-16 0.000000e+00 -1.000000e+00
    outer loop
      vertex -3.797619e+00 -2.008129e+00 0.000000e+00
      vertex -4.327820e+00 -2.294998e+00 0.000000e+00
      vertex -3.677280e+00 -1.775000e+00 0.000000e+00
    endloop
  endfacet
  facet normal -1.224647e-16 0.000000e+00 -1.000000e+00
    outer loop
      vertex -4.327820e+00 -2.294998e+00 0.000000e+00
      vertex -4.327820e+00 -2.868752e+00 0.000000e+00
      vertex -4.857231e+00 -2.456249e+00 1.776357e-15
    endloop
  endfacet
  facet normal -1.224647e-16 0.000000e+00 -1.000000e+00
    outer loop
      vertex -5.388241e+00 -3.442501e+00 1.776357e-15
      vertex -4.857231e+00 -2.456249e+00 1.776357e-15
      vertex -4.327820e+00 -2.868752e+00 0.000000e+00
    endloop
  endfacet
  facet normal -1.224647e-16 0.000000e+00 -1.000000e+00
    outer loop
      vertex -3.532520e+00 -2.008129e+00 0.000000e+00
      vertex -3.677280e+00 -1.775000e+00 0.000000e+00
      vertex -3.532520e+00 -1.721251e+00 0.000000e+00
    endloop
  endfacet
  facet normal -1.224647e-16 0.000000e+00 -1.000000e+00
    outer loop
      vertex -3.733158e+00 -1.674480e+00 0.000000e+00
      vertex -3.532520e+00 -1.721251e+00 0.000000e+00
      vertex -3.677280e+00 -1.775000e+00 0.000000e+00
    endloop
  endfacet
  facet normal -1.224647e-16 0.000000e+00 -1.000000e+00
    outer loop
      vertex -3.797619e+00 -2.008129e+00 0.000000e+00
      vertex -3.677280e+00 -1.775000e+00 0.000000e+00
      vertex -3.532520e+00 -2.008129e+00 0.000000e+00
    endloop
  endfacet
  facet normal -1.224647e-16 0.000000e+00 -1.000000e+00
    outer loop
      vertex -4.327820e+00 -2.294998e+00 0.000000e+00
      vertex -4.857231e+00 -2.456249e+00 1.776357e-15
      vertex -3.677280e+00 -1.775000e+00 0.000000e+00
    endloop
  endfacet
  facet normal -1.224647e-16 0.000000e+00 -1.000000e+00
    outer loop
      vertex -3.267410e+00 -1.147499e+00 0.000000e+00
      vertex -3.186611e+00 -7.837791e-01 0.000000e+00
      vertex -3.097439e+00 -1.033279e+00 0.000000e+00
    endloop
  endfacet
  facet normal -1.224647e-16 0.000000e+00 -1.000000e+00
    outer loop
      vertex -3.532520e+00 -1.147499e+00 0.000000e+00
      vertex -3.186611e+00 -7.837791e-01 0.000000e+00
      vertex -3.267410e+00 -1.147499e+00 0.000000e+00
    endloop
  endfacet
  facet normal -1.224647e-16 0.000000e+00 -1.000000e+00
    outer loop
      vertex -3.267410e+00 -1.434380e+00 0.000000e+00
      vertex -3.267410e+00 -1.147499e+00 0.000000e+00
      vertex -2.984081e+00 -1.272751e+00 0.000000e+00
    endloop
  endfacet
  facet normal -1.224647e-16 0.000000e+00 -1.000000e+00
    outer loop
      vertex -3.267410e+00 -1.721251e+00 0.000000e+00
      vertex -3.267410e+00 -1.434380e+00 0.000000e+00
      vertex -2.847790e+00 -1.499990e+00 0.000000e+00
    endloop
  endfacet
  facet normal -1.224647e-16 0.000000e+00 -1.000000e+00
    outer loop
      vertex -3.267410e+00 -1.147499e+00 0.000000e+00
      vertex -3.097439e+00 -1.033279e+00 0.000000e+00
      vertex -2.984081e+00 -1.272751e+00 0.000000e+00
    endloop
  endfacet
  facet normal -1.224647e-16 0.000000e+00 -1.000000e+00
    outer loop
      vertex -3.267410e+00 -1.721251e+00 0.000000e+00
      vertex -2.847790e+00 -1.499990e+00 0.000000e+00
      vertex -2.690010e+00 -1.712870e+00 0.000000e+00
    endloop
  endfacet
  facet normal -1.224647e-16 0.000000e+00 -1.000000e+00
    outer loop
      vertex -2.847790e+00 -1.499990e+00 0.000000e+00
      vertex -3.267410e+00 -1.434380e+00 0.000000e+00
      vertex -2.984081e+00 -1.272751e+00 0.000000e+00
    endloop
  endfacet
  facet normal -1.224647e-16 0.000000e+00 -1.000000e+00
    outer loop
      vertex -2.690010e+00 -1.712870e+00 0.000000e+00
      vertex -3.267410e+00 -2.008129e+00 0.000000e+00
      vertex -3.267410e+00 -1.721251e+00 0.000000e+00
    endloop
  endfacet
  facet normal -1.224647e-16 0.000000e+00 -1.000000e+00
    outer loop
      vertex -3.267410e+00 -2.294998e+00 0.000000e+00
      vertex -3.267410e+00 -2.008129e+00 0.000000e+00
      vertex -2.512131e+00 -1.909269e+00 0.000000e+00
    endloop
  endfacet
  facet normal -1.224647e-16 0.000000e+00 -1.000000e+00
    outer loop
      vertex -2.690010e+00 -1.712870e+00 0.000000e+00
      vertex -2.512131e+00 -1.909269e+00 0.000000e+00
      vertex -3.267410e+00 -2.008129e+00 0.000000e+00
    endloop
  endfacet
  facet normal -1.224647e-16 0.000000e+00 -1.000000e+00
    outer loop
      vertex -2.207001e+00 -2.868752e+00 0.000000e+00
      vertex -2.315769e+00 -2.087101e+00 0.000000e+00
      vertex -2.102879e+00 -2.244881e+00 0.000000e+00
    endloop
  endfacet
  facet normal -1.224647e-16 0.000000e+00 -1.000000e+00
    outer loop
      vertex -2.512131e+00 -1.909269e+00 0.000000e+00
      vertex -2.315769e+00 -2.087101e+00 0.000000e+00
      vertex -3.267410e+00 -2.294998e+00 0.000000e+00
    endloop
  endfacet
  facet normal -1.224647e-16 0.000000e+00 -1.000000e+00
    outer loop
      vertex -2.102879e+00 -2.244881e+00 0.000000e+00
      vertex -1.875641e+00 -2.381168e+00 0.000000e+00
      vertex -2.207001e+00 -2.868752e+00 0.000000e+00
    endloop
  endfacet
  facet normal -1.224647e-16 0.000000e+00 -1.000000e+00
    outer loop
      vertex -3.267410e+00 -2.294998e+00 0.000000e+00
      vertex -2.315769e+00 -2.087101e+00 0.000000e+00
      vertex -2.207001e+00 -2.868752e+00 0.000000e+00
    endloop
  endfacet
  facet normal -1.224647e-16 0.000000e+00 -1.000000e+00
    outer loop
      vertex -1.676800e+00 -2.868752e+00 0.000000e+00
      vertex -1.875641e+00 -2.381168e+00 0.000000e+00
      vertex -1.636150e+00 -2.494549e+00 0.000000e+00
    endloop
  endfacet
  facet normal -1.224647e-16 0.000000e+00 -1.000000e+00
    outer loop
      vertex -1.386669e+00 -2.583740e+00 0.000000e+00
      vertex -1.676800e+00 -2.868752e+00 0.000000e+00
      vertex -1.636150e+00 -2.494549e+00 0.000000e+00
    endloop
  endfacet
  facet normal -1.224647e-16 0.000000e+00 -1.000000e+00
    outer loop
      vertex -7.217159e+00 -3.818748e+00 1.776357e-15
      vertex -6.037201e+00 -3.137501e+00 1.776357e-15
      vertex -5.388241e+00 -4.590000e+00 1.776357e-15
    endloop
  endfacet
  facet normal -1.224647e-16 0.000000e+00 -1.000000e+00
    outer loop
      vertex -7.217159e+00 -3.818748e+00 1.776357e-15
      vertex -8.100040e+00 -4.979229e+00 1.776357e-15
      vertex -8.397110e+00 -4.500000e+00 1.776357e-15
    endloop
  endfacet
  facet normal -1.224647e-16 0.000000e+00 -1.000000e+00
    outer loop
      vertex -7.217159e+00 -3.818748e+00 1.776357e-15
      vertex -5.388241e+00 -4.590000e+00 1.776357e-15
      vertex -7.403019e+00 -5.895599e+00 1.776357e-15
    endloop
  endfacet
  facet normal -1.224647e-16 0.000000e+00 -1.000000e+00
    outer loop
      vertex -5.388241e+00 -3.442501e+00 1.776357e-15
      vertex -4.327820e+00 -2.868752e+00 0.000000e+00
      vertex -4.327820e+00 -3.442501e+00 0.000000e+00
    endloop
  endfacet
  facet normal -1.224647e-16 0.000000e+00 -1.000000e+00
    outer loop
      vertex -4.327820e+00 -4.590000e+00 0.000000e+00
      vertex -4.327820e+00 -6.884998e+00 0.000000e+00
      vertex -5.388241e+00 -4.590000e+00 1.776357e-15
    endloop
  endfacet
  facet normal -1.224647e-16 0.000000e+00 -1.000000e+00
    outer loop
      vertex -5.388241e+00 -4.590000e+00 1.776357e-15
      vertex -6.037201e+00 -3.137501e+00 1.776357e-15
      vertex -5.388241e+00 -3.442501e+00 1.776357e-15
    endloop
  endfacet
  facet normal -1.224647e-16 0.000000e+00 -1.000000e+00
    outer loop
      vertex -8.100040e+00 -4.979229e+00 1.776357e-15
      vertex -7.217159e+00 -3.818748e+00 1.776357e-15
      vertex -7.768440e+00 -5.445621e+00 1.776357e-15
    endloop
  endfacet
  facet normal -1.224647e-16 0.000000e+00 -1.000000e+00
    outer loop
      vertex -5.388241e+00 -4.590000e+00 1.776357e-15
      vertex -7.004940e+00 -6.325642e+00 1.776357e-15
      vertex -7.403019e+00 -5.895599e+00 1.776357e-15
    endloop
  endfacet
  facet normal -1.224647e-16 0.000000e+00 -1.000000e+00
    outer loop
      vertex -7.004940e+00 -6.325642e+00 1.776357e-15
      vertex -5.388241e+00 -4.590000e+00 1.776357e-15
      vertex -6.575840e+00 -6.732300e+00 1.776357e-15
    endloop
  endfacet
  facet normal -1.224647e-16 0.000000e+00 -1.000000e+00
    outer loop
      vertex -5.388241e+00 -4.590000e+00 1.776357e-15
      vertex -6.117828e+00 -7.112350e+00 1.776357e-15
      vertex -6.575840e+00 -6.732300e+00 1.776357e-15
    endloop
  endfacet
  facet normal -1.224647e-16 0.000000e+00 -1.000000e+00
    outer loop
      vertex -5.633469e+00 -7.462791e+00 1.776357e-15
      vertex -6.117828e+00 -7.112350e+00 1.776357e-15
      vertex -4.327820e+00 -6.884998e+00 0.000000e+00
    endloop
  endfacet
  facet normal -1.224647e-16 0.000000e+00 -1.000000e+00
    outer loop
      vertex -5.633469e+00 -7.462791e+00 1.776357e-15
      vertex -4.327820e+00 -6.884998e+00 0.000000e+00
      vertex -5.125721e+00 -7.780998e+00 1.776357e-15
    endloop
  endfacet
  facet normal -1.224647e-16 0.000000e+00 -1.000000e+00
    outer loop
      vertex -4.327820e+00 -6.884998e+00 0.000000e+00
      vertex -6.117828e+00 -7.112350e+00 1.776357e-15
      vertex -5.388241e+00 -4.590000e+00 1.776357e-15
    endloop
  endfacet
  facet normal -1.224647e-16 0.000000e+00 -1.000000e+00
    outer loop
      vertex -7.217159e+00 -3.818748e+00 1.776357e-15
      vertex -7.403019e+00 -5.895599e+00 1.776357e-15
      vertex -7.768440e+00 -5.445621e+00 1.776357e-15
    endloop
  endfacet
  facet normal -1.224647e-16 0.000000e+00 -1.000000e+00
    outer loop
      vertex -4.597870e+00 -8.064751e+00 0.000000e+00
      vertex -5.125721e+00 -7.780998e+00 1.776357e-15
      vertex -4.327820e+00 -6.884998e+00 0.000000e+00
    endloop
  endfacet
  facet normal -1.224647e-16 0.000000e+00 -1.000000e+00
    outer loop
      vertex -3.267410e+00 -3.442501e+00 0.000000e+00
      vertex -3.267410e+00 -2.868752e+00 0.000000e+00
      vertex -2.207001e+00 -2.868752e+00 0.000000e+00
    endloop
  endfacet
  facet normal -1.224647e-16 0.000000e+00 -1.000000e+00
    outer loop
      vertex -3.267410e+00 -3.442501e+00 0.000000e+00
      vertex -2.207001e+00 -2.868752e+00 0.000000e+00
      vertex -2.207001e+00 -3.442501e+00 0.000000e+00
    endloop
  endfacet
  facet normal -1.224647e-16 0.000000e+00 -1.000000e+00
    outer loop
      vertex -3.267410e+00 -8.032501e+00 0.000000e+00
      vertex -4.327820e+00 -6.884998e+00 0.000000e+00
      vertex -3.267410e+00 -6.884998e+00 0.000000e+00
    endloop
  endfacet
  facet normal -1.224647e-16 0.000000e+00 -1.000000e+00
    outer loop
      vertex -1.875641e+00 -2.381168e+00 0.000000e+00
      vertex -1.676800e+00 -2.868752e+00 0.000000e+00
      vertex -2.207001e+00 -2.868752e+00 0.000000e+00
    endloop
  endfacet
  facet normal -1.224647e-16 0.000000e+00 -1.000000e+00
    outer loop
      vertex -1.386669e+00 -2.583740e+00 0.000000e+00
      vertex -1.146591e+00 -2.868752e+00 0.000000e+00
      vertex -1.676800e+00 -2.868752e+00 0.000000e+00
    endloop
  endfacet
  facet normal -1.224647e-16 0.000000e+00 -1.000000e+00
    outer loop
      vertex -3.267410e+00 -2.294998e+00 0.000000e+00
      vertex -2.207001e+00 -2.868752e+00 0.000000e+00
      vertex -3.267410e+00 -2.868752e+00 0.000000e+00
    endloop
  endfacet
  facet normal -1.224647e-16 0.000000e+00 -1.000000e+00
    outer loop
      vertex -3.496281e+00 -8.522221e+00 0.000000e+00
      vertex -4.053471e+00 -8.312248e+00 0.000000e+00
      vertex -3.267410e+00 -8.032501e+00 0.000000e+00
    endloop
  endfacet
  facet normal -1.224647e-16 0.000000e+00 -1.000000e+00
    outer loop
      vertex -4.327820e+00 -6.884998e+00 0.000000e+00
      vertex -3.267410e+00 -8.032501e+00 0.000000e+00
      vertex -4.053471e+00 -8.312248e+00 0.000000e+00
    endloop
  endfacet
  facet normal -1.224647e-16 0.000000e+00 -1.000000e+00
    outer loop
      vertex -3.267410e+00 -8.032501e+00 0.000000e+00
      vertex -2.924149e+00 -8.695499e+00 0.000000e+00
      vertex -3.496281e+00 -8.522221e+00 0.000000e+00
    endloop
  endfacet
  facet normal -1.224647e-16 0.000000e+00 -1.000000e+00
    outer loop
      vertex -2.207001e+00 -8.032501e+00 0.000000e+00
      vertex -2.924149e+00 -8.695499e+00 0.000000e+00
      vertex -3.267410e+00 -8.032501e+00 0.000000e+00
    endloop
  endfacet
  facet normal -1.224647e-16 0.000000e+00 -1.000000e+00
    outer loop
      vertex -1.767040e+00 -8.924389e+00 0.000000e+00
      vertex -2.346199e+00 -8.829540e+00 0.000000e+00
      vertex -2.207001e+00 -8.032501e+00 0.000000e+00
    endloop
  endfacet
  facet normal -1.224647e-16 0.000000e+00 -1.000000e+00
    outer loop
      vertex -2.924149e+00 -8.695499e+00 0.000000e+00
      vertex -2.207001e+00 -8.032501e+00 0.000000e+00
      vertex -2.346199e+00 -8.829540e+00 0.000000e+00
    endloop
  endfacet
  facet normal -1.224647e-16 0.000000e+00 -1.000000e+00
    outer loop
      vertex -1.146591e+00 -8.032501e+00 0.000000e+00
      vertex -1.767040e+00 -8.924389e+00 0.000000e+00
      vertex -2.207001e+00 -8.032501e+00 0.000000e+00
    endloop
  endfacet
  facet normal -1.224647e-16 0.000000e+00 -1.000000e+00
    outer loop
      vertex -4.053471e+00 -8.312248e+00 0.000000e+00
      vertex -4.597870e+00 -8.064751e+00 0.000000e+00
      vertex -4.327820e+00 -6.884998e+00 0.000000e+00
    endloop
  endfacet
  facet normal -1.224647e-16 0.000000e+00 -1.000000e+00
    outer loop
      vertex -1.767040e+00 -8.924389e+00 0.000000e+00
      vertex -1.146591e+00 -8.032501e+00 0.000000e+00
      vertex -1.190449e+00 -8.980801e+00 0.000000e+00
    endloop
  endfacet
  facet normal -1.224647e-16 0.000000e+00 -1.000000e+00
    outer loop
      vertex -5.388241e+00 -3.442501e+00 1.776357e-15
      vertex -6.037201e+00 -3.137501e+00 1.776357e-15
      vertex -4.857231e+00 -2.456249e+00 1.776357e-15
    endloop
  endfacet
  facet normal -1.224647e-16 0.000000e+00 -1.000000e+00
    outer loop
      vertex -1.129620e+00 -2.648071e+00 0.000000e+00
      vertex -1.146591e+00 -2.868752e+00 0.000000e+00
      vertex -1.386669e+00 -2.583740e+00 0.000000e+00
    endloop
  endfacet
  facet normal -1.224647e-16 0.000000e+00 -1.000000e+00
    outer loop
      vertex 2.034649e+00 -1.721251e+00 0.000000e+00
      vertex 1.484230e+00 -1.712891e+00 0.000000e+00
      vertex 1.642010e+00 -1.500010e+00 0.000000e+00
    endloop
  endfacet
  facet normal -1.224647e-16 0.000000e+00 -1.000000e+00
    outer loop
      vertex 2.034649e+00 -1.721251e+00 0.000000e+00
      vertex 1.642010e+00 -1.500010e+00 0.000000e+00
      vertex 1.778301e+00 -1.272770e+00 0.000000e+00
    endloop
  endfacet
  facet normal -1.224647e-16 0.000000e+00 -1.000000e+00
    outer loop
      vertex 2.034649e+00 -1.147499e+00 0.000000e+00
      vertex 1.891670e+00 -1.033279e+00 0.000000e+00
      vertex 1.980839e+00 -7.837906e-01 0.000000e+00
    endloop
  endfacet
  facet normal -1.224647e-16 0.000000e+00 -1.000000e+00
    outer loop
      vertex 2.471500e+00 -1.775000e+00 0.000000e+00
      vertex 2.034649e+00 -1.721251e+00 0.000000e+00
      vertex 2.564850e+00 -1.147499e+00 0.000000e+00
    endloop
  endfacet
  facet normal -1.224647e-16 0.000000e+00 -1.000000e+00
    outer loop
      vertex 1.778301e+00 -1.272770e+00 0.000000e+00
      vertex 1.891670e+00 -1.033279e+00 0.000000e+00
      vertex 2.034649e+00 -1.147499e+00 0.000000e+00
    endloop
  endfacet
  facet normal -1.224647e-16 0.000000e+00 -1.000000e+00
    outer loop
      vertex 2.034649e+00 -1.147499e+00 0.000000e+00
      vertex 2.034649e+00 -1.721251e+00 0.000000e+00
      vertex 1.778301e+00 -1.272770e+00 0.000000e+00
    endloop
  endfacet
  facet normal -1.224647e-16 0.000000e+00 -1.000000e+00
    outer loop
      vertex 2.034649e+00 -1.147499e+00 0.000000e+00
      vertex 1.980839e+00 -7.837906e-01 0.000000e+00
      vertex 2.564850e+00 -1.147499e+00 0.000000e+00
    endloop
  endfacet
  facet normal -1.224647e-16 0.000000e+00 -1.000000e+00
    outer loop
      vertex 2.034649e+00 -1.721251e+00 0.000000e+00
      vertex 1.933350e+00 -2.483952e+00 0.000000e+00
      vertex 1.484230e+00 -1.712891e+00 0.000000e+00
    endloop
  endfacet
  facet normal -1.224647e-16 0.000000e+00 -1.000000e+00
    outer loop
      vertex 1.109982e+00 -2.087120e+00 0.000000e+00
      vertex 1.306370e+00 -1.909260e+00 0.000000e+00
      vertex 1.666740e+00 -2.729710e+00 0.000000e+00
    endloop
  endfacet
  facet normal -1.224647e-16 0.000000e+00 -1.000000e+00
    outer loop
      vertex 6.698494e-01 -2.381180e+00 0.000000e+00
      vertex 8.970909e-01 -2.244900e+00 0.000000e+00
      vertex 1.071590e+00 -3.130280e+00 0.000000e+00
    endloop
  endfacet
  facet normal -1.224647e-16 0.000000e+00 -1.000000e+00
    outer loop
      vertex 8.970909e-01 -2.244900e+00 0.000000e+00
      vertex 1.109982e+00 -2.087120e+00 0.000000e+00
      vertex 1.377850e+00 -2.946049e+00 0.000000e+00
    endloop
  endfacet
  facet normal -1.224647e-16 0.000000e+00 -1.000000e+00
    outer loop
      vertex 1.933350e+00 -2.483952e+00 0.000000e+00
      vertex 1.306370e+00 -1.909260e+00 0.000000e+00
      vertex 1.484230e+00 -1.712891e+00 0.000000e+00
    endloop
  endfacet
  facet normal -1.224647e-16 0.000000e+00 -1.000000e+00
    outer loop
      vertex 2.383369e+00 -1.919580e+00 0.000000e+00
      vertex 2.173389e+00 -2.212421e+00 0.000000e+00
      vertex 2.034649e+00 -1.721251e+00 0.000000e+00
    endloop
  endfacet
  facet normal -1.224647e-16 0.000000e+00 -1.000000e+00
    outer loop
      vertex 1.933350e+00 -2.483952e+00 0.000000e+00
      vertex 2.034649e+00 -1.721251e+00 0.000000e+00
      vertex 2.173389e+00 -2.212421e+00 0.000000e+00
    endloop
  endfacet
  facet normal -1.224647e-16 0.000000e+00 -1.000000e+00
    outer loop
      vertex 1.666740e+00 -2.729710e+00 0.000000e+00
      vertex 1.306370e+00 -1.909260e+00 0.000000e+00
      vertex 1.933350e+00 -2.483952e+00 0.000000e+00
    endloop
  endfacet
  facet normal -1.224647e-16 0.000000e+00 -1.000000e+00
    outer loop
      vertex 7.458000e-01 -3.283829e+00 0.000000e+00
      vertex 4.303894e-01 -2.494560e+00 0.000000e+00
      vertex 6.698494e-01 -2.381180e+00 0.000000e+00
    endloop
  endfacet
  facet normal -1.224647e-16 0.000000e+00 -1.000000e+00
    outer loop
      vertex 2.034649e+00 -1.721251e+00 0.000000e+00
      vertex 2.471500e+00 -1.775000e+00 0.000000e+00
      vertex 2.383369e+00 -1.919580e+00 0.000000e+00
    endloop
  endfacet
  facet normal -1.224647e-16 0.000000e+00 -1.000000e+00
    outer loop
      vertex 2.564850e+00 -1.147499e+00 0.000000e+00
      vertex 1.980839e+00 -7.837906e-01 0.000000e+00
      vertex 2.564850e+00 -5.737495e-01 0.000000e+00
    endloop
  endfacet
  facet normal -1.224647e-16 0.000000e+00 -1.000000e+00
    outer loop
      vertex 3.095051e+00 -1.721251e+00 0.000000e+00
      vertex 3.095051e+00 -1.147499e+00 0.000000e+00
      vertex 4.155472e+00 -1.147499e+00 0.000000e+00
    endloop
  endfacet
  facet normal -1.224647e-16 0.000000e+00 -1.000000e+00
    outer loop
      vertex 2.564850e+00 -1.721251e+00 0.000000e+00
      vertex 2.471500e+00 -1.775000e+00 0.000000e+00
      vertex 2.564850e+00 -1.147499e+00 0.000000e+00
    endloop
  endfacet
  facet normal -1.224647e-16 0.000000e+00 -1.000000e+00
    outer loop
      vertex 8.375370e+00 -6.252193e-01 0.000000e+00
      vertex 7.336700e+00 -1.147499e+00 0.000000e+00
      vertex 7.336700e+00 0.000000e+00 0.000000e+00
    endloop
  endfacet
  facet normal -1.224647e-16 0.000000e+00 -1.000000e+00
    outer loop
      vertex 8.375370e+00 -6.252193e-01 0.000000e+00
      vertex 8.314049e+00 -1.219910e+00 0.000000e+00
      vertex 7.336700e+00 -1.147499e+00 0.000000e+00
    endloop
  endfacet
  facet normal -1.224647e-16 0.000000e+00 -1.000000e+00
    outer loop
      vertex 8.314049e+00 -1.219910e+00 0.000000e+00
      vertex 8.213928e+00 -1.806580e+00 0.000000e+00
      vertex 7.336700e+00 -1.147499e+00 0.000000e+00
    endloop
  endfacet
  facet normal -1.224647e-16 0.000000e+00 -1.000000e+00
    outer loop
      vertex 2.471500e+00 -1.775000e+00 0.000000e+00
      vertex 2.564850e+00 -1.721251e+00 0.000000e+00
      vertex 3.095051e+00 -1.721251e+00 0.000000e+00
    endloop
  endfacet
  facet normal -1.224647e-16 0.000000e+00 -1.000000e+00
    outer loop
      vertex 4.831421e+00 -3.137501e+00 0.000000e+00
      vertex 4.155472e+00 -2.294998e+00 0.000000e+00
      vertex 6.276291e+00 -2.294998e+00 0.000000e+00
    endloop
  endfacet
  facet normal -1.224647e-16 0.000000e+00 -1.000000e+00
    outer loop
      vertex 3.095051e+00 -1.721251e+00 0.000000e+00
      vertex 4.155472e+00 -2.294998e+00 0.000000e+00
      vertex 3.651459e+00 -2.456249e+00 0.000000e+00
    endloop
  endfacet
  facet normal -1.224647e-16 0.000000e+00 -1.000000e+00
    outer loop
      vertex 2.471500e+00 -1.775000e+00 0.000000e+00
      vertex 3.095051e+00 -1.721251e+00 0.000000e+00
      vertex 3.651459e+00 -2.456249e+00 0.000000e+00
    endloop
  endfacet
  facet normal -1.224647e-16 0.000000e+00 -1.000000e+00
    outer loop
      vertex 8.213928e+00 -1.806580e+00 0.000000e+00
      vertex 7.336700e+00 -2.294998e+00 0.000000e+00
      vertex 7.336700e+00 -1.147499e+00 0.000000e+00
    endloop
  endfacet
  facet normal -1.224647e-16 0.000000e+00 -1.000000e+00
    outer loop
      vertex 8.213928e+00 -1.806580e+00 0.000000e+00
      vertex 8.076309e+00 -2.381519e+00 0.000000e+00
      vertex 7.336700e+00 -2.294998e+00 0.000000e+00
    endloop
  endfacet
  facet normal -1.224647e-16 0.000000e+00 -1.000000e+00
    outer loop
      vertex 7.336700e+00 -2.294998e+00 0.000000e+00
      vertex 8.076309e+00 -2.381519e+00 0.000000e+00
      vertex 7.902920e+00 -2.941292e+00 0.000000e+00
    endloop
  endfacet
  facet normal -1.224647e-16 0.000000e+00 -1.000000e+00
    outer loop
      vertex 3.651459e+00 -2.456249e+00 0.000000e+00
      vertex 4.155472e+00 -2.294998e+00 0.000000e+00
      vertex 4.831421e+00 -3.137501e+00 0.000000e+00
    endloop
  endfacet
  facet normal -1.224647e-16 0.000000e+00 -1.000000e+00
    outer loop
      vertex 4.155472e+00 -2.294998e+00 0.000000e+00
      vertex 3.095051e+00 -1.721251e+00 0.000000e+00
      vertex 4.155472e+00 -1.147499e+00 0.000000e+00
    endloop
  endfacet
  facet normal -1.224647e-16 0.000000e+00 -1.000000e+00
    outer loop
      vertex 1.980839e+00 -7.837906e-01 0.000000e+00
      vertex 2.045151e+00 -5.267391e-01 0.000000e+00
      vertex 2.564850e+00 -5.737495e-01 0.000000e+00
    endloop
  endfacet
  facet normal -1.224647e-16 0.000000e+00 -1.000000e+00
    outer loop
      vertex -8.675308e-01 -2.687000e+00 0.000000e+00
      vertex -1.146591e+00 -2.868752e+00 0.000000e+00
      vertex -1.129620e+00 -2.648071e+00 0.000000e+00
    endloop
  endfacet
  facet normal -1.224647e-16 0.000000e+00 -1.000000e+00
    outer loop
      vertex -8.675308e-01 -2.687000e+00 0.000000e+00
      vertex -6.163788e-01 -2.868752e+00 0.000000e+00
      vertex -1.146591e+00 -2.868752e+00 0.000000e+00
    endloop
  endfacet
  facet normal -1.224647e-16 0.000000e+00 -1.000000e+00
    outer loop
      vertex -1.146591e+00 -4.016251e+00 0.000000e+00
      vertex -1.146591e+00 -3.442501e+00 0.000000e+00
      vertex -6.028900e-01 -3.549999e+00 0.000000e+00
    endloop
  endfacet
  facet normal -1.224647e-16 0.000000e+00 -1.000000e+00
    outer loop
      vertex -6.163788e-01 -2.868752e+00 0.000000e+00
      vertex -6.028900e-01 -2.700001e+00 0.000000e+00
      vertex -3.382607e-01 -2.687012e+00 0.000000e+00
    endloop
  endfacet
  facet normal -1.224647e-16 0.000000e+00 -1.000000e+00
    outer loop
      vertex -2.571297e-01 -3.533119e+00 0.000000e+00
      vertex -6.163788e-01 -2.868752e+00 0.000000e+00
      vertex -3.382607e-01 -2.687012e+00 0.000000e+00
    endloop
  endfacet
  facet normal -1.224647e-16 0.000000e+00 -1.000000e+00
    outer loop
      vertex -1.146591e+00 -3.442501e+00 0.000000e+00
      vertex -6.163788e-01 -2.868752e+00 0.000000e+00
      vertex -6.028900e-01 -3.549999e+00 0.000000e+00
    endloop
  endfacet
  facet normal -1.224647e-16 0.000000e+00 -1.000000e+00
    outer loop
      vertex -6.163788e-01 -2.868752e+00 0.000000e+00
      vertex -8.675308e-01 -2.687000e+00 0.000000e+00
      vertex -6.028900e-01 -2.700001e+00 0.000000e+00
    endloop
  endfacet
  facet normal -1.224647e-16 0.000000e+00 -1.000000e+00
    outer loop
      vertex -6.163788e-01 -2.868752e+00 0.000000e+00
      vertex -2.571297e-01 -3.533119e+00 0.000000e+00
      vertex -6.028900e-01 -3.549999e+00 0.000000e+00
    endloop
  endfacet
  facet normal -1.224647e-16 0.000000e+00 -1.000000e+00
    outer loop
      vertex -6.028900e-01 -3.549999e+00 0.000000e+00
      vertex -6.028900e-01 -4.912498e+00 0.000000e+00
      vertex -1.146591e+00 -4.016251e+00 0.000000e+00
    endloop
  endfacet
  facet normal -1.224647e-16 0.000000e+00 -1.000000e+00
    outer loop
      vertex -6.028900e-01 -4.912498e+00 0.000000e+00
      vertex -1.146591e+00 -5.737499e+00 0.000000e+00
      vertex -1.146591e+00 -4.590000e+00 0.000000e+00
    endloop
  endfacet
  facet normal -1.224647e-16 0.000000e+00 -1.000000e+00
    outer loop
      vertex -6.028900e-01 -7.637501e+00 0.000000e+00
      vertex -1.146591e+00 -8.032501e+00 0.000000e+00
      vertex -1.146591e+00 -6.884998e+00 0.000000e+00
    endloop
  endfacet
  facet normal -1.224647e-16 0.000000e+00 -1.000000e+00
    outer loop
      vertex -6.028900e-01 -6.275002e+00 0.000000e+00
      vertex -1.146591e+00 -6.884998e+00 0.000000e+00
      vertex -1.146591e+00 -5.737499e+00 0.000000e+00
    endloop
  endfacet
  facet normal -1.224647e-16 0.000000e+00 -1.000000e+00
    outer loop
      vertex -6.028900e-01 -6.275002e+00 0.000000e+00
      vertex -1.146591e+00 -5.737499e+00 0.000000e+00
      vertex -6.028900e-01 -4.912498e+00 0.000000e+00
    endloop
  endfacet
  facet normal -1.224647e-16 0.000000e+00 -1.000000e+00
    outer loop
      vertex -1.146591e+00 -8.032501e+00 0.000000e+00
      vertex -6.028900e-01 -7.637501e+00 0.000000e+00
      vertex -6.028900e-01 -9.000000e+00 0.000000e+00
    endloop
  endfacet
  facet normal -1.224647e-16 0.000000e+00 -1.000000e+00
    outer loop
      vertex -6.028900e-01 -6.275002e+00 0.000000e+00
      vertex -6.028900e-01 -7.637501e+00 0.000000e+00
      vertex -1.146591e+00 -6.884998e+00 0.000000e+00
    endloop
  endfacet
  facet normal -1.224647e-16 0.000000e+00 -1.000000e+00
    outer loop
      vertex -6.028900e-01 -9.000000e+00 0.000000e+00
      vertex -1.190449e+00 -8.980801e+00 0.000000e+00
      vertex -1.146591e+00 -8.032501e+00 0.000000e+00
    endloop
  endfacet
  facet normal -1.224647e-16 0.000000e+00 -1.000000e+00
    outer loop
      vertex -1.146591e+00 -4.016251e+00 0.000000e+00
      vertex -6.028900e-01 -4.912498e+00 0.000000e+00
      vertex -1.146591e+00 -4.590000e+00 0.000000e+00
    endloop
  endfacet
  facet normal -1.224647e-16 0.000000e+00 -1.000000e+00
    outer loop
      vertex 7.458000e-01 -3.283829e+00 0.000000e+00
      vertex 4.113388e-01 -3.402039e+00 0.000000e+00
      vertex 4.303894e-01 -2.494560e+00 0.000000e+00
    endloop
  endfacet
  facet normal -1.224647e-16 0.000000e+00 -1.000000e+00
    outer loop
      vertex 7.458000e-01 -3.283829e+00 0.000000e+00
      vertex 6.698494e-01 -2.381180e+00 0.000000e+00
      vertex 1.071590e+00 -3.130280e+00 0.000000e+00
    endloop
  endfacet
  facet normal -1.224647e-16 0.000000e+00 -1.000000e+00
    outer loop
      vertex 7.534027e-02 -3.484612e+00 0.000000e+00
      vertex -7.616043e-02 -2.648079e+00 0.000000e+00
      vertex 1.808891e-01 -2.583759e+00 0.000000e+00
    endloop
  endfacet
  facet normal -1.224647e-16 0.000000e+00 -1.000000e+00
    outer loop
      vertex 8.970909e-01 -2.244900e+00 0.000000e+00
      vertex 1.377850e+00 -2.946049e+00 0.000000e+00
      vertex 1.071590e+00 -3.130280e+00 0.000000e+00
    endloop
  endfacet
  facet normal -1.224647e-16 0.000000e+00 -1.000000e+00
    outer loop
      vertex 4.831421e+00 -3.137501e+00 0.000000e+00
      vertex 6.276291e+00 -2.294998e+00 0.000000e+00
      vertex 6.011379e+00 -3.818748e+00 0.000000e+00
    endloop
  endfacet
  facet normal -1.224647e-16 0.000000e+00 -1.000000e+00
    outer loop
      vertex 1.666740e+00 -2.729710e+00 0.000000e+00
      vertex 1.377850e+00 -2.946049e+00 0.000000e+00
      vertex 1.109982e+00 -2.087120e+00 0.000000e+00
    endloop
  endfacet
  facet normal -1.224647e-16 0.000000e+00 -1.000000e+00
    outer loop
      vertex 7.902920e+00 -2.941292e+00 0.000000e+00
      vertex 7.336700e+00 -3.442501e+00 0.000000e+00
      vertex 7.336700e+00 -2.294998e+00 0.000000e+00
    endloop
  endfacet
  facet normal -1.224647e-16 0.000000e+00 -1.000000e+00
    outer loop
      vertex 4.113388e-01 -3.402039e+00 0.000000e+00
      vertex 1.808891e-01 -2.583759e+00 0.000000e+00
      vertex 4.303894e-01 -2.494560e+00 0.000000e+00
    endloop
  endfacet
  facet normal -1.224647e-16 0.000000e+00 -1.000000e+00
    outer loop
      vertex 7.534027e-02 -3.484612e+00 0.000000e+00
      vertex 1.808891e-01 -2.583759e+00 0.000000e+00
      vertex 4.113388e-01 -3.402039e+00 0.000000e+00
    endloop
  endfacet
  facet normal -1.224647e-16 0.000000e+00 -1.000000e+00
    outer loop
      vertex 7.534027e-02 -3.484612e+00 0.000000e+00
      vertex -2.571297e-01 -3.533119e+00 0.000000e+00
      vertex -7.616043e-02 -2.648079e+00 0.000000e+00
    endloop
  endfacet
  facet normal -1.224647e-16 0.000000e+00 -1.000000e+00
    outer loop
      vertex 6.011379e+00 -3.818748e+00 0.000000e+00
      vertex 6.276291e+00 -2.294998e+00 0.000000e+00
      vertex 7.336700e+00 -3.442501e+00 0.000000e+00
    endloop
  endfacet
  facet normal -1.224647e-16 0.000000e+00 -1.000000e+00
    outer loop
      vertex 7.902920e+00 -2.941292e+00 0.000000e+00
      vertex 7.695938e+00 -3.482750e+00 0.000000e+00
      vertex 7.336700e+00 -3.442501e+00 0.000000e+00
    endloop
  endfacet
  facet normal -1.224647e-16 0.000000e+00 -1.000000e+00
    outer loop
      vertex 7.457829e+00 -4.003109e+00 0.000000e+00
      vertex 7.336700e+00 -3.442501e+00 0.000000e+00
      vertex 7.695938e+00 -3.482750e+00 0.000000e+00
    endloop
  endfacet
  facet normal -1.224647e-16 0.000000e+00 -1.000000e+00
    outer loop
      vertex 7.336700e+00 -3.442501e+00 0.000000e+00
      vertex 7.457829e+00 -4.003109e+00 0.000000e+00
      vertex 7.191341e+00 -4.500000e+00 0.000000e+00
    endloop
  endfacet
  facet normal -1.224647e-16 0.000000e+00 -1.000000e+00
    outer loop
      vertex 7.191341e+00 -4.500000e+00 0.000000e+00
      vertex 6.011379e+00 -3.818748e+00 0.000000e+00
      vertex 7.336700e+00 -3.442501e+00 0.000000e+00
    endloop
  endfacet
  facet normal -1.224647e-16 0.000000e+00 -1.000000e+00
    outer loop
      vertex -2.571297e-01 -3.533119e+00 0.000000e+00
      vertex -3.382607e-01 -2.687012e+00 0.000000e+00
      vertex -7.616043e-02 -2.648079e+00 0.000000e+00
    endloop
  endfacet
  facet normal -1.224647e-16 0.000000e+00 -1.000000e+00
    outer loop
      vertex -3.532520e+00 -1.147499e+00 0.000000e+00
      vertex -4.087502e+00 -6.782303e-01 0.000000e+00
      vertex -3.250919e+00 -5.267200e-01 0.000000e+00
    endloop
  endfacet
  facet normal 3.470553e-02 7.066808e-01 -7.066808e-01
    outer loop
      vertex -6.028900e-01 -2.200001e+00 5.000000e-01
      vertex -6.028900e-01 -2.700001e+00 0.000000e+00
      vertex -8.675308e-01 -2.687000e+00 0.000000e+00
    endloop
  endfacet
  facet normal 6.401538e-02 6.977397e-01 -7.134853e-01
    outer loop
      vertex -6.028900e-01 -2.200001e+00 5.000000e-01
      vertex -8.675308e-01 -2.687000e+00 0.000000e+00
      vertex -1.003201e+00 -2.163269e+00 5.000000e-01
    endloop
  endfacet
  facet normal 1.040927e-01 7.007543e-01 -7.057678e-01
    outer loop
      vertex -1.129620e+00 -2.648071e+00 0.000000e+00
      vertex -1.003201e+00 -2.163269e+00 5.000000e-01
      vertex -8.675308e-01 -2.687000e+00 0.000000e+00
    endloop
  endfacet
  facet normal 2.377157e-01 6.649145e-01 -7.080818e-01
    outer loop
      vertex -1.208229e+00 -2.115082e+00 5.000000e-01
      vertex -1.386669e+00 -2.583740e+00 0.000000e+00
      vertex -1.636150e+00 -2.494549e+00 0.000000e+00
    endloop
  endfacet
  facet normal 2.283658e-01 6.714180e-01 -7.050156e-01
    outer loop
      vertex -1.208229e+00 -2.115082e+00 5.000000e-01
      vertex -1.636150e+00 -2.494549e+00 0.000000e+00
      vertex -1.412689e+00 -2.045540e+00 5.000000e-01
    endloop
  endfacet
  facet normal 3.633045e-01 6.057720e-01 -7.078490e-01
    outer loop
      vertex -1.613331e+00 -1.954229e+00 5.000000e-01
      vertex -1.875641e+00 -2.381168e+00 0.000000e+00
      vertex -2.102879e+00 -2.244881e+00 0.000000e+00
    endloop
  endfacet
  facet normal 3.571221e-01 6.121506e-01 -7.055037e-01
    outer loop
      vertex -1.613331e+00 -1.954229e+00 5.000000e-01
      vertex -2.102879e+00 -2.244881e+00 0.000000e+00
      vertex -1.806751e+00 -1.841391e+00 5.000000e-01
    endloop
  endfacet
  facet normal 3.021404e-01 6.381716e-01 -7.081301e-01
    outer loop
      vertex -1.412689e+00 -2.045540e+00 5.000000e-01
      vertex -1.636150e+00 -2.494549e+00 0.000000e+00
      vertex -1.875641e+00 -2.381168e+00 0.000000e+00
    endloop
  endfacet
  facet normal 2.936985e-01 6.453736e-01 -7.051483e-01
    outer loop
      vertex -1.412689e+00 -2.045540e+00 5.000000e-01
      vertex -1.875641e+00 -2.381168e+00 0.000000e+00
      vertex -1.613331e+00 -1.954229e+00 5.000000e-01
    endloop
  endfacet
  facet normal 1.714923e-01 6.852776e-01 -7.078030e-01
    outer loop
      vertex -1.003201e+00 -2.163269e+00 5.000000e-01
      vertex -1.129620e+00 -2.648071e+00 0.000000e+00
      vertex -1.386669e+00 -2.583740e+00 0.000000e+00
    endloop
  endfacet
  facet normal 1.622813e-01 6.903698e-01 -7.050208e-01
    outer loop
      vertex -1.003201e+00 -2.163269e+00 5.000000e-01
      vertex -1.386669e+00 -2.583740e+00 0.000000e+00
      vertex -1.208229e+00 -2.115082e+00 5.000000e-01
    endloop
  endfacet
  facet normal 4.746583e-01 5.241207e-01 -7.071046e-01
    outer loop
      vertex -1.989540e+00 -1.707979e+00 5.000000e-01
      vertex -2.315769e+00 -2.087101e+00 0.000000e+00
      vertex -2.512131e+00 -1.909269e+00 0.000000e+00
    endloop
  endfacet
  facet normal 4.737490e-01 5.254835e-01 -7.067029e-01
    outer loop
      vertex -1.989540e+00 -1.707979e+00 5.000000e-01
      vertex -2.512131e+00 -1.909269e+00 0.000000e+00
      vertex -2.158520e+00 -1.555639e+00 5.000000e-01
    endloop
  endfacet
  facet normal 5.243701e-01 4.749214e-01 -7.067430e-01
    outer loop
      vertex -2.158520e+00 -1.555639e+00 5.000000e-01
      vertex -2.512131e+00 -1.909269e+00 0.000000e+00
      vertex -2.690010e+00 -1.712870e+00 0.000000e+00
    endloop
  endfacet
  facet normal 5.251657e-01 4.734636e-01 -7.071303e-01
    outer loop
      vertex -2.158520e+00 -1.555639e+00 5.000000e-01
      vertex -2.690010e+00 -1.712870e+00 0.000000e+00
      vertex -2.310860e+00 -1.386660e+00 5.000000e-01
    endloop
  endfacet
  facet normal 4.208280e-01 5.678126e-01 -7.074550e-01
    outer loop
      vertex -1.806751e+00 -1.841391e+00 5.000000e-01
      vertex -2.102879e+00 -2.244881e+00 0.000000e+00
      vertex -2.315769e+00 -2.087101e+00 0.000000e+00
    endloop
  endfacet
  facet normal 4.174670e-01 5.719850e-01 -7.060839e-01
    outer loop
      vertex -1.806751e+00 -1.841391e+00 5.000000e-01
      vertex -2.315769e+00 -2.087101e+00 0.000000e+00
      vertex -1.989540e+00 -1.707979e+00 5.000000e-01
    endloop
  endfacet
  facet normal 5.687378e-01 4.215341e-01 -7.062905e-01
    outer loop
      vertex -2.310860e+00 -1.386660e+00 5.000000e-01
      vertex -2.690010e+00 -1.712870e+00 0.000000e+00
      vertex -2.847790e+00 -1.499990e+00 0.000000e+00
    endloop
  endfacet
  facet normal 5.708706e-01 4.166418e-01 -7.074718e-01
    outer loop
      vertex -2.310860e+00 -1.386660e+00 5.000000e-01
      vertex -2.847790e+00 -1.499990e+00 0.000000e+00
      vertex -2.444271e+00 -1.203859e+00 5.000000e-01
    endloop
  endfacet
  facet normal 6.402996e-01 3.031109e-01 -7.057905e-01
    outer loop
      vertex -2.557110e+00 -1.010450e+00 5.000000e-01
      vertex -2.984081e+00 -1.272751e+00 0.000000e+00
      vertex -3.097439e+00 -1.033279e+00 0.000000e+00
    endloop
  endfacet
  facet normal 6.427830e-01 2.925374e-01 -7.079914e-01
    outer loop
      vertex -2.557110e+00 -1.010450e+00 5.000000e-01
      vertex -3.097439e+00 -1.033279e+00 0.000000e+00
      vertex -2.648418e+00 -8.098106e-01 5.000000e-01
    endloop
  endfacet
  facet normal 6.074005e-01 3.642873e-01 -7.059457e-01
    outer loop
      vertex -2.444271e+00 -1.203859e+00 5.000000e-01
      vertex -2.847790e+00 -1.499990e+00 0.000000e+00
      vertex -2.984081e+00 -1.272751e+00 0.000000e+00
    endloop
  endfacet
  facet normal 6.101744e-01 3.559692e-01 -7.077945e-01
    outer loop
      vertex -2.444271e+00 -1.203859e+00 5.000000e-01
      vertex -2.984081e+00 -1.272751e+00 0.000000e+00
      vertex -2.557110e+00 -1.010450e+00 5.000000e-01
    endloop
  endfacet
  facet normal 6.671675e-01 2.384446e-01 -7.057136e-01
    outer loop
      vertex -2.648418e+00 -8.098106e-01 5.000000e-01
      vertex -3.097439e+00 -1.033279e+00 0.000000e+00
      vertex -3.186611e+00 -7.837791e-01 0.000000e+00
    endloop
  endfacet
  facet normal 6.686791e-01 2.274342e-01 -7.079138e-01
    outer loop
      vertex -2.648418e+00 -8.098106e-01 5.000000e-01
      vertex -3.186611e+00 -7.837791e-01 0.000000e+00
      vertex -2.717960e+00 -6.053505e-01 5.000000e-01
    endloop
  endfacet
  facet normal 6.873800e-01 1.719623e-01 -7.056471e-01
    outer loop
      vertex -2.717960e+00 -6.053505e-01 5.000000e-01
      vertex -3.186611e+00 -7.837791e-01 0.000000e+00
      vertex -3.250919e+00 -5.267200e-01 0.000000e+00
    endloop
  endfacet
  facet normal 6.877776e-01 1.616720e-01 -7.076893e-01
    outer loop
      vertex -2.717960e+00 -6.053505e-01 5.000000e-01
      vertex -3.250919e+00 -5.267200e-01 0.000000e+00
      vertex -2.766159e+00 -4.003201e-01 5.000000e-01
    endloop
  endfacet
  facet normal 6.947759e-01 3.438523e-02 -7.184038e-01
    outer loop
      vertex -2.766159e+00 -4.003201e-01 5.000000e-01
      vertex -3.289879e+00 -2.646198e-01 0.000000e+00
      vertex -3.302971e+00 -9.536743e-06 0.000000e+00
    endloop
  endfacet
  facet normal 7.055611e-01 6.473235e-02 -7.056864e-01
    outer loop
      vertex -2.766159e+00 -4.003201e-01 5.000000e-01
      vertex -3.302971e+00 -9.536743e-06 0.000000e+00
      vertex -2.802891e+00 0.000000e+00 5.000000e-01
    endloop
  endfacet
  facet normal 6.853108e-01 -1.714574e-01 -7.077792e-01
    outer loop
      vertex -2.766159e+00 4.003201e-01 5.000000e-01
      vertex -3.250919e+00 5.267391e-01 0.000000e+00
      vertex -3.186611e+00 7.837906e-01 0.000000e+00
    endloop
  endfacet
  facet normal 6.903821e-01 -1.622842e-01 -7.050081e-01
    outer loop
      vertex -2.766159e+00 4.003201e-01 5.000000e-01
      vertex -3.186611e+00 7.837906e-01 0.000000e+00
      vertex -2.717960e+00 6.053505e-01 5.000000e-01
    endloop
  endfacet
  facet normal 6.381730e-01 -3.021208e-01 -7.081372e-01
    outer loop
      vertex -2.648418e+00 8.098106e-01 5.000000e-01
      vertex -3.097450e+00 1.033270e+00 0.000000e+00
      vertex -2.984070e+00 1.272760e+00 0.000000e+00
    endloop
  endfacet
  facet normal 6.453516e-01 -2.937064e-01 -7.051651e-01
    outer loop
      vertex -2.648418e+00 8.098106e-01 5.000000e-01
      vertex -2.984070e+00 1.272760e+00 0.000000e+00
      vertex -2.557110e+00 1.010441e+00 5.000000e-01
    endloop
  endfacet
  facet normal 6.649501e-01 -2.376535e-01 -7.080694e-01
    outer loop
      vertex -2.717960e+00 6.053505e-01 5.000000e-01
      vertex -3.186611e+00 7.837906e-01 0.000000e+00
      vertex -3.097450e+00 1.033270e+00 0.000000e+00
    endloop
  endfacet
  facet normal 6.714115e-01 -2.283636e-01 -7.050225e-01
    outer loop
      vertex -2.717960e+00 6.053505e-01 5.000000e-01
      vertex -3.097450e+00 1.033270e+00 0.000000e+00
      vertex -2.648418e+00 8.098106e-01 5.000000e-01
    endloop
  endfacet
  facet normal 7.066128e-01 -3.496601e-02 -7.067360e-01
    outer loop
      vertex -2.802891e+00 0.000000e+00 5.000000e-01
      vertex -3.302971e+00 -9.536743e-06 0.000000e+00
      vertex -3.289879e+00 2.646408e-01 0.000000e+00
    endloop
  endfacet
  facet normal 6.977479e-01 -6.401613e-02 -7.134773e-01
    outer loop
      vertex -2.802891e+00 0.000000e+00 5.000000e-01
      vertex -3.289879e+00 2.646408e-01 0.000000e+00
      vertex -2.766159e+00 4.003201e-01 5.000000e-01
    endloop
  endfacet
  facet normal 5.677826e-01 -4.208514e-01 -7.074652e-01
    outer loop
      vertex -2.444271e+00 1.203859e+00 5.000000e-01
      vertex -2.847778e+00 1.500000e+00 0.000000e+00
      vertex -2.689991e+00 1.712879e+00 0.000000e+00
    endloop
  endfacet
  facet normal 5.719866e-01 -4.174650e-01 -7.060838e-01
    outer loop
      vertex -2.444271e+00 1.203859e+00 5.000000e-01
      vertex -2.689991e+00 1.712879e+00 0.000000e+00
      vertex -2.310860e+00 1.386650e+00 5.000000e-01
    endloop
  endfacet
  facet normal 4.749247e-01 -5.243747e-01 -7.067373e-01
    outer loop
      vertex -2.158520e+00 1.555630e+00 5.000000e-01
      vertex -2.512138e+00 1.909241e+00 0.000000e+00
      vertex -2.315750e+00 2.087120e+00 0.000000e+00
    endloop
  endfacet
  facet normal 4.734747e-01 -5.251660e-01 -7.071226e-01
    outer loop
      vertex -2.158520e+00 1.555630e+00 5.000000e-01
      vertex -2.315750e+00 2.087120e+00 0.000000e+00
      vertex -1.989540e+00 1.707979e+00 5.000000e-01
    endloop
  endfacet
  facet normal 5.241058e-01 -4.746753e-01 -7.071043e-01
    outer loop
      vertex -2.310860e+00 1.386650e+00 5.000000e-01
      vertex -2.689991e+00 1.712879e+00 0.000000e+00
      vertex -2.512138e+00 1.909241e+00 0.000000e+00
    endloop
  endfacet
  facet normal 5.254872e-01 -4.737536e-01 -7.066970e-01
    outer loop
      vertex -2.310860e+00 1.386650e+00 5.000000e-01
      vertex -2.512138e+00 1.909241e+00 0.000000e+00
      vertex -2.158520e+00 1.555630e+00 5.000000e-01
    endloop
  endfacet
  facet normal 3.642965e-01 -6.073987e-01 -7.059425e-01
    outer loop
      vertex -1.806751e+00 1.841391e+00 5.000000e-01
      vertex -2.102871e+00 2.244900e+00 0.000000e+00
      vertex -1.875629e+00 2.381201e+00 0.000000e+00
    endloop
  endfacet
  facet normal 3.559699e-01 -6.101756e-01 -7.077932e-01
    outer loop
      vertex -1.806751e+00 1.841391e+00 5.000000e-01
      vertex -1.875629e+00 2.381201e+00 0.000000e+00
      vertex -1.613331e+00 1.954220e+00 5.000000e-01
    endloop
  endfacet
  facet normal 2.384400e-01 -6.671648e-01 -7.057177e-01
    outer loop
      vertex -1.412689e+00 2.045530e+00 5.000000e-01
      vertex -1.636169e+00 2.494560e+00 0.000000e+00
      vertex -1.386662e+00 2.583731e+00 0.000000e+00
    endloop
  endfacet
  facet normal 2.274451e-01 -6.686742e-01 -7.079149e-01
    outer loop
      vertex -1.412689e+00 2.045530e+00 5.000000e-01
      vertex -1.386662e+00 2.583731e+00 0.000000e+00
      vertex -1.208229e+00 2.115080e+00 5.000000e-01
    endloop
  endfacet
  facet normal 3.031191e-01 -6.402965e-01 -7.057897e-01
    outer loop
      vertex -1.613331e+00 1.954220e+00 5.000000e-01
      vertex -1.875629e+00 2.381201e+00 0.000000e+00
      vertex -1.636169e+00 2.494560e+00 0.000000e+00
    endloop
  endfacet
  facet normal 2.925209e-01 -6.427858e-01 -7.079958e-01
    outer loop
      vertex -1.613331e+00 1.954220e+00 5.000000e-01
      vertex -1.636169e+00 2.494560e+00 0.000000e+00
      vertex -1.412689e+00 2.045530e+00 5.000000e-01
    endloop
  endfacet
  facet normal 4.215498e-01 -5.687349e-01 -7.062835e-01
    outer loop
      vertex -1.989540e+00 1.707979e+00 5.000000e-01
      vertex -2.315750e+00 2.087120e+00 0.000000e+00
      vertex -2.102871e+00 2.244900e+00 0.000000e+00
    endloop
  endfacet
  facet normal 4.166440e-01 -5.708736e-01 -7.074681e-01
    outer loop
      vertex -1.989540e+00 1.707979e+00 5.000000e-01
      vertex -2.102871e+00 2.244900e+00 0.000000e+00
      vertex -1.806751e+00 1.841391e+00 5.000000e-01
    endloop
  endfacet
  facet normal 6.057512e-01 -3.633084e-01 -7.078648e-01
    outer loop
      vertex -2.557110e+00 1.010441e+00 5.000000e-01
      vertex -2.984070e+00 1.272760e+00 0.000000e+00
      vertex -2.847778e+00 1.500000e+00 0.000000e+00
    endloop
  endfacet
  facet normal 6.121447e-01 -3.571116e-01 -7.055141e-01
    outer loop
      vertex -2.557110e+00 1.010441e+00 5.000000e-01
      vertex -2.847778e+00 1.500000e+00 0.000000e+00
      vertex -2.444271e+00 1.203859e+00 5.000000e-01
    endloop
  endfacet
  facet normal 1.719692e-01 -6.873771e-01 -7.056481e-01
    outer loop
      vertex -1.208229e+00 2.115080e+00 5.000000e-01
      vertex -1.386662e+00 2.583731e+00 0.000000e+00
      vertex -1.129601e+00 2.648041e+00 0.000000e+00
    endloop
  endfacet
  facet normal 1.616587e-01 -6.877756e-01 -7.076944e-01
    outer loop
      vertex -1.208229e+00 2.115080e+00 5.000000e-01
      vertex -1.129601e+00 2.648041e+00 0.000000e+00
      vertex -1.003201e+00 2.163271e+00 5.000000e-01
    endloop
  endfacet
  facet normal 7.007684e-01 1.041560e-01 -7.057444e-01
    outer loop
      vertex -3.289879e+00 -2.646198e-01 0.000000e+00
      vertex -2.766159e+00 -4.003201e-01 5.000000e-01
      vertex -3.250919e+00 -5.267200e-01 0.000000e+00
    endloop
  endfacet
  facet normal 7.007663e-01 -1.041542e-01 -7.057468e-01
    outer loop
      vertex -2.766159e+00 4.003201e-01 5.000000e-01
      vertex -3.289879e+00 2.646408e-01 0.000000e+00
      vertex -3.250919e+00 5.267391e-01 0.000000e+00
    endloop
  endfacet
  facet normal 3.497088e-02 -7.066093e-01 -7.067392e-01
    outer loop
      vertex -8.675003e-01 2.686991e+00 0.000000e+00
      vertex -6.028900e-01 2.700090e+00 0.000000e+00
      vertex -6.028900e-01 2.200001e+00 5.000000e-01
    endloop
  endfacet
  facet normal 1.041453e-01 -7.007651e-01 -7.057493e-01
    outer loop
      vertex -8.675003e-01 2.686991e+00 0.000000e+00
      vertex -1.003201e+00 2.163271e+00 5.000000e-01
      vertex -1.129601e+00 2.648041e+00 0.000000e+00
    endloop
  endfacet
  facet normal 6.401600e-02 -6.977465e-01 -7.134786e-01
    outer loop
      vertex -6.028900e-01 2.200001e+00 5.000000e-01
      vertex -1.003201e+00 2.163271e+00 5.000000e-01
      vertex -8.675003e-01 2.686991e+00 0.000000e+00
    endloop
  endfacet
  facet normal -3.497604e-02 -7.066098e-01 -7.067385e-01
    outer loop
      vertex -6.028900e-01 2.200001e+00 5.000000e-01
      vertex -6.028900e-01 2.700090e+00 0.000000e+00
      vertex -3.382492e-01 2.686991e+00 0.000000e+00
    endloop
  endfacet
  facet normal -6.401611e-02 -6.977477e-01 -7.134775e-01
    outer loop
      vertex -6.028900e-01 2.200001e+00 5.000000e-01
      vertex -3.382492e-01 2.686991e+00 0.000000e+00
      vertex -2.025719e-01 2.163271e+00 5.000000e-01
    endloop
  endfacet
  facet normal -1.041541e-01 -7.007658e-01 -7.057472e-01
    outer loop
      vertex -7.614899e-02 2.648029e+00 0.000000e+00
      vertex -2.025719e-01 2.163271e+00 5.000000e-01
      vertex -3.382492e-01 2.686991e+00 0.000000e+00
    endloop
  endfacet
  facet normal -2.376483e-01 -6.649537e-01 -7.080677e-01
    outer loop
      vertex 2.460480e-03 2.115080e+00 5.000000e-01
      vertex 1.809082e-01 2.583719e+00 0.000000e+00
      vertex 4.303894e-01 2.494560e+00 0.000000e+00
    endloop
  endfacet
  facet normal -2.283737e-01 -6.714045e-01 -7.050259e-01
    outer loop
      vertex 2.460480e-03 2.115080e+00 5.000000e-01
      vertex 4.303894e-01 2.494560e+00 0.000000e+00
      vertex 2.069206e-01 2.045530e+00 5.000000e-01
    endloop
  endfacet
  facet normal -3.633084e-01 -6.057512e-01 -7.078648e-01
    outer loop
      vertex 4.075584e-01 1.954220e+00 5.000000e-01
      vertex 6.698799e-01 2.381180e+00 0.000000e+00
      vertex 8.971214e-01 2.244890e+00 0.000000e+00
    endloop
  endfacet
  facet normal -3.571160e-01 -6.121402e-01 -7.055158e-01
    outer loop
      vertex 4.075584e-01 1.954220e+00 5.000000e-01
      vertex 8.971214e-01 2.244890e+00 0.000000e+00
      vertex 6.009789e-01 1.841391e+00 5.000000e-01
    endloop
  endfacet
  facet normal -3.021158e-01 -6.381728e-01 -7.081395e-01
    outer loop
      vertex 2.069206e-01 2.045530e+00 5.000000e-01
      vertex 4.303894e-01 2.494560e+00 0.000000e+00
      vertex 6.698799e-01 2.381180e+00 0.000000e+00
    endloop
  endfacet
  facet normal -2.936920e-01 -6.453593e-01 -7.051641e-01
    outer loop
      vertex 2.069206e-01 2.045530e+00 5.000000e-01
      vertex 6.698799e-01 2.381180e+00 0.000000e+00
      vertex 4.075584e-01 1.954220e+00 5.000000e-01
    endloop
  endfacet
  facet normal -1.714572e-01 -6.853102e-01 -7.077798e-01
    outer loop
      vertex -2.025719e-01 2.163271e+00 5.000000e-01
      vertex -7.614899e-02 2.648029e+00 0.000000e+00
      vertex 1.809082e-01 2.583719e+00 0.000000e+00
    endloop
  endfacet
  facet normal -1.622726e-01 -6.903877e-01 -7.050053e-01
    outer loop
      vertex -2.025719e-01 2.163271e+00 5.000000e-01
      vertex 1.809082e-01 2.583719e+00 0.000000e+00
      vertex 2.460480e-03 2.115080e+00 5.000000e-01
    endloop
  endfacet
  facet normal -4.746753e-01 -5.241058e-01 -7.071043e-01
    outer loop
      vertex 7.837715e-01 1.707979e+00 5.000000e-01
      vertex 1.109989e+00 2.087099e+00 0.000000e+00
      vertex 1.306358e+00 1.909260e+00 0.000000e+00
    endloop
  endfacet
  facet normal -4.737581e-01 -5.254804e-01 -7.066991e-01
    outer loop
      vertex 7.837715e-01 1.707979e+00 5.000000e-01
      vertex 1.306358e+00 1.909260e+00 0.000000e+00
      vertex 9.527512e-01 1.555630e+00 5.000000e-01
    endloop
  endfacet
  facet normal -5.687332e-01 -4.215485e-01 -7.062857e-01
    outer loop
      vertex 1.105091e+00 1.386650e+00 5.000000e-01
      vertex 1.484230e+00 1.712860e+00 0.000000e+00
      vertex 1.642021e+00 1.499981e+00 0.000000e+00
    endloop
  endfacet
  facet normal -5.708690e-01 -4.166493e-01 -7.074687e-01
    outer loop
      vertex 1.105091e+00 1.386650e+00 5.000000e-01
      vertex 1.642021e+00 1.499981e+00 0.000000e+00
      vertex 1.238499e+00 1.203859e+00 5.000000e-01
    endloop
  endfacet
  facet normal -5.243780e-01 -4.749183e-01 -7.067392e-01
    outer loop
      vertex 9.527512e-01 1.555630e+00 5.000000e-01
      vertex 1.306358e+00 1.909260e+00 0.000000e+00
      vertex 1.484230e+00 1.712860e+00 0.000000e+00
    endloop
  endfacet
  facet normal -5.251698e-01 -4.734674e-01 -7.071247e-01
    outer loop
      vertex 9.527512e-01 1.555630e+00 5.000000e-01
      vertex 1.484230e+00 1.712860e+00 0.000000e+00
      vertex 1.105091e+00 1.386650e+00 5.000000e-01
    endloop
  endfacet
  facet normal -4.208504e-01 -5.677813e-01 -7.074668e-01
    outer loop
      vertex 6.009789e-01 1.841391e+00 5.000000e-01
      vertex 8.971214e-01 2.244890e+00 0.000000e+00
      vertex 1.109989e+00 2.087099e+00 0.000000e+00
    endloop
  endfacet
  facet normal -4.174595e-01 -5.719910e-01 -7.060835e-01
    outer loop
      vertex 6.009789e-01 1.841391e+00 5.000000e-01
      vertex 1.109989e+00 2.087099e+00 0.000000e+00
      vertex 7.837715e-01 1.707979e+00 5.000000e-01
    endloop
  endfacet
  facet normal -6.074029e-01 -3.642888e-01 -7.059429e-01
    outer loop
      vertex 1.238499e+00 1.203859e+00 5.000000e-01
      vertex 1.642021e+00 1.499981e+00 0.000000e+00
      vertex 1.778309e+00 1.272739e+00 0.000000e+00
    endloop
  endfacet
  facet normal -6.101787e-01 -3.559647e-01 -7.077931e-01
    outer loop
      vertex 1.238499e+00 1.203859e+00 5.000000e-01
      vertex 1.778309e+00 1.272739e+00 0.000000e+00
      vertex 1.351341e+00 1.010441e+00 5.000000e-01
    endloop
  endfacet
  facet normal -6.671649e-01 -2.384465e-01 -7.057155e-01
    outer loop
      vertex 1.442650e+00 8.098106e-01 5.000000e-01
      vertex 1.891670e+00 1.033279e+00 0.000000e+00
      vertex 1.980850e+00 7.837696e-01 0.000000e+00
    endloop
  endfacet
  facet normal -6.686767e-01 -2.274334e-01 -7.079164e-01
    outer loop
      vertex 1.442650e+00 8.098106e-01 5.000000e-01
      vertex 1.980850e+00 7.837696e-01 0.000000e+00
      vertex 1.512192e+00 6.053505e-01 5.000000e-01
    endloop
  endfacet
  facet normal -6.402944e-01 -3.031229e-01 -7.057900e-01
    outer loop
      vertex 1.351341e+00 1.010441e+00 5.000000e-01
      vertex 1.778309e+00 1.272739e+00 0.000000e+00
      vertex 1.891670e+00 1.033279e+00 0.000000e+00
    endloop
  endfacet
  facet normal -6.427810e-01 -2.925365e-01 -7.079936e-01
    outer loop
      vertex 1.351341e+00 1.010441e+00 5.000000e-01
      vertex 1.891670e+00 1.033279e+00 0.000000e+00
      vertex 1.442650e+00 8.098106e-01 5.000000e-01
    endloop
  endfacet
  facet normal -6.873774e-01 -1.719617e-01 -7.056497e-01
    outer loop
      vertex 1.512192e+00 6.053505e-01 5.000000e-01
      vertex 1.980850e+00 7.837696e-01 0.000000e+00
      vertex 2.045151e+00 5.267105e-01 0.000000e+00
    endloop
  endfacet
  facet normal -6.877751e-01 -1.616714e-01 -7.076919e-01
    outer loop
      vertex 1.512192e+00 6.053505e-01 5.000000e-01
      vertex 2.045151e+00 5.267105e-01 0.000000e+00
      vertex 1.560390e+00 4.003201e-01 5.000000e-01
    endloop
  endfacet
  facet normal -6.947762e-01 -3.438525e-02 -7.184036e-01
    outer loop
      vertex 1.560390e+00 4.003201e-01 5.000000e-01
      vertex 2.084110e+00 2.646103e-01 0.000000e+00
      vertex 2.097198e+00 0.000000e+00 0.000000e+00
    endloop
  endfacet
  facet normal -7.055615e-01 -6.473301e-02 -7.056859e-01
    outer loop
      vertex 1.560390e+00 4.003201e-01 5.000000e-01
      vertex 2.097198e+00 0.000000e+00 0.000000e+00
      vertex 1.597111e+00 0.000000e+00 5.000000e-01
    endloop
  endfacet
  facet normal -7.066122e-01 3.497667e-02 -7.067360e-01
    outer loop
      vertex 1.597111e+00 0.000000e+00 5.000000e-01
      vertex 2.097198e+00 0.000000e+00 0.000000e+00
      vertex 2.084099e+00 -2.646408e-01 0.000000e+00
    endloop
  endfacet
  facet normal -6.977504e-01 6.401575e-02 -7.134748e-01
    outer loop
      vertex 1.597111e+00 0.000000e+00 5.000000e-01
      vertex 2.084099e+00 -2.646408e-01 0.000000e+00
      vertex 1.560390e+00 -4.003201e-01 5.000000e-01
    endloop
  endfacet
  facet normal -6.649513e-01 2.376503e-01 -7.080693e-01
    outer loop
      vertex 1.512192e+00 -6.053505e-01 5.000000e-01
      vertex 1.980839e+00 -7.837906e-01 0.000000e+00
      vertex 1.891670e+00 -1.033279e+00 0.000000e+00
    endloop
  endfacet
  facet normal -6.714106e-01 2.283633e-01 -7.050234e-01
    outer loop
      vertex 1.512192e+00 -6.053505e-01 5.000000e-01
      vertex 1.891670e+00 -1.033279e+00 0.000000e+00
      vertex 1.442650e+00 -8.098106e-01 5.000000e-01
    endloop
  endfacet
  facet normal -6.057508e-01 3.633020e-01 -7.078684e-01
    outer loop
      vertex 1.351341e+00 -1.010450e+00 5.000000e-01
      vertex 1.778301e+00 -1.272770e+00 0.000000e+00
      vertex 1.642010e+00 -1.500010e+00 0.000000e+00
    endloop
  endfacet
  facet normal -6.121358e-01 3.571134e-01 -7.055209e-01
    outer loop
      vertex 1.351341e+00 -1.010450e+00 5.000000e-01
      vertex 1.642010e+00 -1.500010e+00 0.000000e+00
      vertex 1.238499e+00 -1.203859e+00 5.000000e-01
    endloop
  endfacet
  facet normal -6.381760e-01 3.021120e-01 -7.081382e-01
    outer loop
      vertex 1.442650e+00 -8.098106e-01 5.000000e-01
      vertex 1.891670e+00 -1.033279e+00 0.000000e+00
      vertex 1.778301e+00 -1.272770e+00 0.000000e+00
    endloop
  endfacet
  facet normal -6.453484e-01 2.937049e-01 -7.051687e-01
    outer loop
      vertex 1.442650e+00 -8.098106e-01 5.000000e-01
      vertex 1.778301e+00 -1.272770e+00 0.000000e+00
      vertex 1.351341e+00 -1.010450e+00 5.000000e-01
    endloop
  endfacet
  facet normal -6.853108e-01 1.714574e-01 -7.077792e-01
    outer loop
      vertex 1.560390e+00 -4.003201e-01 5.000000e-01
      vertex 2.045151e+00 -5.267391e-01 0.000000e+00
      vertex 1.980839e+00 -7.837906e-01 0.000000e+00
    endloop
  endfacet
  facet normal -6.903821e-01 1.622842e-01 -7.050081e-01
    outer loop
      vertex 1.560390e+00 -4.003201e-01 5.000000e-01
      vertex 1.980839e+00 -7.837906e-01 0.000000e+00
      vertex 1.512192e+00 -6.053505e-01 5.000000e-01
    endloop
  endfacet
  facet normal -5.240946e-01 4.746764e-01 -7.071118e-01
    outer loop
      vertex 1.105091e+00 -1.386660e+00 5.000000e-01
      vertex 1.484230e+00 -1.712891e+00 0.000000e+00
      vertex 1.306370e+00 -1.909260e+00 0.000000e+00
    endloop
  endfacet
  facet normal -5.254833e-01 4.737499e-01 -7.067025e-01
    outer loop
      vertex 1.105091e+00 -1.386660e+00 5.000000e-01
      vertex 1.306370e+00 -1.909260e+00 0.000000e+00
      vertex 9.527512e-01 -1.555639e+00 5.000000e-01
    endloop
  endfacet
  facet normal -4.215322e-01 5.687490e-01 -7.062826e-01
    outer loop
      vertex 7.837715e-01 -1.707979e+00 5.000000e-01
      vertex 1.109982e+00 -2.087120e+00 0.000000e+00
      vertex 8.970909e-01 -2.244900e+00 0.000000e+00
    endloop
  endfacet
  facet normal -4.166566e-01 5.708745e-01 -7.074600e-01
    outer loop
      vertex 7.837715e-01 -1.707979e+00 5.000000e-01
      vertex 8.970909e-01 -2.244900e+00 0.000000e+00
      vertex 6.009789e-01 -1.841391e+00 5.000000e-01
    endloop
  endfacet
  facet normal -4.748988e-01 5.243912e-01 -7.067426e-01
    outer loop
      vertex 9.527512e-01 -1.555639e+00 5.000000e-01
      vertex 1.306370e+00 -1.909260e+00 0.000000e+00
      vertex 1.109982e+00 -2.087120e+00 0.000000e+00
    endloop
  endfacet
  facet normal -4.734680e-01 5.251719e-01 -7.071227e-01
    outer loop
      vertex 9.527512e-01 -1.555639e+00 5.000000e-01
      vertex 1.109982e+00 -2.087120e+00 0.000000e+00
      vertex 7.837715e-01 -1.707979e+00 5.000000e-01
    endloop
  endfacet
  facet normal -3.031534e-01 6.402931e-01 -7.057781e-01
    outer loop
      vertex 4.075584e-01 -1.954229e+00 5.000000e-01
      vertex 6.698494e-01 -2.381180e+00 0.000000e+00
      vertex 4.303894e-01 -2.494560e+00 0.000000e+00
    endloop
  endfacet
  facet normal -2.925228e-01 6.427900e-01 -7.079911e-01
    outer loop
      vertex 4.075584e-01 -1.954229e+00 5.000000e-01
      vertex 4.303894e-01 -2.494560e+00 0.000000e+00
      vertex 2.069206e-01 -2.045540e+00 5.000000e-01
    endloop
  endfacet
  facet normal -1.720072e-01 6.873453e-01 -7.056699e-01
    outer loop
      vertex 2.460480e-03 -2.115082e+00 5.000000e-01
      vertex 1.808891e-01 -2.583759e+00 0.000000e+00
      vertex -7.616043e-02 -2.648079e+00 0.000000e+00
    endloop
  endfacet
  facet normal -1.616643e-01 6.877452e-01 -7.077225e-01
    outer loop
      vertex 2.460480e-03 -2.115082e+00 5.000000e-01
      vertex -7.616043e-02 -2.648079e+00 0.000000e+00
      vertex -2.025719e-01 -2.163269e+00 5.000000e-01
    endloop
  endfacet
  facet normal -2.385129e-01 6.671385e-01 -7.057179e-01
    outer loop
      vertex 2.069206e-01 -2.045540e+00 5.000000e-01
      vertex 4.303894e-01 -2.494560e+00 0.000000e+00
      vertex 1.808891e-01 -2.583759e+00 0.000000e+00
    endloop
  endfacet
  facet normal -2.274279e-01 6.686605e-01 -7.079334e-01
    outer loop
      vertex 2.069206e-01 -2.045540e+00 5.000000e-01
      vertex 1.808891e-01 -2.583759e+00 0.000000e+00
      vertex 2.460480e-03 -2.115082e+00 5.000000e-01
    endloop
  endfacet
  facet normal -3.642862e-01 6.074157e-01 -7.059333e-01
    outer loop
      vertex 6.009789e-01 -1.841391e+00 5.000000e-01
      vertex 8.970909e-01 -2.244900e+00 0.000000e+00
      vertex 6.698494e-01 -2.381180e+00 0.000000e+00
    endloop
  endfacet
  facet normal -3.559764e-01 6.101868e-01 -7.077802e-01
    outer loop
      vertex 6.009789e-01 -1.841391e+00 5.000000e-01
      vertex 6.698494e-01 -2.381180e+00 0.000000e+00
      vertex 4.075584e-01 -1.954229e+00 5.000000e-01
    endloop
  endfacet
  facet normal -5.677818e-01 4.208407e-01 -7.074722e-01
    outer loop
      vertex 1.238499e+00 -1.203859e+00 5.000000e-01
      vertex 1.642010e+00 -1.500010e+00 0.000000e+00
      vertex 1.484230e+00 -1.712891e+00 0.000000e+00
    endloop
  endfacet
  facet normal -5.719849e-01 4.174550e-01 -7.060910e-01
    outer loop
      vertex 1.238499e+00 -1.203859e+00 5.000000e-01
      vertex 1.484230e+00 -1.712891e+00 0.000000e+00
      vertex 1.105091e+00 -1.386660e+00 5.000000e-01
    endloop
  endfacet
  facet normal -3.411081e-02 6.947348e-01 -7.184567e-01
    outer loop
      vertex -2.025719e-01 -2.163269e+00 5.000000e-01
      vertex -3.382607e-01 -2.687012e+00 0.000000e+00
      vertex -6.028900e-01 -2.700001e+00 0.000000e+00
    endloop
  endfacet
  facet normal -6.473869e-02 7.056234e-01 -7.056234e-01
    outer loop
      vertex -2.025719e-01 -2.163269e+00 5.000000e-01
      vertex -6.028900e-01 -2.700001e+00 0.000000e+00
      vertex -6.028900e-01 -2.200001e+00 5.000000e-01
    endloop
  endfacet
  facet normal -7.007681e-01 -1.041442e-01 -7.057465e-01
    outer loop
      vertex 2.084110e+00 2.646103e-01 0.000000e+00
      vertex 1.560390e+00 4.003201e-01 5.000000e-01
      vertex 2.045151e+00 5.267105e-01 0.000000e+00
    endloop
  endfacet
  facet normal -7.007684e-01 1.041443e-01 -7.057462e-01
    outer loop
      vertex 1.560390e+00 -4.003201e-01 5.000000e-01
      vertex 2.084099e+00 -2.646408e-01 0.000000e+00
      vertex 2.045151e+00 -5.267391e-01 0.000000e+00
    endloop
  endfacet
  facet normal -1.040704e-01 7.007518e-01 -7.057735e-01
    outer loop
      vertex -3.382607e-01 -2.687012e+00 0.000000e+00
      vertex -2.025719e-01 -2.163269e+00 5.000000e-01
      vertex -7.616043e-02 -2.648079e+00 0.000000e+00
    endloop
  endfacet
endsolid Default
