solid Default
  facet normal 0.000000e+00 0.000000e+00 1.000000e+00
    outer loop
      vertex 1.436237e+01 -4.974999e+00 3.600000e+00
      vertex 1.539987e+01 -4.974999e+00 3.600000e+00
      vertex 1.539987e+01 9.536743e-07 3.600000e+00
    endloop
  endfacet
  facet normal 0.000000e+00 0.000000e+00 1.000000e+00
    outer loop
      vertex 1.436237e+01 -4.974999e+00 3.600000e+00
      vertex 1.539987e+01 9.536743e-07 3.600000e+00
      vertex 1.436237e+01 9.536743e-07 3.600000e+00
    endloop
  endfacet
  facet normal 0.000000e+00 0.000000e+00 1.000000e+00
    outer loop
      vertex 1.436237e+01 9.536743e-07 3.600000e+00
      vertex 1.539987e+01 9.536743e-07 3.600000e+00
      vertex 1.539987e+01 4.975001e+00 3.600000e+00
    endloop
  endfacet
  facet normal 0.000000e+00 0.000000e+00 1.000000e+00
    outer loop
      vertex 1.436237e+01 9.536743e-07 3.600000e+00
      vertex 1.539987e+01 4.975001e+00 3.600000e+00
      vertex 1.436237e+01 4.975001e+00 3.600000e+00
    endloop
  endfacet
  facet normal 0.000000e+00 0.000000e+00 1.000000e+00
    outer loop
      vertex 1.539987e+01 9.536743e-07 3.600000e+00
      vertex 1.643737e+01 9.536743e-07 3.600000e+00
      vertex 1.643737e+01 4.975001e+00 3.600000e+00
    endloop
  endfacet
  facet normal 0.000000e+00 0.000000e+00 1.000000e+00
    outer loop
      vertex 1.539987e+01 9.536743e-07 3.600000e+00
      vertex 1.643737e+01 4.975001e+00 3.600000e+00
      vertex 1.539987e+01 4.975001e+00 3.600000e+00
    endloop
  endfacet
  facet normal 0.000000e+00 0.000000e+00 1.000000e+00
    outer loop
      vertex 1.539987e+01 -4.974999e+00 3.600000e+00
      vertex 1.643737e+01 -4.974999e+00 3.600000e+00
      vertex 1.643737e+01 9.536743e-07 3.600000e+00
    endloop
  endfacet
  facet normal 0.000000e+00 0.000000e+00 1.000000e+00
    outer loop
      vertex 1.539987e+01 -4.974999e+00 3.600000e+00
      vertex 1.643737e+01 9.536743e-07 3.600000e+00
      vertex 1.539987e+01 9.536743e-07 3.600000e+00
    endloop
  endfacet
  facet normal 0.000000e+00 0.000000e+00 1.000000e+00
    outer loop
      vertex 1.539987e+01 9.949991e+00 3.600000e+00
      vertex 1.643737e+01 4.975001e+00 3.600000e+00
      vertex 1.747487e+01 9.949991e+00 3.600000e+00
    endloop
  endfacet
  facet normal 0.000000e+00 0.000000e+00 1.000000e+00
    outer loop
      vertex 1.747487e+01 9.536743e-07 3.600000e+00
      vertex 1.747487e+01 9.949991e+00 3.600000e+00
      vertex 1.643737e+01 4.975001e+00 3.600000e+00
    endloop
  endfacet
  facet normal 0.000000e+00 0.000000e+00 1.000000e+00
    outer loop
      vertex 1.643737e+01 4.975001e+00 3.600000e+00
      vertex 1.643737e+01 9.536743e-07 3.600000e+00
      vertex 1.747487e+01 9.536743e-07 3.600000e+00
    endloop
  endfacet
  facet normal 0.000000e+00 0.000000e+00 1.000000e+00
    outer loop
      vertex 1.643737e+01 -4.974999e+00 3.600000e+00
      vertex 1.747487e+01 9.536743e-07 3.600000e+00
      vertex 1.643737e+01 9.536743e-07 3.600000e+00
    endloop
  endfacet
  facet normal 0.000000e+00 0.000000e+00 1.000000e+00
    outer loop
      vertex 1.332487e+01 9.949991e+00 3.600000e+00
      vertex 1.436237e+01 4.975001e+00 3.600000e+00
      vertex 1.539987e+01 4.975001e+00 3.600000e+00
    endloop
  endfacet
  facet normal 0.000000e+00 0.000000e+00 1.000000e+00
    outer loop
      vertex 1.332487e+01 9.949991e+00 3.600000e+00
      vertex 1.539987e+01 4.975001e+00 3.600000e+00
      vertex 1.539987e+01 9.949991e+00 3.600000e+00
    endloop
  endfacet
  facet normal 0.000000e+00 0.000000e+00 1.000000e+00
    outer loop
      vertex 1.539987e+01 4.975001e+00 3.600000e+00
      vertex 1.643737e+01 4.975001e+00 3.600000e+00
      vertex 1.539987e+01 9.949991e+00 3.600000e+00
    endloop
  endfacet
  facet normal 0.000000e+00 0.000000e+00 1.000000e+00
    outer loop
      vertex 1.332487e+01 9.536743e-07 3.600000e+00
      vertex 1.436237e+01 9.536743e-07 3.600000e+00
      vertex 1.436237e+01 4.975001e+00 3.600000e+00
    endloop
  endfacet
  facet normal 0.000000e+00 0.000000e+00 1.000000e+00
    outer loop
      vertex 1.332487e+01 9.536743e-07 3.600000e+00
      vertex 1.436237e+01 4.975001e+00 3.600000e+00
      vertex 1.332487e+01 9.949991e+00 3.600000e+00
    endloop
  endfacet
  facet normal 0.000000e+00 0.000000e+00 1.000000e+00
    outer loop
      vertex 1.539987e+01 -9.950000e+00 3.600000e+00
      vertex 1.643737e+01 -4.974999e+00 3.600000e+00
      vertex 1.539987e+01 -4.974999e+00 3.600000e+00
    endloop
  endfacet
  facet normal 0.000000e+00 0.000000e+00 1.000000e+00
    outer loop
      vertex 1.643737e+01 -4.974999e+00 3.600000e+00
      vertex 1.539987e+01 -9.950000e+00 3.600000e+00
      vertex 1.747487e+01 -9.950000e+00 3.600000e+00
    endloop
  endfacet
  facet normal 0.000000e+00 0.000000e+00 1.000000e+00
    outer loop
      vertex 1.747487e+01 -9.950000e+00 3.600000e+00
      vertex 1.747487e+01 9.536743e-07 3.600000e+00
      vertex 1.643737e+01 -4.974999e+00 3.600000e+00
    endloop
  endfacet
  facet normal 0.000000e+00 0.000000e+00 1.000000e+00
    outer loop
      vertex 1.436237e+01 -4.974999e+00 3.600000e+00
      vertex 1.539987e+01 -9.950000e+00 3.600000e+00
      vertex 1.539987e+01 -4.974999e+00 3.600000e+00
    endloop
  endfacet
  facet normal 0.000000e+00 0.000000e+00 1.000000e+00
    outer loop
      vertex 1.436237e+01 -4.974999e+00 3.600000e+00
      vertex 1.436237e+01 9.536743e-07 3.600000e+00
      vertex 1.332487e+01 9.536743e-07 3.600000e+00
    endloop
  endfacet
  facet normal 0.000000e+00 0.000000e+00 1.000000e+00
    outer loop
      vertex 1.332487e+01 9.536743e-07 3.600000e+00
      vertex 1.332487e+01 -9.950000e+00 3.600000e+00
      vertex 1.436237e+01 -4.974999e+00 3.600000e+00
    endloop
  endfacet
  facet normal 0.000000e+00 0.000000e+00 1.000000e+00
    outer loop
      vertex 1.539987e+01 -9.950000e+00 3.600000e+00
      vertex 1.436237e+01 -4.974999e+00 3.600000e+00
      vertex 1.332487e+01 -9.950000e+00 3.600000e+00
    endloop
  endfacet
  facet normal 0.000000e+00 0.000000e+00 -1.000000e+00
    outer loop
      vertex 1.436237e+01 -4.974999e+00 2.517111e-13
      vertex 1.436237e+01 9.536743e-07 2.517111e-13
      vertex 1.539987e+01 9.536743e-07 2.517111e-13
    endloop
  endfacet
  facet normal 0.000000e+00 0.000000e+00 -1.000000e+00
    outer loop
      vertex 1.436237e+01 -4.974999e+00 2.517111e-13
      vertex 1.539987e+01 9.536743e-07 2.517111e-13
      vertex 1.539987e+01 -4.974999e+00 2.517111e-13
    endloop
  endfacet
  facet normal 0.000000e+00 0.000000e+00 -1.000000e+00
    outer loop
      vertex 1.436237e+01 9.536743e-07 2.517111e-13
      vertex 1.436237e+01 4.975001e+00 2.517111e-13
      vertex 1.539987e+01 4.975001e+00 2.517111e-13
    endloop
  endfacet
  facet normal 0.000000e+00 0.000000e+00 -1.000000e+00
    outer loop
      vertex 1.436237e+01 9.536743e-07 2.517111e-13
      vertex 1.539987e+01 4.975001e+00 2.517111e-13
      vertex 1.539987e+01 9.536743e-07 2.517111e-13
    endloop
  endfacet
  facet normal 0.000000e+00 0.000000e+00 -1.000000e+00
    outer loop
      vertex 1.539987e+01 9.536743e-07 2.517111e-13
      vertex 1.539987e+01 4.975001e+00 2.517111e-13
      vertex 1.643737e+01 4.975001e+00 2.517111e-13
    endloop
  endfacet
  facet normal 0.000000e+00 0.000000e+00 -1.000000e+00
    outer loop
      vertex 1.539987e+01 9.536743e-07 2.517111e-13
      vertex 1.643737e+01 4.975001e+00 2.517111e-13
      vertex 1.643737e+01 9.536743e-07 2.517111e-13
    endloop
  endfacet
  facet normal 0.000000e+00 0.000000e+00 -1.000000e+00
    outer loop
      vertex 1.539987e+01 -4.974999e+00 2.517111e-13
      vertex 1.539987e+01 9.536743e-07 2.517111e-13
      vertex 1.643737e+01 9.536743e-07 2.517111e-13
    endloop
  endfacet
  facet normal 0.000000e+00 0.000000e+00 -1.000000e+00
    outer loop
      vertex 1.539987e+01 -4.974999e+00 2.517111e-13
      vertex 1.643737e+01 9.536743e-07 2.517111e-13
      vertex 1.643737e+01 -4.974999e+00 2.517111e-13
    endloop
  endfacet
  facet normal 0.000000e+00 0.000000e+00 -1.000000e+00
    outer loop
      vertex 1.643737e+01 4.975001e+00 2.517111e-13
      vertex 1.539987e+01 9.949991e+00 2.517111e-13
      vertex 1.747487e+01 9.949991e+00 2.517111e-13
    endloop
  endfacet
  facet normal 0.000000e+00 0.000000e+00 -1.000000e+00
    outer loop
      vertex 1.539987e+01 4.975001e+00 2.517111e-13
      vertex 1.539987e+01 9.949991e+00 2.517111e-13
      vertex 1.643737e+01 4.975001e+00 2.517111e-13
    endloop
  endfacet
  facet normal 0.000000e+00 0.000000e+00 -1.000000e+00
    outer loop
      vertex 1.643737e+01 4.975001e+00 2.517111e-13
      vertex 1.747487e+01 9.536743e-07 2.517111e-13
      vertex 1.643737e+01 9.536743e-07 2.517111e-13
    endloop
  endfacet
  facet normal -0.000000e+00 -0.000000e+00 -1.000000e+00
    outer loop
      vertex 1.747487e+01 9.536743e-07 2.517111e-13
      vertex 1.643737e+01 4.975001e+00 2.517111e-13
      vertex 1.747487e+01 9.949991e+00 2.517111e-13
    endloop
  endfacet
  facet normal -0.000000e+00 -0.000000e+00 -1.000000e+00
    outer loop
      vertex 1.332487e+01 9.949991e+00 2.517111e-13
      vertex 1.539987e+01 9.949991e+00 2.517111e-13
      vertex 1.539987e+01 4.975001e+00 2.517111e-13
    endloop
  endfacet
  facet normal 0.000000e+00 0.000000e+00 -1.000000e+00
    outer loop
      vertex 1.332487e+01 9.949991e+00 2.517111e-13
      vertex 1.539987e+01 4.975001e+00 2.517111e-13
      vertex 1.436237e+01 4.975001e+00 2.517111e-13
    endloop
  endfacet
  facet normal 0.000000e+00 0.000000e+00 -1.000000e+00
    outer loop
      vertex 1.332487e+01 9.949991e+00 2.517111e-13
      vertex 1.436237e+01 4.975001e+00 2.517111e-13
      vertex 1.332487e+01 9.536743e-07 2.517111e-13
    endloop
  endfacet
  facet normal 0.000000e+00 0.000000e+00 -1.000000e+00
    outer loop
      vertex 1.332487e+01 9.536743e-07 2.517111e-13
      vertex 1.436237e+01 4.975001e+00 2.517111e-13
      vertex 1.436237e+01 9.536743e-07 2.517111e-13
    endloop
  endfacet
  facet normal -0.000000e+00 -0.000000e+00 -1.000000e+00
    outer loop
      vertex 1.747487e+01 -9.950000e+00 2.517111e-13
      vertex 1.643737e+01 -4.974999e+00 2.517111e-13
      vertex 1.747487e+01 9.536743e-07 2.517111e-13
    endloop
  endfacet
  facet normal 0.000000e+00 0.000000e+00 -1.000000e+00
    outer loop
      vertex 1.643737e+01 -4.974999e+00 2.517111e-13
      vertex 1.747487e+01 -9.950000e+00 2.517111e-13
      vertex 1.539987e+01 -9.950000e+00 2.517111e-13
    endloop
  endfacet
  facet normal 0.000000e+00 0.000000e+00 -1.000000e+00
    outer loop
      vertex 1.539987e+01 -4.974999e+00 2.517111e-13
      vertex 1.643737e+01 -4.974999e+00 2.517111e-13
      vertex 1.539987e+01 -9.950000e+00 2.517111e-13
    endloop
  endfacet
  facet normal 0.000000e+00 0.000000e+00 -1.000000e+00
    outer loop
      vertex 1.436237e+01 -4.974999e+00 2.517111e-13
      vertex 1.332487e+01 -9.950000e+00 2.517111e-13
      vertex 1.332487e+01 9.536743e-07 2.517111e-13
    endloop
  endfacet
  facet normal 0.000000e+00 0.000000e+00 -1.000000e+00
    outer loop
      vertex 1.539987e+01 -9.950000e+00 2.517111e-13
      vertex 1.436237e+01 -4.974999e+00 2.517111e-13
      vertex 1.539987e+01 -4.974999e+00 2.517111e-13
    endloop
  endfacet
  facet normal 0.000000e+00 0.000000e+00 -1.000000e+00
    outer loop
      vertex 1.436237e+01 -4.974999e+00 2.517111e-13
      vertex 1.539987e+01 -9.950000e+00 2.517111e-13
      vertex 1.332487e+01 -9.950000e+00 2.517111e-13
    endloop
  endfacet
  facet normal 0.000000e+00 0.000000e+00 -1.000000e+00
    outer loop
      vertex 1.436237e+01 9.536743e-07 2.517111e-13
      vertex 1.436237e+01 -4.974999e+00 2.517111e-13
      vertex 1.332487e+01 9.536743e-07 2.517111e-13
    endloop
  endfacet
  facet normal 0.000000e+00 0.000000e+00 -1.000000e+00
    outer loop
      vertex 1.747487e+01 9.536743e-07 2.517111e-13
      vertex 1.643737e+01 -4.974999e+00 2.517111e-13
      vertex 1.643737e+01 9.536743e-07 2.517111e-13
    endloop
  endfacet
  facet normal 0.000000e+00 1.000000e+00 0.000000e+00
    outer loop
      vertex 1.643737e+01 9.949991e+00 9.000000e-01
      vertex 1.539987e+01 9.949991e+00 9.000000e-01
      vertex 1.539987e+01 9.949991e+00 1.800000e+00
    endloop
  endfacet
  facet normal 0.000000e+00 1.000000e+00 0.000000e+00
    outer loop
      vertex 1.643737e+01 9.949991e+00 9.000000e-01
      vertex 1.539987e+01 9.949991e+00 1.800000e+00
      vertex 1.643737e+01 9.949991e+00 1.800000e+00
    endloop
  endfacet
  facet normal 0.000000e+00 1.000000e+00 0.000000e+00
    outer loop
      vertex 1.539987e+01 9.949991e+00 9.000000e-01
      vertex 1.436237e+01 9.949991e+00 9.000000e-01
      vertex 1.436237e+01 9.949991e+00 1.800000e+00
    endloop
  endfacet
  facet normal 0.000000e+00 1.000000e+00 0.000000e+00
    outer loop
      vertex 1.539987e+01 9.949991e+00 9.000000e-01
      vertex 1.436237e+01 9.949991e+00 1.800000e+00
      vertex 1.539987e+01 9.949991e+00 1.800000e+00
    endloop
  endfacet
  facet normal 0.000000e+00 1.000000e+00 0.000000e+00
    outer loop
      vertex 1.436237e+01 9.949991e+00 1.800000e+00
      vertex 1.332487e+01 9.949991e+00 3.600000e+00
      vertex 1.539987e+01 9.949991e+00 3.600000e+00
    endloop
  endfacet
  facet normal 0.000000e+00 1.000000e+00 0.000000e+00
    outer loop
      vertex 1.332487e+01 9.949991e+00 3.600000e+00
      vertex 1.436237e+01 9.949991e+00 1.800000e+00
      vertex 1.332487e+01 9.949991e+00 2.025000e+00
    endloop
  endfacet
  facet normal 0.000000e+00 1.000000e+00 0.000000e+00
    outer loop
      vertex 1.436237e+01 9.949991e+00 9.000000e-01
      vertex 1.332487e+01 9.949991e+00 2.025000e+00
      vertex 1.436237e+01 9.949991e+00 1.800000e+00
    endloop
  endfacet
  facet normal 0.000000e+00 1.000000e+00 0.000000e+00
    outer loop
      vertex 1.539987e+01 9.949991e+00 1.800000e+00
      vertex 1.436237e+01 9.949991e+00 1.800000e+00
      vertex 1.539987e+01 9.949991e+00 3.600000e+00
    endloop
  endfacet
  facet normal 0.000000e+00 1.000000e+00 0.000000e+00
    outer loop
      vertex 1.643737e+01 9.949991e+00 1.800000e+00
      vertex 1.747487e+01 9.949991e+00 3.600000e+00
      vertex 1.747487e+01 9.949991e+00 2.025000e+00
    endloop
  endfacet
  facet normal 0.000000e+00 1.000000e+00 0.000000e+00
    outer loop
      vertex 1.747487e+01 9.949991e+00 3.600000e+00
      vertex 1.643737e+01 9.949991e+00 1.800000e+00
      vertex 1.539987e+01 9.949991e+00 1.800000e+00
    endloop
  endfacet
  facet normal 0.000000e+00 1.000000e+00 0.000000e+00
    outer loop
      vertex 1.747487e+01 9.949991e+00 3.600000e+00
      vertex 1.539987e+01 9.949991e+00 1.800000e+00
      vertex 1.539987e+01 9.949991e+00 3.600000e+00
    endloop
  endfacet
  facet normal 0.000000e+00 1.000000e+00 0.000000e+00
    outer loop
      vertex 1.643737e+01 9.949991e+00 1.800000e+00
      vertex 1.747487e+01 9.949991e+00 2.025000e+00
      vertex 1.747487e+01 9.949991e+00 4.500000e-01
    endloop
  endfacet
  facet normal 0.000000e+00 1.000000e+00 0.000000e+00
    outer loop
      vertex 1.643737e+01 9.949991e+00 1.800000e+00
      vertex 1.747487e+01 9.949991e+00 4.500000e-01
      vertex 1.643737e+01 9.949991e+00 9.000000e-01
    endloop
  endfacet
  facet normal 0.000000e+00 1.000000e+00 0.000000e+00
    outer loop
      vertex 1.332487e+01 9.949991e+00 2.517111e-13
      vertex 1.332487e+01 9.949991e+00 4.500000e-01
      vertex 1.436237e+01 9.949991e+00 9.000000e-01
    endloop
  endfacet
  facet normal 0.000000e+00 1.000000e+00 0.000000e+00
    outer loop
      vertex 1.332487e+01 9.949991e+00 2.025000e+00
      vertex 1.436237e+01 9.949991e+00 9.000000e-01
      vertex 1.332487e+01 9.949991e+00 4.500000e-01
    endloop
  endfacet
  facet normal 0.000000e+00 1.000000e+00 0.000000e+00
    outer loop
      vertex 1.436237e+01 9.949991e+00 9.000000e-01
      vertex 1.539987e+01 9.949991e+00 2.517111e-13
      vertex 1.332487e+01 9.949991e+00 2.517111e-13
    endloop
  endfacet
  facet normal 0.000000e+00 1.000000e+00 0.000000e+00
    outer loop
      vertex 1.539987e+01 9.949991e+00 9.000000e-01
      vertex 1.539987e+01 9.949991e+00 2.517111e-13
      vertex 1.436237e+01 9.949991e+00 9.000000e-01
    endloop
  endfacet
  facet normal 0.000000e+00 1.000000e+00 0.000000e+00
    outer loop
      vertex 1.643737e+01 9.949991e+00 9.000000e-01
      vertex 1.539987e+01 9.949991e+00 2.517111e-13
      vertex 1.539987e+01 9.949991e+00 9.000000e-01
    endloop
  endfacet
  facet normal 0.000000e+00 1.000000e+00 0.000000e+00
    outer loop
      vertex 1.643737e+01 9.949991e+00 9.000000e-01
      vertex 1.747487e+01 9.949991e+00 4.500000e-01
      vertex 1.747487e+01 9.949991e+00 2.517111e-13
    endloop
  endfacet
  facet normal 0.000000e+00 1.000000e+00 0.000000e+00
    outer loop
      vertex 1.643737e+01 9.949991e+00 9.000000e-01
      vertex 1.747487e+01 9.949991e+00 2.517111e-13
      vertex 1.539987e+01 9.949991e+00 2.517111e-13
    endloop
  endfacet
  facet normal 1.000000e+00 0.000000e+00 0.000000e+00
    outer loop
      vertex 1.747487e+01 8.706251e+00 2.250000e-01
      vertex 1.747487e+01 8.706251e+00 4.500000e-01
      vertex 1.747487e+01 7.462501e+00 4.500000e-01
    endloop
  endfacet
  facet normal 1.000000e+00 0.000000e+00 0.000000e+00
    outer loop
      vertex 1.747487e+01 8.706251e+00 2.250000e-01
      vertex 1.747487e+01 7.462501e+00 4.500000e-01
      vertex 1.747487e+01 7.462501e+00 2.250000e-01
    endloop
  endfacet
  facet normal 1.000000e+00 0.000000e+00 0.000000e+00
    outer loop
      vertex 1.747487e+01 8.706251e+00 6.750000e-01
      vertex 1.747487e+01 8.706251e+00 9.000000e-01
      vertex 1.747487e+01 7.462501e+00 9.000000e-01
    endloop
  endfacet
  facet normal 1.000000e+00 0.000000e+00 0.000000e+00
    outer loop
      vertex 1.747487e+01 8.706251e+00 6.750000e-01
      vertex 1.747487e+01 7.462501e+00 9.000000e-01
      vertex 1.747487e+01 7.462501e+00 6.750000e-01
    endloop
  endfacet
  facet normal 1.000000e+00 0.000000e+00 0.000000e+00
    outer loop
      vertex 1.747487e+01 8.706251e+00 4.500000e-01
      vertex 1.747487e+01 8.706251e+00 6.750000e-01
      vertex 1.747487e+01 7.462501e+00 6.750000e-01
    endloop
  endfacet
  facet normal 1.000000e+00 0.000000e+00 0.000000e+00
    outer loop
      vertex 1.747487e+01 8.706251e+00 4.500000e-01
      vertex 1.747487e+01 7.462501e+00 6.750000e-01
      vertex 1.747487e+01 7.462501e+00 4.500000e-01
    endloop
  endfacet
  facet normal 1.000000e+00 0.000000e+00 0.000000e+00
    outer loop
      vertex 1.747487e+01 7.462501e+00 6.750000e-01
      vertex 1.747487e+01 7.462501e+00 9.000000e-01
      vertex 1.747487e+01 4.975001e+00 9.000000e-01
    endloop
  endfacet
  facet normal 1.000000e+00 0.000000e+00 0.000000e+00
    outer loop
      vertex 1.747487e+01 4.975001e+00 4.500000e-01
      vertex 1.747487e+01 7.462501e+00 4.500000e-01
      vertex 1.747487e+01 7.462501e+00 6.750000e-01
    endloop
  endfacet
  facet normal 1.000000e+00 0.000000e+00 0.000000e+00
    outer loop
      vertex 1.747487e+01 4.975001e+00 9.000000e-01
      vertex 1.747487e+01 4.975001e+00 4.500000e-01
      vertex 1.747487e+01 7.462501e+00 6.750000e-01
    endloop
  endfacet
  facet normal 1.000000e+00 0.000000e+00 0.000000e+00
    outer loop
      vertex 1.747487e+01 7.462501e+00 1.350000e+00
      vertex 1.747487e+01 7.462501e+00 1.800000e+00
      vertex 1.747487e+01 4.975001e+00 1.800000e+00
    endloop
  endfacet
  facet normal 1.000000e+00 0.000000e+00 0.000000e+00
    outer loop
      vertex 1.747487e+01 7.462501e+00 1.350000e+00
      vertex 1.747487e+01 4.975001e+00 1.800000e+00
      vertex 1.747487e+01 4.975001e+00 1.350000e+00
    endloop
  endfacet
  facet normal 1.000000e+00 0.000000e+00 0.000000e+00
    outer loop
      vertex 1.747487e+01 7.462501e+00 9.000000e-01
      vertex 1.747487e+01 7.462501e+00 1.350000e+00
      vertex 1.747487e+01 4.975001e+00 1.350000e+00
    endloop
  endfacet
  facet normal 1.000000e+00 0.000000e+00 0.000000e+00
    outer loop
      vertex 1.747487e+01 7.462501e+00 9.000000e-01
      vertex 1.747487e+01 4.975001e+00 1.350000e+00
      vertex 1.747487e+01 4.975001e+00 9.000000e-01
    endloop
  endfacet
  facet normal 1.000000e+00 0.000000e+00 0.000000e+00
    outer loop
      vertex 1.747487e+01 4.975001e+00 1.350000e+00
      vertex 1.747487e+01 4.975001e+00 1.800000e+00
      vertex 1.747487e+01 9.536743e-07 1.800000e+00
    endloop
  endfacet
  facet normal 1.000000e+00 0.000000e+00 0.000000e+00
    outer loop
      vertex 1.747487e+01 9.536743e-07 9.000000e-01
      vertex 1.747487e+01 4.975001e+00 9.000000e-01
      vertex 1.747487e+01 4.975001e+00 1.350000e+00
    endloop
  endfacet
  facet normal 1.000000e+00 0.000000e+00 0.000000e+00
    outer loop
      vertex 1.747487e+01 9.536743e-07 1.800000e+00
      vertex 1.747487e+01 9.536743e-07 9.000000e-01
      vertex 1.747487e+01 4.975001e+00 1.350000e+00
    endloop
  endfacet
  facet normal 1.000000e+00 0.000000e+00 0.000000e+00
    outer loop
      vertex 1.747487e+01 4.975001e+00 1.800000e+00
      vertex 1.747487e+01 4.975001e+00 2.700000e+00
      vertex 1.747487e+01 9.536743e-07 2.700000e+00
    endloop
  endfacet
  facet normal 1.000000e+00 0.000000e+00 0.000000e+00
    outer loop
      vertex 1.747487e+01 4.975001e+00 1.800000e+00
      vertex 1.747487e+01 9.536743e-07 2.700000e+00
      vertex 1.747487e+01 9.536743e-07 1.800000e+00
    endloop
  endfacet
  facet normal 1.000000e+00 0.000000e+00 0.000000e+00
    outer loop
      vertex 1.747487e+01 9.536743e-07 1.800000e+00
      vertex 1.747487e+01 9.536743e-07 2.700000e+00
      vertex 1.747487e+01 -4.974999e+00 2.700000e+00
    endloop
  endfacet
  facet normal 1.000000e+00 0.000000e+00 0.000000e+00
    outer loop
      vertex 1.747487e+01 9.536743e-07 1.800000e+00
      vertex 1.747487e+01 -4.974999e+00 2.700000e+00
      vertex 1.747487e+01 -4.974999e+00 1.800000e+00
    endloop
  endfacet
  facet normal 1.000000e+00 0.000000e+00 0.000000e+00
    outer loop
      vertex 1.747487e+01 -4.974999e+00 1.350000e+00
      vertex 1.747487e+01 -4.974999e+00 9.000000e-01
      vertex 1.747487e+01 9.536743e-07 9.000000e-01
    endloop
  endfacet
  facet normal 1.000000e+00 0.000000e+00 0.000000e+00
    outer loop
      vertex 1.747487e+01 9.536743e-07 1.800000e+00
      vertex 1.747487e+01 -4.974999e+00 1.800000e+00
      vertex 1.747487e+01 -4.974999e+00 1.350000e+00
    endloop
  endfacet
  facet normal 1.000000e+00 0.000000e+00 0.000000e+00
    outer loop
      vertex 1.747487e+01 9.536743e-07 9.000000e-01
      vertex 1.747487e+01 9.536743e-07 1.800000e+00
      vertex 1.747487e+01 -4.974999e+00 1.350000e+00
    endloop
  endfacet
  facet normal 1.000000e+00 0.000000e+00 0.000000e+00
    outer loop
      vertex 1.747487e+01 -4.974999e+00 9.000000e-01
      vertex 1.747487e+01 -4.974999e+00 1.350000e+00
      vertex 1.747487e+01 -7.462499e+00 1.350000e+00
    endloop
  endfacet
  facet normal 1.000000e+00 0.000000e+00 0.000000e+00
    outer loop
      vertex 1.747487e+01 -4.974999e+00 9.000000e-01
      vertex 1.747487e+01 -7.462499e+00 1.350000e+00
      vertex 1.747487e+01 -7.462499e+00 9.000000e-01
    endloop
  endfacet
  facet normal 1.000000e+00 0.000000e+00 0.000000e+00
    outer loop
      vertex 1.747487e+01 -4.974999e+00 1.350000e+00
      vertex 1.747487e+01 -4.974999e+00 1.800000e+00
      vertex 1.747487e+01 -7.462499e+00 1.800000e+00
    endloop
  endfacet
  facet normal 1.000000e+00 0.000000e+00 0.000000e+00
    outer loop
      vertex 1.747487e+01 -4.974999e+00 1.350000e+00
      vertex 1.747487e+01 -7.462499e+00 1.800000e+00
      vertex 1.747487e+01 -7.462499e+00 1.350000e+00
    endloop
  endfacet
  facet normal 1.000000e+00 0.000000e+00 0.000000e+00
    outer loop
      vertex 1.747487e+01 -7.462499e+00 6.750000e-01
      vertex 1.747487e+01 -7.462499e+00 4.500000e-01
      vertex 1.747487e+01 -4.974999e+00 4.500000e-01
    endloop
  endfacet
  facet normal 1.000000e+00 0.000000e+00 0.000000e+00
    outer loop
      vertex 1.747487e+01 -4.974999e+00 9.000000e-01
      vertex 1.747487e+01 -7.462499e+00 9.000000e-01
      vertex 1.747487e+01 -7.462499e+00 6.750000e-01
    endloop
  endfacet
  facet normal 1.000000e+00 0.000000e+00 0.000000e+00
    outer loop
      vertex 1.747487e+01 -4.974999e+00 4.500000e-01
      vertex 1.747487e+01 -4.974999e+00 9.000000e-01
      vertex 1.747487e+01 -7.462499e+00 6.750000e-01
    endloop
  endfacet
  facet normal 1.000000e+00 0.000000e+00 0.000000e+00
    outer loop
      vertex 1.747487e+01 -7.462499e+00 4.500000e-01
      vertex 1.747487e+01 -7.462499e+00 6.750000e-01
      vertex 1.747487e+01 -8.706260e+00 6.750000e-01
    endloop
  endfacet
  facet normal 1.000000e+00 0.000000e+00 0.000000e+00
    outer loop
      vertex 1.747487e+01 -7.462499e+00 4.500000e-01
      vertex 1.747487e+01 -8.706260e+00 6.750000e-01
      vertex 1.747487e+01 -8.706260e+00 4.500000e-01
    endloop
  endfacet
  facet normal 1.000000e+00 0.000000e+00 0.000000e+00
    outer loop
      vertex 1.747487e+01 -7.462499e+00 6.750000e-01
      vertex 1.747487e+01 -7.462499e+00 9.000000e-01
      vertex 1.747487e+01 -8.706260e+00 9.000000e-01
    endloop
  endfacet
  facet normal 1.000000e+00 0.000000e+00 0.000000e+00
    outer loop
      vertex 1.747487e+01 -7.462499e+00 6.750000e-01
      vertex 1.747487e+01 -8.706260e+00 9.000000e-01
      vertex 1.747487e+01 -8.706260e+00 6.750000e-01
    endloop
  endfacet
  facet normal 1.000000e+00 0.000000e+00 0.000000e+00
    outer loop
      vertex 1.747487e+01 -7.462499e+00 2.250000e-01
      vertex 1.747487e+01 -7.462499e+00 4.500000e-01
      vertex 1.747487e+01 -8.706260e+00 4.500000e-01
    endloop
  endfacet
  facet normal 1.000000e+00 0.000000e+00 0.000000e+00
    outer loop
      vertex 1.747487e+01 -7.462499e+00 2.250000e-01
      vertex 1.747487e+01 -8.706260e+00 4.500000e-01
      vertex 1.747487e+01 -8.706260e+00 2.250000e-01
    endloop
  endfacet
  facet normal 1.000000e+00 0.000000e+00 0.000000e+00
    outer loop
      vertex 1.747487e+01 -4.974999e+00 2.700000e+00
      vertex 1.747487e+01 -9.950000e+00 3.600000e+00
      vertex 1.747487e+01 -9.950000e+00 2.025000e+00
    endloop
  endfacet
  facet normal 1.000000e+00 0.000000e+00 0.000000e+00
    outer loop
      vertex 1.747487e+01 -4.974999e+00 1.800000e+00
      vertex 1.747487e+01 -4.974999e+00 2.700000e+00
      vertex 1.747487e+01 -7.462499e+00 1.800000e+00
    endloop
  endfacet
  facet normal 1.000000e+00 0.000000e+00 0.000000e+00
    outer loop
      vertex 1.747487e+01 -9.950000e+00 2.025000e+00
      vertex 1.747487e+01 -7.462499e+00 1.800000e+00
      vertex 1.747487e+01 -4.974999e+00 2.700000e+00
    endloop
  endfacet
  facet normal 1.000000e+00 0.000000e+00 0.000000e+00
    outer loop
      vertex 1.747487e+01 -7.462499e+00 1.800000e+00
      vertex 1.747487e+01 -9.950000e+00 2.025000e+00
      vertex 1.747487e+01 -7.462499e+00 1.350000e+00
    endloop
  endfacet
  facet normal 1.000000e+00 0.000000e+00 0.000000e+00
    outer loop
      vertex 1.747487e+01 9.536743e-07 3.600000e+00
      vertex 1.747487e+01 -9.950000e+00 3.600000e+00
      vertex 1.747487e+01 -4.974999e+00 2.700000e+00
    endloop
  endfacet
  facet normal 1.000000e+00 0.000000e+00 0.000000e+00
    outer loop
      vertex 1.747487e+01 -7.462499e+00 9.000000e-01
      vertex 1.747487e+01 -7.462499e+00 1.350000e+00
      vertex 1.747487e+01 -8.706260e+00 9.000000e-01
    endloop
  endfacet
  facet normal 1.000000e+00 0.000000e+00 0.000000e+00
    outer loop
      vertex 1.747487e+01 -9.950000e+00 2.025000e+00
      vertex 1.747487e+01 -8.706260e+00 9.000000e-01
      vertex 1.747487e+01 -7.462499e+00 1.350000e+00
    endloop
  endfacet
  facet normal 1.000000e+00 0.000000e+00 0.000000e+00
    outer loop
      vertex 1.747487e+01 -8.706260e+00 9.000000e-01
      vertex 1.747487e+01 -9.950000e+00 2.025000e+00
      vertex 1.747487e+01 -9.950000e+00 4.500000e-01
    endloop
  endfacet
  facet normal 1.000000e+00 0.000000e+00 0.000000e+00
    outer loop
      vertex 1.747487e+01 4.975001e+00 2.700000e+00
      vertex 1.747487e+01 9.536743e-07 3.600000e+00
      vertex 1.747487e+01 9.536743e-07 2.700000e+00
    endloop
  endfacet
  facet normal 1.000000e+00 0.000000e+00 0.000000e+00
    outer loop
      vertex 1.747487e+01 9.536743e-07 2.700000e+00
      vertex 1.747487e+01 9.536743e-07 3.600000e+00
      vertex 1.747487e+01 -4.974999e+00 2.700000e+00
    endloop
  endfacet
  facet normal 1.000000e+00 0.000000e+00 0.000000e+00
    outer loop
      vertex 1.747487e+01 9.949991e+00 2.025000e+00
      vertex 1.747487e+01 9.949991e+00 3.600000e+00
      vertex 1.747487e+01 4.975001e+00 2.700000e+00
    endloop
  endfacet
  facet normal 1.000000e+00 0.000000e+00 0.000000e+00
    outer loop
      vertex 1.747487e+01 9.536743e-07 3.600000e+00
      vertex 1.747487e+01 4.975001e+00 2.700000e+00
      vertex 1.747487e+01 9.949991e+00 3.600000e+00
    endloop
  endfacet
  facet normal 1.000000e+00 0.000000e+00 0.000000e+00
    outer loop
      vertex 1.747487e+01 4.975001e+00 2.700000e+00
      vertex 1.747487e+01 7.462501e+00 1.800000e+00
      vertex 1.747487e+01 9.949991e+00 2.025000e+00
    endloop
  endfacet
  facet normal 1.000000e+00 0.000000e+00 0.000000e+00
    outer loop
      vertex 1.747487e+01 9.949991e+00 2.025000e+00
      vertex 1.747487e+01 7.462501e+00 1.800000e+00
      vertex 1.747487e+01 7.462501e+00 1.350000e+00
    endloop
  endfacet
  facet normal 1.000000e+00 0.000000e+00 0.000000e+00
    outer loop
      vertex 1.747487e+01 4.975001e+00 9.000000e-01
      vertex 1.747487e+01 9.536743e-07 9.000000e-01
      vertex 1.747487e+01 4.975001e+00 4.500000e-01
    endloop
  endfacet
  facet normal 1.000000e+00 0.000000e+00 0.000000e+00
    outer loop
      vertex 1.747487e+01 4.975001e+00 2.700000e+00
      vertex 1.747487e+01 4.975001e+00 1.800000e+00
      vertex 1.747487e+01 7.462501e+00 1.800000e+00
    endloop
  endfacet
  facet normal 1.000000e+00 0.000000e+00 0.000000e+00
    outer loop
      vertex 1.747487e+01 8.706251e+00 9.000000e-01
      vertex 1.747487e+01 9.949991e+00 2.025000e+00
      vertex 1.747487e+01 7.462501e+00 1.350000e+00
    endloop
  endfacet
  facet normal 1.000000e+00 0.000000e+00 0.000000e+00
    outer loop
      vertex 1.747487e+01 9.536743e-07 9.000000e-01
      vertex 1.747487e+01 -4.974999e+00 9.000000e-01
      vertex 1.747487e+01 -4.974999e+00 4.500000e-01
    endloop
  endfacet
  facet normal 1.000000e+00 0.000000e+00 0.000000e+00
    outer loop
      vertex 1.747487e+01 -8.706260e+00 4.500000e-01
      vertex 1.747487e+01 -8.706260e+00 6.750000e-01
      vertex 1.747487e+01 -9.950000e+00 4.500000e-01
    endloop
  endfacet
  facet normal 1.000000e+00 0.000000e+00 0.000000e+00
    outer loop
      vertex 1.747487e+01 -8.706260e+00 9.000000e-01
      vertex 1.747487e+01 -9.950000e+00 4.500000e-01
      vertex 1.747487e+01 -8.706260e+00 6.750000e-01
    endloop
  endfacet
  facet normal 1.000000e+00 0.000000e+00 0.000000e+00
    outer loop
      vertex 1.747487e+01 -8.706260e+00 4.500000e-01
      vertex 1.747487e+01 -9.950000e+00 4.500000e-01
      vertex 1.747487e+01 -8.706260e+00 2.250000e-01
    endloop
  endfacet
  facet normal 1.000000e+00 0.000000e+00 0.000000e+00
    outer loop
      vertex 1.747487e+01 -7.462499e+00 2.250000e-01
      vertex 1.747487e+01 -8.706260e+00 2.250000e-01
      vertex 1.747487e+01 -9.950000e+00 2.517111e-13
    endloop
  endfacet
  facet normal 1.000000e+00 0.000000e+00 0.000000e+00
    outer loop
      vertex 1.747487e+01 -9.950000e+00 4.500000e-01
      vertex 1.747487e+01 -9.950000e+00 2.517111e-13
      vertex 1.747487e+01 -8.706260e+00 2.250000e-01
    endloop
  endfacet
  facet normal 1.000000e+00 0.000000e+00 0.000000e+00
    outer loop
      vertex 1.747487e+01 9.536743e-07 2.517111e-13
      vertex 1.747487e+01 -4.974999e+00 4.500000e-01
      vertex 1.747487e+01 -7.462499e+00 2.250000e-01
    endloop
  endfacet
  facet normal 1.000000e+00 0.000000e+00 0.000000e+00
    outer loop
      vertex 1.747487e+01 -7.462499e+00 2.250000e-01
      vertex 1.747487e+01 -4.974999e+00 4.500000e-01
      vertex 1.747487e+01 -7.462499e+00 4.500000e-01
    endloop
  endfacet
  facet normal 1.000000e+00 0.000000e+00 0.000000e+00
    outer loop
      vertex 1.747487e+01 -9.950000e+00 2.517111e-13
      vertex 1.747487e+01 9.536743e-07 2.517111e-13
      vertex 1.747487e+01 -7.462499e+00 2.250000e-01
    endloop
  endfacet
  facet normal 1.000000e+00 0.000000e+00 0.000000e+00
    outer loop
      vertex 1.747487e+01 9.536743e-07 9.000000e-01
      vertex 1.747487e+01 9.536743e-07 2.517111e-13
      vertex 1.747487e+01 4.975001e+00 4.500000e-01
    endloop
  endfacet
  facet normal 1.000000e+00 0.000000e+00 0.000000e+00
    outer loop
      vertex 1.747487e+01 9.536743e-07 2.517111e-13
      vertex 1.747487e+01 9.536743e-07 9.000000e-01
      vertex 1.747487e+01 -4.974999e+00 4.500000e-01
    endloop
  endfacet
  facet normal 1.000000e+00 0.000000e+00 0.000000e+00
    outer loop
      vertex 1.747487e+01 9.949991e+00 4.500000e-01
      vertex 1.747487e+01 8.706251e+00 9.000000e-01
      vertex 1.747487e+01 8.706251e+00 6.750000e-01
    endloop
  endfacet
  facet normal 1.000000e+00 0.000000e+00 0.000000e+00
    outer loop
      vertex 1.747487e+01 8.706251e+00 6.750000e-01
      vertex 1.747487e+01 8.706251e+00 4.500000e-01
      vertex 1.747487e+01 9.949991e+00 4.500000e-01
    endloop
  endfacet
  facet normal 1.000000e+00 0.000000e+00 0.000000e+00
    outer loop
      vertex 1.747487e+01 9.949991e+00 2.025000e+00
      vertex 1.747487e+01 8.706251e+00 9.000000e-01
      vertex 1.747487e+01 9.949991e+00 4.500000e-01
    endloop
  endfacet
  facet normal 1.000000e+00 0.000000e+00 0.000000e+00
    outer loop
      vertex 1.747487e+01 7.462501e+00 1.350000e+00
      vertex 1.747487e+01 7.462501e+00 9.000000e-01
      vertex 1.747487e+01 8.706251e+00 9.000000e-01
    endloop
  endfacet
  facet normal 1.000000e+00 0.000000e+00 0.000000e+00
    outer loop
      vertex 1.747487e+01 4.975001e+00 4.500000e-01
      vertex 1.747487e+01 7.462501e+00 2.250000e-01
      vertex 1.747487e+01 7.462501e+00 4.500000e-01
    endloop
  endfacet
  facet normal 1.000000e+00 0.000000e+00 0.000000e+00
    outer loop
      vertex 1.747487e+01 9.949991e+00 2.517111e-13
      vertex 1.747487e+01 9.949991e+00 4.500000e-01
      vertex 1.747487e+01 8.706251e+00 4.500000e-01
    endloop
  endfacet
  facet normal 1.000000e+00 0.000000e+00 0.000000e+00
    outer loop
      vertex 1.747487e+01 9.949991e+00 2.517111e-13
      vertex 1.747487e+01 8.706251e+00 4.500000e-01
      vertex 1.747487e+01 8.706251e+00 2.250000e-01
    endloop
  endfacet
  facet normal 1.000000e+00 0.000000e+00 0.000000e+00
    outer loop
      vertex 1.747487e+01 7.462501e+00 2.250000e-01
      vertex 1.747487e+01 9.949991e+00 2.517111e-13
      vertex 1.747487e+01 8.706251e+00 2.250000e-01
    endloop
  endfacet
  facet normal 1.000000e+00 0.000000e+00 0.000000e+00
    outer loop
      vertex 1.747487e+01 7.462501e+00 2.250000e-01
      vertex 1.747487e+01 4.975001e+00 4.500000e-01
      vertex 1.747487e+01 9.536743e-07 2.517111e-13
    endloop
  endfacet
  facet normal 1.000000e+00 0.000000e+00 0.000000e+00
    outer loop
      vertex 1.747487e+01 7.462501e+00 2.250000e-01
      vertex 1.747487e+01 9.536743e-07 2.517111e-13
      vertex 1.747487e+01 9.949991e+00 2.517111e-13
    endloop
  endfacet
  facet normal -0.000000e+00 -1.000000e+00 -0.000000e+00
    outer loop
      vertex 1.643737e+01 -9.950000e+00 9.000000e-01
      vertex 1.643737e+01 -9.950000e+00 1.800000e+00
      vertex 1.539987e+01 -9.950000e+00 1.800000e+00
    endloop
  endfacet
  facet normal 0.000000e+00 -1.000000e+00 0.000000e+00
    outer loop
      vertex 1.643737e+01 -9.950000e+00 9.000000e-01
      vertex 1.539987e+01 -9.950000e+00 1.800000e+00
      vertex 1.539987e+01 -9.950000e+00 9.000000e-01
    endloop
  endfacet
  facet normal -0.000000e+00 -1.000000e+00 -0.000000e+00
    outer loop
      vertex 1.539987e+01 -9.950000e+00 9.000000e-01
      vertex 1.539987e+01 -9.950000e+00 1.800000e+00
      vertex 1.436237e+01 -9.950000e+00 1.800000e+00
    endloop
  endfacet
  facet normal 0.000000e+00 -1.000000e+00 0.000000e+00
    outer loop
      vertex 1.539987e+01 -9.950000e+00 9.000000e-01
      vertex 1.436237e+01 -9.950000e+00 1.800000e+00
      vertex 1.436237e+01 -9.950000e+00 9.000000e-01
    endloop
  endfacet
  facet normal 0.000000e+00 -1.000000e+00 0.000000e+00
    outer loop
      vertex 1.436237e+01 -9.950000e+00 1.800000e+00
      vertex 1.332487e+01 -9.950000e+00 3.600000e+00
      vertex 1.332487e+01 -9.950000e+00 2.025000e+00
    endloop
  endfacet
  facet normal 0.000000e+00 -1.000000e+00 0.000000e+00
    outer loop
      vertex 1.539987e+01 -9.950000e+00 3.600000e+00
      vertex 1.332487e+01 -9.950000e+00 3.600000e+00
      vertex 1.436237e+01 -9.950000e+00 1.800000e+00
    endloop
  endfacet
  facet normal 0.000000e+00 -1.000000e+00 0.000000e+00
    outer loop
      vertex 1.539987e+01 -9.950000e+00 3.600000e+00
      vertex 1.436237e+01 -9.950000e+00 1.800000e+00
      vertex 1.539987e+01 -9.950000e+00 1.800000e+00
    endloop
  endfacet
  facet normal 0.000000e+00 -1.000000e+00 0.000000e+00
    outer loop
      vertex 1.436237e+01 -9.950000e+00 9.000000e-01
      vertex 1.436237e+01 -9.950000e+00 1.800000e+00
      vertex 1.332487e+01 -9.950000e+00 2.025000e+00
    endloop
  endfacet
  facet normal 0.000000e+00 -1.000000e+00 0.000000e+00
    outer loop
      vertex 1.436237e+01 -9.950000e+00 9.000000e-01
      vertex 1.332487e+01 -9.950000e+00 2.025000e+00
      vertex 1.332487e+01 -9.950000e+00 4.500000e-01
    endloop
  endfacet
  facet normal -0.000000e+00 -1.000000e+00 -0.000000e+00
    outer loop
      vertex 1.643737e+01 -9.950000e+00 1.800000e+00
      vertex 1.747487e+01 -9.950000e+00 3.600000e+00
      vertex 1.539987e+01 -9.950000e+00 3.600000e+00
    endloop
  endfacet
  facet normal 0.000000e+00 -1.000000e+00 0.000000e+00
    outer loop
      vertex 1.643737e+01 -9.950000e+00 1.800000e+00
      vertex 1.643737e+01 -9.950000e+00 9.000000e-01
      vertex 1.747487e+01 -9.950000e+00 4.500000e-01
    endloop
  endfacet
  facet normal 0.000000e+00 -1.000000e+00 0.000000e+00
    outer loop
      vertex 1.643737e+01 -9.950000e+00 1.800000e+00
      vertex 1.747487e+01 -9.950000e+00 4.500000e-01
      vertex 1.747487e+01 -9.950000e+00 2.025000e+00
    endloop
  endfacet
  facet normal 0.000000e+00 -1.000000e+00 0.000000e+00
    outer loop
      vertex 1.747487e+01 -9.950000e+00 3.600000e+00
      vertex 1.643737e+01 -9.950000e+00 1.800000e+00
      vertex 1.747487e+01 -9.950000e+00 2.025000e+00
    endloop
  endfacet
  facet normal 0.000000e+00 -1.000000e+00 0.000000e+00
    outer loop
      vertex 1.643737e+01 -9.950000e+00 1.800000e+00
      vertex 1.539987e+01 -9.950000e+00 3.600000e+00
      vertex 1.539987e+01 -9.950000e+00 1.800000e+00
    endloop
  endfacet
  facet normal 0.000000e+00 -1.000000e+00 0.000000e+00
    outer loop
      vertex 1.332487e+01 -9.950000e+00 2.517111e-13
      vertex 1.436237e+01 -9.950000e+00 9.000000e-01
      vertex 1.332487e+01 -9.950000e+00 4.500000e-01
    endloop
  endfacet
  facet normal 0.000000e+00 -1.000000e+00 0.000000e+00
    outer loop
      vertex 1.436237e+01 -9.950000e+00 9.000000e-01
      vertex 1.332487e+01 -9.950000e+00 2.517111e-13
      vertex 1.539987e+01 -9.950000e+00 2.517111e-13
    endloop
  endfacet
  facet normal 0.000000e+00 -1.000000e+00 0.000000e+00
    outer loop
      vertex 1.539987e+01 -9.950000e+00 9.000000e-01
      vertex 1.436237e+01 -9.950000e+00 9.000000e-01
      vertex 1.539987e+01 -9.950000e+00 2.517111e-13
    endloop
  endfacet
  facet normal 0.000000e+00 -1.000000e+00 0.000000e+00
    outer loop
      vertex 1.643737e+01 -9.950000e+00 9.000000e-01
      vertex 1.539987e+01 -9.950000e+00 9.000000e-01
      vertex 1.539987e+01 -9.950000e+00 2.517111e-13
    endloop
  endfacet
  facet normal 0.000000e+00 -1.000000e+00 0.000000e+00
    outer loop
      vertex 1.643737e+01 -9.950000e+00 9.000000e-01
      vertex 1.747487e+01 -9.950000e+00 2.517111e-13
      vertex 1.747487e+01 -9.950000e+00 4.500000e-01
    endloop
  endfacet
  facet normal 0.000000e+00 -1.000000e+00 0.000000e+00
    outer loop
      vertex 1.643737e+01 -9.950000e+00 9.000000e-01
      vertex 1.539987e+01 -9.950000e+00 2.517111e-13
      vertex 1.747487e+01 -9.950000e+00 2.517111e-13
    endloop
  endfacet
  facet normal -1.000000e+00 0.000000e+00 0.000000e+00
    outer loop
      vertex 1.332487e+01 -8.706260e+00 2.250000e-01
      vertex 1.332487e+01 -8.706260e+00 4.500000e-01
      vertex 1.332487e+01 -7.462499e+00 4.500000e-01
    endloop
  endfacet
  facet normal -1.000000e+00 0.000000e+00 0.000000e+00
    outer loop
      vertex 1.332487e+01 -8.706260e+00 2.250000e-01
      vertex 1.332487e+01 -7.462499e+00 4.500000e-01
      vertex 1.332487e+01 -7.462499e+00 2.250000e-01
    endloop
  endfacet
  facet normal -1.000000e+00 0.000000e+00 0.000000e+00
    outer loop
      vertex 1.332487e+01 -8.706260e+00 6.750000e-01
      vertex 1.332487e+01 -8.706260e+00 9.000000e-01
      vertex 1.332487e+01 -7.462499e+00 9.000000e-01
    endloop
  endfacet
  facet normal -1.000000e+00 0.000000e+00 0.000000e+00
    outer loop
      vertex 1.332487e+01 -8.706260e+00 6.750000e-01
      vertex 1.332487e+01 -7.462499e+00 9.000000e-01
      vertex 1.332487e+01 -7.462499e+00 6.750000e-01
    endloop
  endfacet
  facet normal -1.000000e+00 0.000000e+00 0.000000e+00
    outer loop
      vertex 1.332487e+01 -8.706260e+00 4.500000e-01
      vertex 1.332487e+01 -8.706260e+00 6.750000e-01
      vertex 1.332487e+01 -7.462499e+00 6.750000e-01
    endloop
  endfacet
  facet normal -1.000000e+00 0.000000e+00 0.000000e+00
    outer loop
      vertex 1.332487e+01 -8.706260e+00 4.500000e-01
      vertex 1.332487e+01 -7.462499e+00 6.750000e-01
      vertex 1.332487e+01 -7.462499e+00 4.500000e-01
    endloop
  endfacet
  facet normal -1.000000e+00 0.000000e+00 0.000000e+00
    outer loop
      vertex 1.332487e+01 -7.462499e+00 6.750000e-01
      vertex 1.332487e+01 -7.462499e+00 9.000000e-01
      vertex 1.332487e+01 -4.974999e+00 9.000000e-01
    endloop
  endfacet
  facet normal -1.000000e+00 -0.000000e+00 -0.000000e+00
    outer loop
      vertex 1.332487e+01 -4.974999e+00 4.500000e-01
      vertex 1.332487e+01 -7.462499e+00 4.500000e-01
      vertex 1.332487e+01 -7.462499e+00 6.750000e-01
    endloop
  endfacet
  facet normal -1.000000e+00 0.000000e+00 0.000000e+00
    outer loop
      vertex 1.332487e+01 -4.974999e+00 9.000000e-01
      vertex 1.332487e+01 -4.974999e+00 4.500000e-01
      vertex 1.332487e+01 -7.462499e+00 6.750000e-01
    endloop
  endfacet
  facet normal -1.000000e+00 0.000000e+00 0.000000e+00
    outer loop
      vertex 1.332487e+01 -7.462499e+00 1.350000e+00
      vertex 1.332487e+01 -7.462499e+00 1.800000e+00
      vertex 1.332487e+01 -4.974999e+00 1.800000e+00
    endloop
  endfacet
  facet normal -1.000000e+00 0.000000e+00 0.000000e+00
    outer loop
      vertex 1.332487e+01 -7.462499e+00 1.350000e+00
      vertex 1.332487e+01 -4.974999e+00 1.800000e+00
      vertex 1.332487e+01 -4.974999e+00 1.350000e+00
    endloop
  endfacet
  facet normal -1.000000e+00 0.000000e+00 0.000000e+00
    outer loop
      vertex 1.332487e+01 -7.462499e+00 9.000000e-01
      vertex 1.332487e+01 -7.462499e+00 1.350000e+00
      vertex 1.332487e+01 -4.974999e+00 1.350000e+00
    endloop
  endfacet
  facet normal -1.000000e+00 0.000000e+00 0.000000e+00
    outer loop
      vertex 1.332487e+01 -7.462499e+00 9.000000e-01
      vertex 1.332487e+01 -4.974999e+00 1.350000e+00
      vertex 1.332487e+01 -4.974999e+00 9.000000e-01
    endloop
  endfacet
  facet normal -1.000000e+00 0.000000e+00 0.000000e+00
    outer loop
      vertex 1.332487e+01 -4.974999e+00 1.350000e+00
      vertex 1.332487e+01 -4.974999e+00 1.800000e+00
      vertex 1.332487e+01 9.536743e-07 1.800000e+00
    endloop
  endfacet
  facet normal -1.000000e+00 -0.000000e+00 -0.000000e+00
    outer loop
      vertex 1.332487e+01 9.536743e-07 9.000000e-01
      vertex 1.332487e+01 -4.974999e+00 9.000000e-01
      vertex 1.332487e+01 -4.974999e+00 1.350000e+00
    endloop
  endfacet
  facet normal -1.000000e+00 0.000000e+00 0.000000e+00
    outer loop
      vertex 1.332487e+01 9.536743e-07 1.800000e+00
      vertex 1.332487e+01 9.536743e-07 9.000000e-01
      vertex 1.332487e+01 -4.974999e+00 1.350000e+00
    endloop
  endfacet
  facet normal -1.000000e+00 0.000000e+00 0.000000e+00
    outer loop
      vertex 1.332487e+01 -4.974999e+00 1.800000e+00
      vertex 1.332487e+01 -4.974999e+00 2.700000e+00
      vertex 1.332487e+01 9.536743e-07 2.700000e+00
    endloop
  endfacet
  facet normal -1.000000e+00 0.000000e+00 0.000000e+00
    outer loop
      vertex 1.332487e+01 -4.974999e+00 1.800000e+00
      vertex 1.332487e+01 9.536743e-07 2.700000e+00
      vertex 1.332487e+01 9.536743e-07 1.800000e+00
    endloop
  endfacet
  facet normal -1.000000e+00 0.000000e+00 0.000000e+00
    outer loop
      vertex 1.332487e+01 9.536743e-07 1.800000e+00
      vertex 1.332487e+01 9.536743e-07 2.700000e+00
      vertex 1.332487e+01 4.975001e+00 2.700000e+00
    endloop
  endfacet
  facet normal -1.000000e+00 0.000000e+00 0.000000e+00
    outer loop
      vertex 1.332487e+01 9.536743e-07 1.800000e+00
      vertex 1.332487e+01 4.975001e+00 2.700000e+00
      vertex 1.332487e+01 4.975001e+00 1.800000e+00
    endloop
  endfacet
  facet normal -1.000000e+00 0.000000e+00 0.000000e+00
    outer loop
      vertex 1.332487e+01 9.536743e-07 9.000000e-01
      vertex 1.332487e+01 9.536743e-07 1.800000e+00
      vertex 1.332487e+01 4.975001e+00 1.800000e+00
    endloop
  endfacet
  facet normal -1.000000e+00 0.000000e+00 0.000000e+00
    outer loop
      vertex 1.332487e+01 9.536743e-07 9.000000e-01
      vertex 1.332487e+01 4.975001e+00 1.800000e+00
      vertex 1.332487e+01 4.975001e+00 9.000000e-01
    endloop
  endfacet
  facet normal -1.000000e+00 0.000000e+00 0.000000e+00
    outer loop
      vertex 1.332487e+01 4.975001e+00 4.500000e-01
      vertex 1.332487e+01 4.975001e+00 9.000000e-01
      vertex 1.332487e+01 7.462501e+00 9.000000e-01
    endloop
  endfacet
  facet normal -1.000000e+00 0.000000e+00 0.000000e+00
    outer loop
      vertex 1.332487e+01 4.975001e+00 4.500000e-01
      vertex 1.332487e+01 7.462501e+00 9.000000e-01
      vertex 1.332487e+01 7.462501e+00 4.500000e-01
    endloop
  endfacet
  facet normal -1.000000e+00 0.000000e+00 0.000000e+00
    outer loop
      vertex 1.332487e+01 7.462501e+00 2.250000e-01
      vertex 1.332487e+01 7.462501e+00 4.500000e-01
      vertex 1.332487e+01 8.706251e+00 4.500000e-01
    endloop
  endfacet
  facet normal -1.000000e+00 0.000000e+00 0.000000e+00
    outer loop
      vertex 1.332487e+01 7.462501e+00 2.250000e-01
      vertex 1.332487e+01 8.706251e+00 4.500000e-01
      vertex 1.332487e+01 8.706251e+00 2.250000e-01
    endloop
  endfacet
  facet normal -1.000000e+00 0.000000e+00 0.000000e+00
    outer loop
      vertex 1.332487e+01 9.536743e-07 3.600000e+00
      vertex 1.332487e+01 9.949991e+00 3.600000e+00
      vertex 1.332487e+01 4.975001e+00 2.700000e+00
    endloop
  endfacet
  facet normal -1.000000e+00 -0.000000e+00 -0.000000e+00
    outer loop
      vertex 1.332487e+01 9.949991e+00 2.025000e+00
      vertex 1.332487e+01 4.975001e+00 2.700000e+00
      vertex 1.332487e+01 9.949991e+00 3.600000e+00
    endloop
  endfacet
  facet normal -1.000000e+00 0.000000e+00 0.000000e+00
    outer loop
      vertex 1.332487e+01 -4.974999e+00 2.700000e+00
      vertex 1.332487e+01 9.536743e-07 3.600000e+00
      vertex 1.332487e+01 9.536743e-07 2.700000e+00
    endloop
  endfacet
  facet normal -1.000000e+00 -0.000000e+00 -0.000000e+00
    outer loop
      vertex 1.332487e+01 4.975001e+00 2.700000e+00
      vertex 1.332487e+01 9.536743e-07 2.700000e+00
      vertex 1.332487e+01 9.536743e-07 3.600000e+00
    endloop
  endfacet
  facet normal -1.000000e+00 0.000000e+00 0.000000e+00
    outer loop
      vertex 1.332487e+01 4.975001e+00 1.800000e+00
      vertex 1.332487e+01 9.949991e+00 2.025000e+00
      vertex 1.332487e+01 7.462501e+00 9.000000e-01
    endloop
  endfacet
  facet normal -1.000000e+00 -0.000000e+00 -0.000000e+00
    outer loop
      vertex 1.332487e+01 9.949991e+00 4.500000e-01
      vertex 1.332487e+01 7.462501e+00 9.000000e-01
      vertex 1.332487e+01 9.949991e+00 2.025000e+00
    endloop
  endfacet
  facet normal -1.000000e+00 -0.000000e+00 -0.000000e+00
    outer loop
      vertex 1.332487e+01 7.462501e+00 9.000000e-01
      vertex 1.332487e+01 4.975001e+00 9.000000e-01
      vertex 1.332487e+01 4.975001e+00 1.800000e+00
    endloop
  endfacet
  facet normal -1.000000e+00 0.000000e+00 0.000000e+00
    outer loop
      vertex 1.332487e+01 4.975001e+00 2.700000e+00
      vertex 1.332487e+01 9.949991e+00 2.025000e+00
      vertex 1.332487e+01 4.975001e+00 1.800000e+00
    endloop
  endfacet
  facet normal -1.000000e+00 0.000000e+00 0.000000e+00
    outer loop
      vertex 1.332487e+01 -7.462499e+00 1.800000e+00
      vertex 1.332487e+01 -9.950000e+00 2.025000e+00
      vertex 1.332487e+01 -4.974999e+00 2.700000e+00
    endloop
  endfacet
  facet normal -1.000000e+00 0.000000e+00 0.000000e+00
    outer loop
      vertex 1.332487e+01 -4.974999e+00 2.700000e+00
      vertex 1.332487e+01 -9.950000e+00 2.025000e+00
      vertex 1.332487e+01 -9.950000e+00 3.600000e+00
    endloop
  endfacet
  facet normal -1.000000e+00 0.000000e+00 0.000000e+00
    outer loop
      vertex 1.332487e+01 -7.462499e+00 1.800000e+00
      vertex 1.332487e+01 -4.974999e+00 2.700000e+00
      vertex 1.332487e+01 -4.974999e+00 1.800000e+00
    endloop
  endfacet
  facet normal -1.000000e+00 0.000000e+00 0.000000e+00
    outer loop
      vertex 1.332487e+01 9.536743e-07 3.600000e+00
      vertex 1.332487e+01 -4.974999e+00 2.700000e+00
      vertex 1.332487e+01 -9.950000e+00 3.600000e+00
    endloop
  endfacet
  facet normal -1.000000e+00 0.000000e+00 0.000000e+00
    outer loop
      vertex 1.332487e+01 -4.974999e+00 4.500000e-01
      vertex 1.332487e+01 -4.974999e+00 9.000000e-01
      vertex 1.332487e+01 9.536743e-07 9.000000e-01
    endloop
  endfacet
  facet normal -1.000000e+00 0.000000e+00 0.000000e+00
    outer loop
      vertex 1.332487e+01 -9.950000e+00 2.025000e+00
      vertex 1.332487e+01 -7.462499e+00 1.800000e+00
      vertex 1.332487e+01 -7.462499e+00 1.350000e+00
    endloop
  endfacet
  facet normal -1.000000e+00 0.000000e+00 0.000000e+00
    outer loop
      vertex 1.332487e+01 -8.706260e+00 9.000000e-01
      vertex 1.332487e+01 -9.950000e+00 2.025000e+00
      vertex 1.332487e+01 -7.462499e+00 1.350000e+00
    endloop
  endfacet
  facet normal -1.000000e+00 -0.000000e+00 -0.000000e+00
    outer loop
      vertex 1.332487e+01 -7.462499e+00 9.000000e-01
      vertex 1.332487e+01 -8.706260e+00 9.000000e-01
      vertex 1.332487e+01 -7.462499e+00 1.350000e+00
    endloop
  endfacet
  facet normal -1.000000e+00 0.000000e+00 0.000000e+00
    outer loop
      vertex 1.332487e+01 9.536743e-07 9.000000e-01
      vertex 1.332487e+01 4.975001e+00 9.000000e-01
      vertex 1.332487e+01 4.975001e+00 4.500000e-01
    endloop
  endfacet
  facet normal -1.000000e+00 -0.000000e+00 -0.000000e+00
    outer loop
      vertex 1.332487e+01 8.706251e+00 4.500000e-01
      vertex 1.332487e+01 7.462501e+00 4.500000e-01
      vertex 1.332487e+01 7.462501e+00 9.000000e-01
    endloop
  endfacet
  facet normal -1.000000e+00 0.000000e+00 0.000000e+00
    outer loop
      vertex 1.332487e+01 9.536743e-07 2.517111e-13
      vertex 1.332487e+01 9.536743e-07 9.000000e-01
      vertex 1.332487e+01 4.975001e+00 4.500000e-01
    endloop
  endfacet
  facet normal -1.000000e+00 0.000000e+00 0.000000e+00
    outer loop
      vertex 1.332487e+01 7.462501e+00 4.500000e-01
      vertex 1.332487e+01 7.462501e+00 2.250000e-01
      vertex 1.332487e+01 4.975001e+00 4.500000e-01
    endloop
  endfacet
  facet normal -1.000000e+00 0.000000e+00 0.000000e+00
    outer loop
      vertex 1.332487e+01 9.949991e+00 4.500000e-01
      vertex 1.332487e+01 8.706251e+00 2.250000e-01
      vertex 1.332487e+01 8.706251e+00 4.500000e-01
    endloop
  endfacet
  facet normal -1.000000e+00 0.000000e+00 0.000000e+00
    outer loop
      vertex 1.332487e+01 7.462501e+00 2.250000e-01
      vertex 1.332487e+01 8.706251e+00 2.250000e-01
      vertex 1.332487e+01 9.949991e+00 2.517111e-13
    endloop
  endfacet
  facet normal -1.000000e+00 0.000000e+00 0.000000e+00
    outer loop
      vertex 1.332487e+01 9.949991e+00 4.500000e-01
      vertex 1.332487e+01 9.949991e+00 2.517111e-13
      vertex 1.332487e+01 8.706251e+00 2.250000e-01
    endloop
  endfacet
  facet normal -1.000000e+00 0.000000e+00 0.000000e+00
    outer loop
      vertex 1.332487e+01 4.975001e+00 4.500000e-01
      vertex 1.332487e+01 7.462501e+00 2.250000e-01
      vertex 1.332487e+01 9.536743e-07 2.517111e-13
    endloop
  endfacet
  facet normal -1.000000e+00 -0.000000e+00 -0.000000e+00
    outer loop
      vertex 1.332487e+01 9.949991e+00 2.517111e-13
      vertex 1.332487e+01 9.536743e-07 2.517111e-13
      vertex 1.332487e+01 7.462501e+00 2.250000e-01
    endloop
  endfacet
  facet normal -1.000000e+00 0.000000e+00 0.000000e+00
    outer loop
      vertex 1.332487e+01 9.536743e-07 9.000000e-01
      vertex 1.332487e+01 9.536743e-07 2.517111e-13
      vertex 1.332487e+01 -4.974999e+00 4.500000e-01
    endloop
  endfacet
  facet normal -1.000000e+00 0.000000e+00 0.000000e+00
    outer loop
      vertex 1.332487e+01 -8.706260e+00 9.000000e-01
      vertex 1.332487e+01 -8.706260e+00 6.750000e-01
      vertex 1.332487e+01 -9.950000e+00 4.500000e-01
    endloop
  endfacet
  facet normal -1.000000e+00 0.000000e+00 0.000000e+00
    outer loop
      vertex 1.332487e+01 -8.706260e+00 6.750000e-01
      vertex 1.332487e+01 -8.706260e+00 4.500000e-01
      vertex 1.332487e+01 -9.950000e+00 4.500000e-01
    endloop
  endfacet
  facet normal -1.000000e+00 0.000000e+00 0.000000e+00
    outer loop
      vertex 1.332487e+01 -9.950000e+00 2.025000e+00
      vertex 1.332487e+01 -8.706260e+00 9.000000e-01
      vertex 1.332487e+01 -9.950000e+00 4.500000e-01
    endloop
  endfacet
  facet normal -1.000000e+00 0.000000e+00 0.000000e+00
    outer loop
      vertex 1.332487e+01 -4.974999e+00 4.500000e-01
      vertex 1.332487e+01 -7.462499e+00 2.250000e-01
      vertex 1.332487e+01 -7.462499e+00 4.500000e-01
    endloop
  endfacet
  facet normal -1.000000e+00 0.000000e+00 0.000000e+00
    outer loop
      vertex 1.332487e+01 -9.950000e+00 2.517111e-13
      vertex 1.332487e+01 -9.950000e+00 4.500000e-01
      vertex 1.332487e+01 -8.706260e+00 4.500000e-01
    endloop
  endfacet
  facet normal -1.000000e+00 0.000000e+00 0.000000e+00
    outer loop
      vertex 1.332487e+01 -9.950000e+00 2.517111e-13
      vertex 1.332487e+01 -8.706260e+00 4.500000e-01
      vertex 1.332487e+01 -8.706260e+00 2.250000e-01
    endloop
  endfacet
  facet normal -1.000000e+00 0.000000e+00 0.000000e+00
    outer loop
      vertex 1.332487e+01 -7.462499e+00 2.250000e-01
      vertex 1.332487e+01 -9.950000e+00 2.517111e-13
      vertex 1.332487e+01 -8.706260e+00 2.250000e-01
    endloop
  endfacet
  facet normal -1.000000e+00 0.000000e+00 0.000000e+00
    outer loop
      vertex 1.332487e+01 -9.950000e+00 2.517111e-13
      vertex 1.332487e+01 -7.462499e+00 2.250000e-01
      vertex 1.332487e+01 9.536743e-07 2.517111e-13
    endloop
  endfacet
  facet normal -1.000000e+00 0.000000e+00 0.000000e+00
    outer loop
      vertex 1.332487e+01 -7.462499e+00 2.250000e-01
      vertex 1.332487e+01 -4.974999e+00 4.500000e-01
      vertex 1.332487e+01 9.536743e-07 2.517111e-13
    endloop
  endfacet
  facet normal -1.000000e+00 0.000000e+00 0.000000e+00
    outer loop
      vertex 1.332487e+01 9.949991e+00 4.500000e-01
      vertex 1.332487e+01 8.706251e+00 4.500000e-01
      vertex 1.332487e+01 7.462501e+00 9.000000e-01
    endloop
  endfacet
  facet normal 1.157497e-01 -4.319748e-01 8.944271e-01
    outer loop
      vertex 1.405783e+01 1.124283e+01 2.250000e-01
      vertex 1.416916e+01 1.204912e+01 6.000000e-01
      vertex 1.300147e+01 1.173623e+01 6.000000e-01
    endloop
  endfacet
  facet normal 1.157489e-01 -4.319761e-01 8.944265e-01
    outer loop
      vertex 1.405783e+01 1.124283e+01 2.250000e-01
      vertex 1.300147e+01 1.173623e+01 6.000000e-01
      vertex 1.319558e+01 1.101179e+01 2.250000e-01
    endloop
  endfacet
  facet normal 1.157475e-01 -4.319709e-01 8.944293e-01
    outer loop
      vertex 1.416916e+01 1.204912e+01 6.000000e-01
      vertex 1.492008e+01 1.147387e+01 2.250000e-01
      vertex 1.578233e+01 1.170491e+01 2.250000e-01
    endloop
  endfacet
  facet normal 1.157466e-01 -4.319737e-01 8.944280e-01
    outer loop
      vertex 1.416916e+01 1.204912e+01 6.000000e-01
      vertex 1.578233e+01 1.170491e+01 2.250000e-01
      vertex 1.533685e+01 1.236200e+01 6.000000e-01
    endloop
  endfacet
  facet normal 1.157480e-01 -4.319729e-01 8.944282e-01
    outer loop
      vertex 1.533685e+01 1.236200e+01 6.000000e-01
      vertex 1.578233e+01 1.170491e+01 2.250000e-01
      vertex 1.664458e+01 1.193595e+01 2.250000e-01
    endloop
  endfacet
  facet normal 1.157470e-01 -4.319752e-01 8.944272e-01
    outer loop
      vertex 1.533685e+01 1.236200e+01 6.000000e-01
      vertex 1.664458e+01 1.193595e+01 2.250000e-01
      vertex 1.650455e+01 1.267488e+01 6.000000e-01
    endloop
  endfacet
  facet normal 1.157441e-01 -4.319744e-01 8.944280e-01
    outer loop
      vertex 1.416916e+01 1.204912e+01 6.000000e-01
      vertex 1.405783e+01 1.124283e+01 2.250000e-01
      vertex 1.492008e+01 1.147387e+01 2.250000e-01
    endloop
  endfacet
  facet normal 1.157472e-01 -4.319763e-01 8.944267e-01
    outer loop
      vertex 1.750683e+01 1.216699e+01 2.250000e-01
      vertex 1.767224e+01 1.298777e+01 6.000000e-01
      vertex 1.650455e+01 1.267488e+01 6.000000e-01
    endloop
  endfacet
  facet normal 1.157481e-01 -4.319750e-01 8.944272e-01
    outer loop
      vertex 1.750683e+01 1.216699e+01 2.250000e-01
      vertex 1.650455e+01 1.267488e+01 6.000000e-01
      vertex 1.664458e+01 1.193595e+01 2.250000e-01
    endloop
  endfacet
  facet normal 1.157481e-01 -4.319731e-01 8.944281e-01
    outer loop
      vertex 1.767224e+01 1.298777e+01 6.000000e-01
      vertex 1.836907e+01 1.239802e+01 2.250000e-01
      vertex 1.923132e+01 1.262906e+01 2.250000e-01
    endloop
  endfacet
  facet normal 1.157469e-01 -4.319765e-01 8.944266e-01
    outer loop
      vertex 1.767224e+01 1.298777e+01 6.000000e-01
      vertex 1.923132e+01 1.262906e+01 2.250000e-01
      vertex 1.883994e+01 1.330065e+01 6.000000e-01
    endloop
  endfacet
  facet normal 1.157491e-01 -4.319771e-01 8.944260e-01
    outer loop
      vertex 2.000764e+01 1.361353e+01 6.000000e-01
      vertex 2.009357e+01 1.286010e+01 2.250000e-01
      vertex 2.095582e+01 1.309114e+01 2.250000e-01
    endloop
  endfacet
  facet normal 1.157500e-01 -4.319759e-01 8.944265e-01
    outer loop
      vertex 2.000764e+01 1.361353e+01 6.000000e-01
      vertex 2.095582e+01 1.309114e+01 2.250000e-01
      vertex 2.117533e+01 1.392642e+01 6.000000e-01
    endloop
  endfacet
  facet normal 1.157477e-01 -4.319718e-01 8.944288e-01
    outer loop
      vertex 2.117533e+01 1.392642e+01 6.000000e-01
      vertex 2.181807e+01 1.332218e+01 2.250000e-01
      vertex 2.268032e+01 1.355322e+01 2.250000e-01
    endloop
  endfacet
  facet normal 1.157468e-01 -4.319745e-01 8.944276e-01
    outer loop
      vertex 2.117533e+01 1.392642e+01 6.000000e-01
      vertex 2.268032e+01 1.355322e+01 2.250000e-01
      vertex 2.234302e+01 1.423930e+01 6.000000e-01
    endloop
  endfacet
  facet normal 1.157483e-01 -4.319758e-01 8.944268e-01
    outer loop
      vertex 1.883994e+01 1.330065e+01 6.000000e-01
      vertex 1.923132e+01 1.262906e+01 2.250000e-01
      vertex 2.009357e+01 1.286010e+01 2.250000e-01
    endloop
  endfacet
  facet normal 1.157475e-01 -4.319773e-01 8.944261e-01
    outer loop
      vertex 1.883994e+01 1.330065e+01 6.000000e-01
      vertex 2.009357e+01 1.286010e+01 2.250000e-01
      vertex 2.000764e+01 1.361353e+01 6.000000e-01
    endloop
  endfacet
  facet normal 1.157442e-01 -4.319749e-01 8.944277e-01
    outer loop
      vertex 2.117533e+01 1.392642e+01 6.000000e-01
      vertex 2.095582e+01 1.309114e+01 2.250000e-01
      vertex 2.181807e+01 1.332218e+01 2.250000e-01
    endloop
  endfacet
  facet normal 1.157450e-01 -4.319760e-01 8.944271e-01
    outer loop
      vertex 1.750683e+01 1.216699e+01 2.250000e-01
      vertex 1.836907e+01 1.239802e+01 2.250000e-01
      vertex 1.767224e+01 1.298777e+01 6.000000e-01
    endloop
  endfacet
  facet normal 0.000000e+00 0.000000e+00 1.000000e+00
    outer loop
      vertex 1.555247e+01 1.622808e+01 6.000000e-01
      vertex 1.438478e+01 1.591520e+01 6.000000e-01
      vertex 1.486082e+01 1.413860e+01 6.000000e-01
    endloop
  endfacet
  facet normal 0.000000e+00 0.000000e+00 1.000000e+00
    outer loop
      vertex 1.555247e+01 1.622808e+01 6.000000e-01
      vertex 1.486082e+01 1.413860e+01 6.000000e-01
      vertex 1.602851e+01 1.445148e+01 6.000000e-01
    endloop
  endfacet
  facet normal 0.000000e+00 0.000000e+00 1.000000e+00
    outer loop
      vertex 1.507644e+01 1.800467e+01 6.000000e-01
      vertex 1.390874e+01 1.769179e+01 6.000000e-01
      vertex 1.438478e+01 1.591520e+01 6.000000e-01
    endloop
  endfacet
  facet normal 0.000000e+00 0.000000e+00 1.000000e+00
    outer loop
      vertex 1.507644e+01 1.800467e+01 6.000000e-01
      vertex 1.438478e+01 1.591520e+01 6.000000e-01
      vertex 1.555247e+01 1.622808e+01 6.000000e-01
    endloop
  endfacet
  facet normal 0.000000e+00 0.000000e+00 1.000000e+00
    outer loop
      vertex 1.460040e+01 1.978128e+01 6.000000e-01
      vertex 1.343270e+01 1.946839e+01 6.000000e-01
      vertex 1.390874e+01 1.769179e+01 6.000000e-01
    endloop
  endfacet
  facet normal 0.000000e+00 0.000000e+00 1.000000e+00
    outer loop
      vertex 1.460040e+01 1.978128e+01 6.000000e-01
      vertex 1.390874e+01 1.769179e+01 6.000000e-01
      vertex 1.507644e+01 1.800467e+01 6.000000e-01
    endloop
  endfacet
  facet normal 0.000000e+00 0.000000e+00 1.000000e+00
    outer loop
      vertex 1.412436e+01 2.155787e+01 6.000000e-01
      vertex 1.295667e+01 2.124499e+01 6.000000e-01
      vertex 1.343270e+01 1.946839e+01 6.000000e-01
    endloop
  endfacet
  facet normal 0.000000e+00 0.000000e+00 1.000000e+00
    outer loop
      vertex 1.412436e+01 2.155787e+01 6.000000e-01
      vertex 1.343270e+01 1.946839e+01 6.000000e-01
      vertex 1.460040e+01 1.978128e+01 6.000000e-01
    endloop
  endfacet
  facet normal 0.000000e+00 0.000000e+00 1.000000e+00
    outer loop
      vertex 1.364832e+01 2.333447e+01 6.000000e-01
      vertex 1.248063e+01 2.302159e+01 6.000000e-01
      vertex 1.295667e+01 2.124499e+01 6.000000e-01
    endloop
  endfacet
  facet normal 0.000000e+00 0.000000e+00 1.000000e+00
    outer loop
      vertex 1.364832e+01 2.333447e+01 6.000000e-01
      vertex 1.295667e+01 2.124499e+01 6.000000e-01
      vertex 1.412436e+01 2.155787e+01 6.000000e-01
    endloop
  endfacet
  facet normal 0.000000e+00 0.000000e+00 1.000000e+00
    outer loop
      vertex 1.317229e+01 2.511106e+01 6.000000e-01
      vertex 1.200459e+01 2.479818e+01 6.000000e-01
      vertex 1.248063e+01 2.302159e+01 6.000000e-01
    endloop
  endfacet
  facet normal 0.000000e+00 0.000000e+00 1.000000e+00
    outer loop
      vertex 1.317229e+01 2.511106e+01 6.000000e-01
      vertex 1.248063e+01 2.302159e+01 6.000000e-01
      vertex 1.364832e+01 2.333447e+01 6.000000e-01
    endloop
  endfacet
  facet normal 0.000000e+00 0.000000e+00 1.000000e+00
    outer loop
      vertex 1.269625e+01 2.688766e+01 6.000000e-01
      vertex 1.152855e+01 2.657478e+01 6.000000e-01
      vertex 1.200459e+01 2.479818e+01 6.000000e-01
    endloop
  endfacet
  facet normal 0.000000e+00 0.000000e+00 1.000000e+00
    outer loop
      vertex 1.269625e+01 2.688766e+01 6.000000e-01
      vertex 1.200459e+01 2.479818e+01 6.000000e-01
      vertex 1.317229e+01 2.511106e+01 6.000000e-01
    endloop
  endfacet
  facet normal 0.000000e+00 0.000000e+00 1.000000e+00
    outer loop
      vertex 1.222021e+01 2.866426e+01 6.000000e-01
      vertex 1.105252e+01 2.835138e+01 6.000000e-01
      vertex 1.152855e+01 2.657478e+01 6.000000e-01
    endloop
  endfacet
  facet normal 0.000000e+00 0.000000e+00 1.000000e+00
    outer loop
      vertex 1.222021e+01 2.866426e+01 6.000000e-01
      vertex 1.152855e+01 2.657478e+01 6.000000e-01
      vertex 1.269625e+01 2.688766e+01 6.000000e-01
    endloop
  endfacet
  facet normal 0.000000e+00 0.000000e+00 1.000000e+00
    outer loop
      vertex 1.174417e+01 3.044086e+01 6.000000e-01
      vertex 1.057648e+01 3.012798e+01 6.000000e-01
      vertex 1.105252e+01 2.835138e+01 6.000000e-01
    endloop
  endfacet
  facet normal 0.000000e+00 0.000000e+00 1.000000e+00
    outer loop
      vertex 1.174417e+01 3.044086e+01 6.000000e-01
      vertex 1.105252e+01 2.835138e+01 6.000000e-01
      vertex 1.222021e+01 2.866426e+01 6.000000e-01
    endloop
  endfacet
  facet normal 0.000000e+00 0.000000e+00 1.000000e+00
    outer loop
      vertex 1.126813e+01 3.221746e+01 6.000000e-01
      vertex 1.010044e+01 3.190458e+01 6.000000e-01
      vertex 1.057648e+01 3.012798e+01 6.000000e-01
    endloop
  endfacet
  facet normal 0.000000e+00 0.000000e+00 1.000000e+00
    outer loop
      vertex 1.126813e+01 3.221746e+01 6.000000e-01
      vertex 1.057648e+01 3.012798e+01 6.000000e-01
      vertex 1.174417e+01 3.044086e+01 6.000000e-01
    endloop
  endfacet
  facet normal 0.000000e+00 0.000000e+00 1.000000e+00
    outer loop
      vertex 1.079210e+01 3.399405e+01 6.000000e-01
      vertex 9.624401e+00 3.368117e+01 6.000000e-01
      vertex 1.010044e+01 3.190458e+01 6.000000e-01
    endloop
  endfacet
  facet normal 0.000000e+00 0.000000e+00 1.000000e+00
    outer loop
      vertex 1.079210e+01 3.399405e+01 6.000000e-01
      vertex 1.010044e+01 3.190458e+01 6.000000e-01
      vertex 1.126813e+01 3.221746e+01 6.000000e-01
    endloop
  endfacet
  facet normal 0.000000e+00 0.000000e+00 1.000000e+00
    outer loop
      vertex 1.243583e+01 3.253034e+01 6.000000e-01
      vertex 1.126813e+01 3.221746e+01 6.000000e-01
      vertex 1.174417e+01 3.044086e+01 6.000000e-01
    endloop
  endfacet
  facet normal 0.000000e+00 0.000000e+00 1.000000e+00
    outer loop
      vertex 1.243583e+01 3.253034e+01 6.000000e-01
      vertex 1.174417e+01 3.044086e+01 6.000000e-01
      vertex 1.291187e+01 3.075374e+01 6.000000e-01
    endloop
  endfacet
  facet normal 0.000000e+00 0.000000e+00 1.000000e+00
    outer loop
      vertex 1.195979e+01 3.430693e+01 6.000000e-01
      vertex 1.079210e+01 3.399405e+01 6.000000e-01
      vertex 1.126813e+01 3.221746e+01 6.000000e-01
    endloop
  endfacet
  facet normal 0.000000e+00 0.000000e+00 1.000000e+00
    outer loop
      vertex 1.195979e+01 3.430693e+01 6.000000e-01
      vertex 1.126813e+01 3.221746e+01 6.000000e-01
      vertex 1.243583e+01 3.253034e+01 6.000000e-01
    endloop
  endfacet
  facet normal 0.000000e+00 0.000000e+00 1.000000e+00
    outer loop
      vertex 1.905556e+01 1.716673e+01 6.000000e-01
      vertex 1.788787e+01 1.685385e+01 6.000000e-01
      vertex 1.836390e+01 1.507724e+01 6.000000e-01
    endloop
  endfacet
  facet normal 0.000000e+00 0.000000e+00 1.000000e+00
    outer loop
      vertex 1.905556e+01 1.716673e+01 6.000000e-01
      vertex 1.836390e+01 1.507724e+01 6.000000e-01
      vertex 1.953160e+01 1.539013e+01 6.000000e-01
    endloop
  endfacet
  facet normal 0.000000e+00 0.000000e+00 1.000000e+00
    outer loop
      vertex 1.857952e+01 1.894333e+01 6.000000e-01
      vertex 1.741183e+01 1.863044e+01 6.000000e-01
      vertex 1.788787e+01 1.685385e+01 6.000000e-01
    endloop
  endfacet
  facet normal 0.000000e+00 0.000000e+00 1.000000e+00
    outer loop
      vertex 1.857952e+01 1.894333e+01 6.000000e-01
      vertex 1.788787e+01 1.685385e+01 6.000000e-01
      vertex 1.905556e+01 1.716673e+01 6.000000e-01
    endloop
  endfacet
  facet normal 0.000000e+00 0.000000e+00 1.000000e+00
    outer loop
      vertex 1.810348e+01 2.071992e+01 6.000000e-01
      vertex 1.693579e+01 2.040704e+01 6.000000e-01
      vertex 1.741183e+01 1.863044e+01 6.000000e-01
    endloop
  endfacet
  facet normal 0.000000e+00 0.000000e+00 1.000000e+00
    outer loop
      vertex 1.810348e+01 2.071992e+01 6.000000e-01
      vertex 1.741183e+01 1.863044e+01 6.000000e-01
      vertex 1.857952e+01 1.894333e+01 6.000000e-01
    endloop
  endfacet
  facet normal 0.000000e+00 0.000000e+00 1.000000e+00
    outer loop
      vertex 1.762744e+01 2.249652e+01 6.000000e-01
      vertex 1.645975e+01 2.218364e+01 6.000000e-01
      vertex 1.693579e+01 2.040704e+01 6.000000e-01
    endloop
  endfacet
  facet normal 0.000000e+00 0.000000e+00 1.000000e+00
    outer loop
      vertex 1.762744e+01 2.249652e+01 6.000000e-01
      vertex 1.693579e+01 2.040704e+01 6.000000e-01
      vertex 1.810348e+01 2.071992e+01 6.000000e-01
    endloop
  endfacet
  facet normal 0.000000e+00 0.000000e+00 1.000000e+00
    outer loop
      vertex 1.715141e+01 2.427312e+01 6.000000e-01
      vertex 1.598371e+01 2.396023e+01 6.000000e-01
      vertex 1.645975e+01 2.218364e+01 6.000000e-01
    endloop
  endfacet
  facet normal 0.000000e+00 0.000000e+00 1.000000e+00
    outer loop
      vertex 1.715141e+01 2.427312e+01 6.000000e-01
      vertex 1.645975e+01 2.218364e+01 6.000000e-01
      vertex 1.762744e+01 2.249652e+01 6.000000e-01
    endloop
  endfacet
  facet normal 0.000000e+00 0.000000e+00 1.000000e+00
    outer loop
      vertex 2.022325e+01 1.747961e+01 6.000000e-01
      vertex 1.905556e+01 1.716673e+01 6.000000e-01
      vertex 1.953160e+01 1.539013e+01 6.000000e-01
    endloop
  endfacet
  facet normal 0.000000e+00 0.000000e+00 1.000000e+00
    outer loop
      vertex 2.022325e+01 1.747961e+01 6.000000e-01
      vertex 1.953160e+01 1.539013e+01 6.000000e-01
      vertex 2.069929e+01 1.570301e+01 6.000000e-01
    endloop
  endfacet
  facet normal 0.000000e+00 0.000000e+00 1.000000e+00
    outer loop
      vertex 1.416916e+01 1.204912e+01 6.000000e-01
      vertex 1.265910e+01 1.301397e+01 6.000000e-01
      vertex 1.300147e+01 1.173623e+01 6.000000e-01
    endloop
  endfacet
  facet normal 0.000000e+00 0.000000e+00 1.000000e+00
    outer loop
      vertex 1.333929e+01 1.472553e+01 6.000000e-01
      vertex 1.197436e+01 1.556943e+01 6.000000e-01
      vertex 1.231673e+01 1.429170e+01 6.000000e-01
    endloop
  endfacet
  facet normal 0.000000e+00 0.000000e+00 1.000000e+00
    outer loop
      vertex 1.231673e+01 1.429170e+01 6.000000e-01
      vertex 1.265910e+01 1.301397e+01 6.000000e-01
      vertex 1.369312e+01 1.382572e+01 6.000000e-01
    endloop
  endfacet
  facet normal 0.000000e+00 0.000000e+00 1.000000e+00
    outer loop
      vertex 1.486082e+01 1.413860e+01 6.000000e-01
      vertex 1.369312e+01 1.382572e+01 6.000000e-01
      vertex 1.416916e+01 1.204912e+01 6.000000e-01
    endloop
  endfacet
  facet normal 0.000000e+00 0.000000e+00 1.000000e+00
    outer loop
      vertex 1.486082e+01 1.413860e+01 6.000000e-01
      vertex 1.416916e+01 1.204912e+01 6.000000e-01
      vertex 1.533685e+01 1.236200e+01 6.000000e-01
    endloop
  endfacet
  facet normal 0.000000e+00 0.000000e+00 1.000000e+00
    outer loop
      vertex 1.369312e+01 1.382572e+01 6.000000e-01
      vertex 1.333929e+01 1.472553e+01 6.000000e-01
      vertex 1.231673e+01 1.429170e+01 6.000000e-01
    endloop
  endfacet
  facet normal 0.000000e+00 0.000000e+00 1.000000e+00
    outer loop
      vertex 1.163200e+01 1.684716e+01 6.000000e-01
      vertex 1.197436e+01 1.556943e+01 6.000000e-01
      vertex 1.299816e+01 1.599865e+01 6.000000e-01
    endloop
  endfacet
  facet normal 0.000000e+00 0.000000e+00 1.000000e+00
    outer loop
      vertex 1.299816e+01 1.599865e+01 6.000000e-01
      vertex 1.197436e+01 1.556943e+01 6.000000e-01
      vertex 1.333929e+01 1.472553e+01 6.000000e-01
    endloop
  endfacet
  facet normal 0.000000e+00 0.000000e+00 1.000000e+00
    outer loop
      vertex 1.265702e+01 1.727179e+01 6.000000e-01
      vertex 1.163200e+01 1.684716e+01 6.000000e-01
      vertex 1.299816e+01 1.599865e+01 6.000000e-01
    endloop
  endfacet
  facet normal 0.000000e+00 0.000000e+00 1.000000e+00
    outer loop
      vertex 1.416916e+01 1.204912e+01 6.000000e-01
      vertex 1.369312e+01 1.382572e+01 6.000000e-01
      vertex 1.265910e+01 1.301397e+01 6.000000e-01
    endloop
  endfacet
  facet normal 0.000000e+00 0.000000e+00 1.000000e+00
    outer loop
      vertex 1.231589e+01 1.854491e+01 6.000000e-01
      vertex 1.094726e+01 1.940263e+01 6.000000e-01
      vertex 1.128963e+01 1.812490e+01 6.000000e-01
    endloop
  endfacet
  facet normal 0.000000e+00 0.000000e+00 1.000000e+00
    outer loop
      vertex 1.163362e+01 2.109117e+01 6.000000e-01
      vertex 1.026253e+01 2.195809e+01 6.000000e-01
      vertex 1.060489e+01 2.068036e+01 6.000000e-01
    endloop
  endfacet
  facet normal 0.000000e+00 0.000000e+00 1.000000e+00
    outer loop
      vertex 1.060489e+01 2.068036e+01 6.000000e-01
      vertex 1.094726e+01 1.940263e+01 6.000000e-01
      vertex 1.197476e+01 1.981804e+01 6.000000e-01
    endloop
  endfacet
  facet normal 0.000000e+00 0.000000e+00 1.000000e+00
    outer loop
      vertex 1.060489e+01 2.068036e+01 6.000000e-01
      vertex 1.197476e+01 1.981804e+01 6.000000e-01
      vertex 1.163362e+01 2.109117e+01 6.000000e-01
    endloop
  endfacet
  facet normal 0.000000e+00 0.000000e+00 1.000000e+00
    outer loop
      vertex 1.265702e+01 1.727179e+01 6.000000e-01
      vertex 1.231589e+01 1.854491e+01 6.000000e-01
      vertex 1.128963e+01 1.812490e+01 6.000000e-01
    endloop
  endfacet
  facet normal 0.000000e+00 0.000000e+00 1.000000e+00
    outer loop
      vertex 1.265702e+01 1.727179e+01 6.000000e-01
      vertex 1.128963e+01 1.812490e+01 6.000000e-01
      vertex 1.163200e+01 1.684716e+01 6.000000e-01
    endloop
  endfacet
  facet normal 0.000000e+00 0.000000e+00 1.000000e+00
    outer loop
      vertex 1.026253e+01 2.195809e+01 6.000000e-01
      vertex 1.163362e+01 2.109117e+01 6.000000e-01
      vertex 1.129249e+01 2.236429e+01 6.000000e-01
    endloop
  endfacet
  facet normal 0.000000e+00 0.000000e+00 1.000000e+00
    outer loop
      vertex 1.231589e+01 1.854491e+01 6.000000e-01
      vertex 1.197476e+01 1.981804e+01 6.000000e-01
      vertex 1.094726e+01 1.940263e+01 6.000000e-01
    endloop
  endfacet
  facet normal 0.000000e+00 0.000000e+00 1.000000e+00
    outer loop
      vertex 9.920158e+00 2.323582e+01 6.000000e-01
      vertex 1.026253e+01 2.195809e+01 6.000000e-01
      vertex 1.129249e+01 2.236429e+01 6.000000e-01
    endloop
  endfacet
  facet normal 0.000000e+00 0.000000e+00 1.000000e+00
    outer loop
      vertex 1.333929e+01 1.472553e+01 6.000000e-01
      vertex 1.369312e+01 1.382572e+01 6.000000e-01
      vertex 1.411203e+01 1.493258e+01 6.000000e-01
    endloop
  endfacet
  facet normal 0.000000e+00 0.000000e+00 1.000000e+00
    outer loop
      vertex 1.438478e+01 1.591520e+01 6.000000e-01
      vertex 1.377090e+01 1.620572e+01 6.000000e-01
      vertex 1.411203e+01 1.493258e+01 6.000000e-01
    endloop
  endfacet
  facet normal 0.000000e+00 0.000000e+00 1.000000e+00
    outer loop
      vertex 1.486082e+01 1.413860e+01 6.000000e-01
      vertex 1.411203e+01 1.493258e+01 6.000000e-01
      vertex 1.369312e+01 1.382572e+01 6.000000e-01
    endloop
  endfacet
  facet normal 0.000000e+00 0.000000e+00 1.000000e+00
    outer loop
      vertex 1.377090e+01 1.620572e+01 6.000000e-01
      vertex 1.390874e+01 1.769179e+01 6.000000e-01
      vertex 1.342977e+01 1.747884e+01 6.000000e-01
    endloop
  endfacet
  facet normal 0.000000e+00 0.000000e+00 1.000000e+00
    outer loop
      vertex 1.486082e+01 1.413860e+01 6.000000e-01
      vertex 1.438478e+01 1.591520e+01 6.000000e-01
      vertex 1.411203e+01 1.493258e+01 6.000000e-01
    endloop
  endfacet
  facet normal 0.000000e+00 0.000000e+00 1.000000e+00
    outer loop
      vertex 1.533685e+01 1.236200e+01 6.000000e-01
      vertex 1.650455e+01 1.267488e+01 6.000000e-01
      vertex 1.602851e+01 1.445148e+01 6.000000e-01
    endloop
  endfacet
  facet normal 0.000000e+00 0.000000e+00 1.000000e+00
    outer loop
      vertex 1.533685e+01 1.236200e+01 6.000000e-01
      vertex 1.602851e+01 1.445148e+01 6.000000e-01
      vertex 1.486082e+01 1.413860e+01 6.000000e-01
    endloop
  endfacet
  facet normal 0.000000e+00 0.000000e+00 1.000000e+00
    outer loop
      vertex 1.377090e+01 1.620572e+01 6.000000e-01
      vertex 1.438478e+01 1.591520e+01 6.000000e-01
      vertex 1.390874e+01 1.769179e+01 6.000000e-01
    endloop
  endfacet
  facet normal 0.000000e+00 0.000000e+00 1.000000e+00
    outer loop
      vertex 1.555247e+01 1.622808e+01 6.000000e-01
      vertex 1.602851e+01 1.445148e+01 6.000000e-01
      vertex 1.623707e+01 1.550199e+01 6.000000e-01
    endloop
  endfacet
  facet normal 0.000000e+00 0.000000e+00 1.000000e+00
    outer loop
      vertex 1.308863e+01 1.875196e+01 6.000000e-01
      vertex 1.342977e+01 1.747884e+01 6.000000e-01
      vertex 1.390874e+01 1.769179e+01 6.000000e-01
    endloop
  endfacet
  facet normal 0.000000e+00 0.000000e+00 1.000000e+00
    outer loop
      vertex 1.308863e+01 1.875196e+01 6.000000e-01
      vertex 1.390874e+01 1.769179e+01 6.000000e-01
      vertex 1.343270e+01 1.946839e+01 6.000000e-01
    endloop
  endfacet
  facet normal 0.000000e+00 0.000000e+00 1.000000e+00
    outer loop
      vertex 1.295667e+01 2.124499e+01 6.000000e-01
      vertex 1.240636e+01 2.129822e+01 6.000000e-01
      vertex 1.274750e+01 2.002510e+01 6.000000e-01
    endloop
  endfacet
  facet normal 0.000000e+00 0.000000e+00 1.000000e+00
    outer loop
      vertex 1.295667e+01 2.124499e+01 6.000000e-01
      vertex 1.206523e+01 2.257135e+01 6.000000e-01
      vertex 1.240636e+01 2.129822e+01 6.000000e-01
    endloop
  endfacet
  facet normal 0.000000e+00 0.000000e+00 1.000000e+00
    outer loop
      vertex 1.343270e+01 1.946839e+01 6.000000e-01
      vertex 1.274750e+01 2.002510e+01 6.000000e-01
      vertex 1.308863e+01 1.875196e+01 6.000000e-01
    endloop
  endfacet
  facet normal 0.000000e+00 0.000000e+00 1.000000e+00
    outer loop
      vertex 1.412436e+01 2.155787e+01 6.000000e-01
      vertex 1.460040e+01 1.978128e+01 6.000000e-01
      vertex 1.491915e+01 2.042054e+01 6.000000e-01
    endloop
  endfacet
  facet normal 0.000000e+00 0.000000e+00 1.000000e+00
    outer loop
      vertex 1.412436e+01 2.155787e+01 6.000000e-01
      vertex 1.491915e+01 2.042054e+01 6.000000e-01
      vertex 1.458967e+01 2.165018e+01 6.000000e-01
    endloop
  endfacet
  facet normal 0.000000e+00 0.000000e+00 1.000000e+00
    outer loop
      vertex 1.248063e+01 2.302159e+01 6.000000e-01
      vertex 1.206523e+01 2.257135e+01 6.000000e-01
      vertex 1.295667e+01 2.124499e+01 6.000000e-01
    endloop
  endfacet
  facet normal 0.000000e+00 0.000000e+00 1.000000e+00
    outer loop
      vertex 1.460040e+01 1.978128e+01 6.000000e-01
      vertex 1.507644e+01 1.800467e+01 6.000000e-01
      vertex 1.557811e+01 1.796126e+01 6.000000e-01
    endloop
  endfacet
  facet normal 0.000000e+00 0.000000e+00 1.000000e+00
    outer loop
      vertex 1.460040e+01 1.978128e+01 6.000000e-01
      vertex 1.557811e+01 1.796126e+01 6.000000e-01
      vertex 1.524863e+01 1.919090e+01 6.000000e-01
    endloop
  endfacet
  facet normal 0.000000e+00 0.000000e+00 1.000000e+00
    outer loop
      vertex 1.274750e+01 2.002510e+01 6.000000e-01
      vertex 1.343270e+01 1.946839e+01 6.000000e-01
      vertex 1.295667e+01 2.124499e+01 6.000000e-01
    endloop
  endfacet
  facet normal 0.000000e+00 0.000000e+00 1.000000e+00
    outer loop
      vertex 1.507644e+01 1.800467e+01 6.000000e-01
      vertex 1.555247e+01 1.622808e+01 6.000000e-01
      vertex 1.590759e+01 1.673162e+01 6.000000e-01
    endloop
  endfacet
  facet normal 0.000000e+00 0.000000e+00 1.000000e+00
    outer loop
      vertex 1.507644e+01 1.800467e+01 6.000000e-01
      vertex 1.590759e+01 1.673162e+01 6.000000e-01
      vertex 1.557811e+01 1.796126e+01 6.000000e-01
    endloop
  endfacet
  facet normal 0.000000e+00 0.000000e+00 1.000000e+00
    outer loop
      vertex 1.095136e+01 2.363742e+01 6.000000e-01
      vertex 9.577801e+00 2.451355e+01 6.000000e-01
      vertex 9.920158e+00 2.323582e+01 6.000000e-01
    endloop
  endfacet
  facet normal 0.000000e+00 0.000000e+00 1.000000e+00
    outer loop
      vertex 8.893059e+00 2.706902e+01 6.000000e-01
      vertex 9.235432e+00 2.579129e+01 6.000000e-01
      vertex 1.026909e+01 2.618368e+01 6.000000e-01
    endloop
  endfacet
  facet normal 0.000000e+00 0.000000e+00 1.000000e+00
    outer loop
      vertex 8.893059e+00 2.706902e+01 6.000000e-01
      vertex 1.026909e+01 2.618368e+01 6.000000e-01
      vertex 9.927959e+00 2.745681e+01 6.000000e-01
    endloop
  endfacet
  facet normal 0.000000e+00 0.000000e+00 1.000000e+00
    outer loop
      vertex 9.235432e+00 2.579129e+01 6.000000e-01
      vertex 9.577801e+00 2.451355e+01 6.000000e-01
      vertex 1.061022e+01 2.491055e+01 6.000000e-01
    endloop
  endfacet
  facet normal 0.000000e+00 0.000000e+00 1.000000e+00
    outer loop
      vertex 1.061022e+01 2.491055e+01 6.000000e-01
      vertex 1.026909e+01 2.618368e+01 6.000000e-01
      vertex 9.235432e+00 2.579129e+01 6.000000e-01
    endloop
  endfacet
  facet normal 0.000000e+00 0.000000e+00 1.000000e+00
    outer loop
      vertex 8.550690e+00 2.834675e+01 6.000000e-01
      vertex 8.893059e+00 2.706902e+01 6.000000e-01
      vertex 9.927959e+00 2.745681e+01 6.000000e-01
    endloop
  endfacet
  facet normal 0.000000e+00 0.000000e+00 1.000000e+00
    outer loop
      vertex 9.586819e+00 2.872993e+01 6.000000e-01
      vertex 8.550690e+00 2.834675e+01 6.000000e-01
      vertex 9.927959e+00 2.745681e+01 6.000000e-01
    endloop
  endfacet
  facet normal 0.000000e+00 0.000000e+00 1.000000e+00
    outer loop
      vertex 1.095136e+01 2.363742e+01 6.000000e-01
      vertex 1.061022e+01 2.491055e+01 6.000000e-01
      vertex 9.577801e+00 2.451355e+01 6.000000e-01
    endloop
  endfacet
  facet normal 0.000000e+00 0.000000e+00 1.000000e+00
    outer loop
      vertex 9.920158e+00 2.323582e+01 6.000000e-01
      vertex 1.129249e+01 2.236429e+01 6.000000e-01
      vertex 1.095136e+01 2.363742e+01 6.000000e-01
    endloop
  endfacet
  facet normal 0.000000e+00 0.000000e+00 1.000000e+00
    outer loop
      vertex 9.245689e+00 3.000306e+01 6.000000e-01
      vertex 7.865959e+00 3.090222e+01 6.000000e-01
      vertex 8.208328e+00 2.962449e+01 6.000000e-01
    endloop
  endfacet
  facet normal 0.000000e+00 0.000000e+00 1.000000e+00
    outer loop
      vertex 7.523590e+00 3.217995e+01 6.000000e-01
      vertex 8.456711e+00 3.336829e+01 6.000000e-01
      vertex 7.181221e+00 3.345768e+01 6.000000e-01
    endloop
  endfacet
  facet normal 0.000000e+00 0.000000e+00 1.000000e+00
    outer loop
      vertex 7.523590e+00 3.217995e+01 6.000000e-01
      vertex 7.865959e+00 3.090222e+01 6.000000e-01
      vertex 8.904549e+00 3.127619e+01 6.000000e-01
    endloop
  endfacet
  facet normal 0.000000e+00 0.000000e+00 1.000000e+00
    outer loop
      vertex 9.245689e+00 3.000306e+01 6.000000e-01
      vertex 8.904549e+00 3.127619e+01 6.000000e-01
      vertex 7.865959e+00 3.090222e+01 6.000000e-01
    endloop
  endfacet
  facet normal 0.000000e+00 0.000000e+00 1.000000e+00
    outer loop
      vertex 8.037842e+00 3.505667e+01 6.000000e-01
      vertex 6.838848e+00 3.473541e+01 6.000000e-01
      vertex 7.181221e+00 3.345768e+01 6.000000e-01
    endloop
  endfacet
  facet normal 0.000000e+00 0.000000e+00 1.000000e+00
    outer loop
      vertex 8.932739e+00 3.159169e+01 6.000000e-01
      vertex 7.523590e+00 3.217995e+01 6.000000e-01
      vertex 8.904549e+00 3.127619e+01 6.000000e-01
    endloop
  endfacet
  facet normal 0.000000e+00 0.000000e+00 1.000000e+00
    outer loop
      vertex 8.904549e+00 3.127619e+01 6.000000e-01
      vertex 9.677299e+00 3.148324e+01 6.000000e-01
      vertex 8.932739e+00 3.159169e+01 6.000000e-01
    endloop
  endfacet
  facet normal 0.000000e+00 0.000000e+00 1.000000e+00
    outer loop
      vertex 7.523590e+00 3.217995e+01 6.000000e-01
      vertex 8.932739e+00 3.159169e+01 6.000000e-01
      vertex 8.456711e+00 3.336829e+01 6.000000e-01
    endloop
  endfacet
  facet normal 0.000000e+00 0.000000e+00 1.000000e+00
    outer loop
      vertex 9.586819e+00 2.872993e+01 6.000000e-01
      vertex 9.245689e+00 3.000306e+01 6.000000e-01
      vertex 8.208328e+00 2.962449e+01 6.000000e-01
    endloop
  endfacet
  facet normal 0.000000e+00 0.000000e+00 1.000000e+00
    outer loop
      vertex 9.586819e+00 2.872993e+01 6.000000e-01
      vertex 8.208328e+00 2.962449e+01 6.000000e-01
      vertex 8.550690e+00 2.834675e+01 6.000000e-01
    endloop
  endfacet
  facet normal 0.000000e+00 0.000000e+00 1.000000e+00
    outer loop
      vertex 1.200459e+01 2.479818e+01 6.000000e-01
      vertex 1.138296e+01 2.511760e+01 6.000000e-01
      vertex 1.172410e+01 2.384448e+01 6.000000e-01
    endloop
  endfacet
  facet normal 0.000000e+00 0.000000e+00 1.000000e+00
    outer loop
      vertex 1.070070e+01 2.766386e+01 6.000000e-01
      vertex 1.104183e+01 2.639074e+01 6.000000e-01
      vertex 1.152855e+01 2.657478e+01 6.000000e-01
    endloop
  endfacet
  facet normal 0.000000e+00 0.000000e+00 1.000000e+00
    outer loop
      vertex 1.070070e+01 2.766386e+01 6.000000e-01
      vertex 1.152855e+01 2.657478e+01 6.000000e-01
      vertex 1.105252e+01 2.835138e+01 6.000000e-01
    endloop
  endfacet
  facet normal 0.000000e+00 0.000000e+00 1.000000e+00
    outer loop
      vertex 1.152855e+01 2.657478e+01 6.000000e-01
      vertex 1.104183e+01 2.639074e+01 6.000000e-01
      vertex 1.138296e+01 2.511760e+01 6.000000e-01
    endloop
  endfacet
  facet normal 0.000000e+00 0.000000e+00 1.000000e+00
    outer loop
      vertex 1.138296e+01 2.511760e+01 6.000000e-01
      vertex 1.200459e+01 2.479818e+01 6.000000e-01
      vertex 1.152855e+01 2.657478e+01 6.000000e-01
    endloop
  endfacet
  facet normal 0.000000e+00 0.000000e+00 1.000000e+00
    outer loop
      vertex 1.248063e+01 2.302159e+01 6.000000e-01
      vertex 1.200459e+01 2.479818e+01 6.000000e-01
      vertex 1.172410e+01 2.384448e+01 6.000000e-01
    endloop
  endfacet
  facet normal 0.000000e+00 0.000000e+00 1.000000e+00
    outer loop
      vertex 1.248063e+01 2.302159e+01 6.000000e-01
      vertex 1.172410e+01 2.384448e+01 6.000000e-01
      vertex 1.206523e+01 2.257135e+01 6.000000e-01
    endloop
  endfacet
  facet normal 0.000000e+00 0.000000e+00 1.000000e+00
    outer loop
      vertex 1.035956e+01 2.893699e+01 6.000000e-01
      vertex 1.070070e+01 2.766386e+01 6.000000e-01
      vertex 1.105252e+01 2.835138e+01 6.000000e-01
    endloop
  endfacet
  facet normal 0.000000e+00 0.000000e+00 1.000000e+00
    outer loop
      vertex 9.677299e+00 3.148324e+01 6.000000e-01
      vertex 1.010044e+01 3.190458e+01 6.000000e-01
      vertex 8.932739e+00 3.159169e+01 6.000000e-01
    endloop
  endfacet
  facet normal 0.000000e+00 0.000000e+00 1.000000e+00
    outer loop
      vertex 7.181221e+00 3.345768e+01 6.000000e-01
      vertex 8.456711e+00 3.336829e+01 6.000000e-01
      vertex 8.037842e+00 3.505667e+01 6.000000e-01
    endloop
  endfacet
  facet normal 0.000000e+00 0.000000e+00 1.000000e+00
    outer loop
      vertex 8.456711e+00 3.336829e+01 6.000000e-01
      vertex 9.624401e+00 3.368117e+01 6.000000e-01
      vertex 8.037842e+00 3.505667e+01 6.000000e-01
    endloop
  endfacet
  facet normal 0.000000e+00 0.000000e+00 1.000000e+00
    outer loop
      vertex 8.456711e+00 3.336829e+01 6.000000e-01
      vertex 8.932739e+00 3.159169e+01 6.000000e-01
      vertex 1.010044e+01 3.190458e+01 6.000000e-01
    endloop
  endfacet
  facet normal 0.000000e+00 0.000000e+00 1.000000e+00
    outer loop
      vertex 8.456711e+00 3.336829e+01 6.000000e-01
      vertex 1.010044e+01 3.190458e+01 6.000000e-01
      vertex 9.624401e+00 3.368117e+01 6.000000e-01
    endloop
  endfacet
  facet normal 0.000000e+00 0.000000e+00 1.000000e+00
    outer loop
      vertex 9.677299e+00 3.148324e+01 6.000000e-01
      vertex 1.057648e+01 3.012798e+01 6.000000e-01
      vertex 1.010044e+01 3.190458e+01 6.000000e-01
    endloop
  endfacet
  facet normal 0.000000e+00 0.000000e+00 1.000000e+00
    outer loop
      vertex 1.035956e+01 2.893699e+01 6.000000e-01
      vertex 1.057648e+01 3.012798e+01 6.000000e-01
      vertex 1.001843e+01 3.021012e+01 6.000000e-01
    endloop
  endfacet
  facet normal 0.000000e+00 0.000000e+00 1.000000e+00
    outer loop
      vertex 9.624401e+00 3.368117e+01 6.000000e-01
      vertex 9.236832e+00 3.537795e+01 6.000000e-01
      vertex 8.037842e+00 3.505667e+01 6.000000e-01
    endloop
  endfacet
  facet normal 0.000000e+00 0.000000e+00 1.000000e+00
    outer loop
      vertex 9.624401e+00 3.368117e+01 6.000000e-01
      vertex 1.079210e+01 3.399405e+01 6.000000e-01
      vertex 9.236832e+00 3.537795e+01 6.000000e-01
    endloop
  endfacet
  facet normal 0.000000e+00 0.000000e+00 1.000000e+00
    outer loop
      vertex 9.677299e+00 3.148324e+01 6.000000e-01
      vertex 1.001843e+01 3.021012e+01 6.000000e-01
      vertex 1.057648e+01 3.012798e+01 6.000000e-01
    endloop
  endfacet
  facet normal 0.000000e+00 0.000000e+00 1.000000e+00
    outer loop
      vertex 1.057648e+01 3.012798e+01 6.000000e-01
      vertex 1.035956e+01 2.893699e+01 6.000000e-01
      vertex 1.105252e+01 2.835138e+01 6.000000e-01
    endloop
  endfacet
  facet normal 0.000000e+00 0.000000e+00 1.000000e+00
    outer loop
      vertex 1.364832e+01 2.333447e+01 6.000000e-01
      vertex 1.412436e+01 2.155787e+01 6.000000e-01
      vertex 1.458967e+01 2.165018e+01 6.000000e-01
    endloop
  endfacet
  facet normal 0.000000e+00 0.000000e+00 1.000000e+00
    outer loop
      vertex 1.364832e+01 2.333447e+01 6.000000e-01
      vertex 1.458967e+01 2.165018e+01 6.000000e-01
      vertex 1.426018e+01 2.287982e+01 6.000000e-01
    endloop
  endfacet
  facet normal 0.000000e+00 0.000000e+00 1.000000e+00
    outer loop
      vertex 1.836390e+01 1.507724e+01 6.000000e-01
      vertex 1.602851e+01 1.445148e+01 6.000000e-01
      vertex 1.650455e+01 1.267488e+01 6.000000e-01
    endloop
  endfacet
  facet normal 0.000000e+00 0.000000e+00 1.000000e+00
    outer loop
      vertex 1.836390e+01 1.507724e+01 6.000000e-01
      vertex 1.650455e+01 1.267488e+01 6.000000e-01
      vertex 1.767224e+01 1.298777e+01 6.000000e-01
    endloop
  endfacet
  facet normal 0.000000e+00 0.000000e+00 1.000000e+00
    outer loop
      vertex 1.623707e+01 1.550199e+01 6.000000e-01
      vertex 1.590759e+01 1.673162e+01 6.000000e-01
      vertex 1.555247e+01 1.622808e+01 6.000000e-01
    endloop
  endfacet
  facet normal 0.000000e+00 0.000000e+00 1.000000e+00
    outer loop
      vertex 1.623707e+01 1.550199e+01 6.000000e-01
      vertex 1.602851e+01 1.445148e+01 6.000000e-01
      vertex 1.700981e+01 1.570904e+01 6.000000e-01
    endloop
  endfacet
  facet normal 0.000000e+00 0.000000e+00 1.000000e+00
    outer loop
      vertex 1.788787e+01 1.685385e+01 6.000000e-01
      vertex 1.700981e+01 1.570904e+01 6.000000e-01
      vertex 1.836390e+01 1.507724e+01 6.000000e-01
    endloop
  endfacet
  facet normal 0.000000e+00 0.000000e+00 1.000000e+00
    outer loop
      vertex 1.836390e+01 1.507724e+01 6.000000e-01
      vertex 1.700981e+01 1.570904e+01 6.000000e-01
      vertex 1.602851e+01 1.445148e+01 6.000000e-01
    endloop
  endfacet
  facet normal 0.000000e+00 0.000000e+00 1.000000e+00
    outer loop
      vertex 1.668033e+01 1.693868e+01 6.000000e-01
      vertex 1.741183e+01 1.863044e+01 6.000000e-01
      vertex 1.635085e+01 1.816832e+01 6.000000e-01
    endloop
  endfacet
  facet normal 0.000000e+00 0.000000e+00 1.000000e+00
    outer loop
      vertex 1.700981e+01 1.570904e+01 6.000000e-01
      vertex 1.788787e+01 1.685385e+01 6.000000e-01
      vertex 1.668033e+01 1.693868e+01 6.000000e-01
    endloop
  endfacet
  facet normal 0.000000e+00 0.000000e+00 1.000000e+00
    outer loop
      vertex 1.788787e+01 1.685385e+01 6.000000e-01
      vertex 1.741183e+01 1.863044e+01 6.000000e-01
      vertex 1.668033e+01 1.693868e+01 6.000000e-01
    endloop
  endfacet
  facet normal 0.000000e+00 0.000000e+00 1.000000e+00
    outer loop
      vertex 1.836390e+01 1.507724e+01 6.000000e-01
      vertex 1.767224e+01 1.298777e+01 6.000000e-01
      vertex 1.883994e+01 1.330065e+01 6.000000e-01
    endloop
  endfacet
  facet normal 0.000000e+00 0.000000e+00 1.000000e+00
    outer loop
      vertex 1.524863e+01 1.919090e+01 6.000000e-01
      vertex 1.491915e+01 2.042054e+01 6.000000e-01
      vertex 1.460040e+01 1.978128e+01 6.000000e-01
    endloop
  endfacet
  facet normal 0.000000e+00 0.000000e+00 1.000000e+00
    outer loop
      vertex 1.693579e+01 2.040704e+01 6.000000e-01
      vertex 1.602137e+01 1.939796e+01 6.000000e-01
      vertex 1.741183e+01 1.863044e+01 6.000000e-01
    endloop
  endfacet
  facet normal 0.000000e+00 0.000000e+00 1.000000e+00
    outer loop
      vertex 1.569188e+01 2.062760e+01 6.000000e-01
      vertex 1.645975e+01 2.218364e+01 6.000000e-01
      vertex 1.536241e+01 2.185723e+01 6.000000e-01
    endloop
  endfacet
  facet normal 0.000000e+00 0.000000e+00 1.000000e+00
    outer loop
      vertex 1.602137e+01 1.939796e+01 6.000000e-01
      vertex 1.693579e+01 2.040704e+01 6.000000e-01
      vertex 1.569188e+01 2.062760e+01 6.000000e-01
    endloop
  endfacet
  facet normal 0.000000e+00 0.000000e+00 1.000000e+00
    outer loop
      vertex 1.693579e+01 2.040704e+01 6.000000e-01
      vertex 1.645975e+01 2.218364e+01 6.000000e-01
      vertex 1.569188e+01 2.062760e+01 6.000000e-01
    endloop
  endfacet
  facet normal 0.000000e+00 0.000000e+00 1.000000e+00
    outer loop
      vertex 1.602137e+01 1.939796e+01 6.000000e-01
      vertex 1.635085e+01 1.816832e+01 6.000000e-01
      vertex 1.741183e+01 1.863044e+01 6.000000e-01
    endloop
  endfacet
  facet normal 0.000000e+00 0.000000e+00 1.000000e+00
    outer loop
      vertex 1.883994e+01 1.330065e+01 6.000000e-01
      vertex 2.000764e+01 1.361353e+01 6.000000e-01
      vertex 1.953160e+01 1.539013e+01 6.000000e-01
    endloop
  endfacet
  facet normal 0.000000e+00 0.000000e+00 1.000000e+00
    outer loop
      vertex 1.883994e+01 1.330065e+01 6.000000e-01
      vertex 1.953160e+01 1.539013e+01 6.000000e-01
      vertex 1.836390e+01 1.507724e+01 6.000000e-01
    endloop
  endfacet
  facet normal 0.000000e+00 0.000000e+00 1.000000e+00
    outer loop
      vertex 2.069929e+01 1.570301e+01 6.000000e-01
      vertex 1.953160e+01 1.539013e+01 6.000000e-01
      vertex 2.000764e+01 1.361353e+01 6.000000e-01
    endloop
  endfacet
  facet normal 0.000000e+00 0.000000e+00 1.000000e+00
    outer loop
      vertex 2.069929e+01 1.570301e+01 6.000000e-01
      vertex 2.000764e+01 1.361353e+01 6.000000e-01
      vertex 2.117533e+01 1.392642e+01 6.000000e-01
    endloop
  endfacet
  facet normal 0.000000e+00 0.000000e+00 1.000000e+00
    outer loop
      vertex 2.174812e+01 1.544937e+01 6.000000e-01
      vertex 2.117533e+01 1.392642e+01 6.000000e-01
      vertex 2.234302e+01 1.423930e+01 6.000000e-01
    endloop
  endfacet
  facet normal 0.000000e+00 0.000000e+00 1.000000e+00
    outer loop
      vertex 2.115322e+01 1.665943e+01 6.000000e-01
      vertex 2.069929e+01 1.570301e+01 6.000000e-01
      vertex 2.174812e+01 1.544937e+01 6.000000e-01
    endloop
  endfacet
  facet normal 0.000000e+00 0.000000e+00 1.000000e+00
    outer loop
      vertex 2.117533e+01 1.392642e+01 6.000000e-01
      vertex 2.174812e+01 1.544937e+01 6.000000e-01
      vertex 2.069929e+01 1.570301e+01 6.000000e-01
    endloop
  endfacet
  facet normal 0.000000e+00 0.000000e+00 1.000000e+00
    outer loop
      vertex 2.115322e+01 1.665943e+01 6.000000e-01
      vertex 2.022325e+01 1.747961e+01 6.000000e-01
      vertex 2.069929e+01 1.570301e+01 6.000000e-01
    endloop
  endfacet
  facet normal 0.000000e+00 0.000000e+00 1.000000e+00
    outer loop
      vertex 1.936852e+01 2.028962e+01 6.000000e-01
      vertex 1.810348e+01 2.071992e+01 6.000000e-01
      vertex 1.857952e+01 1.894333e+01 6.000000e-01
    endloop
  endfacet
  facet normal 0.000000e+00 0.000000e+00 1.000000e+00
    outer loop
      vertex 1.762744e+01 2.249652e+01 6.000000e-01
      vertex 1.810348e+01 2.071992e+01 6.000000e-01
      vertex 1.877361e+01 2.149969e+01 6.000000e-01
    endloop
  endfacet
  facet normal 0.000000e+00 0.000000e+00 1.000000e+00
    outer loop
      vertex 1.996342e+01 1.907956e+01 6.000000e-01
      vertex 2.022325e+01 1.747961e+01 6.000000e-01
      vertex 2.055832e+01 1.786950e+01 6.000000e-01
    endloop
  endfacet
  facet normal 0.000000e+00 0.000000e+00 1.000000e+00
    outer loop
      vertex 2.115322e+01 1.665943e+01 6.000000e-01
      vertex 2.055832e+01 1.786950e+01 6.000000e-01
      vertex 2.022325e+01 1.747961e+01 6.000000e-01
    endloop
  endfacet
  facet normal 0.000000e+00 0.000000e+00 1.000000e+00
    outer loop
      vertex 1.936852e+01 2.028962e+01 6.000000e-01
      vertex 1.877361e+01 2.149969e+01 6.000000e-01
      vertex 1.810348e+01 2.071992e+01 6.000000e-01
    endloop
  endfacet
  facet normal 0.000000e+00 0.000000e+00 1.000000e+00
    outer loop
      vertex 1.996342e+01 1.907956e+01 6.000000e-01
      vertex 1.936852e+01 2.028962e+01 6.000000e-01
      vertex 1.857952e+01 1.894333e+01 6.000000e-01
    endloop
  endfacet
  facet normal 0.000000e+00 0.000000e+00 1.000000e+00
    outer loop
      vertex 1.996342e+01 1.907956e+01 6.000000e-01
      vertex 1.857952e+01 1.894333e+01 6.000000e-01
      vertex 2.022325e+01 1.747961e+01 6.000000e-01
    endloop
  endfacet
  facet normal 0.000000e+00 0.000000e+00 1.000000e+00
    outer loop
      vertex 2.022325e+01 1.747961e+01 6.000000e-01
      vertex 1.857952e+01 1.894333e+01 6.000000e-01
      vertex 1.905556e+01 1.716673e+01 6.000000e-01
    endloop
  endfacet
  facet normal 0.000000e+00 0.000000e+00 1.000000e+00
    outer loop
      vertex 1.817872e+01 2.270976e+01 6.000000e-01
      vertex 1.762744e+01 2.249652e+01 6.000000e-01
      vertex 1.877361e+01 2.149969e+01 6.000000e-01
    endloop
  endfacet
  facet normal 0.000000e+00 0.000000e+00 1.000000e+00
    outer loop
      vertex 1.503293e+01 2.308687e+01 6.000000e-01
      vertex 1.536241e+01 2.185723e+01 6.000000e-01
      vertex 1.645975e+01 2.218364e+01 6.000000e-01
    endloop
  endfacet
  facet normal 0.000000e+00 0.000000e+00 1.000000e+00
    outer loop
      vertex 1.503293e+01 2.308687e+01 6.000000e-01
      vertex 1.645975e+01 2.218364e+01 6.000000e-01
      vertex 1.598371e+01 2.396023e+01 6.000000e-01
    endloop
  endfacet
  facet normal 0.000000e+00 0.000000e+00 1.000000e+00
    outer loop
      vertex 1.317229e+01 2.511106e+01 6.000000e-01
      vertex 1.364832e+01 2.333447e+01 6.000000e-01
      vertex 1.393070e+01 2.410946e+01 6.000000e-01
    endloop
  endfacet
  facet normal 0.000000e+00 0.000000e+00 1.000000e+00
    outer loop
      vertex 1.317229e+01 2.511106e+01 6.000000e-01
      vertex 1.393070e+01 2.410946e+01 6.000000e-01
      vertex 1.360122e+01 2.533909e+01 6.000000e-01
    endloop
  endfacet
  facet normal 0.000000e+00 0.000000e+00 1.000000e+00
    outer loop
      vertex 1.269625e+01 2.688766e+01 6.000000e-01
      vertex 1.317229e+01 2.511106e+01 6.000000e-01
      vertex 1.360122e+01 2.533909e+01 6.000000e-01
    endloop
  endfacet
  facet normal 0.000000e+00 0.000000e+00 1.000000e+00
    outer loop
      vertex 1.269625e+01 2.688766e+01 6.000000e-01
      vertex 1.360122e+01 2.533909e+01 6.000000e-01
      vertex 1.327174e+01 2.656874e+01 6.000000e-01
    endloop
  endfacet
  facet normal 0.000000e+00 0.000000e+00 1.000000e+00
    outer loop
      vertex 1.393070e+01 2.410946e+01 6.000000e-01
      vertex 1.364832e+01 2.333447e+01 6.000000e-01
      vertex 1.426018e+01 2.287982e+01 6.000000e-01
    endloop
  endfacet
  facet normal 0.000000e+00 0.000000e+00 1.000000e+00
    outer loop
      vertex 1.503164e+01 2.751343e+01 6.000000e-01
      vertex 1.371500e+01 2.800543e+01 6.000000e-01
      vertex 1.404449e+01 2.677579e+01 6.000000e-01
    endloop
  endfacet
  facet normal 0.000000e+00 0.000000e+00 1.000000e+00
    outer loop
      vertex 1.269625e+01 2.688766e+01 6.000000e-01
      vertex 1.327174e+01 2.656874e+01 6.000000e-01
      vertex 1.294226e+01 2.779837e+01 6.000000e-01
    endloop
  endfacet
  facet normal 0.000000e+00 0.000000e+00 1.000000e+00
    outer loop
      vertex 1.222021e+01 2.866426e+01 6.000000e-01
      vertex 1.269625e+01 2.688766e+01 6.000000e-01
      vertex 1.294226e+01 2.779837e+01 6.000000e-01
    endloop
  endfacet
  facet normal 0.000000e+00 0.000000e+00 1.000000e+00
    outer loop
      vertex 1.222021e+01 2.866426e+01 6.000000e-01
      vertex 1.294226e+01 2.779837e+01 6.000000e-01
      vertex 1.261278e+01 2.902801e+01 6.000000e-01
    endloop
  endfacet
  facet normal 0.000000e+00 0.000000e+00 1.000000e+00
    outer loop
      vertex 9.236832e+00 3.537795e+01 6.000000e-01
      vertex 1.079210e+01 3.399405e+01 6.000000e-01
      vertex 1.043582e+01 3.569921e+01 6.000000e-01
    endloop
  endfacet
  facet normal 0.000000e+00 0.000000e+00 1.000000e+00
    outer loop
      vertex 1.079210e+01 3.399405e+01 6.000000e-01
      vertex 1.195979e+01 3.430693e+01 6.000000e-01
      vertex 1.043582e+01 3.569921e+01 6.000000e-01
    endloop
  endfacet
  facet normal 0.000000e+00 0.000000e+00 1.000000e+00
    outer loop
      vertex 1.261278e+01 2.902801e+01 6.000000e-01
      vertex 1.174417e+01 3.044086e+01 6.000000e-01
      vertex 1.222021e+01 2.866426e+01 6.000000e-01
    endloop
  endfacet
  facet normal 0.000000e+00 0.000000e+00 1.000000e+00
    outer loop
      vertex 1.291187e+01 3.075374e+01 6.000000e-01
      vertex 1.261278e+01 2.902801e+01 6.000000e-01
      vertex 1.338552e+01 2.923507e+01 6.000000e-01
    endloop
  endfacet
  facet normal 0.000000e+00 0.000000e+00 1.000000e+00
    outer loop
      vertex 1.291187e+01 3.075374e+01 6.000000e-01
      vertex 1.341950e+01 3.239029e+01 6.000000e-01
      vertex 1.243583e+01 3.253034e+01 6.000000e-01
    endloop
  endfacet
  facet normal 0.000000e+00 0.000000e+00 1.000000e+00
    outer loop
      vertex 1.243583e+01 3.253034e+01 6.000000e-01
      vertex 1.282461e+01 3.360035e+01 6.000000e-01
      vertex 1.195979e+01 3.430693e+01 6.000000e-01
    endloop
  endfacet
  facet normal 0.000000e+00 0.000000e+00 1.000000e+00
    outer loop
      vertex 1.338552e+01 2.923507e+01 6.000000e-01
      vertex 1.401441e+01 3.118022e+01 6.000000e-01
      vertex 1.291187e+01 3.075374e+01 6.000000e-01
    endloop
  endfacet
  facet normal 0.000000e+00 0.000000e+00 1.000000e+00
    outer loop
      vertex 1.291187e+01 3.075374e+01 6.000000e-01
      vertex 1.174417e+01 3.044086e+01 6.000000e-01
      vertex 1.261278e+01 2.902801e+01 6.000000e-01
    endloop
  endfacet
  facet normal 0.000000e+00 0.000000e+00 1.000000e+00
    outer loop
      vertex 1.163480e+01 3.602048e+01 6.000000e-01
      vertex 1.043582e+01 3.569921e+01 6.000000e-01
      vertex 1.195979e+01 3.430693e+01 6.000000e-01
    endloop
  endfacet
  facet normal 0.000000e+00 0.000000e+00 1.000000e+00
    outer loop
      vertex 1.338552e+01 2.923507e+01 6.000000e-01
      vertex 1.371500e+01 2.800543e+01 6.000000e-01
      vertex 1.455560e+01 2.929003e+01 6.000000e-01
    endloop
  endfacet
  facet normal 0.000000e+00 0.000000e+00 1.000000e+00
    outer loop
      vertex 1.470344e+01 2.431651e+01 6.000000e-01
      vertex 1.503293e+01 2.308687e+01 6.000000e-01
      vertex 1.598371e+01 2.396023e+01 6.000000e-01
    endloop
  endfacet
  facet normal 0.000000e+00 0.000000e+00 1.000000e+00
    outer loop
      vertex 1.598371e+01 2.396023e+01 6.000000e-01
      vertex 1.437396e+01 2.554615e+01 6.000000e-01
      vertex 1.470344e+01 2.431651e+01 6.000000e-01
    endloop
  endfacet
  facet normal 0.000000e+00 0.000000e+00 1.000000e+00
    outer loop
      vertex 1.598371e+01 2.396023e+01 6.000000e-01
      vertex 1.639401e+01 2.633995e+01 6.000000e-01
      vertex 1.503164e+01 2.751343e+01 6.000000e-01
    endloop
  endfacet
  facet normal 0.000000e+00 0.000000e+00 1.000000e+00
    outer loop
      vertex 1.639401e+01 2.633995e+01 6.000000e-01
      vertex 1.598371e+01 2.396023e+01 6.000000e-01
      vertex 1.698891e+01 2.512989e+01 6.000000e-01
    endloop
  endfacet
  facet normal 0.000000e+00 0.000000e+00 1.000000e+00
    outer loop
      vertex 1.715141e+01 2.427312e+01 6.000000e-01
      vertex 1.698891e+01 2.512989e+01 6.000000e-01
      vertex 1.598371e+01 2.396023e+01 6.000000e-01
    endloop
  endfacet
  facet normal 0.000000e+00 0.000000e+00 1.000000e+00
    outer loop
      vertex 1.758381e+01 2.391983e+01 6.000000e-01
      vertex 1.698891e+01 2.512989e+01 6.000000e-01
      vertex 1.715141e+01 2.427312e+01 6.000000e-01
    endloop
  endfacet
  facet normal 0.000000e+00 0.000000e+00 1.000000e+00
    outer loop
      vertex 1.715141e+01 2.427312e+01 6.000000e-01
      vertex 1.762744e+01 2.249652e+01 6.000000e-01
      vertex 1.758381e+01 2.391983e+01 6.000000e-01
    endloop
  endfacet
  facet normal 0.000000e+00 0.000000e+00 1.000000e+00
    outer loop
      vertex 1.437396e+01 2.554615e+01 6.000000e-01
      vertex 1.598371e+01 2.396023e+01 6.000000e-01
      vertex 1.503164e+01 2.751343e+01 6.000000e-01
    endloop
  endfacet
  facet normal 0.000000e+00 0.000000e+00 1.000000e+00
    outer loop
      vertex 1.341950e+01 3.239029e+01 6.000000e-01
      vertex 1.291187e+01 3.075374e+01 6.000000e-01
      vertex 1.401441e+01 3.118022e+01 6.000000e-01
    endloop
  endfacet
  facet normal 0.000000e+00 0.000000e+00 1.000000e+00
    outer loop
      vertex 1.163480e+01 3.602048e+01 6.000000e-01
      vertex 1.195979e+01 3.430693e+01 6.000000e-01
      vertex 1.222970e+01 3.481041e+01 6.000000e-01
    endloop
  endfacet
  facet normal 0.000000e+00 0.000000e+00 1.000000e+00
    outer loop
      vertex 1.282461e+01 3.360035e+01 6.000000e-01
      vertex 1.243583e+01 3.253034e+01 6.000000e-01
      vertex 1.341950e+01 3.239029e+01 6.000000e-01
    endloop
  endfacet
  facet normal 0.000000e+00 0.000000e+00 1.000000e+00
    outer loop
      vertex 1.282461e+01 3.360035e+01 6.000000e-01
      vertex 1.222970e+01 3.481041e+01 6.000000e-01
      vertex 1.195979e+01 3.430693e+01 6.000000e-01
    endloop
  endfacet
  facet normal 0.000000e+00 0.000000e+00 1.000000e+00
    outer loop
      vertex 1.520421e+01 2.876009e+01 6.000000e-01
      vertex 1.503164e+01 2.751343e+01 6.000000e-01
      vertex 1.579911e+01 2.755002e+01 6.000000e-01
    endloop
  endfacet
  facet normal 0.000000e+00 0.000000e+00 1.000000e+00
    outer loop
      vertex 1.639401e+01 2.633995e+01 6.000000e-01
      vertex 1.579911e+01 2.755002e+01 6.000000e-01
      vertex 1.503164e+01 2.751343e+01 6.000000e-01
    endloop
  endfacet
  facet normal 0.000000e+00 0.000000e+00 1.000000e+00
    outer loop
      vertex 1.460931e+01 2.997015e+01 6.000000e-01
      vertex 1.455560e+01 2.929003e+01 6.000000e-01
      vertex 1.520421e+01 2.876009e+01 6.000000e-01
    endloop
  endfacet
  facet normal 0.000000e+00 0.000000e+00 1.000000e+00
    outer loop
      vertex 1.503164e+01 2.751343e+01 6.000000e-01
      vertex 1.520421e+01 2.876009e+01 6.000000e-01
      vertex 1.455560e+01 2.929003e+01 6.000000e-01
    endloop
  endfacet
  facet normal 0.000000e+00 0.000000e+00 1.000000e+00
    outer loop
      vertex 1.338552e+01 2.923507e+01 6.000000e-01
      vertex 1.460931e+01 2.997015e+01 6.000000e-01
      vertex 1.401441e+01 3.118022e+01 6.000000e-01
    endloop
  endfacet
  facet normal 0.000000e+00 0.000000e+00 1.000000e+00
    outer loop
      vertex 1.455560e+01 2.929003e+01 6.000000e-01
      vertex 1.460931e+01 2.997015e+01 6.000000e-01
      vertex 1.338552e+01 2.923507e+01 6.000000e-01
    endloop
  endfacet
  facet normal 0.000000e+00 0.000000e+00 1.000000e+00
    outer loop
      vertex 1.455560e+01 2.929003e+01 6.000000e-01
      vertex 1.371500e+01 2.800543e+01 6.000000e-01
      vertex 1.503164e+01 2.751343e+01 6.000000e-01
    endloop
  endfacet
  facet normal 0.000000e+00 0.000000e+00 1.000000e+00
    outer loop
      vertex 1.404449e+01 2.677579e+01 6.000000e-01
      vertex 1.437396e+01 2.554615e+01 6.000000e-01
      vertex 1.503164e+01 2.751343e+01 6.000000e-01
    endloop
  endfacet
  facet normal 0.000000e+00 0.000000e+00 1.000000e+00
    outer loop
      vertex 1.817872e+01 2.270976e+01 6.000000e-01
      vertex 1.758381e+01 2.391983e+01 6.000000e-01
      vertex 1.762744e+01 2.249652e+01 6.000000e-01
    endloop
  endfacet
  facet normal 9.659258e-01 2.588192e-01 0.000000e+00
    outer loop
      vertex 1.300335e+01 1.907025e+01 2.850000e+00
      vertex 1.300335e+01 1.907025e+01 2.100000e+00
      vertex 1.189466e+01 2.320791e+01 2.100000e+00
    endloop
  endfacet
  facet normal 9.659258e-01 2.588192e-01 0.000000e+00
    outer loop
      vertex 1.300335e+01 1.907025e+01 2.850000e+00
      vertex 1.189466e+01 2.320791e+01 2.100000e+00
      vertex 1.189466e+01 2.320791e+01 2.850000e+00
    endloop
  endfacet
  facet normal 9.659260e-01 2.588184e-01 0.000000e+00
    outer loop
      vertex 1.078598e+01 2.734558e+01 3.225000e+00
      vertex 1.078598e+01 2.734558e+01 2.850000e+00
      vertex 1.023164e+01 2.941441e+01 2.850000e+00
    endloop
  endfacet
  facet normal 9.659260e-01 2.588184e-01 0.000000e+00
    outer loop
      vertex 1.078598e+01 2.734558e+01 3.225000e+00
      vertex 1.023164e+01 2.941441e+01 2.850000e+00
      vertex 1.023164e+01 2.941441e+01 3.225000e+00
    endloop
  endfacet
  facet normal 9.659260e-01 2.588184e-01 0.000000e+00
    outer loop
      vertex 1.078598e+01 2.734558e+01 2.850000e+00
      vertex 1.078598e+01 2.734558e+01 2.475000e+00
      vertex 1.023164e+01 2.941441e+01 2.475000e+00
    endloop
  endfacet
  facet normal 9.659260e-01 2.588184e-01 0.000000e+00
    outer loop
      vertex 1.078598e+01 2.734558e+01 2.850000e+00
      vertex 1.023164e+01 2.941441e+01 2.475000e+00
      vertex 1.023164e+01 2.941441e+01 2.850000e+00
    endloop
  endfacet
  facet normal 9.659260e-01 2.588184e-01 0.000000e+00
    outer loop
      vertex 1.078598e+01 2.734558e+01 2.475000e+00
      vertex 1.078598e+01 2.734558e+01 2.100000e+00
      vertex 1.023164e+01 2.941441e+01 2.100000e+00
    endloop
  endfacet
  facet normal 9.659260e-01 2.588184e-01 0.000000e+00
    outer loop
      vertex 1.078598e+01 2.734558e+01 2.475000e+00
      vertex 1.023164e+01 2.941441e+01 2.100000e+00
      vertex 1.023164e+01 2.941441e+01 2.475000e+00
    endloop
  endfacet
  facet normal 9.659258e-01 2.588192e-01 0.000000e+00
    outer loop
      vertex 1.078598e+01 2.734558e+01 2.475000e+00
      vertex 1.189466e+01 2.320791e+01 2.100000e+00
      vertex 1.078598e+01 2.734558e+01 2.100000e+00
    endloop
  endfacet
  facet normal 9.659258e-01 2.588192e-01 0.000000e+00
    outer loop
      vertex 1.189466e+01 2.320791e+01 2.850000e+00
      vertex 1.078598e+01 2.734558e+01 2.475000e+00
      vertex 1.078598e+01 2.734558e+01 2.850000e+00
    endloop
  endfacet
  facet normal 9.659258e-01 2.588192e-01 0.000000e+00
    outer loop
      vertex 1.189466e+01 2.320791e+01 2.100000e+00
      vertex 1.078598e+01 2.734558e+01 2.475000e+00
      vertex 1.189466e+01 2.320791e+01 2.850000e+00
    endloop
  endfacet
  facet normal 9.659258e-01 2.588192e-01 0.000000e+00
    outer loop
      vertex 1.078598e+01 2.734558e+01 1.725000e+00
      vertex 1.189466e+01 2.320791e+01 1.350000e+00
      vertex 1.078598e+01 2.734558e+01 1.350000e+00
    endloop
  endfacet
  facet normal 9.659258e-01 2.588192e-01 0.000000e+00
    outer loop
      vertex 1.189466e+01 2.320791e+01 2.100000e+00
      vertex 1.078598e+01 2.734558e+01 1.725000e+00
      vertex 1.078598e+01 2.734558e+01 2.100000e+00
    endloop
  endfacet
  facet normal 9.659258e-01 2.588192e-01 0.000000e+00
    outer loop
      vertex 1.189466e+01 2.320791e+01 1.350000e+00
      vertex 1.078598e+01 2.734558e+01 1.725000e+00
      vertex 1.189466e+01 2.320791e+01 2.100000e+00
    endloop
  endfacet
  facet normal 9.659260e-01 2.588184e-01 0.000000e+00
    outer loop
      vertex 1.078598e+01 2.734558e+01 2.100000e+00
      vertex 1.078598e+01 2.734558e+01 1.725000e+00
      vertex 1.023164e+01 2.941441e+01 1.725000e+00
    endloop
  endfacet
  facet normal 9.659260e-01 2.588184e-01 0.000000e+00
    outer loop
      vertex 1.078598e+01 2.734558e+01 2.100000e+00
      vertex 1.023164e+01 2.941441e+01 1.725000e+00
      vertex 1.023164e+01 2.941441e+01 2.100000e+00
    endloop
  endfacet
  facet normal 9.659260e-01 2.588184e-01 0.000000e+00
    outer loop
      vertex 1.078598e+01 2.734558e+01 1.725000e+00
      vertex 1.078598e+01 2.734558e+01 1.350000e+00
      vertex 1.023164e+01 2.941441e+01 1.350000e+00
    endloop
  endfacet
  facet normal 9.659260e-01 2.588184e-01 0.000000e+00
    outer loop
      vertex 1.078598e+01 2.734558e+01 1.725000e+00
      vertex 1.023164e+01 2.941441e+01 1.350000e+00
      vertex 1.023164e+01 2.941441e+01 1.725000e+00
    endloop
  endfacet
  facet normal 9.659260e-01 2.588184e-01 0.000000e+00
    outer loop
      vertex 1.078598e+01 2.734558e+01 1.350000e+00
      vertex 1.078598e+01 2.734558e+01 9.750000e-01
      vertex 1.023164e+01 2.941441e+01 9.750000e-01
    endloop
  endfacet
  facet normal 9.659260e-01 2.588184e-01 0.000000e+00
    outer loop
      vertex 1.078598e+01 2.734558e+01 1.350000e+00
      vertex 1.023164e+01 2.941441e+01 9.750000e-01
      vertex 1.023164e+01 2.941441e+01 1.350000e+00
    endloop
  endfacet
  facet normal 9.659258e-01 2.588192e-01 0.000000e+00
    outer loop
      vertex 1.300335e+01 1.907025e+01 2.100000e+00
      vertex 1.300335e+01 1.907025e+01 1.350000e+00
      vertex 1.189466e+01 2.320791e+01 1.350000e+00
    endloop
  endfacet
  facet normal 9.659258e-01 2.588192e-01 0.000000e+00
    outer loop
      vertex 1.300335e+01 1.907025e+01 2.100000e+00
      vertex 1.189466e+01 2.320791e+01 1.350000e+00
      vertex 1.189466e+01 2.320791e+01 2.100000e+00
    endloop
  endfacet
  facet normal 9.659258e-01 2.588193e-01 5.747534e-06
    outer loop
      vertex 1.023164e+01 2.941441e+01 9.750000e-01
      vertex 1.001843e+01 3.021012e+01 6.000000e-01
      vertex 9.677299e+00 3.148324e+01 6.000000e-01
    endloop
  endfacet
  facet normal 9.659260e-01 2.588184e-01 0.000000e+00
    outer loop
      vertex 1.023164e+01 2.941441e+01 1.350000e+00
      vertex 1.023164e+01 2.941441e+01 9.750000e-01
      vertex 9.677299e+00 3.148324e+01 1.600000e+00
    endloop
  endfacet
  facet normal 9.659260e-01 2.588184e-01 0.000000e+00
    outer loop
      vertex 9.677299e+00 3.148324e+01 6.000000e-01
      vertex 9.677299e+00 3.148324e+01 1.600000e+00
      vertex 1.023164e+01 2.941441e+01 9.750000e-01
    endloop
  endfacet
  facet normal 9.659260e-01 2.588184e-01 0.000000e+00
    outer loop
      vertex 1.023164e+01 2.941441e+01 1.350000e+00
      vertex 9.677299e+00 3.148324e+01 1.600000e+00
      vertex 1.023164e+01 2.941441e+01 1.725000e+00
    endloop
  endfacet
  facet normal 9.659258e-01 2.588193e-01 5.747534e-06
    outer loop
      vertex 1.023164e+01 2.941441e+01 9.750000e-01
      vertex 1.035956e+01 2.893699e+01 6.000000e-01
      vertex 1.001843e+01 3.021012e+01 6.000000e-01
    endloop
  endfacet
  facet normal 9.659260e-01 2.588184e-01 7.073874e-06
    outer loop
      vertex 1.035956e+01 2.893699e+01 6.000000e-01
      vertex 1.023164e+01 2.941441e+01 9.750000e-01
      vertex 1.078598e+01 2.734558e+01 9.750000e-01
    endloop
  endfacet
  facet normal 9.659261e-01 2.588179e-01 4.912954e-06
    outer loop
      vertex 1.035956e+01 2.893699e+01 6.000000e-01
      vertex 1.078598e+01 2.734558e+01 9.750000e-01
      vertex 1.070070e+01 2.766386e+01 6.000000e-01
    endloop
  endfacet
  facet normal 9.659258e-01 2.588192e-01 0.000000e+00
    outer loop
      vertex 1.189466e+01 2.320791e+01 1.350000e+00
      vertex 1.078598e+01 2.734558e+01 9.750000e-01
      vertex 1.078598e+01 2.734558e+01 1.350000e+00
    endloop
  endfacet
  facet normal 9.659258e-01 2.588193e-01 6.229376e-06
    outer loop
      vertex 1.070070e+01 2.766386e+01 6.000000e-01
      vertex 1.078598e+01 2.734558e+01 9.750000e-01
      vertex 1.104183e+01 2.639074e+01 6.000000e-01
    endloop
  endfacet
  facet normal 9.659260e-01 2.588184e-01 0.000000e+00
    outer loop
      vertex 9.677299e+00 3.148324e+01 2.600000e+00
      vertex 1.023164e+01 2.941441e+01 2.475000e+00
      vertex 1.023164e+01 2.941441e+01 2.100000e+00
    endloop
  endfacet
  facet normal 9.659260e-01 2.588184e-01 0.000000e+00
    outer loop
      vertex 9.677299e+00 3.148324e+01 2.600000e+00
      vertex 1.023164e+01 2.941441e+01 2.100000e+00
      vertex 9.677299e+00 3.148324e+01 1.600000e+00
    endloop
  endfacet
  facet normal 9.659260e-01 2.588184e-01 0.000000e+00
    outer loop
      vertex 9.677299e+00 3.148324e+01 3.600000e+00
      vertex 1.023164e+01 2.941441e+01 3.225000e+00
      vertex 1.023164e+01 2.941441e+01 2.850000e+00
    endloop
  endfacet
  facet normal 9.659260e-01 2.588184e-01 0.000000e+00
    outer loop
      vertex 9.677299e+00 3.148324e+01 3.600000e+00
      vertex 1.023164e+01 2.941441e+01 2.850000e+00
      vertex 9.677299e+00 3.148324e+01 2.600000e+00
    endloop
  endfacet
  facet normal 9.659260e-01 2.588184e-01 0.000000e+00
    outer loop
      vertex 1.023164e+01 2.941441e+01 2.475000e+00
      vertex 9.677299e+00 3.148324e+01 2.600000e+00
      vertex 1.023164e+01 2.941441e+01 2.850000e+00
    endloop
  endfacet
  facet normal 9.659260e-01 2.588184e-01 0.000000e+00
    outer loop
      vertex 1.023164e+01 2.941441e+01 1.725000e+00
      vertex 9.677299e+00 3.148324e+01 1.600000e+00
      vertex 1.023164e+01 2.941441e+01 2.100000e+00
    endloop
  endfacet
  facet normal 9.659260e-01 2.588184e-01 -3.510449e-06
    outer loop
      vertex 1.041642e+01 2.872480e+01 3.600000e+00
      vertex 1.078598e+01 2.734558e+01 3.225000e+00
      vertex 1.023164e+01 2.941441e+01 3.225000e+00
    endloop
  endfacet
  facet normal 9.659258e-01 2.588194e-01 -7.545797e-06
    outer loop
      vertex 1.115554e+01 2.596636e+01 3.600000e+00
      vertex 1.078598e+01 2.734558e+01 3.225000e+00
      vertex 1.041642e+01 2.872480e+01 3.600000e+00
    endloop
  endfacet
  facet normal 9.659259e-01 2.588188e-01 -2.632841e-06
    outer loop
      vertex 9.677299e+00 3.148324e+01 3.600000e+00
      vertex 1.041642e+01 2.872480e+01 3.600000e+00
      vertex 1.023164e+01 2.941441e+01 3.225000e+00
    endloop
  endfacet
  facet normal 9.659258e-01 2.588192e-01 0.000000e+00
    outer loop
      vertex 1.189466e+01 2.320791e+01 2.850000e+00
      vertex 1.078598e+01 2.734558e+01 2.850000e+00
      vertex 1.078598e+01 2.734558e+01 3.225000e+00
    endloop
  endfacet
  facet normal 9.659261e-01 2.588179e-01 1.017862e-05
    outer loop
      vertex 1.078598e+01 2.734558e+01 9.750000e-01
      vertex 1.138296e+01 2.511760e+01 6.000000e-01
      vertex 1.104183e+01 2.639074e+01 6.000000e-01
    endloop
  endfacet
  facet normal 9.659258e-01 2.588193e-01 1.316423e-06
    outer loop
      vertex 1.189466e+01 2.320791e+01 1.350000e+00
      vertex 1.172410e+01 2.384448e+01 6.000000e-01
      vertex 1.138296e+01 2.511760e+01 6.000000e-01
    endloop
  endfacet
  facet normal 9.659261e-01 2.588179e-01 2.632831e-06
    outer loop
      vertex 1.240636e+01 2.129822e+01 6.000000e-01
      vertex 1.206523e+01 2.257135e+01 6.000000e-01
      vertex 1.189466e+01 2.320791e+01 1.350000e+00
    endloop
  endfacet
  facet normal 9.659258e-01 2.588193e-01 1.316423e-06
    outer loop
      vertex 1.172410e+01 2.384448e+01 6.000000e-01
      vertex 1.189466e+01 2.320791e+01 1.350000e+00
      vertex 1.206523e+01 2.257135e+01 6.000000e-01
    endloop
  endfacet
  facet normal 9.659250e-01 2.588220e-01 8.115841e-06
    outer loop
      vertex 1.300335e+01 1.907025e+01 1.350000e+00
      vertex 1.274750e+01 2.002510e+01 6.000000e-01
      vertex 1.240636e+01 2.129822e+01 6.000000e-01
    endloop
  endfacet
  facet normal 9.659258e-01 2.588192e-01 -9.312318e-07
    outer loop
      vertex 1.300335e+01 1.907025e+01 1.350000e+00
      vertex 1.240636e+01 2.129822e+01 6.000000e-01
      vertex 1.189466e+01 2.320791e+01 1.350000e+00
    endloop
  endfacet
  facet normal 9.659258e-01 2.588193e-01 1.798265e-06
    outer loop
      vertex 1.342977e+01 1.747884e+01 6.000000e-01
      vertex 1.308863e+01 1.875196e+01 6.000000e-01
      vertex 1.300335e+01 1.907025e+01 1.350000e+00
    endloop
  endfacet
  facet normal 9.659258e-01 2.588193e-01 1.798265e-06
    outer loop
      vertex 1.377090e+01 1.620572e+01 6.000000e-01
      vertex 1.342977e+01 1.747884e+01 6.000000e-01
      vertex 1.300335e+01 1.907025e+01 1.350000e+00
    endloop
  endfacet
  facet normal 9.659261e-01 2.588179e-01 2.456477e-06
    outer loop
      vertex 1.308863e+01 1.875196e+01 6.000000e-01
      vertex 1.274750e+01 2.002510e+01 6.000000e-01
      vertex 1.300335e+01 1.907025e+01 1.350000e+00
    endloop
  endfacet
  facet normal 9.659261e-01 2.588179e-01 7.722139e-06
    outer loop
      vertex 1.411203e+01 1.493258e+01 6.000000e-01
      vertex 1.377090e+01 1.620572e+01 6.000000e-01
      vertex 1.300335e+01 1.907025e+01 1.350000e+00
    endloop
  endfacet
  facet normal 9.659256e-01 2.588200e-01 0.000000e+00
    outer loop
      vertex 1.189466e+01 2.320791e+01 2.850000e+00
      vertex 1.189466e+01 2.320791e+01 3.600000e+00
      vertex 1.263379e+01 2.044947e+01 3.600000e+00
    endloop
  endfacet
  facet normal 9.659258e-01 2.588192e-01 -3.392881e-06
    outer loop
      vertex 1.189466e+01 2.320791e+01 2.850000e+00
      vertex 1.263379e+01 2.044947e+01 3.600000e+00
      vertex 1.300335e+01 1.907025e+01 2.850000e+00
    endloop
  endfacet
  facet normal 9.659257e-01 2.588197e-01 -6.229378e-06
    outer loop
      vertex 1.189466e+01 2.320791e+01 2.850000e+00
      vertex 1.078598e+01 2.734558e+01 3.225000e+00
      vertex 1.115554e+01 2.596636e+01 3.600000e+00
    endloop
  endfacet
  facet normal 9.659261e-01 2.588181e-01 0.000000e+00
    outer loop
      vertex 1.189466e+01 2.320791e+01 2.850000e+00
      vertex 1.115554e+01 2.596636e+01 3.600000e+00
      vertex 1.189466e+01 2.320791e+01 3.600000e+00
    endloop
  endfacet
  facet normal 9.659258e-01 2.588192e-01 0.000000e+00
    outer loop
      vertex 1.300335e+01 1.907025e+01 2.850000e+00
      vertex 1.411203e+01 1.493258e+01 2.100000e+00
      vertex 1.300335e+01 1.907025e+01 2.100000e+00
    endloop
  endfacet
  facet normal 9.659258e-01 2.588192e-01 0.000000e+00
    outer loop
      vertex 1.300335e+01 1.907025e+01 1.350000e+00
      vertex 1.300335e+01 1.907025e+01 2.100000e+00
      vertex 1.411203e+01 1.493258e+01 2.100000e+00
    endloop
  endfacet
  facet normal 9.659258e-01 2.588194e-01 1.140053e-06
    outer loop
      vertex 1.337291e+01 1.769103e+01 3.600000e+00
      vertex 1.411203e+01 1.493258e+01 3.600000e+00
      vertex 1.300335e+01 1.907025e+01 2.850000e+00
    endloop
  endfacet
  facet normal 9.659258e-01 2.588192e-01 0.000000e+00
    outer loop
      vertex 1.411203e+01 1.493258e+01 2.100000e+00
      vertex 1.300335e+01 1.907025e+01 2.850000e+00
      vertex 1.411203e+01 1.493258e+01 3.600000e+00
    endloop
  endfacet
  facet normal 9.659261e-01 2.588181e-01 -1.316417e-06
    outer loop
      vertex 1.263379e+01 2.044947e+01 3.600000e+00
      vertex 1.337291e+01 1.769103e+01 3.600000e+00
      vertex 1.300335e+01 1.907025e+01 2.850000e+00
    endloop
  endfacet
  facet normal 9.659258e-01 2.588192e-01 0.000000e+00
    outer loop
      vertex 1.411203e+01 1.493258e+01 2.100000e+00
      vertex 1.411203e+01 1.493258e+01 6.000000e-01
      vertex 1.300335e+01 1.907025e+01 1.350000e+00
    endloop
  endfacet
  facet normal 9.659258e-01 2.588193e-01 1.210601e-06
    outer loop
      vertex 1.138296e+01 2.511760e+01 6.000000e-01
      vertex 1.078598e+01 2.734558e+01 9.750000e-01
      vertex 1.189466e+01 2.320791e+01 1.350000e+00
    endloop
  endfacet
  facet normal 2.588181e-01 -9.659261e-01 0.000000e+00
    outer loop
      vertex 1.411203e+01 1.493258e+01 2.100000e+00
      vertex 1.333929e+01 1.472553e+01 2.100000e+00
      vertex 1.333929e+01 1.472553e+01 6.000000e-01
    endloop
  endfacet
  facet normal 2.588181e-01 -9.659261e-01 0.000000e+00
    outer loop
      vertex 1.411203e+01 1.493258e+01 2.100000e+00
      vertex 1.333929e+01 1.472553e+01 6.000000e-01
      vertex 1.411203e+01 1.493258e+01 6.000000e-01
    endloop
  endfacet
  facet normal 2.588181e-01 -9.659261e-01 0.000000e+00
    outer loop
      vertex 1.411203e+01 1.493258e+01 3.600000e+00
      vertex 1.333929e+01 1.472553e+01 3.600000e+00
      vertex 1.333929e+01 1.472553e+01 2.100000e+00
    endloop
  endfacet
  facet normal 2.588181e-01 -9.659261e-01 0.000000e+00
    outer loop
      vertex 1.411203e+01 1.493258e+01 3.600000e+00
      vertex 1.333929e+01 1.472553e+01 2.100000e+00
      vertex 1.411203e+01 1.493258e+01 2.100000e+00
    endloop
  endfacet
  facet normal -9.659260e-01 -2.588184e-01 0.000000e+00
    outer loop
      vertex 9.458900e+00 2.920736e+01 2.850000e+00
      vertex 9.458900e+00 2.920736e+01 2.100000e+00
      vertex 1.001324e+01 2.713852e+01 2.100000e+00
    endloop
  endfacet
  facet normal -9.659260e-01 -2.588184e-01 0.000000e+00
    outer loop
      vertex 9.458900e+00 2.920736e+01 2.850000e+00
      vertex 1.001324e+01 2.713852e+01 2.100000e+00
      vertex 1.001324e+01 2.713852e+01 2.850000e+00
    endloop
  endfacet
  facet normal -9.659260e-01 -2.588184e-01 0.000000e+00
    outer loop
      vertex 9.458900e+00 2.920736e+01 2.100000e+00
      vertex 9.458900e+00 2.920736e+01 1.350000e+00
      vertex 1.001324e+01 2.713852e+01 1.350000e+00
    endloop
  endfacet
  facet normal -9.659260e-01 -2.588184e-01 -0.000000e+00
    outer loop
      vertex 9.458900e+00 2.920736e+01 2.100000e+00
      vertex 1.001324e+01 2.713852e+01 1.350000e+00
      vertex 1.001324e+01 2.713852e+01 2.100000e+00
    endloop
  endfacet
  facet normal -9.659258e-01 -2.588193e-01 0.000000e+00
    outer loop
      vertex 1.333929e+01 1.472553e+01 2.100000e+00
      vertex 1.299816e+01 1.599865e+01 6.000000e-01
      vertex 1.333929e+01 1.472553e+01 6.000000e-01
    endloop
  endfacet
  facet normal -9.659254e-01 -2.588206e-01 -1.140046e-06
    outer loop
      vertex 1.333929e+01 1.472553e+01 2.100000e+00
      vertex 1.265702e+01 1.727179e+01 6.000000e-01
      vertex 1.299816e+01 1.599865e+01 6.000000e-01
    endloop
  endfacet
  facet normal -9.659261e-01 -2.588179e-01 1.606178e-07
    outer loop
      vertex 1.186105e+01 2.024241e+01 3.600000e+00
      vertex 1.197476e+01 1.981804e+01 6.000000e-01
      vertex 1.231589e+01 1.854491e+01 6.000000e-01
    endloop
  endfacet
  facet normal -9.659258e-01 -2.588193e-01 3.291058e-07
    outer loop
      vertex 1.112192e+01 2.300086e+01 3.600000e+00
      vertex 1.129249e+01 2.236429e+01 6.000000e-01
      vertex 1.163362e+01 2.109117e+01 6.000000e-01
    endloop
  endfacet
  facet normal -9.659258e-01 -2.588193e-01 3.800177e-07
    outer loop
      vertex 1.186105e+01 2.024241e+01 3.600000e+00
      vertex 1.163362e+01 2.109117e+01 6.000000e-01
      vertex 1.197476e+01 1.981804e+01 6.000000e-01
    endloop
  endfacet
  facet normal -9.659258e-01 -2.588193e-01 1.140053e-06
    outer loop
      vertex 1.333929e+01 1.472553e+01 2.100000e+00
      vertex 1.231589e+01 1.854491e+01 6.000000e-01
      vertex 1.265702e+01 1.727179e+01 6.000000e-01
    endloop
  endfacet
  facet normal -9.659258e-01 -2.588194e-01 0.000000e+00
    outer loop
      vertex 1.260017e+01 1.748397e+01 3.600000e+00
      vertex 1.333929e+01 1.472553e+01 2.100000e+00
      vertex 1.333929e+01 1.472553e+01 3.600000e+00
    endloop
  endfacet
  facet normal -9.659259e-01 -2.588188e-01 -1.140056e-06
    outer loop
      vertex 1.333929e+01 1.472553e+01 2.100000e+00
      vertex 1.260017e+01 1.748397e+01 3.600000e+00
      vertex 1.186105e+01 2.024241e+01 3.600000e+00
    endloop
  endfacet
  facet normal -9.659258e-01 -2.588193e-01 1.056743e-06
    outer loop
      vertex 1.333929e+01 1.472553e+01 2.100000e+00
      vertex 1.186105e+01 2.024241e+01 3.600000e+00
      vertex 1.231589e+01 1.854491e+01 6.000000e-01
    endloop
  endfacet
  facet normal -9.659261e-01 -2.588179e-01 -3.861070e-06
    outer loop
      vertex 1.095136e+01 2.363742e+01 6.000000e-01
      vertex 1.129249e+01 2.236429e+01 6.000000e-01
      vertex 1.001324e+01 2.713852e+01 2.100000e+00
    endloop
  endfacet
  facet normal -9.659258e-01 -2.588194e-01 -1.140053e-06
    outer loop
      vertex 1.112192e+01 2.300086e+01 3.600000e+00
      vertex 1.038280e+01 2.575930e+01 3.600000e+00
      vertex 1.001324e+01 2.713852e+01 2.850000e+00
    endloop
  endfacet
  facet normal -9.659258e-01 -2.588193e-01 -4.818414e-07
    outer loop
      vertex 1.061022e+01 2.491055e+01 6.000000e-01
      vertex 1.095136e+01 2.363742e+01 6.000000e-01
      vertex 1.001324e+01 2.713852e+01 1.350000e+00
    endloop
  endfacet
  facet normal -9.659258e-01 -2.588194e-01 3.643525e-07
    outer loop
      vertex 1.163362e+01 2.109117e+01 6.000000e-01
      vertex 1.186105e+01 2.024241e+01 3.600000e+00
      vertex 1.112192e+01 2.300086e+01 3.600000e+00
    endloop
  endfacet
  facet normal -9.659258e-01 -2.588191e-01 2.757916e-07
    outer loop
      vertex 1.112192e+01 2.300086e+01 3.600000e+00
      vertex 1.001324e+01 2.713852e+01 2.100000e+00
      vertex 1.129249e+01 2.236429e+01 6.000000e-01
    endloop
  endfacet
  facet normal -9.659258e-01 -2.588193e-01 -3.114688e-06
    outer loop
      vertex 1.001324e+01 2.713852e+01 1.350000e+00
      vertex 9.927959e+00 2.745681e+01 6.000000e-01
      vertex 1.026909e+01 2.618368e+01 6.000000e-01
    endloop
  endfacet
  facet normal -9.659260e-01 -2.588184e-01 -2.672569e-06
    outer loop
      vertex 9.927959e+00 2.745681e+01 6.000000e-01
      vertex 1.001324e+01 2.713852e+01 1.350000e+00
      vertex 9.458900e+00 2.920736e+01 1.350000e+00
    endloop
  endfacet
  facet normal -9.659250e-01 -2.588220e-01 6.514395e-06
    outer loop
      vertex 9.927959e+00 2.745681e+01 6.000000e-01
      vertex 9.458900e+00 2.920736e+01 1.350000e+00
      vertex 9.586819e+00 2.872993e+01 6.000000e-01
    endloop
  endfacet
  facet normal -9.659258e-01 -2.588194e-01 0.000000e+00
    outer loop
      vertex 1.095136e+01 2.363742e+01 6.000000e-01
      vertex 1.001324e+01 2.713852e+01 2.100000e+00
      vertex 1.001324e+01 2.713852e+01 1.350000e+00
    endloop
  endfacet
  facet normal -9.659261e-01 -2.588179e-01 3.684716e-06
    outer loop
      vertex 9.458900e+00 2.920736e+01 1.350000e+00
      vertex 9.245689e+00 3.000306e+01 6.000000e-01
      vertex 9.586819e+00 2.872993e+01 6.000000e-01
    endloop
  endfacet
  facet normal -9.659258e-01 -2.588193e-01 -0.000000e+00
    outer loop
      vertex 8.904549e+00 3.127619e+01 6.000000e-01
      vertex 9.245689e+00 3.000306e+01 6.000000e-01
      vertex 8.904549e+00 3.127619e+01 1.600000e+00
    endloop
  endfacet
  facet normal -9.659255e-01 -2.588201e-01 1.112280e-06
    outer loop
      vertex 9.458900e+00 2.920736e+01 1.350000e+00
      vertex 8.904549e+00 3.127619e+01 1.600000e+00
      vertex 9.245689e+00 3.000306e+01 6.000000e-01
    endloop
  endfacet
  facet normal -9.659259e-01 -2.588188e-01 0.000000e+00
    outer loop
      vertex 1.038280e+01 2.575930e+01 3.600000e+00
      vertex 9.643681e+00 2.851774e+01 3.600000e+00
      vertex 1.001324e+01 2.713852e+01 2.850000e+00
    endloop
  endfacet
  facet normal -9.659260e-01 -2.588184e-01 -8.776121e-07
    outer loop
      vertex 1.001324e+01 2.713852e+01 2.850000e+00
      vertex 9.643681e+00 2.851774e+01 3.600000e+00
      vertex 9.458900e+00 2.920736e+01 2.850000e+00
    endloop
  endfacet
  facet normal -9.659258e-01 -2.588192e-01 -0.000000e+00
    outer loop
      vertex 1.001324e+01 2.713852e+01 2.100000e+00
      vertex 1.112192e+01 2.300086e+01 3.600000e+00
      vertex 1.001324e+01 2.713852e+01 2.850000e+00
    endloop
  endfacet
  facet normal -9.659256e-01 -2.588200e-01 -0.000000e+00
    outer loop
      vertex 9.458900e+00 2.920736e+01 2.100000e+00
      vertex 9.458900e+00 2.920736e+01 2.850000e+00
      vertex 8.904549e+00 3.127619e+01 2.600000e+00
    endloop
  endfacet
  facet normal -9.659258e-01 -2.588194e-01 -1.886450e-06
    outer loop
      vertex 9.643681e+00 2.851774e+01 3.600000e+00
      vertex 8.904549e+00 3.127619e+01 3.600000e+00
      vertex 9.458900e+00 2.920736e+01 2.850000e+00
    endloop
  endfacet
  facet normal -9.659256e-01 -2.588200e-01 -0.000000e+00
    outer loop
      vertex 8.904549e+00 3.127619e+01 2.600000e+00
      vertex 9.458900e+00 2.920736e+01 2.850000e+00
      vertex 8.904549e+00 3.127619e+01 3.600000e+00
    endloop
  endfacet
  facet normal -9.659256e-01 -2.588200e-01 -0.000000e+00
    outer loop
      vertex 8.904549e+00 3.127619e+01 1.600000e+00
      vertex 9.458900e+00 2.920736e+01 2.100000e+00
      vertex 8.904549e+00 3.127619e+01 2.600000e+00
    endloop
  endfacet
  facet normal -9.659256e-01 -2.588200e-01 0.000000e+00
    outer loop
      vertex 9.458900e+00 2.920736e+01 2.100000e+00
      vertex 8.904549e+00 3.127619e+01 1.600000e+00
      vertex 9.458900e+00 2.920736e+01 1.350000e+00
    endloop
  endfacet
  facet normal -9.659261e-01 -2.588179e-01 -5.089308e-06
    outer loop
      vertex 1.001324e+01 2.713852e+01 1.350000e+00
      vertex 1.026909e+01 2.618368e+01 6.000000e-01
      vertex 1.061022e+01 2.491055e+01 6.000000e-01
    endloop
  endfacet
  facet normal -2.588169e-01 9.659264e-01 0.000000e+00
    outer loop
      vertex 8.904549e+00 3.127619e+01 1.600000e+00
      vertex 9.677299e+00 3.148324e+01 1.600000e+00
      vertex 9.677299e+00 3.148324e+01 6.000000e-01
    endloop
  endfacet
  facet normal -2.588169e-01 9.659264e-01 0.000000e+00
    outer loop
      vertex 8.904549e+00 3.127619e+01 1.600000e+00
      vertex 9.677299e+00 3.148324e+01 6.000000e-01
      vertex 8.904549e+00 3.127619e+01 6.000000e-01
    endloop
  endfacet
  facet normal -2.588169e-01 9.659264e-01 0.000000e+00
    outer loop
      vertex 8.904549e+00 3.127619e+01 3.600000e+00
      vertex 9.677299e+00 3.148324e+01 3.600000e+00
      vertex 9.677299e+00 3.148324e+01 2.600000e+00
    endloop
  endfacet
  facet normal -2.588169e-01 9.659264e-01 0.000000e+00
    outer loop
      vertex 8.904549e+00 3.127619e+01 3.600000e+00
      vertex 9.677299e+00 3.148324e+01 2.600000e+00
      vertex 8.904549e+00 3.127619e+01 2.600000e+00
    endloop
  endfacet
  facet normal -2.588169e-01 9.659264e-01 0.000000e+00
    outer loop
      vertex 8.904549e+00 3.127619e+01 2.600000e+00
      vertex 9.677299e+00 3.148324e+01 2.600000e+00
      vertex 9.677299e+00 3.148324e+01 1.600000e+00
    endloop
  endfacet
  facet normal -2.588169e-01 9.659264e-01 0.000000e+00
    outer loop
      vertex 8.904549e+00 3.127619e+01 2.600000e+00
      vertex 9.677299e+00 3.148324e+01 1.600000e+00
      vertex 8.904549e+00 3.127619e+01 1.600000e+00
    endloop
  endfacet
  facet normal 0.000000e+00 0.000000e+00 1.000000e+00
    outer loop
      vertex 9.643681e+00 2.851774e+01 3.600000e+00
      vertex 1.041642e+01 2.872480e+01 3.600000e+00
      vertex 9.677299e+00 3.148324e+01 3.600000e+00
    endloop
  endfacet
  facet normal 0.000000e+00 0.000000e+00 1.000000e+00
    outer loop
      vertex 9.643681e+00 2.851774e+01 3.600000e+00
      vertex 9.677299e+00 3.148324e+01 3.600000e+00
      vertex 8.904549e+00 3.127619e+01 3.600000e+00
    endloop
  endfacet
  facet normal 0.000000e+00 0.000000e+00 1.000000e+00
    outer loop
      vertex 1.038280e+01 2.575930e+01 3.600000e+00
      vertex 1.115554e+01 2.596636e+01 3.600000e+00
      vertex 1.041642e+01 2.872480e+01 3.600000e+00
    endloop
  endfacet
  facet normal 0.000000e+00 0.000000e+00 1.000000e+00
    outer loop
      vertex 1.038280e+01 2.575930e+01 3.600000e+00
      vertex 1.041642e+01 2.872480e+01 3.600000e+00
      vertex 9.643681e+00 2.851774e+01 3.600000e+00
    endloop
  endfacet
  facet normal 0.000000e+00 0.000000e+00 1.000000e+00
    outer loop
      vertex 1.186105e+01 2.024241e+01 3.600000e+00
      vertex 1.263379e+01 2.044947e+01 3.600000e+00
      vertex 1.189466e+01 2.320791e+01 3.600000e+00
    endloop
  endfacet
  facet normal 0.000000e+00 0.000000e+00 1.000000e+00
    outer loop
      vertex 1.186105e+01 2.024241e+01 3.600000e+00
      vertex 1.189466e+01 2.320791e+01 3.600000e+00
      vertex 1.112192e+01 2.300086e+01 3.600000e+00
    endloop
  endfacet
  facet normal 0.000000e+00 0.000000e+00 1.000000e+00
    outer loop
      vertex 1.333929e+01 1.472553e+01 3.600000e+00
      vertex 1.411203e+01 1.493258e+01 3.600000e+00
      vertex 1.337291e+01 1.769103e+01 3.600000e+00
    endloop
  endfacet
  facet normal 0.000000e+00 0.000000e+00 1.000000e+00
    outer loop
      vertex 1.333929e+01 1.472553e+01 3.600000e+00
      vertex 1.337291e+01 1.769103e+01 3.600000e+00
      vertex 1.260017e+01 1.748397e+01 3.600000e+00
    endloop
  endfacet
  facet normal 0.000000e+00 0.000000e+00 1.000000e+00
    outer loop
      vertex 1.260017e+01 1.748397e+01 3.600000e+00
      vertex 1.337291e+01 1.769103e+01 3.600000e+00
      vertex 1.263379e+01 2.044947e+01 3.600000e+00
    endloop
  endfacet
  facet normal 0.000000e+00 0.000000e+00 1.000000e+00
    outer loop
      vertex 1.260017e+01 1.748397e+01 3.600000e+00
      vertex 1.263379e+01 2.044947e+01 3.600000e+00
      vertex 1.186105e+01 2.024241e+01 3.600000e+00
    endloop
  endfacet
  facet normal 0.000000e+00 0.000000e+00 1.000000e+00
    outer loop
      vertex 1.112192e+01 2.300086e+01 3.600000e+00
      vertex 1.189466e+01 2.320791e+01 3.600000e+00
      vertex 1.115554e+01 2.596636e+01 3.600000e+00
    endloop
  endfacet
  facet normal 0.000000e+00 0.000000e+00 1.000000e+00
    outer loop
      vertex 1.112192e+01 2.300086e+01 3.600000e+00
      vertex 1.115554e+01 2.596636e+01 3.600000e+00
      vertex 1.038280e+01 2.575930e+01 3.600000e+00
    endloop
  endfacet
  facet normal 9.659257e-01 2.588196e-01 0.000000e+00
    outer loop
      vertex 1.610374e+01 1.909055e+01 2.850000e+00
      vertex 1.610374e+01 1.909055e+01 2.100000e+00
      vertex 1.519766e+01 2.247206e+01 2.100000e+00
    endloop
  endfacet
  facet normal 9.659257e-01 2.588196e-01 0.000000e+00
    outer loop
      vertex 1.610374e+01 1.909055e+01 2.850000e+00
      vertex 1.519766e+01 2.247206e+01 2.100000e+00
      vertex 1.519766e+01 2.247206e+01 2.850000e+00
    endloop
  endfacet
  facet normal 9.659258e-01 2.588192e-01 0.000000e+00
    outer loop
      vertex 1.519766e+01 2.247206e+01 2.850000e+00
      vertex 1.519766e+01 2.247206e+01 2.100000e+00
      vertex 1.429159e+01 2.585356e+01 2.100000e+00
    endloop
  endfacet
  facet normal 9.659258e-01 2.588192e-01 0.000000e+00
    outer loop
      vertex 1.519766e+01 2.247206e+01 2.850000e+00
      vertex 1.429159e+01 2.585356e+01 2.100000e+00
      vertex 1.429159e+01 2.585356e+01 2.850000e+00
    endloop
  endfacet
  facet normal 9.659258e-01 2.588192e-01 0.000000e+00
    outer loop
      vertex 1.519766e+01 2.247206e+01 2.100000e+00
      vertex 1.519766e+01 2.247206e+01 1.350000e+00
      vertex 1.429159e+01 2.585356e+01 1.350000e+00
    endloop
  endfacet
  facet normal 9.659258e-01 2.588192e-01 0.000000e+00
    outer loop
      vertex 1.519766e+01 2.247206e+01 2.100000e+00
      vertex 1.429159e+01 2.585356e+01 1.350000e+00
      vertex 1.429159e+01 2.585356e+01 2.100000e+00
    endloop
  endfacet
  facet normal 9.659257e-01 2.588196e-01 0.000000e+00
    outer loop
      vertex 1.610374e+01 1.909055e+01 2.100000e+00
      vertex 1.610374e+01 1.909055e+01 1.350000e+00
      vertex 1.519766e+01 2.247206e+01 1.350000e+00
    endloop
  endfacet
  facet normal 9.659257e-01 2.588196e-01 0.000000e+00
    outer loop
      vertex 1.610374e+01 1.909055e+01 2.100000e+00
      vertex 1.519766e+01 2.247206e+01 1.350000e+00
      vertex 1.519766e+01 2.247206e+01 2.100000e+00
    endloop
  endfacet
  facet normal 9.659261e-01 2.588183e-01 0.000000e+00
    outer loop
      vertex 1.371500e+01 2.800543e+01 6.000000e-01
      vertex 1.338552e+01 2.923507e+01 6.000000e-01
      vertex 1.338552e+01 2.923507e+01 1.600000e+00
    endloop
  endfacet
  facet normal 9.659253e-01 2.588211e-01 6.887598e-06
    outer loop
      vertex 1.429159e+01 2.585356e+01 1.350000e+00
      vertex 1.404449e+01 2.677579e+01 6.000000e-01
      vertex 1.371500e+01 2.800543e+01 6.000000e-01
    endloop
  endfacet
  facet normal 9.659264e-01 2.588168e-01 3.861059e-06
    outer loop
      vertex 1.429159e+01 2.585356e+01 1.350000e+00
      vertex 1.470344e+01 2.431651e+01 6.000000e-01
      vertex 1.437396e+01 2.554615e+01 6.000000e-01
    endloop
  endfacet
  facet normal 9.659253e-01 2.588211e-01 3.596518e-06
    outer loop
      vertex 1.503293e+01 2.308687e+01 6.000000e-01
      vertex 1.470344e+01 2.431651e+01 6.000000e-01
      vertex 1.519766e+01 2.247206e+01 1.350000e+00
    endloop
  endfacet
  facet normal 9.659258e-01 2.588192e-01 -1.404030e-06
    outer loop
      vertex 1.429159e+01 2.585356e+01 1.350000e+00
      vertex 1.519766e+01 2.247206e+01 1.350000e+00
      vertex 1.470344e+01 2.431651e+01 6.000000e-01
    endloop
  endfacet
  facet normal 9.659261e-01 2.588183e-01 3.202865e-06
    outer loop
      vertex 1.404449e+01 2.677579e+01 6.000000e-01
      vertex 1.429159e+01 2.585356e+01 1.350000e+00
      vertex 1.437396e+01 2.554615e+01 6.000000e-01
    endloop
  endfacet
  facet normal 9.659259e-01 2.588187e-01 -5.130257e-07
    outer loop
      vertex 1.429159e+01 2.585356e+01 1.350000e+00
      vertex 1.371500e+01 2.800543e+01 6.000000e-01
      vertex 1.338552e+01 2.923507e+01 1.600000e+00
    endloop
  endfacet
  facet normal 9.659259e-01 2.588186e-01 0.000000e+00
    outer loop
      vertex 1.429159e+01 2.585356e+01 2.100000e+00
      vertex 1.338552e+01 2.923507e+01 1.600000e+00
      vertex 1.338552e+01 2.923507e+01 2.600000e+00
    endloop
  endfacet
  facet normal 9.659259e-01 2.588186e-01 0.000000e+00
    outer loop
      vertex 1.338552e+01 2.923507e+01 3.600000e+00
      vertex 1.429159e+01 2.585356e+01 3.600000e+00
      vertex 1.429159e+01 2.585356e+01 2.850000e+00
    endloop
  endfacet
  facet normal 9.659259e-01 2.588186e-01 0.000000e+00
    outer loop
      vertex 1.338552e+01 2.923507e+01 3.600000e+00
      vertex 1.429159e+01 2.585356e+01 2.850000e+00
      vertex 1.338552e+01 2.923507e+01 2.600000e+00
    endloop
  endfacet
  facet normal 9.659259e-01 2.588186e-01 0.000000e+00
    outer loop
      vertex 1.429159e+01 2.585356e+01 1.350000e+00
      vertex 1.338552e+01 2.923507e+01 1.600000e+00
      vertex 1.429159e+01 2.585356e+01 2.100000e+00
    endloop
  endfacet
  facet normal 9.659258e-01 2.588192e-01 0.000000e+00
    outer loop
      vertex 1.429159e+01 2.585356e+01 3.600000e+00
      vertex 1.519766e+01 2.247206e+01 3.600000e+00
      vertex 1.519766e+01 2.247206e+01 2.850000e+00
    endloop
  endfacet
  facet normal 9.659258e-01 2.588192e-01 0.000000e+00
    outer loop
      vertex 1.429159e+01 2.585356e+01 3.600000e+00
      vertex 1.519766e+01 2.247206e+01 2.850000e+00
      vertex 1.429159e+01 2.585356e+01 2.850000e+00
    endloop
  endfacet
  facet normal 9.659259e-01 2.588186e-01 0.000000e+00
    outer loop
      vertex 1.338552e+01 2.923507e+01 2.600000e+00
      vertex 1.429159e+01 2.585356e+01 2.850000e+00
      vertex 1.429159e+01 2.585356e+01 2.100000e+00
    endloop
  endfacet
  facet normal 9.659261e-01 2.588183e-01 1.140059e-06
    outer loop
      vertex 1.519766e+01 2.247206e+01 1.350000e+00
      vertex 1.536241e+01 2.185723e+01 6.000000e-01
      vertex 1.503293e+01 2.308687e+01 6.000000e-01
    endloop
  endfacet
  facet normal 9.659261e-01 2.588183e-01 -5.482982e-06
    outer loop
      vertex 1.610374e+01 1.909055e+01 1.350000e+00
      vertex 1.569188e+01 2.062760e+01 6.000000e-01
      vertex 1.536241e+01 2.185723e+01 6.000000e-01
    endloop
  endfacet
  facet normal 9.659257e-01 2.588196e-01 -6.413582e-08
    outer loop
      vertex 1.610374e+01 1.909055e+01 1.350000e+00
      vertex 1.536241e+01 2.185723e+01 6.000000e-01
      vertex 1.519766e+01 2.247206e+01 1.350000e+00
    endloop
  endfacet
  facet normal 9.659253e-01 2.588211e-01 6.582160e-07
    outer loop
      vertex 1.610374e+01 1.909055e+01 1.350000e+00
      vertex 1.602137e+01 1.939796e+01 6.000000e-01
      vertex 1.569188e+01 2.062760e+01 6.000000e-01
    endloop
  endfacet
  facet normal 9.659253e-01 2.588211e-01 -6.887598e-06
    outer loop
      vertex 1.610374e+01 1.909055e+01 1.350000e+00
      vertex 1.668033e+01 1.693868e+01 6.000000e-01
      vertex 1.635085e+01 1.816832e+01 6.000000e-01
    endloop
  endfacet
  facet normal 9.659259e-01 2.588186e-01 0.000000e+00
    outer loop
      vertex 1.700981e+01 1.570904e+01 2.100000e+00
      vertex 1.700981e+01 1.570904e+01 6.000000e-01
      vertex 1.610374e+01 1.909055e+01 1.350000e+00
    endloop
  endfacet
  facet normal 9.659261e-01 2.588183e-01 1.710089e-06
    outer loop
      vertex 1.668033e+01 1.693868e+01 6.000000e-01
      vertex 1.610374e+01 1.909055e+01 1.350000e+00
      vertex 1.700981e+01 1.570904e+01 6.000000e-01
    endloop
  endfacet
  facet normal 9.659264e-01 2.588168e-01 -1.228239e-06
    outer loop
      vertex 1.602137e+01 1.939796e+01 6.000000e-01
      vertex 1.610374e+01 1.909055e+01 1.350000e+00
      vertex 1.635085e+01 1.816832e+01 6.000000e-01
    endloop
  endfacet
  facet normal 9.659257e-01 2.588196e-01 0.000000e+00
    outer loop
      vertex 1.519766e+01 2.247206e+01 3.600000e+00
      vertex 1.610374e+01 1.909055e+01 3.600000e+00
      vertex 1.610374e+01 1.909055e+01 2.850000e+00
    endloop
  endfacet
  facet normal 9.659257e-01 2.588196e-01 0.000000e+00
    outer loop
      vertex 1.519766e+01 2.247206e+01 3.600000e+00
      vertex 1.610374e+01 1.909055e+01 2.850000e+00
      vertex 1.519766e+01 2.247206e+01 2.850000e+00
    endloop
  endfacet
  facet normal 9.659259e-01 2.588186e-01 0.000000e+00
    outer loop
      vertex 1.700981e+01 1.570904e+01 3.600000e+00
      vertex 1.700981e+01 1.570904e+01 2.100000e+00
      vertex 1.610374e+01 1.909055e+01 2.850000e+00
    endloop
  endfacet
  facet normal 9.659259e-01 2.588186e-01 0.000000e+00
    outer loop
      vertex 1.610374e+01 1.909055e+01 2.100000e+00
      vertex 1.610374e+01 1.909055e+01 2.850000e+00
      vertex 1.700981e+01 1.570904e+01 2.100000e+00
    endloop
  endfacet
  facet normal 9.659259e-01 2.588186e-01 0.000000e+00
    outer loop
      vertex 1.610374e+01 1.909055e+01 2.850000e+00
      vertex 1.610374e+01 1.909055e+01 3.600000e+00
      vertex 1.700981e+01 1.570904e+01 3.600000e+00
    endloop
  endfacet
  facet normal 9.659259e-01 2.588186e-01 0.000000e+00
    outer loop
      vertex 1.700981e+01 1.570904e+01 2.100000e+00
      vertex 1.610374e+01 1.909055e+01 1.350000e+00
      vertex 1.610374e+01 1.909055e+01 2.100000e+00
    endloop
  endfacet
  facet normal 2.588181e-01 -9.659261e-01 0.000000e+00
    outer loop
      vertex 1.700981e+01 1.570904e+01 2.100000e+00
      vertex 1.623707e+01 1.550199e+01 2.100000e+00
      vertex 1.623707e+01 1.550199e+01 6.000000e-01
    endloop
  endfacet
  facet normal 2.588181e-01 -9.659261e-01 0.000000e+00
    outer loop
      vertex 1.700981e+01 1.570904e+01 2.100000e+00
      vertex 1.623707e+01 1.550199e+01 6.000000e-01
      vertex 1.700981e+01 1.570904e+01 6.000000e-01
    endloop
  endfacet
  facet normal 2.588181e-01 -9.659261e-01 0.000000e+00
    outer loop
      vertex 1.700981e+01 1.570904e+01 3.600000e+00
      vertex 1.623707e+01 1.550199e+01 3.600000e+00
      vertex 1.623707e+01 1.550199e+01 2.100000e+00
    endloop
  endfacet
  facet normal 2.588181e-01 -9.659261e-01 0.000000e+00
    outer loop
      vertex 1.700981e+01 1.570904e+01 3.600000e+00
      vertex 1.623707e+01 1.550199e+01 2.100000e+00
      vertex 1.700981e+01 1.570904e+01 2.100000e+00
    endloop
  endfacet
  facet normal -9.659253e-01 -2.588211e-01 0.000000e+00
    outer loop
      vertex 1.623707e+01 1.550199e+01 2.100000e+00
      vertex 1.590759e+01 1.673162e+01 6.000000e-01
      vertex 1.623707e+01 1.550199e+01 6.000000e-01
    endloop
  endfacet
  facet normal -9.659261e-01 -2.588183e-01 2.456477e-06
    outer loop
      vertex 1.623707e+01 1.550199e+01 2.100000e+00
      vertex 1.524863e+01 1.919090e+01 6.000000e-01
      vertex 1.557811e+01 1.796126e+01 6.000000e-01
    endloop
  endfacet
  facet normal -9.659257e-01 -2.588196e-01 4.560207e-07
    outer loop
      vertex 1.478736e+01 2.091240e+01 3.600000e+00
      vertex 1.491915e+01 2.042054e+01 6.000000e-01
      vertex 1.524863e+01 1.919090e+01 6.000000e-01
    endloop
  endfacet
  facet normal -9.659261e-01 -2.588183e-01 2.456477e-06
    outer loop
      vertex 1.623707e+01 1.550199e+01 2.100000e+00
      vertex 1.557811e+01 1.796126e+01 6.000000e-01
      vertex 1.590759e+01 1.673162e+01 6.000000e-01
    endloop
  endfacet
  facet normal -9.659258e-01 -2.588194e-01 0.000000e+00
    outer loop
      vertex 1.551221e+01 1.820719e+01 3.600000e+00
      vertex 1.623707e+01 1.550199e+01 2.100000e+00
      vertex 1.623707e+01 1.550199e+01 3.600000e+00
    endloop
  endfacet
  facet normal -9.659259e-01 -2.588187e-01 -5.182076e-08
    outer loop
      vertex 1.551221e+01 1.820719e+01 3.600000e+00
      vertex 1.478736e+01 2.091240e+01 3.600000e+00
      vertex 1.524863e+01 1.919090e+01 6.000000e-01
    endloop
  endfacet
  facet normal -9.659258e-01 -2.588193e-01 -2.463748e-07
    outer loop
      vertex 1.524863e+01 1.919090e+01 6.000000e-01
      vertex 1.623707e+01 1.550199e+01 2.100000e+00
      vertex 1.551221e+01 1.820719e+01 3.600000e+00
    endloop
  endfacet
  facet normal -9.659253e-01 -2.588211e-01 -5.089339e-07
    outer loop
      vertex 1.426018e+01 2.287982e+01 6.000000e-01
      vertex 1.458967e+01 2.165018e+01 6.000000e-01
      vertex 1.478736e+01 2.091240e+01 3.600000e+00
    endloop
  endfacet
  facet normal -9.659261e-01 -2.588183e-01 2.280118e-07
    outer loop
      vertex 1.491915e+01 2.042054e+01 6.000000e-01
      vertex 1.478736e+01 2.091240e+01 3.600000e+00
      vertex 1.458967e+01 2.165018e+01 6.000000e-01
    endloop
  endfacet
  facet normal -9.659261e-01 -2.588183e-01 1.000227e-06
    outer loop
      vertex 1.406250e+01 2.361760e+01 3.600000e+00
      vertex 1.393070e+01 2.410946e+01 6.000000e-01
      vertex 1.426018e+01 2.287982e+01 6.000000e-01
    endloop
  endfacet
  facet normal -9.659257e-01 -2.588196e-01 -2.645590e-07
    outer loop
      vertex 1.261278e+01 2.902801e+01 1.600000e+00
      vertex 1.327174e+01 2.656874e+01 6.000000e-01
      vertex 1.360122e+01 2.533909e+01 6.000000e-01
    endloop
  endfacet
  facet normal -9.659261e-01 -2.588183e-01 -3.684715e-06
    outer loop
      vertex 1.261278e+01 2.902801e+01 1.600000e+00
      vertex 1.294226e+01 2.779837e+01 6.000000e-01
      vertex 1.327174e+01 2.656874e+01 6.000000e-01
    endloop
  endfacet
  facet normal -9.659261e-01 -2.588183e-01 1.000227e-06
    outer loop
      vertex 1.406250e+01 2.361760e+01 3.600000e+00
      vertex 1.360122e+01 2.533909e+01 6.000000e-01
      vertex 1.393070e+01 2.410946e+01 6.000000e-01
    endloop
  endfacet
  facet normal -9.659254e-01 -2.588207e-01 -4.904346e-07
    outer loop
      vertex 1.333764e+01 2.632280e+01 3.600000e+00
      vertex 1.360122e+01 2.533909e+01 6.000000e-01
      vertex 1.406250e+01 2.361760e+01 3.600000e+00
    endloop
  endfacet
  facet normal -9.659253e-01 -2.588211e-01 -0.000000e+00
    outer loop
      vertex 1.261278e+01 2.902801e+01 6.000000e-01
      vertex 1.294226e+01 2.779837e+01 6.000000e-01
      vertex 1.261278e+01 2.902801e+01 1.600000e+00
    endloop
  endfacet
  facet normal -9.659257e-01 -2.588196e-01 0.000000e+00
    outer loop
      vertex 1.360122e+01 2.533909e+01 6.000000e-01
      vertex 1.261278e+01 2.902801e+01 2.600000e+00
      vertex 1.261278e+01 2.902801e+01 1.600000e+00
    endloop
  endfacet
  facet normal -9.659258e-01 -2.588191e-01 -1.049237e-06
    outer loop
      vertex 1.360122e+01 2.533909e+01 6.000000e-01
      vertex 1.333764e+01 2.632280e+01 3.600000e+00
      vertex 1.261278e+01 2.902801e+01 2.600000e+00
    endloop
  endfacet
  facet normal -9.659259e-01 -2.588187e-01 0.000000e+00
    outer loop
      vertex 1.333764e+01 2.632280e+01 3.600000e+00
      vertex 1.261278e+01 2.902801e+01 3.600000e+00
      vertex 1.261278e+01 2.902801e+01 2.600000e+00
    endloop
  endfacet
  facet normal -9.659259e-01 -2.588187e-01 1.124597e-06
    outer loop
      vertex 1.478736e+01 2.091240e+01 3.600000e+00
      vertex 1.406250e+01 2.361760e+01 3.600000e+00
      vertex 1.426018e+01 2.287982e+01 6.000000e-01
    endloop
  endfacet
  facet normal -2.588169e-01 9.659264e-01 0.000000e+00
    outer loop
      vertex 1.261278e+01 2.902801e+01 1.600000e+00
      vertex 1.338552e+01 2.923507e+01 1.600000e+00
      vertex 1.338552e+01 2.923507e+01 6.000000e-01
    endloop
  endfacet
  facet normal -2.588169e-01 9.659264e-01 0.000000e+00
    outer loop
      vertex 1.261278e+01 2.902801e+01 1.600000e+00
      vertex 1.338552e+01 2.923507e+01 6.000000e-01
      vertex 1.261278e+01 2.902801e+01 6.000000e-01
    endloop
  endfacet
  facet normal -2.588169e-01 9.659264e-01 0.000000e+00
    outer loop
      vertex 1.261278e+01 2.902801e+01 3.600000e+00
      vertex 1.338552e+01 2.923507e+01 3.600000e+00
      vertex 1.338552e+01 2.923507e+01 2.600000e+00
    endloop
  endfacet
  facet normal -2.588169e-01 9.659264e-01 0.000000e+00
    outer loop
      vertex 1.261278e+01 2.902801e+01 3.600000e+00
      vertex 1.338552e+01 2.923507e+01 2.600000e+00
      vertex 1.261278e+01 2.902801e+01 2.600000e+00
    endloop
  endfacet
  facet normal -2.588169e-01 9.659264e-01 0.000000e+00
    outer loop
      vertex 1.261278e+01 2.902801e+01 2.600000e+00
      vertex 1.338552e+01 2.923507e+01 2.600000e+00
      vertex 1.338552e+01 2.923507e+01 1.600000e+00
    endloop
  endfacet
  facet normal -2.588169e-01 9.659264e-01 0.000000e+00
    outer loop
      vertex 1.261278e+01 2.902801e+01 2.600000e+00
      vertex 1.338552e+01 2.923507e+01 1.600000e+00
      vertex 1.261278e+01 2.902801e+01 1.600000e+00
    endloop
  endfacet
  facet normal 0.000000e+00 0.000000e+00 1.000000e+00
    outer loop
      vertex 1.333764e+01 2.632280e+01 3.600000e+00
      vertex 1.429159e+01 2.585356e+01 3.600000e+00
      vertex 1.338552e+01 2.923507e+01 3.600000e+00
    endloop
  endfacet
  facet normal 0.000000e+00 0.000000e+00 1.000000e+00
    outer loop
      vertex 1.333764e+01 2.632280e+01 3.600000e+00
      vertex 1.338552e+01 2.923507e+01 3.600000e+00
      vertex 1.261278e+01 2.902801e+01 3.600000e+00
    endloop
  endfacet
  facet normal 0.000000e+00 0.000000e+00 1.000000e+00
    outer loop
      vertex 1.519766e+01 2.247206e+01 3.600000e+00
      vertex 1.406250e+01 2.361760e+01 3.600000e+00
      vertex 1.478736e+01 2.091240e+01 3.600000e+00
    endloop
  endfacet
  facet normal 0.000000e+00 0.000000e+00 1.000000e+00
    outer loop
      vertex 1.610374e+01 1.909055e+01 3.600000e+00
      vertex 1.478736e+01 2.091240e+01 3.600000e+00
      vertex 1.551221e+01 1.820719e+01 3.600000e+00
    endloop
  endfacet
  facet normal 0.000000e+00 0.000000e+00 1.000000e+00
    outer loop
      vertex 1.406250e+01 2.361760e+01 3.600000e+00
      vertex 1.429159e+01 2.585356e+01 3.600000e+00
      vertex 1.333764e+01 2.632280e+01 3.600000e+00
    endloop
  endfacet
  facet normal 0.000000e+00 0.000000e+00 1.000000e+00
    outer loop
      vertex 1.429159e+01 2.585356e+01 3.600000e+00
      vertex 1.406250e+01 2.361760e+01 3.600000e+00
      vertex 1.519766e+01 2.247206e+01 3.600000e+00
    endloop
  endfacet
  facet normal 0.000000e+00 0.000000e+00 1.000000e+00
    outer loop
      vertex 1.519766e+01 2.247206e+01 3.600000e+00
      vertex 1.478736e+01 2.091240e+01 3.600000e+00
      vertex 1.610374e+01 1.909055e+01 3.600000e+00
    endloop
  endfacet
  facet normal 0.000000e+00 0.000000e+00 1.000000e+00
    outer loop
      vertex 1.623707e+01 1.550199e+01 3.600000e+00
      vertex 1.700981e+01 1.570904e+01 3.600000e+00
      vertex 1.610374e+01 1.909055e+01 3.600000e+00
    endloop
  endfacet
  facet normal 0.000000e+00 0.000000e+00 1.000000e+00
    outer loop
      vertex 1.623707e+01 1.550199e+01 3.600000e+00
      vertex 1.610374e+01 1.909055e+01 3.600000e+00
      vertex 1.551221e+01 1.820719e+01 3.600000e+00
    endloop
  endfacet
  facet normal -2.399360e-15 8.954471e-15 -1.000000e+00
    outer loop
      vertex 1.317040e+01 3.007522e+01 1.707399e-13
      vertex 1.079922e+01 2.943986e+01 1.707399e-13
      vertex 1.000463e+01 3.240532e+01 1.992005e-13
    endloop
  endfacet
  facet normal -2.399356e-15 8.954468e-15 -1.000000e+00
    outer loop
      vertex 2.109743e+01 1.471827e+01 1.420669e-14
      vertex 1.991184e+01 1.440059e+01 1.420669e-14
      vertex 1.951454e+01 1.588331e+01 2.843698e-14
    endloop
  endfacet
  facet normal -2.399356e-15 8.954468e-15 -1.000000e+00
    outer loop
      vertex 2.109743e+01 1.471827e+01 1.420669e-14
      vertex 1.951454e+01 1.588331e+01 2.843698e-14
      vertex 2.070014e+01 1.620099e+01 2.843698e-14
    endloop
  endfacet
  facet normal -2.399356e-15 8.954468e-15 -1.000000e+00
    outer loop
      vertex 1.872625e+01 1.408291e+01 1.420669e-14
      vertex 1.754066e+01 1.376523e+01 1.420669e-14
      vertex 1.714336e+01 1.524796e+01 2.843698e-14
    endloop
  endfacet
  facet normal -2.399356e-15 8.954468e-15 -1.000000e+00
    outer loop
      vertex 1.872625e+01 1.408291e+01 1.420669e-14
      vertex 1.714336e+01 1.524796e+01 2.843698e-14
      vertex 1.832895e+01 1.556564e+01 2.843698e-14
    endloop
  endfacet
  facet normal -2.399302e-15 8.954482e-15 -1.000000e+00
    outer loop
      vertex 1.991184e+01 1.440059e+01 1.420669e-14
      vertex 1.872625e+01 1.408291e+01 1.420669e-14
      vertex 1.832895e+01 1.556564e+01 2.843698e-14
    endloop
  endfacet
  facet normal -2.399302e-15 8.954482e-15 -1.000000e+00
    outer loop
      vertex 1.991184e+01 1.440059e+01 1.420669e-14
      vertex 1.832895e+01 1.556564e+01 2.843698e-14
      vertex 1.951454e+01 1.588331e+01 2.843698e-14
    endloop
  endfacet
  facet normal -2.399310e-15 8.954511e-15 -1.000000e+00
    outer loop
      vertex 1.951454e+01 1.588331e+01 2.843698e-14
      vertex 1.832895e+01 1.556564e+01 2.843698e-14
      vertex 1.634877e+01 1.821341e+01 5.689757e-14
    endloop
  endfacet
  facet normal -2.399358e-15 8.954476e-15 -1.000000e+00
    outer loop
      vertex 1.832895e+01 1.556564e+01 2.843698e-14
      vertex 1.714336e+01 1.524796e+01 2.843698e-14
      vertex 1.634877e+01 1.821341e+01 5.689757e-14
    endloop
  endfacet
  facet normal -2.399356e-15 8.954468e-15 -1.000000e+00
    outer loop
      vertex 1.635506e+01 1.344755e+01 1.420669e-14
      vertex 1.516947e+01 1.312987e+01 1.420669e-14
      vertex 1.477217e+01 1.461260e+01 2.843698e-14
    endloop
  endfacet
  facet normal -2.399356e-15 8.954468e-15 -1.000000e+00
    outer loop
      vertex 1.635506e+01 1.344755e+01 1.420669e-14
      vertex 1.477217e+01 1.461260e+01 2.843698e-14
      vertex 1.595777e+01 1.493028e+01 2.843698e-14
    endloop
  endfacet
  facet normal -2.399356e-15 8.954468e-15 -1.000000e+00
    outer loop
      vertex 1.754066e+01 1.376523e+01 1.420669e-14
      vertex 1.635506e+01 1.344755e+01 1.420669e-14
      vertex 1.595777e+01 1.493028e+01 2.843698e-14
    endloop
  endfacet
  facet normal -2.399356e-15 8.954468e-15 -1.000000e+00
    outer loop
      vertex 1.754066e+01 1.376523e+01 1.420669e-14
      vertex 1.595777e+01 1.493028e+01 2.843698e-14
      vertex 1.714336e+01 1.524796e+01 2.843698e-14
    endloop
  endfacet
  facet normal -2.399304e-15 8.954488e-15 -1.000000e+00
    outer loop
      vertex 1.516947e+01 1.312987e+01 1.420669e-14
      vertex 1.398388e+01 1.281220e+01 1.420669e-14
      vertex 1.358658e+01 1.429493e+01 2.843698e-14
    endloop
  endfacet
  facet normal -2.399309e-15 8.954481e-15 -1.000000e+00
    outer loop
      vertex 1.516947e+01 1.312987e+01 1.420669e-14
      vertex 1.358658e+01 1.429493e+01 2.843698e-14
      vertex 1.477217e+01 1.461260e+01 2.843698e-14
    endloop
  endfacet
  facet normal -2.399358e-15 8.954476e-15 -1.000000e+00
    outer loop
      vertex 1.595777e+01 1.493028e+01 2.843698e-14
      vertex 1.477217e+01 1.461260e+01 2.843698e-14
      vertex 1.397758e+01 1.757805e+01 5.689757e-14
    endloop
  endfacet
  facet normal -2.399358e-15 8.954476e-15 -1.000000e+00
    outer loop
      vertex 1.634877e+01 1.821341e+01 5.689757e-14
      vertex 1.714336e+01 1.524796e+01 2.843698e-14
      vertex 1.595777e+01 1.493028e+01 2.843698e-14
    endloop
  endfacet
  facet normal -2.399358e-15 8.954476e-15 -1.000000e+00
    outer loop
      vertex 1.397758e+01 1.757805e+01 5.689757e-14
      vertex 1.634877e+01 1.821341e+01 5.689757e-14
      vertex 1.595777e+01 1.493028e+01 2.843698e-14
    endloop
  endfacet
  facet normal -2.398892e-15 8.952733e-15 -1.000000e+00
    outer loop
      vertex 8.437511e+00 3.516377e+01 2.276402e-13
      vertex 7.474529e+00 3.236305e+01 2.048762e-13
      vertex 6.838848e+00 3.473541e+01 2.276402e-13
    endloop
  endfacet
  facet normal -2.392841e-15 8.954356e-15 -1.000000e+00
    outer loop
      vertex 8.110199e+00 2.999069e+01 1.821122e-13
      vertex 7.474529e+00 3.236305e+01 2.048762e-13
      vertex 1.000463e+01 3.240532e+01 1.992005e-13
    endloop
  endfacet
  facet normal -2.394610e-15 8.955744e-15 -1.000000e+00
    outer loop
      vertex 8.110199e+00 2.999069e+01 1.821122e-13
      vertex 1.000463e+01 3.240532e+01 1.992005e-13
      vertex 1.079922e+01 2.943986e+01 1.707399e-13
    endloop
  endfacet
  facet normal -2.394993e-15 8.953752e-15 -1.000000e+00
    outer loop
      vertex 1.079922e+01 2.943986e+01 1.707399e-13
      vertex 9.381538e+00 2.524596e+01 1.365841e-13
      vertex 8.745869e+00 2.761833e+01 1.593481e-13
    endloop
  endfacet
  facet normal -2.398879e-15 8.952738e-15 -1.000000e+00
    outer loop
      vertex 9.381538e+00 2.524596e+01 1.365841e-13
      vertex 1.605301e+01 2.703357e+01 1.365841e-13
      vertex 1.001722e+01 2.287360e+01 1.138201e-13
    endloop
  endfacet
  facet normal -2.395013e-15 8.953774e-15 -1.000000e+00
    outer loop
      vertex 8.745869e+00 2.761833e+01 1.593481e-13
      vertex 8.110199e+00 2.999069e+01 1.821122e-13
      vertex 1.079922e+01 2.943986e+01 1.707399e-13
    endloop
  endfacet
  facet normal -2.397563e-15 8.947914e-15 -1.000000e+00
    outer loop
      vertex 1.000463e+01 3.240532e+01 1.992005e-13
      vertex 8.437511e+00 3.516377e+01 2.276402e-13
      vertex 1.003615e+01 3.559212e+01 2.276402e-13
    endloop
  endfacet
  facet normal -2.403772e-15 8.951430e-15 -1.000000e+00
    outer loop
      vertex 1.397758e+01 1.757805e+01 5.689757e-14
      vertex 1.128856e+01 1.812888e+01 6.829205e-14
      vertex 1.065289e+01 2.050124e+01 9.105608e-14
    endloop
  endfacet
  facet normal -2.399763e-15 8.955989e-15 -1.000000e+00
    outer loop
      vertex 1.065289e+01 2.050124e+01 9.105608e-14
      vertex 1.634877e+01 1.821341e+01 5.689757e-14
      vertex 1.397758e+01 1.757805e+01 5.689757e-14
    endloop
  endfacet
  facet normal -2.398884e-15 8.952734e-15 -1.000000e+00
    outer loop
      vertex 1.715756e+01 2.478685e+01 1.138201e-13
      vertex 1.065289e+01 2.050124e+01 9.105608e-14
      vertex 1.001722e+01 2.287360e+01 1.138201e-13
    endloop
  endfacet
  facet normal -2.399564e-15 8.955296e-15 -1.000000e+00
    outer loop
      vertex 9.381538e+00 2.524596e+01 1.365841e-13
      vertex 1.079922e+01 2.943986e+01 1.707399e-13
      vertex 1.605301e+01 2.703357e+01 1.365841e-13
    endloop
  endfacet
  facet normal -2.392779e-15 8.950632e-15 -1.000000e+00
    outer loop
      vertex 1.000463e+01 3.240532e+01 1.992005e-13
      vertex 7.474529e+00 3.236305e+01 2.048762e-13
      vertex 8.437511e+00 3.516377e+01 2.276402e-13
    endloop
  endfacet
  facet normal -2.413109e-15 8.948923e-15 -1.000000e+00
    outer loop
      vertex 1.255991e+01 1.338415e+01 2.276402e-14
      vertex 1.192423e+01 1.575651e+01 4.552803e-14
      vertex 1.358658e+01 1.429493e+01 2.843698e-14
    endloop
  endfacet
  facet normal -2.407372e-15 8.955448e-15 -1.000000e+00
    outer loop
      vertex 1.397758e+01 1.757805e+01 5.689757e-14
      vertex 1.358658e+01 1.429493e+01 2.843698e-14
      vertex 1.192423e+01 1.575651e+01 4.552803e-14
    endloop
  endfacet
  facet normal -2.414448e-15 8.950430e-15 -1.000000e+00
    outer loop
      vertex 1.398388e+01 1.281220e+01 1.420669e-14
      vertex 1.255991e+01 1.338415e+01 2.276402e-14
      vertex 1.358658e+01 1.429493e+01 2.843698e-14
    endloop
  endfacet
  facet normal -2.395391e-15 8.939627e-15 -1.000000e+00
    outer loop
      vertex 1.405783e+01 1.124283e+01 0.000000e+00
      vertex 1.319558e+01 1.101179e+01 0.000000e+00
      vertex 1.398388e+01 1.281220e+01 1.420669e-14
    endloop
  endfacet
  facet normal -2.415288e-15 8.948339e-15 -1.000000e+00
    outer loop
      vertex 1.255991e+01 1.338415e+01 2.276402e-14
      vertex 1.398388e+01 1.281220e+01 1.420669e-14
      vertex 1.319558e+01 1.101179e+01 0.000000e+00
    endloop
  endfacet
  facet normal -2.395303e-15 8.939631e-15 -1.000000e+00
    outer loop
      vertex 1.492008e+01 1.147387e+01 0.000000e+00
      vertex 1.405783e+01 1.124283e+01 0.000000e+00
      vertex 1.398388e+01 1.281220e+01 1.420669e-14
    endloop
  endfacet
  facet normal -2.395330e-15 8.939657e-15 -1.000000e+00
    outer loop
      vertex 1.398388e+01 1.281220e+01 1.420669e-14
      vertex 1.516947e+01 1.312987e+01 1.420669e-14
      vertex 1.578233e+01 1.170491e+01 0.000000e+00
    endloop
  endfacet
  facet normal -2.395378e-15 8.939578e-15 -1.000000e+00
    outer loop
      vertex 1.398388e+01 1.281220e+01 1.420669e-14
      vertex 1.578233e+01 1.170491e+01 0.000000e+00
      vertex 1.492008e+01 1.147387e+01 0.000000e+00
    endloop
  endfacet
  facet normal -2.395384e-15 8.939641e-15 -1.000000e+00
    outer loop
      vertex 1.750683e+01 1.216699e+01 0.000000e+00
      vertex 1.664458e+01 1.193595e+01 0.000000e+00
      vertex 1.635506e+01 1.344755e+01 1.420669e-14
    endloop
  endfacet
  facet normal -2.395383e-15 8.939642e-15 -1.000000e+00
    outer loop
      vertex 1.750683e+01 1.216699e+01 0.000000e+00
      vertex 1.635506e+01 1.344755e+01 1.420669e-14
      vertex 1.754066e+01 1.376523e+01 1.420669e-14
    endloop
  endfacet
  facet normal -2.395392e-15 8.939631e-15 -1.000000e+00
    outer loop
      vertex 1.664458e+01 1.193595e+01 0.000000e+00
      vertex 1.578233e+01 1.170491e+01 0.000000e+00
      vertex 1.516947e+01 1.312987e+01 1.420669e-14
    endloop
  endfacet
  facet normal -2.395383e-15 8.939642e-15 -1.000000e+00
    outer loop
      vertex 1.664458e+01 1.193595e+01 0.000000e+00
      vertex 1.516947e+01 1.312987e+01 1.420669e-14
      vertex 1.635506e+01 1.344755e+01 1.420669e-14
    endloop
  endfacet
  facet normal -2.399311e-15 8.954488e-15 -1.000000e+00
    outer loop
      vertex 1.397758e+01 1.757805e+01 5.689757e-14
      vertex 1.477217e+01 1.461260e+01 2.843698e-14
      vertex 1.358658e+01 1.429493e+01 2.843698e-14
    endloop
  endfacet
  facet normal -2.403779e-15 8.951398e-15 -1.000000e+00
    outer loop
      vertex 1.397758e+01 1.757805e+01 5.689757e-14
      vertex 1.192423e+01 1.575651e+01 4.552803e-14
      vertex 1.128856e+01 1.812888e+01 6.829205e-14
    endloop
  endfacet
  facet normal -2.402096e-15 8.947959e-15 -1.000000e+00
    outer loop
      vertex 1.003615e+01 3.559212e+01 2.276402e-13
      vertex 1.273936e+01 3.377375e+01 2.048762e-13
      vertex 1.000463e+01 3.240532e+01 1.992005e-13
    endloop
  endfacet
  facet normal -2.402928e-15 8.949623e-15 -1.000000e+00
    outer loop
      vertex 1.317040e+01 3.007522e+01 1.707399e-13
      vertex 1.000463e+01 3.240532e+01 1.992005e-13
      vertex 1.273936e+01 3.377375e+01 2.048762e-13
    endloop
  endfacet
  facet normal -2.405909e-15 8.949275e-15 -1.000000e+00
    outer loop
      vertex 1.384390e+01 3.152703e+01 1.821122e-13
      vertex 1.317040e+01 3.007522e+01 1.707399e-13
      vertex 1.273936e+01 3.377375e+01 2.048762e-13
    endloop
  endfacet
  facet normal -2.398889e-15 8.952753e-15 -1.000000e+00
    outer loop
      vertex 1.001722e+01 2.287360e+01 1.138201e-13
      vertex 1.605301e+01 2.703357e+01 1.365841e-13
      vertex 1.715756e+01 2.478685e+01 1.138201e-13
    endloop
  endfacet
  facet normal -2.405905e-15 8.949273e-15 -1.000000e+00
    outer loop
      vertex 1.384390e+01 3.152703e+01 1.821122e-13
      vertex 1.494846e+01 2.928030e+01 1.593481e-13
      vertex 1.317040e+01 3.007522e+01 1.707399e-13
    endloop
  endfacet
  facet normal -2.405904e-15 8.949275e-15 -1.000000e+00
    outer loop
      vertex 1.494846e+01 2.928030e+01 1.593481e-13
      vertex 1.605301e+01 2.703357e+01 1.365841e-13
      vertex 1.317040e+01 3.007522e+01 1.707399e-13
    endloop
  endfacet
  facet normal -2.399575e-15 8.955273e-15 -1.000000e+00
    outer loop
      vertex 1.605301e+01 2.703357e+01 1.365841e-13
      vertex 1.079922e+01 2.943986e+01 1.707399e-13
      vertex 1.317040e+01 3.007522e+01 1.707399e-13
    endloop
  endfacet
  facet normal -2.395792e-15 8.954252e-15 -1.000000e+00
    outer loop
      vertex 1.826211e+01 2.254013e+01 9.105608e-14
      vertex 1.936666e+01 2.029340e+01 6.829205e-14
      vertex 1.634877e+01 1.821341e+01 5.689757e-14
    endloop
  endfacet
  facet normal -2.395781e-15 8.954248e-15 -1.000000e+00
    outer loop
      vertex 1.715756e+01 2.478685e+01 1.138201e-13
      vertex 1.826211e+01 2.254013e+01 9.105608e-14
      vertex 1.634877e+01 1.821341e+01 5.689757e-14
    endloop
  endfacet
  facet normal -2.395570e-15 8.959592e-15 -1.000000e+00
    outer loop
      vertex 1.951454e+01 1.588331e+01 2.843698e-14
      vertex 1.634877e+01 1.821341e+01 5.689757e-14
      vertex 2.047122e+01 1.804667e+01 4.552803e-14
    endloop
  endfacet
  facet normal -2.395787e-15 8.954244e-15 -1.000000e+00
    outer loop
      vertex 2.047122e+01 1.804667e+01 4.552803e-14
      vertex 1.634877e+01 1.821341e+01 5.689757e-14
      vertex 1.936666e+01 2.029340e+01 6.829205e-14
    endloop
  endfacet
  facet normal -2.401422e-15 8.962179e-15 -1.000000e+00
    outer loop
      vertex 2.070014e+01 1.620099e+01 2.843698e-14
      vertex 1.951454e+01 1.588331e+01 2.843698e-14
      vertex 2.047122e+01 1.804667e+01 4.552803e-14
    endloop
  endfacet
  facet normal -2.400243e-15 8.954797e-15 -1.000000e+00
    outer loop
      vertex 1.715756e+01 2.478685e+01 1.138201e-13
      vertex 1.634877e+01 1.821341e+01 5.689757e-14
      vertex 1.065289e+01 2.050124e+01 9.105608e-14
    endloop
  endfacet
  facet normal -2.395316e-15 8.939641e-15 -1.000000e+00
    outer loop
      vertex 1.754066e+01 1.376523e+01 1.420669e-14
      vertex 1.836907e+01 1.239802e+01 0.000000e+00
      vertex 1.750683e+01 1.216699e+01 0.000000e+00
    endloop
  endfacet
  facet normal -2.395375e-15 8.939612e-15 -1.000000e+00
    outer loop
      vertex 1.754066e+01 1.376523e+01 1.420669e-14
      vertex 1.872625e+01 1.408291e+01 1.420669e-14
      vertex 1.923132e+01 1.262906e+01 0.000000e+00
    endloop
  endfacet
  facet normal -2.395384e-15 8.939599e-15 -1.000000e+00
    outer loop
      vertex 1.754066e+01 1.376523e+01 1.420669e-14
      vertex 1.923132e+01 1.262906e+01 0.000000e+00
      vertex 1.836907e+01 1.239802e+01 0.000000e+00
    endloop
  endfacet
  facet normal -2.395377e-15 8.939612e-15 -1.000000e+00
    outer loop
      vertex 2.009357e+01 1.286010e+01 0.000000e+00
      vertex 1.923132e+01 1.262906e+01 0.000000e+00
      vertex 1.872625e+01 1.408291e+01 1.420669e-14
    endloop
  endfacet
  facet normal -2.395331e-15 8.939663e-15 -1.000000e+00
    outer loop
      vertex 2.009357e+01 1.286010e+01 0.000000e+00
      vertex 1.872625e+01 1.408291e+01 1.420669e-14
      vertex 1.991184e+01 1.440059e+01 1.420669e-14
    endloop
  endfacet
  facet normal -2.372310e-15 8.965790e-15 -1.000000e+00
    outer loop
      vertex 2.047122e+01 1.804667e+01 4.552803e-14
      vertex 2.157577e+01 1.579995e+01 2.276402e-14
      vertex 2.070014e+01 1.620099e+01 2.843698e-14
    endloop
  endfacet
  facet normal -2.374438e-15 8.961145e-15 -1.000000e+00
    outer loop
      vertex 2.157577e+01 1.579995e+01 2.276402e-14
      vertex 2.109743e+01 1.471827e+01 1.420669e-14
      vertex 2.070014e+01 1.620099e+01 2.843698e-14
    endloop
  endfacet
  facet normal -2.395309e-15 8.939655e-15 -1.000000e+00
    outer loop
      vertex 2.181807e+01 1.332218e+01 0.000000e+00
      vertex 2.095582e+01 1.309114e+01 0.000000e+00
      vertex 2.109743e+01 1.471827e+01 1.420669e-14
    endloop
  endfacet
  facet normal -2.395389e-15 8.939663e-15 -1.000000e+00
    outer loop
      vertex 1.991184e+01 1.440059e+01 1.420669e-14
      vertex 2.109743e+01 1.471827e+01 1.420669e-14
      vertex 2.095582e+01 1.309114e+01 0.000000e+00
    endloop
  endfacet
  facet normal -2.395399e-15 8.939654e-15 -1.000000e+00
    outer loop
      vertex 1.991184e+01 1.440059e+01 1.420669e-14
      vertex 2.095582e+01 1.309114e+01 0.000000e+00
      vertex 2.009357e+01 1.286010e+01 0.000000e+00
    endloop
  endfacet
  facet normal -2.395388e-15 8.939615e-15 -1.000000e+00
    outer loop
      vertex 2.109743e+01 1.471827e+01 1.420669e-14
      vertex 2.268032e+01 1.355322e+01 0.000000e+00
      vertex 2.181807e+01 1.332218e+01 0.000000e+00
    endloop
  endfacet
  facet normal -2.378288e-15 8.962848e-15 -1.000000e+00
    outer loop
      vertex 2.268032e+01 1.355322e+01 0.000000e+00
      vertex 2.109743e+01 1.471827e+01 1.420669e-14
      vertex 2.157577e+01 1.579995e+01 2.276402e-14
    endloop
  endfacet
  facet normal -2.398894e-15 8.952719e-15 -1.000000e+00
    outer loop
      vertex 1.273936e+01 3.377375e+01 2.048762e-13
      vertex 1.003615e+01 3.559212e+01 2.276402e-13
      vertex 1.163480e+01 3.602048e+01 2.276402e-13
    endloop
  endfacet
  facet normal -2.588210e-01 9.659253e-01 -6.141187e-06
    outer loop
      vertex 1.163480e+01 3.602048e+01 2.276402e-13
      vertex 1.003615e+01 3.559212e+01 2.276402e-13
      vertex 1.043582e+01 3.569921e+01 6.000000e-01
    endloop
  endfacet
  facet normal -2.588182e-01 9.659261e-01 0.000000e+00
    outer loop
      vertex 1.163480e+01 3.602048e+01 2.276402e-13
      vertex 1.043582e+01 3.569921e+01 6.000000e-01
      vertex 1.163480e+01 3.602048e+01 6.000000e-01
    endloop
  endfacet
  facet normal -2.588182e-01 9.659261e-01 -8.188254e-06
    outer loop
      vertex 1.043582e+01 3.569921e+01 6.000000e-01
      vertex 1.003615e+01 3.559212e+01 2.276402e-13
      vertex 9.236832e+00 3.537795e+01 6.000000e-01
    endloop
  endfacet
  facet normal -2.588204e-01 9.659255e-01 0.000000e+00
    outer loop
      vertex 8.437511e+00 3.516377e+01 2.276402e-13
      vertex 6.838848e+00 3.473541e+01 2.276402e-13
      vertex 6.838848e+00 3.473541e+01 6.000000e-01
    endloop
  endfacet
  facet normal -2.588174e-01 9.659262e-01 8.736763e-06
    outer loop
      vertex 8.437511e+00 3.516377e+01 2.276402e-13
      vertex 6.838848e+00 3.473541e+01 6.000000e-01
      vertex 8.037842e+00 3.505667e+01 6.000000e-01
    endloop
  endfacet
  facet normal -2.588239e-01 9.659245e-01 4.094122e-06
    outer loop
      vertex 8.437511e+00 3.516377e+01 2.276402e-13
      vertex 8.037842e+00 3.505667e+01 6.000000e-01
      vertex 9.236832e+00 3.537795e+01 6.000000e-01
    endloop
  endfacet
  facet normal -2.588167e-01 9.659265e-01 -6.141195e-06
    outer loop
      vertex 1.003615e+01 3.559212e+01 2.276402e-13
      vertex 8.437511e+00 3.516377e+01 2.276402e-13
      vertex 9.236832e+00 3.537795e+01 6.000000e-01
    endloop
  endfacet
  facet normal -9.659260e-01 -2.588185e-01 0.000000e+00
    outer loop
      vertex 1.296855e+01 1.185907e+01 3.000000e-01
      vertex 1.274153e+01 1.270633e+01 3.000000e-01
      vertex 1.274153e+01 1.270633e+01 1.500000e-01
    endloop
  endfacet
  facet normal -9.659260e-01 -2.588185e-01 0.000000e+00
    outer loop
      vertex 1.296855e+01 1.185907e+01 3.000000e-01
      vertex 1.274153e+01 1.270633e+01 1.500000e-01
      vertex 1.296855e+01 1.185907e+01 1.500000e-01
    endloop
  endfacet
  facet normal -9.659257e-01 -2.588196e-01 1.253123e-06
    outer loop
      vertex 6.838848e+00 3.473541e+01 2.276402e-13
      vertex 7.474529e+00 3.236305e+01 2.048762e-13
      vertex 7.181221e+00 3.345768e+01 6.000000e-01
    endloop
  endfacet
  facet normal -9.659255e-01 -2.588202e-01 -0.000000e+00
    outer loop
      vertex 6.838848e+00 3.473541e+01 2.276402e-13
      vertex 7.181221e+00 3.345768e+01 6.000000e-01
      vertex 6.838848e+00 3.473541e+01 6.000000e-01
    endloop
  endfacet
  facet normal -9.659252e-01 -2.588216e-01 5.146122e-06
    outer loop
      vertex 7.523590e+00 3.217995e+01 6.000000e-01
      vertex 7.181221e+00 3.345768e+01 6.000000e-01
      vertex 7.474529e+00 3.236305e+01 2.048762e-13
    endloop
  endfacet
  facet normal -9.659257e-01 -2.588196e-01 9.092398e-07
    outer loop
      vertex 7.474529e+00 3.236305e+01 2.048762e-13
      vertex 8.110199e+00 2.999069e+01 1.821122e-13
      vertex 7.865959e+00 3.090222e+01 6.000000e-01
    endloop
  endfacet
  facet normal -9.659262e-01 -2.588175e-01 6.497767e-06
    outer loop
      vertex 7.474529e+00 3.236305e+01 2.048762e-13
      vertex 7.865959e+00 3.090222e+01 6.000000e-01
      vertex 7.523590e+00 3.217995e+01 6.000000e-01
    endloop
  endfacet
  facet normal -9.659262e-01 -2.588174e-01 9.034508e-07
    outer loop
      vertex 8.745869e+00 2.761833e+01 1.593481e-13
      vertex 9.381538e+00 2.524596e+01 1.365841e-13
      vertex 9.235432e+00 2.579129e+01 6.000000e-01
    endloop
  endfacet
  facet normal -9.659262e-01 -2.588175e-01 6.288420e-07
    outer loop
      vertex 8.745869e+00 2.761833e+01 1.593481e-13
      vertex 9.235432e+00 2.579129e+01 6.000000e-01
      vertex 8.893059e+00 2.706902e+01 6.000000e-01
    endloop
  endfacet
  facet normal -9.659257e-01 -2.588196e-01 -2.725705e-06
    outer loop
      vertex 8.110199e+00 2.999069e+01 1.821122e-13
      vertex 8.745869e+00 2.761833e+01 1.593481e-13
      vertex 8.550690e+00 2.834675e+01 6.000000e-01
    endloop
  endfacet
  facet normal -9.659262e-01 -2.588175e-01 3.563305e-06
    outer loop
      vertex 8.110199e+00 2.999069e+01 1.821122e-13
      vertex 8.550690e+00 2.834675e+01 6.000000e-01
      vertex 8.208328e+00 2.962449e+01 6.000000e-01
    endloop
  endfacet
  facet normal -9.659257e-01 -2.588196e-01 -5.633423e-07
    outer loop
      vertex 9.381538e+00 2.524596e+01 1.365841e-13
      vertex 1.001722e+01 2.287360e+01 1.138201e-13
      vertex 9.920158e+00 2.323582e+01 6.000000e-01
    endloop
  endfacet
  facet normal -9.659262e-01 -2.588175e-01 7.126609e-06
    outer loop
      vertex 9.381538e+00 2.524596e+01 1.365841e-13
      vertex 9.920158e+00 2.323582e+01 6.000000e-01
      vertex 9.577801e+00 2.451355e+01 6.000000e-01
    endloop
  endfacet
  facet normal -9.659255e-01 -2.588202e-01 1.803212e-06
    outer loop
      vertex 8.208328e+00 2.962449e+01 6.000000e-01
      vertex 7.865959e+00 3.090222e+01 6.000000e-01
      vertex 8.110199e+00 2.999069e+01 1.821122e-13
    endloop
  endfacet
  facet normal -9.659255e-01 -2.588202e-01 -2.080982e-07
    outer loop
      vertex 1.001722e+01 2.287360e+01 1.138201e-13
      vertex 1.026253e+01 2.195809e+01 6.000000e-01
      vertex 9.920158e+00 2.323582e+01 6.000000e-01
    endloop
  endfacet
  facet normal -9.659255e-01 -2.588202e-01 3.606424e-06
    outer loop
      vertex 9.577801e+00 2.451355e+01 6.000000e-01
      vertex 9.235432e+00 2.579129e+01 6.000000e-01
      vertex 9.381538e+00 2.524596e+01 1.365841e-13
    endloop
  endfacet
  facet normal -9.659255e-01 -2.588202e-01 -2.011310e-06
    outer loop
      vertex 8.893059e+00 2.706902e+01 6.000000e-01
      vertex 8.550690e+00 2.834675e+01 6.000000e-01
      vertex 8.745869e+00 2.761833e+01 1.593481e-13
    endloop
  endfacet
  facet normal -9.659257e-01 -2.588196e-01 -9.072253e-07
    outer loop
      vertex 1.001722e+01 2.287360e+01 1.138201e-13
      vertex 1.065289e+01 2.050124e+01 9.105608e-14
      vertex 1.060489e+01 2.068036e+01 6.000000e-01
    endloop
  endfacet
  facet normal -9.659259e-01 -2.588189e-01 1.834063e-06
    outer loop
      vertex 1.001722e+01 2.287360e+01 1.138201e-13
      vertex 1.060489e+01 2.068036e+01 6.000000e-01
      vertex 1.026253e+01 2.195809e+01 6.000000e-01
    endloop
  endfacet
  facet normal -9.659257e-01 -2.588196e-01 -4.542170e-06
    outer loop
      vertex 1.065289e+01 2.050124e+01 9.105608e-14
      vertex 1.128856e+01 1.812888e+01 6.829205e-14
      vertex 1.128963e+01 1.812490e+01 6.000000e-01
    endloop
  endfacet
  facet normal -9.659262e-01 -2.588175e-01 4.548720e-06
    outer loop
      vertex 1.065289e+01 2.050124e+01 9.105608e-14
      vertex 1.128963e+01 1.812490e+01 6.000000e-01
      vertex 1.094726e+01 1.940263e+01 6.000000e-01
    endloop
  endfacet
  facet normal -9.659257e-01 -2.588196e-01 8.143223e-07
    outer loop
      vertex 1.274153e+01 1.270633e+01 3.000000e-01
      vertex 1.192423e+01 1.575651e+01 4.552803e-14
      vertex 1.255991e+01 1.338415e+01 2.276402e-14
    endloop
  endfacet
  facet normal -9.659262e-01 -2.588174e-01 1.806901e-06
    outer loop
      vertex 1.128856e+01 1.812888e+01 6.829205e-14
      vertex 1.192423e+01 1.575651e+01 4.552803e-14
      vertex 1.163200e+01 1.684716e+01 6.000000e-01
    endloop
  endfacet
  facet normal -9.659255e-01 -2.588202e-01 -4.546075e-06
    outer loop
      vertex 1.128856e+01 1.812888e+01 6.829205e-14
      vertex 1.163200e+01 1.684716e+01 6.000000e-01
      vertex 1.128963e+01 1.812490e+01 6.000000e-01
    endloop
  endfacet
  facet normal -9.659260e-01 -2.588185e-01 6.840346e-06
    outer loop
      vertex 1.274153e+01 1.270633e+01 1.500000e-01
      vertex 1.255991e+01 1.338415e+01 2.276402e-14
      vertex 1.296855e+01 1.185907e+01 1.500000e-01
    endloop
  endfacet
  facet normal -9.659257e-01 -2.588196e-01 -4.885934e-06
    outer loop
      vertex 1.319558e+01 1.101179e+01 0.000000e+00
      vertex 1.296855e+01 1.185907e+01 1.500000e-01
      vertex 1.255991e+01 1.338415e+01 2.276402e-14
    endloop
  endfacet
  facet normal -9.659255e-01 -2.588204e-01 0.000000e+00
    outer loop
      vertex 1.319558e+01 1.101179e+01 0.000000e+00
      vertex 1.319558e+01 1.101179e+01 2.250000e-01
      vertex 1.296855e+01 1.185907e+01 1.500000e-01
    endloop
  endfacet
  facet normal -9.659255e-01 -2.588204e-01 0.000000e+00
    outer loop
      vertex 1.319558e+01 1.101179e+01 2.250000e-01
      vertex 1.296855e+01 1.185907e+01 3.000000e-01
      vertex 1.296855e+01 1.185907e+01 1.500000e-01
    endloop
  endfacet
  facet normal -9.659256e-01 -2.588200e-01 0.000000e+00
    outer loop
      vertex 1.255991e+01 1.338415e+01 2.276402e-14
      vertex 1.274153e+01 1.270633e+01 1.500000e-01
      vertex 1.274153e+01 1.270633e+01 3.000000e-01
    endloop
  endfacet
  facet normal -9.659258e-01 -2.588194e-01 3.043537e-06
    outer loop
      vertex 1.192423e+01 1.575651e+01 4.552803e-14
      vertex 1.274153e+01 1.270633e+01 3.000000e-01
      vertex 1.231673e+01 1.429170e+01 6.000000e-01
    endloop
  endfacet
  facet normal -9.659255e-01 -2.588202e-01 -7.315523e-07
    outer loop
      vertex 1.094726e+01 1.940263e+01 6.000000e-01
      vertex 1.060489e+01 2.068036e+01 6.000000e-01
      vertex 1.065289e+01 2.050124e+01 9.105608e-14
    endloop
  endfacet
  facet normal -9.659255e-01 -2.588202e-01 1.071660e-06
    outer loop
      vertex 1.197436e+01 1.556943e+01 6.000000e-01
      vertex 1.192423e+01 1.575651e+01 4.552803e-14
      vertex 1.231673e+01 1.429170e+01 6.000000e-01
    endloop
  endfacet
  facet normal -9.659262e-01 -2.588175e-01 1.970829e-06
    outer loop
      vertex 1.192423e+01 1.575651e+01 4.552803e-14
      vertex 1.197436e+01 1.556943e+01 6.000000e-01
      vertex 1.163200e+01 1.684716e+01 6.000000e-01
    endloop
  endfacet
  facet normal -9.659262e-01 -2.588175e-01 -7.927686e-06
    outer loop
      vertex 1.265910e+01 1.301397e+01 6.000000e-01
      vertex 1.231673e+01 1.429170e+01 6.000000e-01
      vertex 1.274153e+01 1.270633e+01 3.000000e-01
    endloop
  endfacet
  facet normal -9.659255e-01 -2.588202e-01 -4.970522e-06
    outer loop
      vertex 1.300147e+01 1.173623e+01 6.000000e-01
      vertex 1.265910e+01 1.301397e+01 6.000000e-01
      vertex 1.274153e+01 1.270633e+01 3.000000e-01
    endloop
  endfacet
  facet normal -9.659260e-01 -2.588185e-01 6.618263e-07
    outer loop
      vertex 1.300147e+01 1.173623e+01 6.000000e-01
      vertex 1.274153e+01 1.270633e+01 3.000000e-01
      vertex 1.296855e+01 1.185907e+01 3.000000e-01
    endloop
  endfacet
  facet normal -9.659255e-01 -2.588204e-01 -1.588142e-07
    outer loop
      vertex 1.300147e+01 1.173623e+01 6.000000e-01
      vertex 1.296855e+01 1.185907e+01 3.000000e-01
      vertex 1.319558e+01 1.101179e+01 2.250000e-01
    endloop
  endfacet
  facet normal 2.588216e-01 -9.659252e-01 0.000000e+00
    outer loop
      vertex 1.405783e+01 1.124283e+01 0.000000e+00
      vertex 1.405783e+01 1.124283e+01 2.250000e-01
      vertex 1.319558e+01 1.101179e+01 2.250000e-01
    endloop
  endfacet
  facet normal 2.588216e-01 -9.659252e-01 0.000000e+00
    outer loop
      vertex 1.405783e+01 1.124283e+01 0.000000e+00
      vertex 1.319558e+01 1.101179e+01 2.250000e-01
      vertex 1.319558e+01 1.101179e+01 0.000000e+00
    endloop
  endfacet
  facet normal 2.588125e-01 -9.659276e-01 0.000000e+00
    outer loop
      vertex 1.405783e+01 1.124283e+01 0.000000e+00
      vertex 1.492008e+01 1.147387e+01 0.000000e+00
      vertex 1.492008e+01 1.147387e+01 2.250000e-01
    endloop
  endfacet
  facet normal 2.588125e-01 -9.659276e-01 0.000000e+00
    outer loop
      vertex 1.405783e+01 1.124283e+01 0.000000e+00
      vertex 1.492008e+01 1.147387e+01 2.250000e-01
      vertex 1.405783e+01 1.124283e+01 2.250000e-01
    endloop
  endfacet
  facet normal 2.588216e-01 -9.659252e-01 0.000000e+00
    outer loop
      vertex 1.578233e+01 1.170491e+01 0.000000e+00
      vertex 1.664458e+01 1.193595e+01 0.000000e+00
      vertex 1.664458e+01 1.193595e+01 2.250000e-01
    endloop
  endfacet
  facet normal 2.588216e-01 -9.659252e-01 0.000000e+00
    outer loop
      vertex 1.578233e+01 1.170491e+01 0.000000e+00
      vertex 1.664458e+01 1.193595e+01 2.250000e-01
      vertex 1.578233e+01 1.170491e+01 2.250000e-01
    endloop
  endfacet
  facet normal 2.588205e-01 -9.659254e-01 0.000000e+00
    outer loop
      vertex 1.664458e+01 1.193595e+01 0.000000e+00
      vertex 1.750683e+01 1.216699e+01 0.000000e+00
      vertex 1.750683e+01 1.216699e+01 2.250000e-01
    endloop
  endfacet
  facet normal 2.588205e-01 -9.659254e-01 0.000000e+00
    outer loop
      vertex 1.664458e+01 1.193595e+01 0.000000e+00
      vertex 1.750683e+01 1.216699e+01 2.250000e-01
      vertex 1.664458e+01 1.193595e+01 2.250000e-01
    endloop
  endfacet
  facet normal 2.588216e-01 -9.659252e-01 0.000000e+00
    outer loop
      vertex 1.492008e+01 1.147387e+01 0.000000e+00
      vertex 1.578233e+01 1.170491e+01 0.000000e+00
      vertex 1.578233e+01 1.170491e+01 2.250000e-01
    endloop
  endfacet
  facet normal 2.588216e-01 -9.659252e-01 0.000000e+00
    outer loop
      vertex 1.492008e+01 1.147387e+01 0.000000e+00
      vertex 1.578233e+01 1.170491e+01 2.250000e-01
      vertex 1.492008e+01 1.147387e+01 2.250000e-01
    endloop
  endfacet
  facet normal 2.588136e-01 -9.659273e-01 0.000000e+00
    outer loop
      vertex 1.750683e+01 1.216699e+01 0.000000e+00
      vertex 1.836907e+01 1.239802e+01 0.000000e+00
      vertex 1.836907e+01 1.239802e+01 2.250000e-01
    endloop
  endfacet
  facet normal 2.588136e-01 -9.659273e-01 0.000000e+00
    outer loop
      vertex 1.750683e+01 1.216699e+01 0.000000e+00
      vertex 1.836907e+01 1.239802e+01 2.250000e-01
      vertex 1.750683e+01 1.216699e+01 2.250000e-01
    endloop
  endfacet
  facet normal 2.588216e-01 -9.659252e-01 0.000000e+00
    outer loop
      vertex 1.836907e+01 1.239802e+01 0.000000e+00
      vertex 1.923132e+01 1.262906e+01 0.000000e+00
      vertex 1.923132e+01 1.262906e+01 2.250000e-01
    endloop
  endfacet
  facet normal 2.588216e-01 -9.659252e-01 0.000000e+00
    outer loop
      vertex 1.836907e+01 1.239802e+01 0.000000e+00
      vertex 1.923132e+01 1.262906e+01 2.250000e-01
      vertex 1.836907e+01 1.239802e+01 2.250000e-01
    endloop
  endfacet
  facet normal 2.588205e-01 -9.659254e-01 0.000000e+00
    outer loop
      vertex 1.923132e+01 1.262906e+01 0.000000e+00
      vertex 2.009357e+01 1.286010e+01 0.000000e+00
      vertex 2.009357e+01 1.286010e+01 2.250000e-01
    endloop
  endfacet
  facet normal 2.588205e-01 -9.659254e-01 0.000000e+00
    outer loop
      vertex 1.923132e+01 1.262906e+01 0.000000e+00
      vertex 2.009357e+01 1.286010e+01 2.250000e-01
      vertex 1.923132e+01 1.262906e+01 2.250000e-01
    endloop
  endfacet
  facet normal 2.588125e-01 -9.659276e-01 0.000000e+00
    outer loop
      vertex 2.095582e+01 1.309114e+01 0.000000e+00
      vertex 2.181807e+01 1.332218e+01 0.000000e+00
      vertex 2.181807e+01 1.332218e+01 2.250000e-01
    endloop
  endfacet
  facet normal 2.588125e-01 -9.659276e-01 0.000000e+00
    outer loop
      vertex 2.095582e+01 1.309114e+01 0.000000e+00
      vertex 2.181807e+01 1.332218e+01 2.250000e-01
      vertex 2.095582e+01 1.309114e+01 2.250000e-01
    endloop
  endfacet
  facet normal 2.588216e-01 -9.659252e-01 0.000000e+00
    outer loop
      vertex 2.181807e+01 1.332218e+01 0.000000e+00
      vertex 2.268032e+01 1.355322e+01 0.000000e+00
      vertex 2.268032e+01 1.355322e+01 2.250000e-01
    endloop
  endfacet
  facet normal 2.588216e-01 -9.659252e-01 0.000000e+00
    outer loop
      vertex 2.181807e+01 1.332218e+01 0.000000e+00
      vertex 2.268032e+01 1.355322e+01 2.250000e-01
      vertex 2.181807e+01 1.332218e+01 2.250000e-01
    endloop
  endfacet
  facet normal 2.588216e-01 -9.659252e-01 0.000000e+00
    outer loop
      vertex 2.009357e+01 1.286010e+01 0.000000e+00
      vertex 2.095582e+01 1.309114e+01 0.000000e+00
      vertex 2.095582e+01 1.309114e+01 2.250000e-01
    endloop
  endfacet
  facet normal 2.588216e-01 -9.659252e-01 0.000000e+00
    outer loop
      vertex 2.009357e+01 1.286010e+01 0.000000e+00
      vertex 2.095582e+01 1.309114e+01 2.250000e-01
      vertex 2.009357e+01 1.286010e+01 2.250000e-01
    endloop
  endfacet
  facet normal 8.974122e-01 4.411931e-01 0.000000e+00
    outer loop
      vertex 2.189135e+01 1.515802e+01 3.000000e-01
      vertex 2.228584e+01 1.435562e+01 3.000000e-01
      vertex 2.228584e+01 1.435562e+01 1.500000e-01
    endloop
  endfacet
  facet normal 8.974122e-01 4.411931e-01 0.000000e+00
    outer loop
      vertex 2.189135e+01 1.515802e+01 3.000000e-01
      vertex 2.228584e+01 1.435562e+01 1.500000e-01
      vertex 2.189135e+01 1.515802e+01 1.500000e-01
    endloop
  endfacet
  facet normal 8.974122e-01 4.411931e-01 0.000000e+00
    outer loop
      vertex 2.268032e+01 1.355322e+01 2.250000e-01
      vertex 2.268032e+01 1.355322e+01 0.000000e+00
      vertex 2.228584e+01 1.435562e+01 1.500000e-01
    endloop
  endfacet
  facet normal 8.974122e-01 4.411931e-01 4.717328e-06
    outer loop
      vertex 2.157577e+01 1.579995e+01 2.276402e-14
      vertex 2.189135e+01 1.515802e+01 1.500000e-01
      vertex 2.228584e+01 1.435562e+01 1.500000e-01
    endloop
  endfacet
  facet normal 8.974122e-01 4.411931e-01 0.000000e+00
    outer loop
      vertex 2.268032e+01 1.355322e+01 2.250000e-01
      vertex 2.228584e+01 1.435562e+01 1.500000e-01
      vertex 2.228584e+01 1.435562e+01 3.000000e-01
    endloop
  endfacet
  facet normal 8.974124e-01 4.411928e-01 1.439094e-06
    outer loop
      vertex 2.157577e+01 1.579995e+01 2.276402e-14
      vertex 2.228584e+01 1.435562e+01 1.500000e-01
      vertex 2.268032e+01 1.355322e+01 0.000000e+00
    endloop
  endfacet
  facet normal 8.974127e-01 4.411922e-01 0.000000e+00
    outer loop
      vertex 2.189135e+01 1.515802e+01 3.000000e-01
      vertex 2.189135e+01 1.515802e+01 1.500000e-01
      vertex 2.157577e+01 1.579995e+01 2.276402e-14
    endloop
  endfacet
  facet normal 8.974124e-01 4.411928e-01 4.059091e-06
    outer loop
      vertex 2.047122e+01 1.804667e+01 4.552803e-14
      vertex 1.936666e+01 2.029340e+01 6.829205e-14
      vertex 1.936852e+01 2.028962e+01 6.000000e-01
    endloop
  endfacet
  facet normal 8.974115e-01 4.411945e-01 -4.161063e-06
    outer loop
      vertex 2.047122e+01 1.804667e+01 4.552803e-14
      vertex 1.936852e+01 2.028962e+01 6.000000e-01
      vertex 1.996342e+01 1.907956e+01 6.000000e-01
    endloop
  endfacet
  facet normal 8.974130e-01 4.411916e-01 -1.630171e-06
    outer loop
      vertex 2.047122e+01 1.804667e+01 4.552803e-14
      vertex 2.189135e+01 1.515802e+01 3.000000e-01
      vertex 2.157577e+01 1.579995e+01 2.276402e-14
    endloop
  endfacet
  facet normal 8.974130e-01 4.411916e-01 5.947164e-06
    outer loop
      vertex 1.936666e+01 2.029340e+01 6.829205e-14
      vertex 1.826211e+01 2.254013e+01 9.105608e-14
      vertex 1.877361e+01 2.149969e+01 6.000000e-01
    endloop
  endfacet
  facet normal 8.974126e-01 4.411923e-01 4.055424e-06
    outer loop
      vertex 1.936666e+01 2.029340e+01 6.829205e-14
      vertex 1.877361e+01 2.149969e+01 6.000000e-01
      vertex 1.936852e+01 2.028962e+01 6.000000e-01
    endloop
  endfacet
  facet normal 8.974122e-01 4.411931e-01 -6.880261e-06
    outer loop
      vertex 2.228584e+01 1.435562e+01 3.000000e-01
      vertex 2.189135e+01 1.515802e+01 3.000000e-01
      vertex 2.174812e+01 1.544937e+01 6.000000e-01
    endloop
  endfacet
  facet normal 8.974126e-01 4.411923e-01 -3.514312e-06
    outer loop
      vertex 2.228584e+01 1.435562e+01 3.000000e-01
      vertex 2.174812e+01 1.544937e+01 6.000000e-01
      vertex 2.234302e+01 1.423930e+01 6.000000e-01
    endloop
  endfacet
  facet normal 8.974126e-01 4.411923e-01 -5.937661e-06
    outer loop
      vertex 2.174812e+01 1.544937e+01 6.000000e-01
      vertex 2.189135e+01 1.515802e+01 3.000000e-01
      vertex 2.115322e+01 1.665943e+01 6.000000e-01
    endloop
  endfacet
  facet normal 8.974121e-01 4.411932e-01 -3.072691e-06
    outer loop
      vertex 2.268032e+01 1.355322e+01 2.250000e-01
      vertex 2.228584e+01 1.435562e+01 3.000000e-01
      vertex 2.234302e+01 1.423930e+01 6.000000e-01
    endloop
  endfacet
  facet normal 8.974130e-01 4.411916e-01 -1.521934e-06
    outer loop
      vertex 2.047122e+01 1.804667e+01 4.552803e-14
      vertex 2.115322e+01 1.665943e+01 6.000000e-01
      vertex 2.189135e+01 1.515802e+01 3.000000e-01
    endloop
  endfacet
  facet normal 8.974126e-01 4.411923e-01 6.275918e-07
    outer loop
      vertex 1.996342e+01 1.907956e+01 6.000000e-01
      vertex 2.055832e+01 1.786950e+01 6.000000e-01
      vertex 2.047122e+01 1.804667e+01 4.552803e-14
    endloop
  endfacet
  facet normal 8.974126e-01 4.411923e-01 6.275918e-07
    outer loop
      vertex 2.115322e+01 1.665943e+01 6.000000e-01
      vertex 2.047122e+01 1.804667e+01 4.552803e-14
      vertex 2.055832e+01 1.786950e+01 6.000000e-01
    endloop
  endfacet
  facet normal 8.974137e-01 4.411900e-01 2.673042e-06
    outer loop
      vertex 1.877361e+01 2.149969e+01 6.000000e-01
      vertex 1.826211e+01 2.254013e+01 9.105608e-14
      vertex 1.817872e+01 2.270976e+01 6.000000e-01
    endloop
  endfacet
  facet normal 8.974126e-01 4.411923e-01 1.873206e-06
    outer loop
      vertex 1.817872e+01 2.270976e+01 6.000000e-01
      vertex 1.826211e+01 2.254013e+01 9.105608e-14
      vertex 1.758381e+01 2.391983e+01 6.000000e-01
    endloop
  endfacet
  facet normal 8.974124e-01 4.411928e-01 5.331211e-07
    outer loop
      vertex 1.715756e+01 2.478685e+01 1.138201e-13
      vertex 1.758381e+01 2.391983e+01 6.000000e-01
      vertex 1.826211e+01 2.254013e+01 9.105608e-14
    endloop
  endfacet
  facet normal 8.974115e-01 4.411945e-01 3.710674e-06
    outer loop
      vertex 1.715756e+01 2.478685e+01 1.138201e-13
      vertex 1.698891e+01 2.512989e+01 6.000000e-01
      vertex 1.758381e+01 2.391983e+01 6.000000e-01
    endloop
  endfacet
  facet normal 8.974126e-01 4.411923e-01 5.301039e-06
    outer loop
      vertex 1.639401e+01 2.633995e+01 6.000000e-01
      vertex 1.698891e+01 2.512989e+01 6.000000e-01
      vertex 1.715756e+01 2.478685e+01 1.138201e-13
    endloop
  endfacet
  facet normal 8.974118e-01 4.411940e-01 -8.556000e-08
    outer loop
      vertex 1.605301e+01 2.703357e+01 1.365841e-13
      vertex 1.639401e+01 2.633995e+01 6.000000e-01
      vertex 1.715756e+01 2.478685e+01 1.138201e-13
    endloop
  endfacet
  facet normal 8.974124e-01 4.411928e-01 -9.087626e-07
    outer loop
      vertex 1.494846e+01 2.928030e+01 1.593481e-13
      vertex 1.384390e+01 3.152703e+01 1.821122e-13
      vertex 1.401441e+01 3.118022e+01 6.000000e-01
    endloop
  endfacet
  facet normal 8.974126e-01 4.411923e-01 9.366032e-07
    outer loop
      vertex 1.494846e+01 2.928030e+01 1.593481e-13
      vertex 1.401441e+01 3.118022e+01 6.000000e-01
      vertex 1.460931e+01 2.997015e+01 6.000000e-01
    endloop
  endfacet
  facet normal 8.974130e-01 4.411916e-01 -3.699766e-06
    outer loop
      vertex 1.384390e+01 3.152703e+01 1.821122e-13
      vertex 1.273936e+01 3.377375e+01 2.048762e-13
      vertex 1.282461e+01 3.360035e+01 6.000000e-01
    endloop
  endfacet
  facet normal 8.974137e-01 4.411900e-01 2.824742e-06
    outer loop
      vertex 1.384390e+01 3.152703e+01 1.821122e-13
      vertex 1.282461e+01 3.360035e+01 6.000000e-01
      vertex 1.341950e+01 3.239029e+01 6.000000e-01
    endloop
  endfacet
  facet normal 8.974130e-01 4.411916e-01 -5.489257e-06
    outer loop
      vertex 1.605301e+01 2.703357e+01 1.365841e-13
      vertex 1.494846e+01 2.928030e+01 1.593481e-13
      vertex 1.520421e+01 2.876009e+01 6.000000e-01
    endloop
  endfacet
  facet normal 8.974137e-01 4.411900e-01 -5.611856e-08
    outer loop
      vertex 1.605301e+01 2.703357e+01 1.365841e-13
      vertex 1.520421e+01 2.876009e+01 6.000000e-01
      vertex 1.579911e+01 2.755002e+01 6.000000e-01
    endloop
  endfacet
  facet normal 8.974124e-01 4.411928e-01 0.000000e+00
    outer loop
      vertex 1.273936e+01 3.377375e+01 2.048762e-13
      vertex 1.163480e+01 3.602048e+01 2.276402e-13
      vertex 1.163480e+01 3.602048e+01 6.000000e-01
    endloop
  endfacet
  facet normal 8.974126e-01 4.411923e-01 2.182218e-06
    outer loop
      vertex 1.273936e+01 3.377375e+01 2.048762e-13
      vertex 1.163480e+01 3.602048e+01 6.000000e-01
      vertex 1.222970e+01 3.481041e+01 6.000000e-01
    endloop
  endfacet
  facet normal 8.974126e-01 4.411923e-01 -2.491229e-06
    outer loop
      vertex 1.605301e+01 2.703357e+01 1.365841e-13
      vertex 1.579911e+01 2.755002e+01 6.000000e-01
      vertex 1.639401e+01 2.633995e+01 6.000000e-01
    endloop
  endfacet
  facet normal 8.974115e-01 4.411945e-01 -2.261658e-06
    outer loop
      vertex 1.494846e+01 2.928030e+01 1.593481e-13
      vertex 1.460931e+01 2.997015e+01 6.000000e-01
      vertex 1.520421e+01 2.876009e+01 6.000000e-01
    endloop
  endfacet
  facet normal 8.974126e-01 4.411923e-01 -1.245615e-06
    outer loop
      vertex 1.384390e+01 3.152703e+01 1.821122e-13
      vertex 1.341950e+01 3.239029e+01 6.000000e-01
      vertex 1.401441e+01 3.118022e+01 6.000000e-01
    endloop
  endfacet
  facet normal 8.974115e-01 4.411945e-01 -2.623912e-06
    outer loop
      vertex 1.273936e+01 3.377375e+01 2.048762e-13
      vertex 1.222970e+01 3.481041e+01 6.000000e-01
      vertex 1.282461e+01 3.360035e+01 6.000000e-01
    endloop
  endfacet
  facet normal 1.056570e-01 -3.883988e-01 9.154141e-01
    outer loop
      vertex 4.319882e+01 1.132857e+01 3.989355e-01
      vertex 4.517769e+01 1.139300e+01 1.978710e-01
      vertex 4.599094e+01 1.161423e+01 1.978710e-01
    endloop
  endfacet
  facet normal 1.056580e-01 -3.884026e-01 9.154124e-01
    outer loop
      vertex 4.319882e+01 1.132857e+01 3.989355e-01
      vertex 4.355121e+01 1.095055e+01 1.978710e-01
      vertex 4.436445e+01 1.117178e+01 1.978710e-01
    endloop
  endfacet
  facet normal 1.056550e-01 -3.884051e-01 9.154117e-01
    outer loop
      vertex 4.319882e+01 1.132857e+01 3.989355e-01
      vertex 4.273796e+01 1.072933e+01 1.978710e-01
      vertex 4.355121e+01 1.095055e+01 1.978710e-01
    endloop
  endfacet
  facet normal 1.056569e-01 -3.884082e-01 9.154101e-01
    outer loop
      vertex 4.319882e+01 1.132857e+01 3.989355e-01
      vertex 4.436445e+01 1.117178e+01 1.978710e-01
      vertex 4.517769e+01 1.139300e+01 1.978710e-01
    endloop
  endfacet
  facet normal 1.056532e-01 -3.883984e-01 9.154147e-01
    outer loop
      vertex 4.319882e+01 1.132857e+01 3.989355e-01
      vertex 4.111147e+01 1.028688e+01 1.978710e-01
      vertex 4.192472e+01 1.050810e+01 1.978710e-01
    endloop
  endfacet
  facet normal 1.056568e-01 -3.884079e-01 9.154103e-01
    outer loop
      vertex 3.785464e+01 9.874811e+00 3.989355e-01
      vertex 3.948498e+01 9.844431e+00 1.978710e-01
      vertex 4.029822e+01 1.006565e+01 1.978710e-01
    endloop
  endfacet
  facet normal 1.056573e-01 -3.884001e-01 9.154135e-01
    outer loop
      vertex 3.785464e+01 9.874811e+00 3.989355e-01
      vertex 3.867174e+01 9.623201e+00 1.978710e-01
      vertex 3.948498e+01 9.844431e+00 1.978710e-01
    endloop
  endfacet
  facet normal 1.056605e-01 -3.884117e-01 9.154082e-01
    outer loop
      vertex 4.319882e+01 1.132857e+01 3.989355e-01
      vertex 4.029822e+01 1.006565e+01 1.978710e-01
      vertex 4.111147e+01 1.028688e+01 1.978710e-01
    endloop
  endfacet
  facet normal 1.056607e-01 -3.884087e-01 9.154095e-01
    outer loop
      vertex 4.319882e+01 1.132857e+01 3.989355e-01
      vertex 4.192472e+01 1.050810e+01 1.978710e-01
      vertex 4.273796e+01 1.072933e+01 1.978710e-01
    endloop
  endfacet
  facet normal 1.056560e-01 -3.884008e-01 9.154134e-01
    outer loop
      vertex 4.357192e+01 1.190395e+01 6.000000e-01
      vertex 4.319882e+01 1.132857e+01 3.989355e-01
      vertex 4.494526e+01 1.227754e+01 6.000000e-01
    endloop
  endfacet
  facet normal 1.056573e-01 -3.884029e-01 9.154123e-01
    outer loop
      vertex 4.599094e+01 1.161423e+01 1.978710e-01
      vertex 4.494526e+01 1.227754e+01 6.000000e-01
      vertex 4.319882e+01 1.132857e+01 3.989355e-01
    endloop
  endfacet
  facet normal 1.056560e-01 -3.884008e-01 9.154134e-01
    outer loop
      vertex 4.319882e+01 1.132857e+01 3.989355e-01
      vertex 4.357192e+01 1.190395e+01 6.000000e-01
      vertex 4.219858e+01 1.153036e+01 6.000000e-01
    endloop
  endfacet
  facet normal 1.056571e-01 -3.883969e-01 9.154149e-01
    outer loop
      vertex 4.319882e+01 1.132857e+01 3.989355e-01
      vertex 4.219858e+01 1.153036e+01 6.000000e-01
      vertex 4.082523e+01 1.115676e+01 6.000000e-01
    endloop
  endfacet
  facet normal 1.056574e-01 -3.884060e-01 9.154110e-01
    outer loop
      vertex 4.319882e+01 1.132857e+01 3.989355e-01
      vertex 4.082523e+01 1.115676e+01 6.000000e-01
      vertex 3.945189e+01 1.078318e+01 6.000000e-01
    endloop
  endfacet
  facet normal 1.056575e-01 -3.884068e-01 9.154106e-01
    outer loop
      vertex 4.319882e+01 1.132857e+01 3.989355e-01
      vertex 3.945189e+01 1.078318e+01 6.000000e-01
      vertex 3.785464e+01 9.874811e+00 3.989355e-01
    endloop
  endfacet
  facet normal 1.056584e-01 -3.884040e-01 9.154117e-01
    outer loop
      vertex 3.704525e+01 9.180741e+00 1.978710e-01
      vertex 3.785850e+01 9.401971e+00 1.978710e-01
      vertex 3.785464e+01 9.874811e+00 3.989355e-01
    endloop
  endfacet
  facet normal 1.056577e-01 -3.884071e-01 9.154105e-01
    outer loop
      vertex 3.785464e+01 9.874811e+00 3.989355e-01
      vertex 3.670520e+01 1.003600e+01 6.000000e-01
      vertex 3.533185e+01 9.662411e+00 6.000000e-01
    endloop
  endfacet
  facet normal 1.056578e-01 -3.884076e-01 9.154103e-01
    outer loop
      vertex 3.785464e+01 9.874811e+00 3.989355e-01
      vertex 3.533185e+01 9.662411e+00 6.000000e-01
      vertex 3.518255e+01 9.147921e+00 3.989355e-01
    endloop
  endfacet
  facet normal 1.056577e-01 -3.884071e-01 9.154105e-01
    outer loop
      vertex 3.785464e+01 9.874811e+00 3.989355e-01
      vertex 3.945189e+01 1.078318e+01 6.000000e-01
      vertex 3.807854e+01 1.040959e+01 6.000000e-01
    endloop
  endfacet
  facet normal 1.056577e-01 -3.884071e-01 9.154105e-01
    outer loop
      vertex 3.785464e+01 9.874811e+00 3.989355e-01
      vertex 3.807854e+01 1.040959e+01 6.000000e-01
      vertex 3.670520e+01 1.003600e+01 6.000000e-01
    endloop
  endfacet
  facet normal 1.056534e-01 -3.883989e-01 9.154145e-01
    outer loop
      vertex 3.623200e+01 8.959521e+00 1.978710e-01
      vertex 3.704525e+01 9.180741e+00 1.978710e-01
      vertex 3.785464e+01 9.874811e+00 3.989355e-01
    endloop
  endfacet
  facet normal 1.056566e-01 -3.884034e-01 9.154122e-01
    outer loop
      vertex 3.785464e+01 9.874811e+00 3.989355e-01
      vertex 4.029822e+01 1.006565e+01 1.978710e-01
      vertex 4.319882e+01 1.132857e+01 3.989355e-01
    endloop
  endfacet
  facet normal 1.056558e-01 -3.884041e-01 9.154120e-01
    outer loop
      vertex 3.785464e+01 9.874811e+00 3.989355e-01
      vertex 3.785850e+01 9.401971e+00 1.978710e-01
      vertex 3.867174e+01 9.623201e+00 1.978710e-01
    endloop
  endfacet
  facet normal 1.056582e-01 -3.883996e-01 9.154136e-01
    outer loop
      vertex 3.518255e+01 9.147921e+00 3.989355e-01
      vertex 3.541876e+01 8.738291e+00 1.978710e-01
      vertex 3.623200e+01 8.959521e+00 1.978710e-01
    endloop
  endfacet
  facet normal 1.056600e-01 -3.884063e-01 9.154106e-01
    outer loop
      vertex 3.518255e+01 9.147921e+00 3.989355e-01
      vertex 3.379227e+01 8.295841e+00 1.978710e-01
      vertex 3.460551e+01 8.517071e+00 1.978710e-01
    endloop
  endfacet
  facet normal 1.056563e-01 -3.884098e-01 9.154095e-01
    outer loop
      vertex 3.251047e+01 8.421031e+00 3.989355e-01
      vertex 3.297902e+01 8.074621e+00 1.978710e-01
      vertex 3.379227e+01 8.295841e+00 1.978710e-01
    endloop
  endfacet
  facet normal 1.056541e-01 -3.884017e-01 9.154132e-01
    outer loop
      vertex 3.518255e+01 9.147921e+00 3.989355e-01
      vertex 3.460551e+01 8.517071e+00 1.978710e-01
      vertex 3.541876e+01 8.738291e+00 1.978710e-01
    endloop
  endfacet
  facet normal 1.056561e-01 -3.884051e-01 9.154115e-01
    outer loop
      vertex 3.251047e+01 8.421031e+00 3.989355e-01
      vertex 3.135254e+01 7.632171e+00 1.978710e-01
      vertex 3.216578e+01 7.853391e+00 1.978710e-01
    endloop
  endfacet
  facet normal 1.056581e-01 -3.884028e-01 9.154123e-01
    outer loop
      vertex 2.983838e+01 7.694151e+00 3.989355e-01
      vertex 3.053929e+01 7.410941e+00 1.978710e-01
      vertex 3.135254e+01 7.632171e+00 1.978710e-01
    endloop
  endfacet
  facet normal 1.056605e-01 -3.884082e-01 9.154097e-01
    outer loop
      vertex 2.983838e+01 7.694151e+00 3.989355e-01
      vertex 2.891280e+01 6.968491e+00 1.978710e-01
      vertex 2.972604e+01 7.189721e+00 1.978710e-01
    endloop
  endfacet
  facet normal 1.056539e-01 -3.884008e-01 9.154136e-01
    outer loop
      vertex 2.983838e+01 7.694151e+00 3.989355e-01
      vertex 2.809955e+01 6.747261e+00 1.978710e-01
      vertex 2.891280e+01 6.968491e+00 1.978710e-01
    endloop
  endfacet
  facet normal 1.056557e-01 -3.884074e-01 9.154106e-01
    outer loop
      vertex 2.983838e+01 7.694151e+00 3.989355e-01
      vertex 2.972604e+01 7.189721e+00 1.978710e-01
      vertex 3.053929e+01 7.410941e+00 1.978710e-01
    endloop
  endfacet
  facet normal 1.056591e-01 -3.884067e-01 9.154105e-01
    outer loop
      vertex 3.251047e+01 8.421031e+00 3.989355e-01
      vertex 3.216578e+01 7.853391e+00 1.978710e-01
      vertex 3.297902e+01 8.074621e+00 1.978710e-01
    endloop
  endfacet
  facet normal 1.056577e-01 -3.884090e-01 9.154097e-01
    outer loop
      vertex 3.518255e+01 9.147921e+00 3.989355e-01
      vertex 3.395851e+01 9.288821e+00 6.000000e-01
      vertex 3.258516e+01 8.915231e+00 6.000000e-01
    endloop
  endfacet
  facet normal 1.056572e-01 -3.884017e-01 9.154128e-01
    outer loop
      vertex 3.518255e+01 9.147921e+00 3.989355e-01
      vertex 3.258516e+01 8.915231e+00 6.000000e-01
      vertex 3.251047e+01 8.421031e+00 3.989355e-01
    endloop
  endfacet
  facet normal 1.056575e-01 -3.884026e-01 9.154124e-01
    outer loop
      vertex 3.251047e+01 8.421031e+00 3.989355e-01
      vertex 3.379227e+01 8.295841e+00 1.978710e-01
      vertex 3.518255e+01 9.147921e+00 3.989355e-01
    endloop
  endfacet
  facet normal 1.056579e-01 -3.884077e-01 9.154102e-01
    outer loop
      vertex 3.518255e+01 9.147921e+00 3.989355e-01
      vertex 3.533185e+01 9.662411e+00 6.000000e-01
      vertex 3.395851e+01 9.288821e+00 6.000000e-01
    endloop
  endfacet
  facet normal 1.056562e-01 -3.884016e-01 9.154130e-01
    outer loop
      vertex 3.258516e+01 8.915231e+00 6.000000e-01
      vertex 3.121181e+01 8.541651e+00 6.000000e-01
      vertex 3.251047e+01 8.421031e+00 3.989355e-01
    endloop
  endfacet
  facet normal 1.056564e-01 -3.884021e-01 9.154127e-01
    outer loop
      vertex 2.983838e+01 7.694151e+00 3.989355e-01
      vertex 3.121181e+01 8.541651e+00 6.000000e-01
      vertex 2.983847e+01 8.168061e+00 6.000000e-01
    endloop
  endfacet
  facet normal 1.056562e-01 -3.884020e-01 9.154129e-01
    outer loop
      vertex 3.251047e+01 8.421031e+00 3.989355e-01
      vertex 3.121181e+01 8.541651e+00 6.000000e-01
      vertex 2.983838e+01 7.694151e+00 3.989355e-01
    endloop
  endfacet
  facet normal 1.056576e-01 -3.884072e-01 9.154105e-01
    outer loop
      vertex 3.135254e+01 7.632171e+00 1.978710e-01
      vertex 3.251047e+01 8.421031e+00 3.989355e-01
      vertex 2.983838e+01 7.694151e+00 3.989355e-01
    endloop
  endfacet
  facet normal 1.056565e-01 -3.884034e-01 9.154122e-01
    outer loop
      vertex 2.728631e+01 6.526031e+00 1.978710e-01
      vertex 2.983838e+01 7.694151e+00 3.989355e-01
      vertex 2.709178e+01 7.420881e+00 6.000000e-01
    endloop
  endfacet
  facet normal 1.056564e-01 -3.884021e-01 9.154127e-01
    outer loop
      vertex 2.983838e+01 7.694151e+00 3.989355e-01
      vertex 2.983847e+01 8.168061e+00 6.000000e-01
      vertex 2.846512e+01 7.794471e+00 6.000000e-01
    endloop
  endfacet
  facet normal 1.056564e-01 -3.884021e-01 9.154127e-01
    outer loop
      vertex 2.983838e+01 7.694151e+00 3.989355e-01
      vertex 2.846512e+01 7.794471e+00 6.000000e-01
      vertex 2.709178e+01 7.420881e+00 6.000000e-01
    endloop
  endfacet
  facet normal 1.056614e-01 -3.884133e-01 9.154074e-01
    outer loop
      vertex 2.809955e+01 6.747261e+00 1.978710e-01
      vertex 2.983838e+01 7.694151e+00 3.989355e-01
      vertex 2.728631e+01 6.526031e+00 1.978710e-01
    endloop
  endfacet
  facet normal 1.056569e-01 -3.884046e-01 9.154117e-01
    outer loop
      vertex 3.623200e+01 8.959521e+00 1.978710e-01
      vertex 3.785464e+01 9.874811e+00 3.989355e-01
      vertex 3.518255e+01 9.147921e+00 3.989355e-01
    endloop
  endfacet
  facet normal 0.000000e+00 0.000000e+00 1.000000e+00
    outer loop
      vertex 2.946589e+01 2.022252e+01 6.000000e-01
      vertex 2.717835e+01 2.283767e+01 6.000000e-01
      vertex 2.758640e+01 2.096067e+01 6.000000e-01
    endloop
  endfacet
  facet normal 0.000000e+00 0.000000e+00 1.000000e+00
    outer loop
      vertex 3.363292e+01 1.686923e+01 6.000000e-01
      vertex 3.551241e+01 1.613108e+01 6.000000e-01
      vertex 3.510437e+01 1.800810e+01 6.000000e-01
    endloop
  endfacet
  facet normal 0.000000e+00 0.000000e+00 1.000000e+00
    outer loop
      vertex 3.363292e+01 1.686923e+01 6.000000e-01
      vertex 3.510437e+01 1.800810e+01 6.000000e-01
      vertex 3.322487e+01 1.874623e+01 6.000000e-01
    endloop
  endfacet
  facet normal 0.000000e+00 0.000000e+00 1.000000e+00
    outer loop
      vertex 2.799444e+01 1.908365e+01 6.000000e-01
      vertex 2.987394e+01 1.834552e+01 6.000000e-01
      vertex 2.946589e+01 2.022252e+01 6.000000e-01
    endloop
  endfacet
  facet normal 0.000000e+00 0.000000e+00 1.000000e+00
    outer loop
      vertex 2.799444e+01 1.908365e+01 6.000000e-01
      vertex 2.946589e+01 2.022252e+01 6.000000e-01
      vertex 2.758640e+01 2.096067e+01 6.000000e-01
    endloop
  endfacet
  facet normal 0.000000e+00 0.000000e+00 1.000000e+00
    outer loop
      vertex 3.967943e+01 1.277780e+01 6.000000e-01
      vertex 4.155893e+01 1.203965e+01 6.000000e-01
      vertex 4.115088e+01 1.391666e+01 6.000000e-01
    endloop
  endfacet
  facet normal 0.000000e+00 0.000000e+00 1.000000e+00
    outer loop
      vertex 3.967943e+01 1.277780e+01 6.000000e-01
      vertex 4.115088e+01 1.391666e+01 6.000000e-01
      vertex 3.927139e+01 1.465480e+01 6.000000e-01
    endloop
  endfacet
  facet normal 0.000000e+00 0.000000e+00 1.000000e+00
    outer loop
      vertex 3.779995e+01 1.351593e+01 6.000000e-01
      vertex 3.967943e+01 1.277780e+01 6.000000e-01
      vertex 3.927139e+01 1.465480e+01 6.000000e-01
    endloop
  endfacet
  facet normal 0.000000e+00 0.000000e+00 1.000000e+00
    outer loop
      vertex 3.779995e+01 1.351593e+01 6.000000e-01
      vertex 3.927139e+01 1.465480e+01 6.000000e-01
      vertex 3.739190e+01 1.539295e+01 6.000000e-01
    endloop
  endfacet
  facet normal 0.000000e+00 0.000000e+00 1.000000e+00
    outer loop
      vertex 3.592045e+01 1.425408e+01 6.000000e-01
      vertex 3.779995e+01 1.351593e+01 6.000000e-01
      vertex 3.739190e+01 1.539295e+01 6.000000e-01
    endloop
  endfacet
  facet normal 0.000000e+00 0.000000e+00 1.000000e+00
    outer loop
      vertex 3.592045e+01 1.425408e+01 6.000000e-01
      vertex 3.739190e+01 1.539295e+01 6.000000e-01
      vertex 3.551241e+01 1.613108e+01 6.000000e-01
    endloop
  endfacet
  facet normal 0.000000e+00 0.000000e+00 1.000000e+00
    outer loop
      vertex 3.404096e+01 1.499222e+01 6.000000e-01
      vertex 3.592045e+01 1.425408e+01 6.000000e-01
      vertex 3.551241e+01 1.613108e+01 6.000000e-01
    endloop
  endfacet
  facet normal 0.000000e+00 0.000000e+00 1.000000e+00
    outer loop
      vertex 3.404096e+01 1.499222e+01 6.000000e-01
      vertex 3.551241e+01 1.613108e+01 6.000000e-01
      vertex 3.363292e+01 1.686923e+01 6.000000e-01
    endloop
  endfacet
  facet normal 0.000000e+00 0.000000e+00 1.000000e+00
    outer loop
      vertex 2.840249e+01 1.720665e+01 6.000000e-01
      vertex 3.028198e+01 1.646850e+01 6.000000e-01
      vertex 2.987394e+01 1.834552e+01 6.000000e-01
    endloop
  endfacet
  facet normal 0.000000e+00 0.000000e+00 1.000000e+00
    outer loop
      vertex 2.840249e+01 1.720665e+01 6.000000e-01
      vertex 2.987394e+01 1.834552e+01 6.000000e-01
      vertex 2.799444e+01 1.908365e+01 6.000000e-01
    endloop
  endfacet
  facet normal 0.000000e+00 0.000000e+00 1.000000e+00
    outer loop
      vertex 3.632850e+01 1.237707e+01 6.000000e-01
      vertex 3.820799e+01 1.163893e+01 6.000000e-01
      vertex 3.779995e+01 1.351593e+01 6.000000e-01
    endloop
  endfacet
  facet normal 0.000000e+00 0.000000e+00 1.000000e+00
    outer loop
      vertex 3.632850e+01 1.237707e+01 6.000000e-01
      vertex 3.779995e+01 1.351593e+01 6.000000e-01
      vertex 3.592045e+01 1.425408e+01 6.000000e-01
    endloop
  endfacet
  facet normal 0.000000e+00 0.000000e+00 1.000000e+00
    outer loop
      vertex 3.444901e+01 1.311522e+01 6.000000e-01
      vertex 3.632850e+01 1.237707e+01 6.000000e-01
      vertex 3.592045e+01 1.425408e+01 6.000000e-01
    endloop
  endfacet
  facet normal 0.000000e+00 0.000000e+00 1.000000e+00
    outer loop
      vertex 3.444901e+01 1.311522e+01 6.000000e-01
      vertex 3.592045e+01 1.425408e+01 6.000000e-01
      vertex 3.404096e+01 1.499222e+01 6.000000e-01
    endloop
  endfacet
  facet normal 0.000000e+00 0.000000e+00 1.000000e+00
    outer loop
      vertex 2.881054e+01 1.532964e+01 6.000000e-01
      vertex 3.069002e+01 1.459150e+01 6.000000e-01
      vertex 3.028198e+01 1.646850e+01 6.000000e-01
    endloop
  endfacet
  facet normal 0.000000e+00 0.000000e+00 1.000000e+00
    outer loop
      vertex 2.881054e+01 1.532964e+01 6.000000e-01
      vertex 3.028198e+01 1.646850e+01 6.000000e-01
      vertex 2.840249e+01 1.720665e+01 6.000000e-01
    endloop
  endfacet
  facet normal 0.000000e+00 0.000000e+00 1.000000e+00
    outer loop
      vertex 3.485705e+01 1.123820e+01 6.000000e-01
      vertex 3.673655e+01 1.050006e+01 6.000000e-01
      vertex 3.632850e+01 1.237707e+01 6.000000e-01
    endloop
  endfacet
  facet normal 0.000000e+00 0.000000e+00 1.000000e+00
    outer loop
      vertex 3.485705e+01 1.123820e+01 6.000000e-01
      vertex 3.632850e+01 1.237707e+01 6.000000e-01
      vertex 3.444901e+01 1.311522e+01 6.000000e-01
    endloop
  endfacet
  facet normal 0.000000e+00 0.000000e+00 1.000000e+00
    outer loop
      vertex 2.921858e+01 1.345263e+01 6.000000e-01
      vertex 3.109807e+01 1.271449e+01 6.000000e-01
      vertex 3.069002e+01 1.459150e+01 6.000000e-01
    endloop
  endfacet
  facet normal 0.000000e+00 0.000000e+00 1.000000e+00
    outer loop
      vertex 2.921858e+01 1.345263e+01 6.000000e-01
      vertex 3.069002e+01 1.459150e+01 6.000000e-01
      vertex 2.881054e+01 1.532964e+01 6.000000e-01
    endloop
  endfacet
  facet normal 0.000000e+00 0.000000e+00 1.000000e+00
    outer loop
      vertex 2.962662e+01 1.157562e+01 6.000000e-01
      vertex 3.150612e+01 1.083747e+01 6.000000e-01
      vertex 3.109807e+01 1.271449e+01 6.000000e-01
    endloop
  endfacet
  facet normal 0.000000e+00 0.000000e+00 1.000000e+00
    outer loop
      vertex 2.962662e+01 1.157562e+01 6.000000e-01
      vertex 3.109807e+01 1.271449e+01 6.000000e-01
      vertex 2.921858e+01 1.345263e+01 6.000000e-01
    endloop
  endfacet
  facet normal 0.000000e+00 0.000000e+00 1.000000e+00
    outer loop
      vertex 3.641540e+01 1.768831e+01 6.000000e-01
      vertex 3.519685e+01 1.846128e+01 6.000000e-01
      vertex 3.510437e+01 1.800810e+01 6.000000e-01
    endloop
  endfacet
  facet normal 0.000000e+00 0.000000e+00 1.000000e+00
    outer loop
      vertex 3.510437e+01 1.800810e+01 6.000000e-01
      vertex 3.551241e+01 1.613108e+01 6.000000e-01
      vertex 3.641540e+01 1.768831e+01 6.000000e-01
    endloop
  endfacet
  facet normal 0.000000e+00 0.000000e+00 1.000000e+00
    outer loop
      vertex 4.128961e+01 1.459644e+01 6.000000e-01
      vertex 4.007106e+01 1.536941e+01 6.000000e-01
      vertex 4.115088e+01 1.391666e+01 6.000000e-01
    endloop
  endfacet
  facet normal 0.000000e+00 0.000000e+00 1.000000e+00
    outer loop
      vertex 3.739190e+01 1.539295e+01 6.000000e-01
      vertex 3.885251e+01 1.614238e+01 6.000000e-01
      vertex 3.763396e+01 1.691535e+01 6.000000e-01
    endloop
  endfacet
  facet normal 0.000000e+00 0.000000e+00 1.000000e+00
    outer loop
      vertex 4.007106e+01 1.536941e+01 6.000000e-01
      vertex 3.885251e+01 1.614238e+01 6.000000e-01
      vertex 3.927139e+01 1.465480e+01 6.000000e-01
    endloop
  endfacet
  facet normal 0.000000e+00 0.000000e+00 1.000000e+00
    outer loop
      vertex 3.641540e+01 1.768831e+01 6.000000e-01
      vertex 3.739190e+01 1.539295e+01 6.000000e-01
      vertex 3.763396e+01 1.691535e+01 6.000000e-01
    endloop
  endfacet
  facet normal 0.000000e+00 0.000000e+00 1.000000e+00
    outer loop
      vertex 3.154119e+01 2.078019e+01 6.000000e-01
      vertex 3.134538e+01 1.948438e+01 6.000000e-01
      vertex 3.275974e+01 2.000722e+01 6.000000e-01
    endloop
  endfacet
  facet normal 0.000000e+00 0.000000e+00 1.000000e+00
    outer loop
      vertex 3.397830e+01 1.923425e+01 6.000000e-01
      vertex 3.275974e+01 2.000722e+01 6.000000e-01
      vertex 3.322487e+01 1.874623e+01 6.000000e-01
    endloop
  endfacet
  facet normal 0.000000e+00 0.000000e+00 1.000000e+00
    outer loop
      vertex 3.397830e+01 1.923425e+01 6.000000e-01
      vertex 3.322487e+01 1.874623e+01 6.000000e-01
      vertex 3.510437e+01 1.800810e+01 6.000000e-01
    endloop
  endfacet
  facet normal 0.000000e+00 0.000000e+00 1.000000e+00
    outer loop
      vertex 3.322487e+01 1.874623e+01 6.000000e-01
      vertex 3.256009e+01 1.847017e+01 6.000000e-01
      vertex 3.284125e+01 1.717683e+01 6.000000e-01
    endloop
  endfacet
  facet normal 0.000000e+00 0.000000e+00 1.000000e+00
    outer loop
      vertex 3.322487e+01 1.874623e+01 6.000000e-01
      vertex 3.284125e+01 1.717683e+01 6.000000e-01
      vertex 3.363292e+01 1.686923e+01 6.000000e-01
    endloop
  endfacet
  facet normal 0.000000e+00 0.000000e+00 1.000000e+00
    outer loop
      vertex 3.256009e+01 1.847017e+01 6.000000e-01
      vertex 3.322487e+01 1.874623e+01 6.000000e-01
      vertex 3.134538e+01 1.948438e+01 6.000000e-01
    endloop
  endfacet
  facet normal 0.000000e+00 0.000000e+00 1.000000e+00
    outer loop
      vertex 3.275974e+01 2.000722e+01 6.000000e-01
      vertex 3.134538e+01 1.948438e+01 6.000000e-01
      vertex 3.322487e+01 1.874623e+01 6.000000e-01
    endloop
  endfacet
  facet normal 0.000000e+00 0.000000e+00 1.000000e+00
    outer loop
      vertex 3.510437e+01 1.800810e+01 6.000000e-01
      vertex 3.519685e+01 1.846128e+01 6.000000e-01
      vertex 3.397830e+01 1.923425e+01 6.000000e-01
    endloop
  endfacet
  facet normal 0.000000e+00 0.000000e+00 1.000000e+00
    outer loop
      vertex 3.177836e+01 1.830022e+01 6.000000e-01
      vertex 3.256009e+01 1.847017e+01 6.000000e-01
      vertex 3.134538e+01 1.948438e+01 6.000000e-01
    endloop
  endfacet
  facet normal 0.000000e+00 0.000000e+00 1.000000e+00
    outer loop
      vertex 4.115088e+01 1.391666e+01 6.000000e-01
      vertex 4.250816e+01 1.382347e+01 6.000000e-01
      vertex 4.128961e+01 1.459644e+01 6.000000e-01
    endloop
  endfacet
  facet normal 0.000000e+00 0.000000e+00 1.000000e+00
    outer loop
      vertex 4.007106e+01 1.536941e+01 6.000000e-01
      vertex 3.927139e+01 1.465480e+01 6.000000e-01
      vertex 4.115088e+01 1.391666e+01 6.000000e-01
    endloop
  endfacet
  facet normal 0.000000e+00 0.000000e+00 1.000000e+00
    outer loop
      vertex 4.115088e+01 1.391666e+01 6.000000e-01
      vertex 4.357192e+01 1.190395e+01 6.000000e-01
      vertex 4.250816e+01 1.382347e+01 6.000000e-01
    endloop
  endfacet
  facet normal 0.000000e+00 0.000000e+00 1.000000e+00
    outer loop
      vertex 3.885251e+01 1.614238e+01 6.000000e-01
      vertex 3.739190e+01 1.539295e+01 6.000000e-01
      vertex 3.927139e+01 1.465480e+01 6.000000e-01
    endloop
  endfacet
  facet normal 0.000000e+00 0.000000e+00 1.000000e+00
    outer loop
      vertex 4.115088e+01 1.391666e+01 6.000000e-01
      vertex 4.155893e+01 1.203965e+01 6.000000e-01
      vertex 4.219858e+01 1.153036e+01 6.000000e-01
    endloop
  endfacet
  facet normal 0.000000e+00 0.000000e+00 1.000000e+00
    outer loop
      vertex 4.082523e+01 1.115676e+01 6.000000e-01
      vertex 4.155893e+01 1.203965e+01 6.000000e-01
      vertex 3.967943e+01 1.277780e+01 6.000000e-01
    endloop
  endfacet
  facet normal 0.000000e+00 0.000000e+00 1.000000e+00
    outer loop
      vertex 4.219858e+01 1.153036e+01 6.000000e-01
      vertex 4.357192e+01 1.190395e+01 6.000000e-01
      vertex 4.115088e+01 1.391666e+01 6.000000e-01
    endloop
  endfacet
  facet normal 0.000000e+00 0.000000e+00 1.000000e+00
    outer loop
      vertex 4.494526e+01 1.227754e+01 6.000000e-01
      vertex 4.372671e+01 1.305050e+01 6.000000e-01
      vertex 4.357192e+01 1.190395e+01 6.000000e-01
    endloop
  endfacet
  facet normal 0.000000e+00 0.000000e+00 1.000000e+00
    outer loop
      vertex 3.739190e+01 1.539295e+01 6.000000e-01
      vertex 3.641540e+01 1.768831e+01 6.000000e-01
      vertex 3.551241e+01 1.613108e+01 6.000000e-01
    endloop
  endfacet
  facet normal 0.000000e+00 0.000000e+00 1.000000e+00
    outer loop
      vertex 3.404096e+01 1.499222e+01 6.000000e-01
      vertex 3.363292e+01 1.686923e+01 6.000000e-01
      vertex 3.312241e+01 1.588350e+01 6.000000e-01
    endloop
  endfacet
  facet normal 0.000000e+00 0.000000e+00 1.000000e+00
    outer loop
      vertex 3.312241e+01 1.588350e+01 6.000000e-01
      vertex 3.363292e+01 1.686923e+01 6.000000e-01
      vertex 3.284125e+01 1.717683e+01 6.000000e-01
    endloop
  endfacet
  facet normal 0.000000e+00 0.000000e+00 1.000000e+00
    outer loop
      vertex 3.779995e+01 1.351593e+01 6.000000e-01
      vertex 3.820799e+01 1.163893e+01 6.000000e-01
      vertex 3.967943e+01 1.277780e+01 6.000000e-01
    endloop
  endfacet
  facet normal 0.000000e+00 0.000000e+00 1.000000e+00
    outer loop
      vertex 4.250816e+01 1.382347e+01 6.000000e-01
      vertex 4.357192e+01 1.190395e+01 6.000000e-01
      vertex 4.372671e+01 1.305050e+01 6.000000e-01
    endloop
  endfacet
  facet normal 0.000000e+00 0.000000e+00 1.000000e+00
    outer loop
      vertex 2.717835e+01 2.283767e+01 6.000000e-01
      vertex 2.910409e+01 2.232612e+01 6.000000e-01
      vertex 2.788553e+01 2.309909e+01 6.000000e-01
    endloop
  endfacet
  facet normal 0.000000e+00 0.000000e+00 1.000000e+00
    outer loop
      vertex 2.946589e+01 2.022252e+01 6.000000e-01
      vertex 2.910409e+01 2.232612e+01 6.000000e-01
      vertex 2.717835e+01 2.283767e+01 6.000000e-01
    endloop
  endfacet
  facet normal 0.000000e+00 0.000000e+00 1.000000e+00
    outer loop
      vertex 2.666698e+01 2.387206e+01 6.000000e-01
      vertex 2.717835e+01 2.283767e+01 6.000000e-01
      vertex 2.788553e+01 2.309909e+01 6.000000e-01
    endloop
  endfacet
  facet normal 0.000000e+00 0.000000e+00 1.000000e+00
    outer loop
      vertex 2.946589e+01 2.022252e+01 6.000000e-01
      vertex 3.134538e+01 1.948438e+01 6.000000e-01
      vertex 3.032264e+01 2.155316e+01 6.000000e-01
    endloop
  endfacet
  facet normal 0.000000e+00 0.000000e+00 1.000000e+00
    outer loop
      vertex 3.154119e+01 2.078019e+01 6.000000e-01
      vertex 3.032264e+01 2.155316e+01 6.000000e-01
      vertex 3.134538e+01 1.948438e+01 6.000000e-01
    endloop
  endfacet
  facet normal 0.000000e+00 0.000000e+00 1.000000e+00
    outer loop
      vertex 3.205951e+01 1.700689e+01 6.000000e-01
      vertex 3.177836e+01 1.830022e+01 6.000000e-01
      vertex 3.134538e+01 1.948438e+01 6.000000e-01
    endloop
  endfacet
  facet normal 0.000000e+00 0.000000e+00 1.000000e+00
    outer loop
      vertex 3.032264e+01 2.155316e+01 6.000000e-01
      vertex 2.910409e+01 2.232612e+01 6.000000e-01
      vertex 2.946589e+01 2.022252e+01 6.000000e-01
    endloop
  endfacet
  facet normal 0.000000e+00 0.000000e+00 1.000000e+00
    outer loop
      vertex 2.529886e+01 2.357581e+01 6.000000e-01
      vertex 2.758640e+01 2.096067e+01 6.000000e-01
      vertex 2.717835e+01 2.283767e+01 6.000000e-01
    endloop
  endfacet
  facet normal 0.000000e+00 0.000000e+00 1.000000e+00
    outer loop
      vertex 2.422988e+01 2.541800e+01 6.000000e-01
      vertex 2.301133e+01 2.619096e+01 6.000000e-01
      vertex 2.332521e+01 2.474711e+01 6.000000e-01
    endloop
  endfacet
  facet normal 0.000000e+00 0.000000e+00 1.000000e+00
    outer loop
      vertex 2.544843e+01 2.464502e+01 6.000000e-01
      vertex 2.422988e+01 2.541800e+01 6.000000e-01
      vertex 2.529886e+01 2.357581e+01 6.000000e-01
    endloop
  endfacet
  facet normal 0.000000e+00 0.000000e+00 1.000000e+00
    outer loop
      vertex 2.422988e+01 2.541800e+01 6.000000e-01
      vertex 2.332521e+01 2.474711e+01 6.000000e-01
      vertex 2.529886e+01 2.357581e+01 6.000000e-01
    endloop
  endfacet
  facet normal 0.000000e+00 0.000000e+00 1.000000e+00
    outer loop
      vertex 2.717835e+01 2.283767e+01 6.000000e-01
      vertex 2.666698e+01 2.387206e+01 6.000000e-01
      vertex 2.529886e+01 2.357581e+01 6.000000e-01
    endloop
  endfacet
  facet normal 0.000000e+00 0.000000e+00 1.000000e+00
    outer loop
      vertex 2.529886e+01 2.357581e+01 6.000000e-01
      vertex 2.332521e+01 2.474711e+01 6.000000e-01
      vertex 2.363909e+01 2.330326e+01 6.000000e-01
    endloop
  endfacet
  facet normal 0.000000e+00 0.000000e+00 1.000000e+00
    outer loop
      vertex 2.529886e+01 2.357581e+01 6.000000e-01
      vertex 2.611495e+01 1.982180e+01 6.000000e-01
      vertex 2.615101e+01 2.068003e+01 6.000000e-01
    endloop
  endfacet
  facet normal 0.000000e+00 0.000000e+00 1.000000e+00
    outer loop
      vertex 2.666698e+01 2.387206e+01 6.000000e-01
      vertex 2.544843e+01 2.464502e+01 6.000000e-01
      vertex 2.529886e+01 2.357581e+01 6.000000e-01
    endloop
  endfacet
  facet normal 0.000000e+00 0.000000e+00 1.000000e+00
    outer loop
      vertex 2.693276e+01 2.084998e+01 6.000000e-01
      vertex 2.758640e+01 2.096067e+01 6.000000e-01
      vertex 2.529886e+01 2.357581e+01 6.000000e-01
    endloop
  endfacet
  facet normal 0.000000e+00 0.000000e+00 1.000000e+00
    outer loop
      vertex 2.724825e+01 1.939870e+01 6.000000e-01
      vertex 2.799444e+01 1.908365e+01 6.000000e-01
      vertex 2.758640e+01 2.096067e+01 6.000000e-01
    endloop
  endfacet
  facet normal 0.000000e+00 0.000000e+00 1.000000e+00
    outer loop
      vertex 2.724825e+01 1.939870e+01 6.000000e-01
      vertex 2.758640e+01 2.096067e+01 6.000000e-01
      vertex 2.693276e+01 2.084998e+01 6.000000e-01
    endloop
  endfacet
  facet normal 0.000000e+00 0.000000e+00 1.000000e+00
    outer loop
      vertex 3.216147e+01 1.573037e+01 6.000000e-01
      vertex 3.234067e+01 1.571355e+01 6.000000e-01
      vertex 3.205951e+01 1.700689e+01 6.000000e-01
    endloop
  endfacet
  facet normal 0.000000e+00 0.000000e+00 1.000000e+00
    outer loop
      vertex 2.756375e+01 1.794742e+01 6.000000e-01
      vertex 2.840249e+01 1.720665e+01 6.000000e-01
      vertex 2.799444e+01 1.908365e+01 6.000000e-01
    endloop
  endfacet
  facet normal 0.000000e+00 0.000000e+00 1.000000e+00
    outer loop
      vertex 2.756375e+01 1.794742e+01 6.000000e-01
      vertex 2.799444e+01 1.908365e+01 6.000000e-01
      vertex 2.724825e+01 1.939870e+01 6.000000e-01
    endloop
  endfacet
  facet normal 0.000000e+00 0.000000e+00 1.000000e+00
    outer loop
      vertex 3.262183e+01 1.442022e+01 6.000000e-01
      vertex 3.234067e+01 1.571355e+01 6.000000e-01
      vertex 3.216147e+01 1.573037e+01 6.000000e-01
    endloop
  endfacet
  facet normal 0.000000e+00 0.000000e+00 1.000000e+00
    outer loop
      vertex 3.134538e+01 1.948438e+01 6.000000e-01
      vertex 2.946589e+01 2.022252e+01 6.000000e-01
      vertex 2.987394e+01 1.834552e+01 6.000000e-01
    endloop
  endfacet
  facet normal 0.000000e+00 0.000000e+00 1.000000e+00
    outer loop
      vertex 3.134538e+01 1.948438e+01 6.000000e-01
      vertex 2.987394e+01 1.834552e+01 6.000000e-01
      vertex 3.216147e+01 1.573037e+01 6.000000e-01
    endloop
  endfacet
  facet normal 0.000000e+00 0.000000e+00 1.000000e+00
    outer loop
      vertex 2.529886e+01 2.357581e+01 6.000000e-01
      vertex 2.363909e+01 2.330326e+01 6.000000e-01
      vertex 2.395297e+01 2.185940e+01 6.000000e-01
    endloop
  endfacet
  facet normal 0.000000e+00 0.000000e+00 1.000000e+00
    outer loop
      vertex 2.529886e+01 2.357581e+01 6.000000e-01
      vertex 2.395297e+01 2.185940e+01 6.000000e-01
      vertex 2.611495e+01 1.982180e+01 6.000000e-01
    endloop
  endfacet
  facet normal 0.000000e+00 0.000000e+00 1.000000e+00
    outer loop
      vertex 2.426685e+01 2.041555e+01 6.000000e-01
      vertex 2.611495e+01 1.982180e+01 6.000000e-01
      vertex 2.395297e+01 2.185940e+01 6.000000e-01
    endloop
  endfacet
  facet normal 0.000000e+00 0.000000e+00 1.000000e+00
    outer loop
      vertex 2.611495e+01 1.982180e+01 6.000000e-01
      vertex 2.426685e+01 2.041555e+01 6.000000e-01
      vertex 2.458073e+01 1.897170e+01 6.000000e-01
    endloop
  endfacet
  facet normal 0.000000e+00 0.000000e+00 1.000000e+00
    outer loop
      vertex 2.611495e+01 1.982180e+01 6.000000e-01
      vertex 2.458073e+01 1.897170e+01 6.000000e-01
      vertex 2.652300e+01 1.794479e+01 6.000000e-01
    endloop
  endfacet
  facet normal 0.000000e+00 0.000000e+00 1.000000e+00
    outer loop
      vertex 2.611495e+01 1.982180e+01 6.000000e-01
      vertex 2.646651e+01 1.922876e+01 6.000000e-01
      vertex 2.615101e+01 2.068003e+01 6.000000e-01
    endloop
  endfacet
  facet normal 0.000000e+00 0.000000e+00 1.000000e+00
    outer loop
      vertex 2.652300e+01 1.794479e+01 6.000000e-01
      vertex 2.678200e+01 1.777748e+01 6.000000e-01
      vertex 2.646651e+01 1.922876e+01 6.000000e-01
    endloop
  endfacet
  facet normal 0.000000e+00 0.000000e+00 1.000000e+00
    outer loop
      vertex 2.652300e+01 1.794479e+01 6.000000e-01
      vertex 2.646651e+01 1.922876e+01 6.000000e-01
      vertex 2.611495e+01 1.982180e+01 6.000000e-01
    endloop
  endfacet
  facet normal 0.000000e+00 0.000000e+00 1.000000e+00
    outer loop
      vertex 3.028198e+01 1.646850e+01 6.000000e-01
      vertex 3.216147e+01 1.573037e+01 6.000000e-01
      vertex 2.987394e+01 1.834552e+01 6.000000e-01
    endloop
  endfacet
  facet normal 0.000000e+00 0.000000e+00 1.000000e+00
    outer loop
      vertex 2.693276e+01 2.084998e+01 6.000000e-01
      vertex 2.529886e+01 2.357581e+01 6.000000e-01
      vertex 2.615101e+01 2.068003e+01 6.000000e-01
    endloop
  endfacet
  facet normal 0.000000e+00 0.000000e+00 1.000000e+00
    outer loop
      vertex 3.216147e+01 1.573037e+01 6.000000e-01
      vertex 3.205951e+01 1.700689e+01 6.000000e-01
      vertex 3.134538e+01 1.948438e+01 6.000000e-01
    endloop
  endfacet
  facet normal 0.000000e+00 0.000000e+00 1.000000e+00
    outer loop
      vertex 3.404096e+01 1.499222e+01 6.000000e-01
      vertex 3.312241e+01 1.588350e+01 6.000000e-01
      vertex 3.340358e+01 1.459015e+01 6.000000e-01
    endloop
  endfacet
  facet normal 0.000000e+00 0.000000e+00 1.000000e+00
    outer loop
      vertex 4.082523e+01 1.115676e+01 6.000000e-01
      vertex 3.967943e+01 1.277780e+01 6.000000e-01
      vertex 3.945189e+01 1.078318e+01 6.000000e-01
    endloop
  endfacet
  facet normal 0.000000e+00 0.000000e+00 1.000000e+00
    outer loop
      vertex 3.820799e+01 1.163893e+01 6.000000e-01
      vertex 3.945189e+01 1.078318e+01 6.000000e-01
      vertex 3.967943e+01 1.277780e+01 6.000000e-01
    endloop
  endfacet
  facet normal 0.000000e+00 0.000000e+00 1.000000e+00
    outer loop
      vertex 3.632850e+01 1.237707e+01 6.000000e-01
      vertex 3.807854e+01 1.040959e+01 6.000000e-01
      vertex 3.820799e+01 1.163893e+01 6.000000e-01
    endloop
  endfacet
  facet normal 0.000000e+00 0.000000e+00 1.000000e+00
    outer loop
      vertex 3.340358e+01 1.459015e+01 6.000000e-01
      vertex 3.444901e+01 1.311522e+01 6.000000e-01
      vertex 3.404096e+01 1.499222e+01 6.000000e-01
    endloop
  endfacet
  facet normal 0.000000e+00 0.000000e+00 1.000000e+00
    outer loop
      vertex 3.444901e+01 1.311522e+01 6.000000e-01
      vertex 3.368474e+01 1.329682e+01 6.000000e-01
      vertex 3.396589e+01 1.200348e+01 6.000000e-01
    endloop
  endfacet
  facet normal 0.000000e+00 0.000000e+00 1.000000e+00
    outer loop
      vertex 3.290300e+01 1.312687e+01 6.000000e-01
      vertex 3.262183e+01 1.442022e+01 6.000000e-01
      vertex 3.256952e+01 1.385335e+01 6.000000e-01
    endloop
  endfacet
  facet normal 0.000000e+00 0.000000e+00 1.000000e+00
    outer loop
      vertex 3.368474e+01 1.329682e+01 6.000000e-01
      vertex 3.444901e+01 1.311522e+01 6.000000e-01
      vertex 3.340358e+01 1.459015e+01 6.000000e-01
    endloop
  endfacet
  facet normal 0.000000e+00 0.000000e+00 1.000000e+00
    outer loop
      vertex 3.216147e+01 1.573037e+01 6.000000e-01
      vertex 3.256952e+01 1.385335e+01 6.000000e-01
      vertex 3.262183e+01 1.442022e+01 6.000000e-01
    endloop
  endfacet
  facet normal 0.000000e+00 0.000000e+00 1.000000e+00
    outer loop
      vertex 3.256952e+01 1.385335e+01 6.000000e-01
      vertex 3.216147e+01 1.573037e+01 6.000000e-01
      vertex 3.028198e+01 1.646850e+01 6.000000e-01
    endloop
  endfacet
  facet normal 0.000000e+00 0.000000e+00 1.000000e+00
    outer loop
      vertex 3.256952e+01 1.385335e+01 6.000000e-01
      vertex 3.028198e+01 1.646850e+01 6.000000e-01
      vertex 3.069002e+01 1.459150e+01 6.000000e-01
    endloop
  endfacet
  facet normal 0.000000e+00 0.000000e+00 1.000000e+00
    outer loop
      vertex 3.256952e+01 1.385335e+01 6.000000e-01
      vertex 3.297756e+01 1.197635e+01 6.000000e-01
      vertex 3.290300e+01 1.312687e+01 6.000000e-01
    endloop
  endfacet
  facet normal 0.000000e+00 0.000000e+00 1.000000e+00
    outer loop
      vertex 2.787924e+01 1.649614e+01 6.000000e-01
      vertex 2.881054e+01 1.532964e+01 6.000000e-01
      vertex 2.840249e+01 1.720665e+01 6.000000e-01
    endloop
  endfacet
  facet normal 0.000000e+00 0.000000e+00 1.000000e+00
    outer loop
      vertex 3.820799e+01 1.163893e+01 6.000000e-01
      vertex 3.807854e+01 1.040959e+01 6.000000e-01
      vertex 3.945189e+01 1.078318e+01 6.000000e-01
    endloop
  endfacet
  facet normal 0.000000e+00 0.000000e+00 1.000000e+00
    outer loop
      vertex 4.155893e+01 1.203965e+01 6.000000e-01
      vertex 4.082523e+01 1.115676e+01 6.000000e-01
      vertex 4.219858e+01 1.153036e+01 6.000000e-01
    endloop
  endfacet
  facet normal 0.000000e+00 0.000000e+00 1.000000e+00
    outer loop
      vertex 3.670520e+01 1.003600e+01 6.000000e-01
      vertex 3.807854e+01 1.040959e+01 6.000000e-01
      vertex 3.673655e+01 1.050006e+01 6.000000e-01
    endloop
  endfacet
  facet normal 0.000000e+00 0.000000e+00 1.000000e+00
    outer loop
      vertex 3.396589e+01 1.200348e+01 6.000000e-01
      vertex 3.485705e+01 1.123820e+01 6.000000e-01
      vertex 3.444901e+01 1.311522e+01 6.000000e-01
    endloop
  endfacet
  facet normal 0.000000e+00 0.000000e+00 1.000000e+00
    outer loop
      vertex 3.485705e+01 1.123820e+01 6.000000e-01
      vertex 3.533185e+01 9.662411e+00 6.000000e-01
      vertex 3.670520e+01 1.003600e+01 6.000000e-01
    endloop
  endfacet
  facet normal 0.000000e+00 0.000000e+00 1.000000e+00
    outer loop
      vertex 3.396589e+01 1.200348e+01 6.000000e-01
      vertex 3.318416e+01 1.183354e+01 6.000000e-01
      vertex 3.485705e+01 1.123820e+01 6.000000e-01
    endloop
  endfacet
  facet normal 0.000000e+00 0.000000e+00 1.000000e+00
    outer loop
      vertex 3.485705e+01 1.123820e+01 6.000000e-01
      vertex 3.318416e+01 1.183354e+01 6.000000e-01
      vertex 3.533185e+01 9.662411e+00 6.000000e-01
    endloop
  endfacet
  facet normal 0.000000e+00 0.000000e+00 1.000000e+00
    outer loop
      vertex 3.673655e+01 1.050006e+01 6.000000e-01
      vertex 3.485705e+01 1.123820e+01 6.000000e-01
      vertex 3.670520e+01 1.003600e+01 6.000000e-01
    endloop
  endfacet
  facet normal 0.000000e+00 0.000000e+00 1.000000e+00
    outer loop
      vertex 3.395851e+01 9.288821e+00 6.000000e-01
      vertex 3.533185e+01 9.662411e+00 6.000000e-01
      vertex 3.318416e+01 1.183354e+01 6.000000e-01
    endloop
  endfacet
  facet normal 0.000000e+00 0.000000e+00 1.000000e+00
    outer loop
      vertex 3.297756e+01 1.197635e+01 6.000000e-01
      vertex 3.256952e+01 1.385335e+01 6.000000e-01
      vertex 3.069002e+01 1.459150e+01 6.000000e-01
    endloop
  endfacet
  facet normal 0.000000e+00 0.000000e+00 1.000000e+00
    outer loop
      vertex 3.297756e+01 1.197635e+01 6.000000e-01
      vertex 3.069002e+01 1.459150e+01 6.000000e-01
      vertex 3.109807e+01 1.271449e+01 6.000000e-01
    endloop
  endfacet
  facet normal 0.000000e+00 0.000000e+00 1.000000e+00
    outer loop
      vertex 3.318416e+01 1.183354e+01 6.000000e-01
      vertex 3.290300e+01 1.312687e+01 6.000000e-01
      vertex 3.297756e+01 1.197635e+01 6.000000e-01
    endloop
  endfacet
  facet normal 0.000000e+00 0.000000e+00 1.000000e+00
    outer loop
      vertex 3.150612e+01 1.083747e+01 6.000000e-01
      vertex 3.297756e+01 1.197635e+01 6.000000e-01
      vertex 3.109807e+01 1.271449e+01 6.000000e-01
    endloop
  endfacet
  facet normal 0.000000e+00 0.000000e+00 1.000000e+00
    outer loop
      vertex 3.395851e+01 9.288821e+00 6.000000e-01
      vertex 3.297756e+01 1.197635e+01 6.000000e-01
      vertex 3.150612e+01 1.083747e+01 6.000000e-01
    endloop
  endfacet
  facet normal 0.000000e+00 0.000000e+00 1.000000e+00
    outer loop
      vertex 3.258516e+01 8.915231e+00 6.000000e-01
      vertex 3.395851e+01 9.288821e+00 6.000000e-01
      vertex 3.150612e+01 1.083747e+01 6.000000e-01
    endloop
  endfacet
  facet normal 0.000000e+00 0.000000e+00 1.000000e+00
    outer loop
      vertex 3.258516e+01 8.915231e+00 6.000000e-01
      vertex 3.150612e+01 1.083747e+01 6.000000e-01
      vertex 3.121181e+01 8.541651e+00 6.000000e-01
    endloop
  endfacet
  facet normal 0.000000e+00 0.000000e+00 1.000000e+00
    outer loop
      vertex 3.318416e+01 1.183354e+01 6.000000e-01
      vertex 3.297756e+01 1.197635e+01 6.000000e-01
      vertex 3.395851e+01 9.288821e+00 6.000000e-01
    endloop
  endfacet
  facet normal 0.000000e+00 0.000000e+00 1.000000e+00
    outer loop
      vertex 3.807854e+01 1.040959e+01 6.000000e-01
      vertex 3.632850e+01 1.237707e+01 6.000000e-01
      vertex 3.673655e+01 1.050006e+01 6.000000e-01
    endloop
  endfacet
  facet normal 0.000000e+00 0.000000e+00 1.000000e+00
    outer loop
      vertex 3.121181e+01 8.541651e+00 6.000000e-01
      vertex 3.150612e+01 1.083747e+01 6.000000e-01
      vertex 2.962662e+01 1.157562e+01 6.000000e-01
    endloop
  endfacet
  facet normal 0.000000e+00 0.000000e+00 1.000000e+00
    outer loop
      vertex 2.678200e+01 1.777748e+01 6.000000e-01
      vertex 2.652300e+01 1.794479e+01 6.000000e-01
      vertex 2.693104e+01 1.606778e+01 6.000000e-01
    endloop
  endfacet
  facet normal 0.000000e+00 0.000000e+00 1.000000e+00
    outer loop
      vertex 2.678200e+01 1.777748e+01 6.000000e-01
      vertex 2.693104e+01 1.606778e+01 6.000000e-01
      vertex 2.709750e+01 1.632621e+01 6.000000e-01
    endloop
  endfacet
  facet normal 0.000000e+00 0.000000e+00 1.000000e+00
    outer loop
      vertex 2.819473e+01 1.504487e+01 6.000000e-01
      vertex 2.851023e+01 1.359359e+01 6.000000e-01
      vertex 2.921858e+01 1.345263e+01 6.000000e-01
    endloop
  endfacet
  facet normal 0.000000e+00 0.000000e+00 1.000000e+00
    outer loop
      vertex 2.881054e+01 1.532964e+01 6.000000e-01
      vertex 2.787924e+01 1.649614e+01 6.000000e-01
      vertex 2.819473e+01 1.504487e+01 6.000000e-01
    endloop
  endfacet
  facet normal 0.000000e+00 0.000000e+00 1.000000e+00
    outer loop
      vertex 2.819473e+01 1.504487e+01 6.000000e-01
      vertex 2.921858e+01 1.345263e+01 6.000000e-01
      vertex 2.881054e+01 1.532964e+01 6.000000e-01
    endloop
  endfacet
  facet normal 0.000000e+00 0.000000e+00 1.000000e+00
    outer loop
      vertex 2.693104e+01 1.606778e+01 6.000000e-01
      vertex 2.741300e+01 1.487493e+01 6.000000e-01
      vertex 2.709750e+01 1.632621e+01 6.000000e-01
    endloop
  endfacet
  facet normal 0.000000e+00 0.000000e+00 1.000000e+00
    outer loop
      vertex 2.652300e+01 1.794479e+01 6.000000e-01
      vertex 2.458073e+01 1.897170e+01 6.000000e-01
      vertex 2.489461e+01 1.752784e+01 6.000000e-01
    endloop
  endfacet
  facet normal 0.000000e+00 0.000000e+00 1.000000e+00
    outer loop
      vertex 2.652300e+01 1.794479e+01 6.000000e-01
      vertex 2.489461e+01 1.752784e+01 6.000000e-01
      vertex 2.693104e+01 1.606778e+01 6.000000e-01
    endloop
  endfacet
  facet normal 0.000000e+00 0.000000e+00 1.000000e+00
    outer loop
      vertex 2.520849e+01 1.608400e+01 6.000000e-01
      vertex 2.693104e+01 1.606778e+01 6.000000e-01
      vertex 2.489461e+01 1.752784e+01 6.000000e-01
    endloop
  endfacet
  facet normal 0.000000e+00 0.000000e+00 1.000000e+00
    outer loop
      vertex 2.774714e+01 1.231376e+01 6.000000e-01
      vertex 2.804399e+01 1.197237e+01 6.000000e-01
      vertex 2.772849e+01 1.342365e+01 6.000000e-01
    endloop
  endfacet
  facet normal 0.000000e+00 0.000000e+00 1.000000e+00
    outer loop
      vertex 2.774714e+01 1.231376e+01 6.000000e-01
      vertex 2.772849e+01 1.342365e+01 6.000000e-01
      vertex 2.733909e+01 1.419077e+01 6.000000e-01
    endloop
  endfacet
  facet normal 0.000000e+00 0.000000e+00 1.000000e+00
    outer loop
      vertex 2.693104e+01 1.606778e+01 6.000000e-01
      vertex 2.520849e+01 1.608400e+01 6.000000e-01
      vertex 2.552238e+01 1.464014e+01 6.000000e-01
    endloop
  endfacet
  facet normal 0.000000e+00 0.000000e+00 1.000000e+00
    outer loop
      vertex 2.693104e+01 1.606778e+01 6.000000e-01
      vertex 2.552238e+01 1.464014e+01 6.000000e-01
      vertex 2.733909e+01 1.419077e+01 6.000000e-01
    endloop
  endfacet
  facet normal 0.000000e+00 0.000000e+00 1.000000e+00
    outer loop
      vertex 2.733909e+01 1.419077e+01 6.000000e-01
      vertex 2.552238e+01 1.464014e+01 6.000000e-01
      vertex 2.583626e+01 1.319629e+01 6.000000e-01
    endloop
  endfacet
  facet normal 0.000000e+00 0.000000e+00 1.000000e+00
    outer loop
      vertex 2.733909e+01 1.419077e+01 6.000000e-01
      vertex 2.583626e+01 1.319629e+01 6.000000e-01
      vertex 2.774714e+01 1.231376e+01 6.000000e-01
    endloop
  endfacet
  facet normal 0.000000e+00 0.000000e+00 1.000000e+00
    outer loop
      vertex 2.733909e+01 1.419077e+01 6.000000e-01
      vertex 2.741300e+01 1.487493e+01 6.000000e-01
      vertex 2.693104e+01 1.606778e+01 6.000000e-01
    endloop
  endfacet
  facet normal 0.000000e+00 0.000000e+00 1.000000e+00
    outer loop
      vertex 2.772849e+01 1.342365e+01 6.000000e-01
      vertex 2.741300e+01 1.487493e+01 6.000000e-01
      vertex 2.733909e+01 1.419077e+01 6.000000e-01
    endloop
  endfacet
  facet normal 0.000000e+00 0.000000e+00 1.000000e+00
    outer loop
      vertex 2.882573e+01 1.214231e+01 6.000000e-01
      vertex 2.921858e+01 1.345263e+01 6.000000e-01
      vertex 2.851023e+01 1.359359e+01 6.000000e-01
    endloop
  endfacet
  facet normal 0.000000e+00 0.000000e+00 1.000000e+00
    outer loop
      vertex 2.921858e+01 1.345263e+01 6.000000e-01
      vertex 2.882573e+01 1.214231e+01 6.000000e-01
      vertex 2.962662e+01 1.157562e+01 6.000000e-01
    endloop
  endfacet
  facet normal 0.000000e+00 0.000000e+00 1.000000e+00
    outer loop
      vertex 2.962662e+01 1.157562e+01 6.000000e-01
      vertex 2.882573e+01 1.214231e+01 6.000000e-01
      vertex 2.914122e+01 1.069104e+01 6.000000e-01
    endloop
  endfacet
  facet normal 0.000000e+00 0.000000e+00 1.000000e+00
    outer loop
      vertex 2.835948e+01 1.052109e+01 6.000000e-01
      vertex 2.983847e+01 8.168061e+00 6.000000e-01
      vertex 2.914122e+01 1.069104e+01 6.000000e-01
    endloop
  endfacet
  facet normal 0.000000e+00 0.000000e+00 1.000000e+00
    outer loop
      vertex 3.121181e+01 8.541651e+00 6.000000e-01
      vertex 2.962662e+01 1.157562e+01 6.000000e-01
      vertex 2.914122e+01 1.069104e+01 6.000000e-01
    endloop
  endfacet
  facet normal 0.000000e+00 0.000000e+00 1.000000e+00
    outer loop
      vertex 2.815518e+01 1.043675e+01 6.000000e-01
      vertex 2.835948e+01 1.052109e+01 6.000000e-01
      vertex 2.804399e+01 1.197237e+01 6.000000e-01
    endloop
  endfacet
  facet normal 0.000000e+00 0.000000e+00 1.000000e+00
    outer loop
      vertex 2.815518e+01 1.043675e+01 6.000000e-01
      vertex 2.804399e+01 1.197237e+01 6.000000e-01
      vertex 2.774714e+01 1.231376e+01 6.000000e-01
    endloop
  endfacet
  facet normal 0.000000e+00 0.000000e+00 1.000000e+00
    outer loop
      vertex 2.835948e+01 1.052109e+01 6.000000e-01
      vertex 2.815518e+01 1.043675e+01 6.000000e-01
      vertex 2.983847e+01 8.168061e+00 6.000000e-01
    endloop
  endfacet
  facet normal 0.000000e+00 0.000000e+00 1.000000e+00
    outer loop
      vertex 2.914122e+01 1.069104e+01 6.000000e-01
      vertex 2.983847e+01 8.168061e+00 6.000000e-01
      vertex 3.121181e+01 8.541651e+00 6.000000e-01
    endloop
  endfacet
  facet normal 0.000000e+00 0.000000e+00 1.000000e+00
    outer loop
      vertex 2.615014e+01 1.175244e+01 6.000000e-01
      vertex 2.815518e+01 1.043675e+01 6.000000e-01
      vertex 2.774714e+01 1.231376e+01 6.000000e-01
    endloop
  endfacet
  facet normal 0.000000e+00 0.000000e+00 1.000000e+00
    outer loop
      vertex 2.615014e+01 1.175244e+01 6.000000e-01
      vertex 2.774714e+01 1.231376e+01 6.000000e-01
      vertex 2.583626e+01 1.319629e+01 6.000000e-01
    endloop
  endfacet
  facet normal 0.000000e+00 0.000000e+00 1.000000e+00
    outer loop
      vertex 2.646402e+01 1.030858e+01 6.000000e-01
      vertex 2.815518e+01 1.043675e+01 6.000000e-01
      vertex 2.615014e+01 1.175244e+01 6.000000e-01
    endloop
  endfacet
  facet normal 0.000000e+00 0.000000e+00 1.000000e+00
    outer loop
      vertex 2.677790e+01 8.864731e+00 6.000000e-01
      vertex 2.846512e+01 7.794471e+00 6.000000e-01
      vertex 2.646402e+01 1.030858e+01 6.000000e-01
    endloop
  endfacet
  facet normal 0.000000e+00 0.000000e+00 1.000000e+00
    outer loop
      vertex 2.815518e+01 1.043675e+01 6.000000e-01
      vertex 2.646402e+01 1.030858e+01 6.000000e-01
      vertex 2.846512e+01 7.794471e+00 6.000000e-01
    endloop
  endfacet
  facet normal 0.000000e+00 0.000000e+00 1.000000e+00
    outer loop
      vertex 2.846512e+01 7.794471e+00 6.000000e-01
      vertex 2.677790e+01 8.864731e+00 6.000000e-01
      vertex 2.709178e+01 7.420881e+00 6.000000e-01
    endloop
  endfacet
  facet normal 0.000000e+00 0.000000e+00 1.000000e+00
    outer loop
      vertex 2.846512e+01 7.794471e+00 6.000000e-01
      vertex 2.983847e+01 8.168061e+00 6.000000e-01
      vertex 2.815518e+01 1.043675e+01 6.000000e-01
    endloop
  endfacet
  facet normal 0.000000e+00 0.000000e+00 1.000000e+00
    outer loop
      vertex 2.787924e+01 1.649614e+01 6.000000e-01
      vertex 2.840249e+01 1.720665e+01 6.000000e-01
      vertex 2.756375e+01 1.794742e+01 6.000000e-01
    endloop
  endfacet
  facet normal 9.771766e-01 2.124287e-01 0.000000e+00
    outer loop
      vertex 3.396589e+01 1.200348e+01 2.100000e+00
      vertex 3.396589e+01 1.200348e+01 6.000000e-01
      vertex 3.368474e+01 1.329682e+01 6.000000e-01
    endloop
  endfacet
  facet normal 9.771766e-01 2.124287e-01 0.000000e+00
    outer loop
      vertex 3.396589e+01 1.200348e+01 2.100000e+00
      vertex 3.368474e+01 1.329682e+01 6.000000e-01
      vertex 3.340358e+01 1.459015e+01 6.000000e-01
    endloop
  endfacet
  facet normal 9.771766e-01 2.124287e-01 0.000000e+00
    outer loop
      vertex 3.256009e+01 1.847017e+01 2.100000e+00
      vertex 3.312241e+01 1.588350e+01 6.000000e-01
      vertex 3.284125e+01 1.717683e+01 6.000000e-01
    endloop
  endfacet
  facet normal 9.771766e-01 2.124287e-01 0.000000e+00
    outer loop
      vertex 3.256009e+01 1.847017e+01 2.100000e+00
      vertex 3.284125e+01 1.717683e+01 6.000000e-01
      vertex 3.256009e+01 1.847017e+01 6.000000e-01
    endloop
  endfacet
  facet normal 9.771757e-01 2.124330e-01 7.779363e-06
    outer loop
      vertex 3.312241e+01 1.588350e+01 6.000000e-01
      vertex 3.396589e+01 1.200348e+01 2.100000e+00
      vertex 3.340358e+01 1.459015e+01 6.000000e-01
    endloop
  endfacet
  facet normal 9.771767e-01 2.124282e-01 0.000000e+00
    outer loop
      vertex 3.349730e+01 1.415905e+01 3.600000e+00
      vertex 3.396589e+01 1.200348e+01 3.600000e+00
      vertex 3.396589e+01 1.200348e+01 2.100000e+00
    endloop
  endfacet
  facet normal 9.771758e-01 2.124322e-01 -6.050659e-06
    outer loop
      vertex 3.302869e+01 1.631460e+01 3.600000e+00
      vertex 3.349730e+01 1.415905e+01 3.600000e+00
      vertex 3.396589e+01 1.200348e+01 2.100000e+00
    endloop
  endfacet
  facet normal 9.771767e-01 2.124282e-01 0.000000e+00
    outer loop
      vertex 3.256009e+01 1.847017e+01 3.600000e+00
      vertex 3.302869e+01 1.631460e+01 3.600000e+00
      vertex 3.256009e+01 1.847017e+01 2.100000e+00
    endloop
  endfacet
  facet normal 9.771764e-01 2.124296e-01 2.016883e-06
    outer loop
      vertex 3.396589e+01 1.200348e+01 2.100000e+00
      vertex 3.256009e+01 1.847017e+01 2.100000e+00
      vertex 3.302869e+01 1.631460e+01 3.600000e+00
    endloop
  endfacet
  facet normal 9.771764e-01 2.124296e-01 -1.555882e-06
    outer loop
      vertex 3.312241e+01 1.588350e+01 6.000000e-01
      vertex 3.256009e+01 1.847017e+01 2.100000e+00
      vertex 3.396589e+01 1.200348e+01 2.100000e+00
    endloop
  endfacet
  facet normal 2.124316e-01 -9.771760e-01 0.000000e+00
    outer loop
      vertex 3.396589e+01 1.200348e+01 2.100000e+00
      vertex 3.318416e+01 1.183354e+01 2.100000e+00
      vertex 3.318416e+01 1.183354e+01 6.000000e-01
    endloop
  endfacet
  facet normal 2.124316e-01 -9.771760e-01 0.000000e+00
    outer loop
      vertex 3.396589e+01 1.200348e+01 2.100000e+00
      vertex 3.318416e+01 1.183354e+01 6.000000e-01
      vertex 3.396589e+01 1.200348e+01 6.000000e-01
    endloop
  endfacet
  facet normal 2.124316e-01 -9.771760e-01 0.000000e+00
    outer loop
      vertex 3.396589e+01 1.200348e+01 3.600000e+00
      vertex 3.318416e+01 1.183354e+01 3.600000e+00
      vertex 3.318416e+01 1.183354e+01 2.100000e+00
    endloop
  endfacet
  facet normal 2.124316e-01 -9.771760e-01 0.000000e+00
    outer loop
      vertex 3.396589e+01 1.200348e+01 3.600000e+00
      vertex 3.318416e+01 1.183354e+01 2.100000e+00
      vertex 3.396589e+01 1.200348e+01 2.100000e+00
    endloop
  endfacet
  facet normal -9.771766e-01 -2.124287e-01 -0.000000e+00
    outer loop
      vertex 3.177836e+01 1.830022e+01 2.100000e+00
      vertex 3.177836e+01 1.830022e+01 6.000000e-01
      vertex 3.205951e+01 1.700689e+01 6.000000e-01
    endloop
  endfacet
  facet normal -9.771766e-01 -2.124287e-01 -0.000000e+00
    outer loop
      vertex 3.177836e+01 1.830022e+01 2.100000e+00
      vertex 3.205951e+01 1.700689e+01 6.000000e-01
      vertex 3.234067e+01 1.571355e+01 6.000000e-01
    endloop
  endfacet
  facet normal -9.771757e-01 -2.124330e-01 -3.889681e-06
    outer loop
      vertex 3.318416e+01 1.183354e+01 2.100000e+00
      vertex 3.262183e+01 1.442022e+01 6.000000e-01
      vertex 3.290300e+01 1.312687e+01 6.000000e-01
    endloop
  endfacet
  facet normal -9.771766e-01 -2.124287e-01 0.000000e+00
    outer loop
      vertex 3.318416e+01 1.183354e+01 2.100000e+00
      vertex 3.290300e+01 1.312687e+01 6.000000e-01
      vertex 3.318416e+01 1.183354e+01 6.000000e-01
    endloop
  endfacet
  facet normal -9.771766e-01 -2.124287e-01 3.889710e-06
    outer loop
      vertex 3.262183e+01 1.442022e+01 6.000000e-01
      vertex 3.318416e+01 1.183354e+01 2.100000e+00
      vertex 3.234067e+01 1.571355e+01 6.000000e-01
    endloop
  endfacet
  facet normal -9.771767e-01 -2.124282e-01 0.000000e+00
    outer loop
      vertex 3.224695e+01 1.614466e+01 3.600000e+00
      vertex 3.177836e+01 1.830022e+01 3.600000e+00
      vertex 3.177836e+01 1.830022e+01 2.100000e+00
    endloop
  endfacet
  facet normal -9.771765e-01 -2.124289e-01 -1.080469e-06
    outer loop
      vertex 3.271555e+01 1.398910e+01 3.600000e+00
      vertex 3.224695e+01 1.614466e+01 3.600000e+00
      vertex 3.177836e+01 1.830022e+01 2.100000e+00
    endloop
  endfacet
  facet normal -9.771760e-01 -2.124315e-01 0.000000e+00
    outer loop
      vertex 3.318416e+01 1.183354e+01 3.600000e+00
      vertex 3.271555e+01 1.398910e+01 3.600000e+00
      vertex 3.318416e+01 1.183354e+01 2.100000e+00
    endloop
  endfacet
  facet normal -9.771764e-01 -2.124296e-01 -2.953293e-06
    outer loop
      vertex 3.177836e+01 1.830022e+01 2.100000e+00
      vertex 3.318416e+01 1.183354e+01 2.100000e+00
      vertex 3.271555e+01 1.398910e+01 3.600000e+00
    endloop
  endfacet
  facet normal -9.771764e-01 -2.124296e-01 1.555882e-06
    outer loop
      vertex 3.234067e+01 1.571355e+01 6.000000e-01
      vertex 3.318416e+01 1.183354e+01 2.100000e+00
      vertex 3.177836e+01 1.830022e+01 2.100000e+00
    endloop
  endfacet
  facet normal -2.124316e-01 9.771760e-01 0.000000e+00
    outer loop
      vertex 3.177836e+01 1.830022e+01 2.100000e+00
      vertex 3.256009e+01 1.847017e+01 2.100000e+00
      vertex 3.256009e+01 1.847017e+01 6.000000e-01
    endloop
  endfacet
  facet normal -2.124316e-01 9.771760e-01 0.000000e+00
    outer loop
      vertex 3.177836e+01 1.830022e+01 2.100000e+00
      vertex 3.256009e+01 1.847017e+01 6.000000e-01
      vertex 3.177836e+01 1.830022e+01 6.000000e-01
    endloop
  endfacet
  facet normal -2.124316e-01 9.771760e-01 0.000000e+00
    outer loop
      vertex 3.177836e+01 1.830022e+01 3.600000e+00
      vertex 3.256009e+01 1.847017e+01 3.600000e+00
      vertex 3.256009e+01 1.847017e+01 2.100000e+00
    endloop
  endfacet
  facet normal -2.124316e-01 9.771760e-01 0.000000e+00
    outer loop
      vertex 3.177836e+01 1.830022e+01 3.600000e+00
      vertex 3.256009e+01 1.847017e+01 2.100000e+00
      vertex 3.177836e+01 1.830022e+01 2.100000e+00
    endloop
  endfacet
  facet normal 0.000000e+00 0.000000e+00 1.000000e+00
    outer loop
      vertex 3.349730e+01 1.415905e+01 3.600000e+00
      vertex 3.271555e+01 1.398910e+01 3.600000e+00
      vertex 3.318416e+01 1.183354e+01 3.600000e+00
    endloop
  endfacet
  facet normal 0.000000e+00 0.000000e+00 1.000000e+00
    outer loop
      vertex 3.349730e+01 1.415905e+01 3.600000e+00
      vertex 3.318416e+01 1.183354e+01 3.600000e+00
      vertex 3.396589e+01 1.200348e+01 3.600000e+00
    endloop
  endfacet
  facet normal 0.000000e+00 0.000000e+00 1.000000e+00
    outer loop
      vertex 3.256009e+01 1.847017e+01 3.600000e+00
      vertex 3.177836e+01 1.830022e+01 3.600000e+00
      vertex 3.224695e+01 1.614466e+01 3.600000e+00
    endloop
  endfacet
  facet normal 0.000000e+00 0.000000e+00 1.000000e+00
    outer loop
      vertex 3.256009e+01 1.847017e+01 3.600000e+00
      vertex 3.224695e+01 1.614466e+01 3.600000e+00
      vertex 3.302869e+01 1.631460e+01 3.600000e+00
    endloop
  endfacet
  facet normal 0.000000e+00 0.000000e+00 1.000000e+00
    outer loop
      vertex 3.302869e+01 1.631460e+01 3.600000e+00
      vertex 3.224695e+01 1.614466e+01 3.600000e+00
      vertex 3.271555e+01 1.398910e+01 3.600000e+00
    endloop
  endfacet
  facet normal 0.000000e+00 0.000000e+00 1.000000e+00
    outer loop
      vertex 3.302869e+01 1.631460e+01 3.600000e+00
      vertex 3.271555e+01 1.398910e+01 3.600000e+00
      vertex 3.349730e+01 1.415905e+01 3.600000e+00
    endloop
  endfacet
  facet normal 9.771768e-01 2.124278e-01 0.000000e+00
    outer loop
      vertex 2.803699e+01 1.577051e+01 2.100000e+00
      vertex 2.858910e+01 1.323077e+01 2.100000e+00
      vertex 2.858910e+01 1.323077e+01 1.350000e+00
    endloop
  endfacet
  facet normal 9.771768e-01 2.124278e-01 0.000000e+00
    outer loop
      vertex 2.803699e+01 1.577051e+01 2.100000e+00
      vertex 2.858910e+01 1.323077e+01 1.350000e+00
      vertex 2.803699e+01 1.577051e+01 1.350000e+00
    endloop
  endfacet
  facet normal 9.771768e-01 2.124278e-01 0.000000e+00
    outer loop
      vertex 2.803699e+01 1.577051e+01 2.850000e+00
      vertex 2.858910e+01 1.323077e+01 2.850000e+00
      vertex 2.858910e+01 1.323077e+01 2.100000e+00
    endloop
  endfacet
  facet normal 9.771768e-01 2.124278e-01 0.000000e+00
    outer loop
      vertex 2.803699e+01 1.577051e+01 2.850000e+00
      vertex 2.858910e+01 1.323077e+01 2.100000e+00
      vertex 2.803699e+01 1.577051e+01 2.100000e+00
    endloop
  endfacet
  facet normal 9.771770e-01 2.124267e-01 0.000000e+00
    outer loop
      vertex 2.914122e+01 1.069104e+01 1.600000e+00
      vertex 2.914122e+01 1.069104e+01 6.000000e-01
      vertex 2.882573e+01 1.214231e+01 6.000000e-01
    endloop
  endfacet
  facet normal 9.771760e-01 2.124316e-01 3.565570e-06
    outer loop
      vertex 2.858910e+01 1.323077e+01 1.350000e+00
      vertex 2.882573e+01 1.214231e+01 6.000000e-01
      vertex 2.851023e+01 1.359359e+01 6.000000e-01
    endloop
  endfacet
  facet normal 9.771768e-01 2.124278e-01 -1.111347e-06
    outer loop
      vertex 2.819473e+01 1.504487e+01 6.000000e-01
      vertex 2.803699e+01 1.577051e+01 1.350000e+00
      vertex 2.858910e+01 1.323077e+01 1.350000e+00
    endloop
  endfacet
  facet normal 9.771765e-01 2.124291e-01 2.323015e-06
    outer loop
      vertex 2.819473e+01 1.504487e+01 6.000000e-01
      vertex 2.858910e+01 1.323077e+01 1.350000e+00
      vertex 2.851023e+01 1.359359e+01 6.000000e-01
    endloop
  endfacet
  facet normal 9.771762e-01 2.124303e-01 5.510413e-06
    outer loop
      vertex 2.914122e+01 1.069104e+01 1.600000e+00
      vertex 2.882573e+01 1.214231e+01 6.000000e-01
      vertex 2.858910e+01 1.323077e+01 1.350000e+00
    endloop
  endfacet
  facet normal 9.771765e-01 2.124291e-01 -4.646029e-06
    outer loop
      vertex 2.803699e+01 1.577051e+01 1.350000e+00
      vertex 2.787924e+01 1.649614e+01 6.000000e-01
      vertex 2.756375e+01 1.794742e+01 6.000000e-01
    endloop
  endfacet
  facet normal 9.771765e-01 2.124291e-01 -4.646029e-06
    outer loop
      vertex 2.803699e+01 1.577051e+01 1.350000e+00
      vertex 2.756375e+01 1.794742e+01 6.000000e-01
      vertex 2.724825e+01 1.939870e+01 6.000000e-01
    endloop
  endfacet
  facet normal 9.771765e-01 2.124291e-01 0.000000e+00
    outer loop
      vertex 2.693276e+01 2.084998e+01 6.000000e-01
      vertex 2.693276e+01 2.084998e+01 2.100000e+00
      vertex 2.724825e+01 1.939870e+01 6.000000e-01
    endloop
  endfacet
  facet normal 9.771763e-01 2.124299e-01 -7.743394e-07
    outer loop
      vertex 2.803699e+01 1.577051e+01 1.350000e+00
      vertex 2.724825e+01 1.939870e+01 6.000000e-01
      vertex 2.693276e+01 2.084998e+01 2.100000e+00
    endloop
  endfacet
  facet normal 9.771763e-01 2.124298e-01 0.000000e+00
    outer loop
      vertex 2.803699e+01 1.577051e+01 1.350000e+00
      vertex 2.693276e+01 2.084998e+01 2.100000e+00
      vertex 2.803699e+01 1.577051e+01 2.100000e+00
    endloop
  endfacet
  facet normal 9.771762e-01 2.124302e-01 -3.565563e-06
    outer loop
      vertex 2.803699e+01 1.577051e+01 1.350000e+00
      vertex 2.819473e+01 1.504487e+01 6.000000e-01
      vertex 2.787924e+01 1.649614e+01 6.000000e-01
    endloop
  endfacet
  facet normal 9.771763e-01 2.124298e-01 0.000000e+00
    outer loop
      vertex 2.914122e+01 1.069104e+01 1.600000e+00
      vertex 2.858910e+01 1.323077e+01 1.350000e+00
      vertex 2.858910e+01 1.323077e+01 2.100000e+00
    endloop
  endfacet
  facet normal 9.771763e-01 2.124298e-01 0.000000e+00
    outer loop
      vertex 2.858910e+01 1.323077e+01 2.850000e+00
      vertex 2.914122e+01 1.069104e+01 2.600000e+00
      vertex 2.858910e+01 1.323077e+01 2.100000e+00
    endloop
  endfacet
  facet normal 9.771763e-01 2.124298e-01 0.000000e+00
    outer loop
      vertex 2.914122e+01 1.069104e+01 1.600000e+00
      vertex 2.858910e+01 1.323077e+01 2.100000e+00
      vertex 2.914122e+01 1.069104e+01 2.600000e+00
    endloop
  endfacet
  facet normal 9.771762e-01 2.124303e-01 -5.510413e-06
    outer loop
      vertex 2.882573e+01 1.214231e+01 3.600000e+00
      vertex 2.914122e+01 1.069104e+01 2.600000e+00
      vertex 2.858910e+01 1.323077e+01 2.850000e+00
    endloop
  endfacet
  facet normal 9.771770e-01 2.124267e-01 0.000000e+00
    outer loop
      vertex 2.914122e+01 1.069104e+01 2.600000e+00
      vertex 2.882573e+01 1.214231e+01 3.600000e+00
      vertex 2.914122e+01 1.069104e+01 3.600000e+00
    endloop
  endfacet
  facet normal 9.771760e-01 2.124316e-01 -3.565570e-06
    outer loop
      vertex 2.858910e+01 1.323077e+01 2.850000e+00
      vertex 2.851023e+01 1.359359e+01 3.600000e+00
      vertex 2.882573e+01 1.214231e+01 3.600000e+00
    endloop
  endfacet
  facet normal 9.771768e-01 2.124278e-01 -1.636137e-06
    outer loop
      vertex 2.851023e+01 1.359359e+01 3.600000e+00
      vertex 2.858910e+01 1.323077e+01 2.850000e+00
      vertex 2.803699e+01 1.577051e+01 2.850000e+00
    endloop
  endfacet
  facet normal 9.771765e-01 2.124291e-01 2.485088e-06
    outer loop
      vertex 2.851023e+01 1.359359e+01 3.600000e+00
      vertex 2.803699e+01 1.577051e+01 2.850000e+00
      vertex 2.819473e+01 1.504487e+01 3.600000e+00
    endloop
  endfacet
  facet normal 9.771762e-01 2.124302e-01 3.565563e-06
    outer loop
      vertex 2.787924e+01 1.649614e+01 3.600000e+00
      vertex 2.819473e+01 1.504487e+01 3.600000e+00
      vertex 2.803699e+01 1.577051e+01 2.850000e+00
    endloop
  endfacet
  facet normal 9.771763e-01 2.124299e-01 7.743394e-07
    outer loop
      vertex 2.693276e+01 2.084998e+01 2.100000e+00
      vertex 2.724825e+01 1.939870e+01 3.600000e+00
      vertex 2.803699e+01 1.577051e+01 2.850000e+00
    endloop
  endfacet
  facet normal 9.771765e-01 2.124291e-01 4.646029e-06
    outer loop
      vertex 2.803699e+01 1.577051e+01 2.850000e+00
      vertex 2.756375e+01 1.794742e+01 3.600000e+00
      vertex 2.787924e+01 1.649614e+01 3.600000e+00
    endloop
  endfacet
  facet normal 9.771765e-01 2.124291e-01 0.000000e+00
    outer loop
      vertex 2.724825e+01 1.939870e+01 3.600000e+00
      vertex 2.693276e+01 2.084998e+01 2.100000e+00
      vertex 2.693276e+01 2.084998e+01 3.600000e+00
    endloop
  endfacet
  facet normal 9.771765e-01 2.124291e-01 4.646029e-06
    outer loop
      vertex 2.803699e+01 1.577051e+01 2.850000e+00
      vertex 2.724825e+01 1.939870e+01 3.600000e+00
      vertex 2.756375e+01 1.794742e+01 3.600000e+00
    endloop
  endfacet
  facet normal 9.771763e-01 2.124298e-01 0.000000e+00
    outer loop
      vertex 2.803699e+01 1.577051e+01 2.850000e+00
      vertex 2.803699e+01 1.577051e+01 2.100000e+00
      vertex 2.693276e+01 2.084998e+01 2.100000e+00
    endloop
  endfacet
  facet normal 2.124316e-01 -9.771760e-01 0.000000e+00
    outer loop
      vertex 2.914122e+01 1.069104e+01 1.600000e+00
      vertex 2.835948e+01 1.052109e+01 1.600000e+00
      vertex 2.835948e+01 1.052109e+01 6.000000e-01
    endloop
  endfacet
  facet normal 2.124316e-01 -9.771760e-01 0.000000e+00
    outer loop
      vertex 2.914122e+01 1.069104e+01 1.600000e+00
      vertex 2.835948e+01 1.052109e+01 6.000000e-01
      vertex 2.914122e+01 1.069104e+01 6.000000e-01
    endloop
  endfacet
  facet normal 2.124316e-01 -9.771760e-01 0.000000e+00
    outer loop
      vertex 2.914122e+01 1.069104e+01 3.600000e+00
      vertex 2.835948e+01 1.052109e+01 3.600000e+00
      vertex 2.835948e+01 1.052109e+01 2.600000e+00
    endloop
  endfacet
  facet normal 2.124316e-01 -9.771760e-01 0.000000e+00
    outer loop
      vertex 2.914122e+01 1.069104e+01 3.600000e+00
      vertex 2.835948e+01 1.052109e+01 2.600000e+00
      vertex 2.914122e+01 1.069104e+01 2.600000e+00
    endloop
  endfacet
  facet normal 2.124316e-01 -9.771760e-01 0.000000e+00
    outer loop
      vertex 2.914122e+01 1.069104e+01 2.600000e+00
      vertex 2.835948e+01 1.052109e+01 2.600000e+00
      vertex 2.835948e+01 1.052109e+01 1.600000e+00
    endloop
  endfacet
  facet normal 2.124316e-01 -9.771760e-01 0.000000e+00
    outer loop
      vertex 2.914122e+01 1.069104e+01 2.600000e+00
      vertex 2.835948e+01 1.052109e+01 1.600000e+00
      vertex 2.914122e+01 1.069104e+01 1.600000e+00
    endloop
  endfacet
  facet normal -9.771762e-01 -2.124302e-01 1.080476e-06
    outer loop
      vertex 2.646651e+01 1.922876e+01 6.000000e-01
      vertex 2.678200e+01 1.777748e+01 6.000000e-01
      vertex 2.615101e+01 2.068003e+01 2.100000e+00
    endloop
  endfacet
  facet normal -9.771760e-01 -2.124316e-01 0.000000e+00
    outer loop
      vertex 2.741300e+01 1.487493e+01 6.000000e-01
      vertex 2.741300e+01 1.487493e+01 3.600000e+00
      vertex 2.709750e+01 1.632621e+01 3.600000e+00
    endloop
  endfacet
  facet normal -9.771760e-01 -2.124316e-01 1.356104e-17
    outer loop
      vertex 2.741300e+01 1.487493e+01 6.000000e-01
      vertex 2.709750e+01 1.632621e+01 3.600000e+00
      vertex 2.709750e+01 1.632621e+01 6.000000e-01
    endloop
  endfacet
  facet normal -9.771765e-01 -2.124291e-01 0.000000e+00
    outer loop
      vertex 2.709750e+01 1.632621e+01 6.000000e-01
      vertex 2.709750e+01 1.632621e+01 3.600000e+00
      vertex 2.678200e+01 1.777748e+01 3.600000e+00
    endloop
  endfacet
  facet normal -9.771765e-01 -2.124291e-01 0.000000e+00
    outer loop
      vertex 2.709750e+01 1.632621e+01 6.000000e-01
      vertex 2.678200e+01 1.777748e+01 3.600000e+00
      vertex 2.678200e+01 1.777748e+01 6.000000e-01
    endloop
  endfacet
  facet normal -9.771765e-01 -2.124291e-01 -0.000000e+00
    outer loop
      vertex 2.772849e+01 1.342365e+01 3.600000e+00
      vertex 2.772849e+01 1.342365e+01 6.000000e-01
      vertex 2.835948e+01 1.052109e+01 1.600000e+00
    endloop
  endfacet
  facet normal -9.771765e-01 -2.124291e-01 0.000000e+00
    outer loop
      vertex 2.835948e+01 1.052109e+01 6.000000e-01
      vertex 2.835948e+01 1.052109e+01 1.600000e+00
      vertex 2.804399e+01 1.197237e+01 6.000000e-01
    endloop
  endfacet
  facet normal -9.771765e-01 -2.124291e-01 0.000000e+00
    outer loop
      vertex 2.772849e+01 1.342365e+01 6.000000e-01
      vertex 2.804399e+01 1.197237e+01 6.000000e-01
      vertex 2.835948e+01 1.052109e+01 1.600000e+00
    endloop
  endfacet
  facet normal -9.771765e-01 -2.124291e-01 0.000000e+00
    outer loop
      vertex 2.772849e+01 1.342365e+01 6.000000e-01
      vertex 2.772849e+01 1.342365e+01 3.600000e+00
      vertex 2.741300e+01 1.487493e+01 3.600000e+00
    endloop
  endfacet
  facet normal -9.771765e-01 -2.124291e-01 0.000000e+00
    outer loop
      vertex 2.772849e+01 1.342365e+01 6.000000e-01
      vertex 2.741300e+01 1.487493e+01 3.600000e+00
      vertex 2.741300e+01 1.487493e+01 6.000000e-01
    endloop
  endfacet
  facet normal -9.771765e-01 -2.124291e-01 -0.000000e+00
    outer loop
      vertex 2.615101e+01 2.068003e+01 2.100000e+00
      vertex 2.615101e+01 2.068003e+01 6.000000e-01
      vertex 2.646651e+01 1.922876e+01 6.000000e-01
    endloop
  endfacet
  facet normal -9.771765e-01 -2.124291e-01 -0.000000e+00
    outer loop
      vertex 2.646651e+01 1.922876e+01 3.600000e+00
      vertex 2.615101e+01 2.068003e+01 3.600000e+00
      vertex 2.615101e+01 2.068003e+01 2.100000e+00
    endloop
  endfacet
  facet normal -9.771762e-01 -2.124302e-01 -1.080476e-06
    outer loop
      vertex 2.615101e+01 2.068003e+01 2.100000e+00
      vertex 2.678200e+01 1.777748e+01 3.600000e+00
      vertex 2.646651e+01 1.922876e+01 3.600000e+00
    endloop
  endfacet
  facet normal -9.771765e-01 -2.124291e-01 0.000000e+00
    outer loop
      vertex 2.835948e+01 1.052109e+01 2.600000e+00
      vertex 2.772849e+01 1.342365e+01 3.600000e+00
      vertex 2.835948e+01 1.052109e+01 1.600000e+00
    endloop
  endfacet
  facet normal -9.771765e-01 -2.124291e-01 0.000000e+00
    outer loop
      vertex 2.835948e+01 1.052109e+01 2.600000e+00
      vertex 2.804399e+01 1.197237e+01 3.600000e+00
      vertex 2.772849e+01 1.342365e+01 3.600000e+00
    endloop
  endfacet
  facet normal -9.771765e-01 -2.124291e-01 0.000000e+00
    outer loop
      vertex 2.835948e+01 1.052109e+01 2.600000e+00
      vertex 2.835948e+01 1.052109e+01 3.600000e+00
      vertex 2.804399e+01 1.197237e+01 3.600000e+00
    endloop
  endfacet
  facet normal -9.771764e-01 -2.124296e-01 0.000000e+00
    outer loop
      vertex 2.678200e+01 1.777748e+01 6.000000e-01
      vertex 2.678200e+01 1.777748e+01 3.600000e+00
      vertex 2.615101e+01 2.068003e+01 2.100000e+00
    endloop
  endfacet
  facet normal -2.124306e-01 9.771761e-01 0.000000e+00
    outer loop
      vertex 2.615101e+01 2.068003e+01 2.100000e+00
      vertex 2.693276e+01 2.084998e+01 2.100000e+00
      vertex 2.693276e+01 2.084998e+01 6.000000e-01
    endloop
  endfacet
  facet normal -2.124306e-01 9.771761e-01 0.000000e+00
    outer loop
      vertex 2.615101e+01 2.068003e+01 2.100000e+00
      vertex 2.693276e+01 2.084998e+01 6.000000e-01
      vertex 2.615101e+01 2.068003e+01 6.000000e-01
    endloop
  endfacet
  facet normal -2.124306e-01 9.771761e-01 0.000000e+00
    outer loop
      vertex 2.615101e+01 2.068003e+01 3.600000e+00
      vertex 2.693276e+01 2.084998e+01 3.600000e+00
      vertex 2.693276e+01 2.084998e+01 2.100000e+00
    endloop
  endfacet
  facet normal -2.124306e-01 9.771761e-01 0.000000e+00
    outer loop
      vertex 2.615101e+01 2.068003e+01 3.600000e+00
      vertex 2.693276e+01 2.084998e+01 2.100000e+00
      vertex 2.615101e+01 2.068003e+01 2.100000e+00
    endloop
  endfacet
  facet normal 0.000000e+00 0.000000e+00 1.000000e+00
    outer loop
      vertex 2.830866e+01 1.263785e+01 3.600000e+00
      vertex 2.914122e+01 1.069104e+01 3.600000e+00
      vertex 2.882573e+01 1.214231e+01 3.600000e+00
    endloop
  endfacet
  facet normal 0.000000e+00 0.000000e+00 1.000000e+00
    outer loop
      vertex 2.819473e+01 1.504487e+01 3.600000e+00
      vertex 2.830866e+01 1.263785e+01 3.600000e+00
      vertex 2.851023e+01 1.359359e+01 3.600000e+00
    endloop
  endfacet
  facet normal 0.000000e+00 0.000000e+00 1.000000e+00
    outer loop
      vertex 2.882573e+01 1.214231e+01 3.600000e+00
      vertex 2.851023e+01 1.359359e+01 3.600000e+00
      vertex 2.830866e+01 1.263785e+01 3.600000e+00
    endloop
  endfacet
  facet normal 0.000000e+00 0.000000e+00 1.000000e+00
    outer loop
      vertex 2.830866e+01 1.263785e+01 3.600000e+00
      vertex 2.835948e+01 1.052109e+01 3.600000e+00
      vertex 2.914122e+01 1.069104e+01 3.600000e+00
    endloop
  endfacet
  facet normal 0.000000e+00 0.000000e+00 1.000000e+00
    outer loop
      vertex 2.819473e+01 1.504487e+01 3.600000e+00
      vertex 2.787924e+01 1.649614e+01 3.600000e+00
      vertex 2.742527e+01 1.670143e+01 3.600000e+00
    endloop
  endfacet
  facet normal 0.000000e+00 0.000000e+00 1.000000e+00
    outer loop
      vertex 2.756375e+01 1.794742e+01 3.600000e+00
      vertex 2.724825e+01 1.939870e+01 3.600000e+00
      vertex 2.698358e+01 1.873322e+01 3.600000e+00
    endloop
  endfacet
  facet normal 0.000000e+00 0.000000e+00 1.000000e+00
    outer loop
      vertex 2.724825e+01 1.939870e+01 3.600000e+00
      vertex 2.693276e+01 2.084998e+01 3.600000e+00
      vertex 2.698358e+01 1.873322e+01 3.600000e+00
    endloop
  endfacet
  facet normal 0.000000e+00 0.000000e+00 1.000000e+00
    outer loop
      vertex 2.742527e+01 1.670143e+01 3.600000e+00
      vertex 2.787924e+01 1.649614e+01 3.600000e+00
      vertex 2.756375e+01 1.794742e+01 3.600000e+00
    endloop
  endfacet
  facet normal 0.000000e+00 0.000000e+00 1.000000e+00
    outer loop
      vertex 2.742527e+01 1.670143e+01 3.600000e+00
      vertex 2.830866e+01 1.263785e+01 3.600000e+00
      vertex 2.819473e+01 1.504487e+01 3.600000e+00
    endloop
  endfacet
  facet normal 0.000000e+00 0.000000e+00 1.000000e+00
    outer loop
      vertex 2.804399e+01 1.197237e+01 3.600000e+00
      vertex 2.830866e+01 1.263785e+01 3.600000e+00
      vertex 2.772849e+01 1.342365e+01 3.600000e+00
    endloop
  endfacet
  facet normal 0.000000e+00 0.000000e+00 1.000000e+00
    outer loop
      vertex 2.742527e+01 1.670143e+01 3.600000e+00
      vertex 2.741300e+01 1.487493e+01 3.600000e+00
      vertex 2.772849e+01 1.342365e+01 3.600000e+00
    endloop
  endfacet
  facet normal 0.000000e+00 0.000000e+00 1.000000e+00
    outer loop
      vertex 2.742527e+01 1.670143e+01 3.600000e+00
      vertex 2.772849e+01 1.342365e+01 3.600000e+00
      vertex 2.830866e+01 1.263785e+01 3.600000e+00
    endloop
  endfacet
  facet normal 0.000000e+00 0.000000e+00 1.000000e+00
    outer loop
      vertex 2.742527e+01 1.670143e+01 3.600000e+00
      vertex 2.709750e+01 1.632621e+01 3.600000e+00
      vertex 2.741300e+01 1.487493e+01 3.600000e+00
    endloop
  endfacet
  facet normal 0.000000e+00 0.000000e+00 1.000000e+00
    outer loop
      vertex 2.756375e+01 1.794742e+01 3.600000e+00
      vertex 2.698358e+01 1.873322e+01 3.600000e+00
      vertex 2.742527e+01 1.670143e+01 3.600000e+00
    endloop
  endfacet
  facet normal 0.000000e+00 0.000000e+00 1.000000e+00
    outer loop
      vertex 2.698358e+01 1.873322e+01 3.600000e+00
      vertex 2.678200e+01 1.777748e+01 3.600000e+00
      vertex 2.709750e+01 1.632621e+01 3.600000e+00
    endloop
  endfacet
  facet normal 0.000000e+00 0.000000e+00 1.000000e+00
    outer loop
      vertex 2.698358e+01 1.873322e+01 3.600000e+00
      vertex 2.709750e+01 1.632621e+01 3.600000e+00
      vertex 2.742527e+01 1.670143e+01 3.600000e+00
    endloop
  endfacet
  facet normal 0.000000e+00 0.000000e+00 1.000000e+00
    outer loop
      vertex 2.698358e+01 1.873322e+01 3.600000e+00
      vertex 2.646651e+01 1.922876e+01 3.600000e+00
      vertex 2.678200e+01 1.777748e+01 3.600000e+00
    endloop
  endfacet
  facet normal 0.000000e+00 0.000000e+00 1.000000e+00
    outer loop
      vertex 2.698358e+01 1.873322e+01 3.600000e+00
      vertex 2.615101e+01 2.068003e+01 3.600000e+00
      vertex 2.646651e+01 1.922876e+01 3.600000e+00
    endloop
  endfacet
  facet normal 0.000000e+00 0.000000e+00 1.000000e+00
    outer loop
      vertex 2.693276e+01 2.084998e+01 3.600000e+00
      vertex 2.615101e+01 2.068003e+01 3.600000e+00
      vertex 2.698358e+01 1.873322e+01 3.600000e+00
    endloop
  endfacet
  facet normal 0.000000e+00 0.000000e+00 1.000000e+00
    outer loop
      vertex 2.835948e+01 1.052109e+01 3.600000e+00
      vertex 2.830866e+01 1.263785e+01 3.600000e+00
      vertex 2.804399e+01 1.197237e+01 3.600000e+00
    endloop
  endfacet
  facet normal -1.274918e-15 -1.444736e-16 -1.000000e+00
    outer loop
      vertex 3.784967e+01 1.148065e+01 2.511148e-13
      vertex 3.737040e+01 1.072509e+01 2.518350e-13
      vertex 3.162549e+01 1.436927e+01 2.586328e-13
    endloop
  endfacet
  facet normal -1.274914e-15 -1.444652e-16 -1.000000e+00
    outer loop
      vertex 3.258404e+01 1.588038e+01 2.571924e-13
      vertex 3.832895e+01 1.223619e+01 2.503946e-13
      vertex 3.784967e+01 1.148065e+01 2.511148e-13
    endloop
  endfacet
  facet normal -1.274916e-15 -1.444677e-16 -1.000000e+00
    outer loop
      vertex 3.162549e+01 1.436927e+01 2.586328e-13
      vertex 3.258404e+01 1.588038e+01 2.571924e-13
      vertex 3.784967e+01 1.148065e+01 2.511148e-13
    endloop
  endfacet
  facet normal -1.274915e-15 -1.444682e-16 -1.000000e+00
    outer loop
      vertex 2.683914e+01 1.952456e+01 2.639902e-13
      vertex 3.258404e+01 1.588038e+01 2.571924e-13
      vertex 3.162549e+01 1.436927e+01 2.586328e-13
    endloop
  endfacet
  facet normal -1.274917e-15 -1.444713e-16 -1.000000e+00
    outer loop
      vertex 3.258404e+01 1.588038e+01 2.571924e-13
      vertex 2.683914e+01 1.952456e+01 2.639902e-13
      vertex 2.779769e+01 2.103567e+01 2.625498e-13
    endloop
  endfacet
  facet normal -1.274919e-15 -1.444732e-16 -1.000000e+00
    outer loop
      vertex 3.258404e+01 1.588038e+01 2.571924e-13
      vertex 2.779769e+01 2.103567e+01 2.625498e-13
      vertex 3.354259e+01 1.739149e+01 2.557520e-13
    endloop
  endfacet
  facet normal -1.274919e-15 -1.444734e-16 -1.000000e+00
    outer loop
      vertex 4.168067e+01 1.116966e+01 2.462755e-13
      vertex 3.880822e+01 1.299175e+01 2.496744e-13
      vertex 3.928749e+01 1.374730e+01 2.489542e-13
    endloop
  endfacet
  facet normal -1.274919e-15 -1.444734e-16 -1.000000e+00
    outer loop
      vertex 4.168067e+01 1.116966e+01 2.462755e-13
      vertex 3.928749e+01 1.374730e+01 2.489542e-13
      vertex 4.215994e+01 1.192521e+01 2.455553e-13
    endloop
  endfacet
  facet normal -1.274918e-15 -1.444725e-16 -1.000000e+00
    outer loop
      vertex 3.880822e+01 1.299175e+01 2.496744e-13
      vertex 3.832895e+01 1.223619e+01 2.503946e-13
      vertex 3.258404e+01 1.588038e+01 2.571924e-13
    endloop
  endfacet
  facet normal -1.274919e-15 -1.444734e-16 -1.000000e+00
    outer loop
      vertex 3.354259e+01 1.739149e+01 2.557520e-13
      vertex 3.928749e+01 1.374730e+01 2.489542e-13
      vertex 3.880822e+01 1.299175e+01 2.496744e-13
    endloop
  endfacet
  facet normal -1.274919e-15 -1.444734e-16 -1.000000e+00
    outer loop
      vertex 3.258404e+01 1.588038e+01 2.571924e-13
      vertex 3.354259e+01 1.739149e+01 2.557520e-13
      vertex 3.880822e+01 1.299175e+01 2.496744e-13
    endloop
  endfacet
  facet normal -1.274919e-15 -1.444734e-16 -1.000000e+00
    outer loop
      vertex 4.215994e+01 1.192521e+01 2.455553e-13
      vertex 3.928749e+01 1.374730e+01 2.489542e-13
      vertex 3.976676e+01 1.450286e+01 2.482340e-13
    endloop
  endfacet
  facet normal -1.274918e-15 -1.444728e-16 -1.000000e+00
    outer loop
      vertex 4.215994e+01 1.192521e+01 2.455553e-13
      vertex 3.976676e+01 1.450286e+01 2.482340e-13
      vertex 4.263921e+01 1.268077e+01 2.448351e-13
    endloop
  endfacet
  facet normal -1.274918e-15 -1.444728e-16 -1.000000e+00
    outer loop
      vertex 3.210158e+01 8.769411e+00 2.588348e-13
      vertex 2.922913e+01 1.059150e+01 2.622337e-13
      vertex 2.970840e+01 1.134706e+01 2.615135e-13
    endloop
  endfacet
  facet normal -1.274918e-15 -1.444728e-16 -1.000000e+00
    outer loop
      vertex 3.210158e+01 8.769411e+00 2.588348e-13
      vertex 2.970840e+01 1.134706e+01 2.615135e-13
      vertex 3.258085e+01 9.524971e+00 2.581146e-13
    endloop
  endfacet
  facet normal -1.274918e-15 -1.444728e-16 -1.000000e+00
    outer loop
      vertex 3.258085e+01 9.524971e+00 2.581146e-13
      vertex 2.970840e+01 1.134706e+01 2.615135e-13
      vertex 3.018767e+01 1.210261e+01 2.607933e-13
    endloop
  endfacet
  facet normal -1.274919e-15 -1.444741e-16 -1.000000e+00
    outer loop
      vertex 3.258085e+01 9.524971e+00 2.581146e-13
      vertex 3.018767e+01 1.210261e+01 2.607933e-13
      vertex 3.306013e+01 1.028052e+01 2.573944e-13
    endloop
  endfacet
  facet normal -1.274913e-15 -1.444649e-16 -1.000000e+00
    outer loop
      vertex 3.306013e+01 1.028052e+01 2.573944e-13
      vertex 3.018767e+01 1.210261e+01 2.607933e-13
      vertex 3.066695e+01 1.285817e+01 2.600731e-13
    endloop
  endfacet
  facet normal -1.274912e-15 -1.444636e-16 -1.000000e+00
    outer loop
      vertex 3.306013e+01 1.028052e+01 2.573944e-13
      vertex 3.066695e+01 1.285817e+01 2.600731e-13
      vertex 3.353940e+01 1.103608e+01 2.566742e-13
    endloop
  endfacet
  facet normal -1.265711e-15 -1.410624e-16 -1.000000e+00
    outer loop
      vertex 2.354570e+01 2.373285e+01 2.674177e-13
      vertex 2.301133e+01 2.619096e+01 2.677473e-13
      vertex 2.510038e+01 2.486580e+01 2.652901e-13
    endloop
  endfacet
  facet normal -1.265710e-15 -1.410640e-16 -1.000000e+00
    outer loop
      vertex 2.354570e+01 2.373285e+01 2.674177e-13
      vertex 2.510038e+01 2.486580e+01 2.652901e-13
      vertex 2.718944e+01 2.354065e+01 2.628329e-13
    endloop
  endfacet
  facet normal -1.229306e-15 -1.331502e-16 -1.000000e+00
    outer loop
      vertex 2.779769e+01 2.103567e+01 2.625498e-13
      vertex 2.408007e+01 2.127473e+01 2.670881e-13
      vertex 2.354570e+01 2.373285e+01 2.674177e-13
    endloop
  endfacet
  facet normal -1.231793e-15 -1.718261e-16 -1.000000e+00
    outer loop
      vertex 2.779769e+01 2.103567e+01 2.625498e-13
      vertex 2.683914e+01 1.952456e+01 2.639902e-13
      vertex 2.408007e+01 2.127473e+01 2.670881e-13
    endloop
  endfacet
  facet normal -1.203733e-15 -1.275909e-16 -1.000000e+00
    outer loop
      vertex 2.461445e+01 1.881662e+01 2.667584e-13
      vertex 2.408007e+01 2.127473e+01 2.670881e-13
      vertex 2.683914e+01 1.952456e+01 2.639902e-13
    endloop
  endfacet
  facet normal -1.268556e-15 -1.950263e-16 -1.000000e+00
    outer loop
      vertex 2.779769e+01 2.103567e+01 2.625498e-13
      vertex 2.354570e+01 2.373285e+01 2.674177e-13
      vertex 2.718944e+01 2.354065e+01 2.628329e-13
    endloop
  endfacet
  facet normal -1.305655e-15 -2.040346e-16 -1.000000e+00
    outer loop
      vertex 2.779769e+01 2.103567e+01 2.625498e-13
      vertex 2.718944e+01 2.354065e+01 2.628329e-13
      vertex 2.927849e+01 2.221549e+01 2.603756e-13
    endloop
  endfacet
  facet normal -1.305171e-15 -1.921648e-16 -1.000000e+00
    outer loop
      vertex 3.354259e+01 1.739149e+01 2.557520e-13
      vertex 2.779769e+01 2.103567e+01 2.625498e-13
      vertex 3.136755e+01 2.089033e+01 2.579184e-13
    endloop
  endfacet
  facet normal -1.293544e-15 -1.849370e-16 -1.000000e+00
    outer loop
      vertex 3.354259e+01 1.739149e+01 2.557520e-13
      vertex 3.136755e+01 2.089033e+01 2.579184e-13
      vertex 3.345660e+01 1.956517e+01 2.554612e-13
    endloop
  endfacet
  facet normal -1.293539e-15 -1.849367e-16 -1.000000e+00
    outer loop
      vertex 3.354259e+01 1.739149e+01 2.557520e-13
      vertex 3.345660e+01 1.956517e+01 2.554612e-13
      vertex 3.554566e+01 1.824002e+01 2.530040e-13
    endloop
  endfacet
  facet normal -1.215821e-15 -8.960374e-17 -1.000000e+00
    outer loop
      vertex 2.683914e+01 1.952456e+01 2.639902e-13
      vertex 3.162549e+01 1.436927e+01 2.586328e-13
      vertex 2.461445e+01 1.881662e+01 2.667584e-13
    endloop
  endfacet
  facet normal -1.245705e-15 -1.367132e-16 -1.000000e+00
    outer loop
      vertex 2.514882e+01 1.635850e+01 2.664288e-13
      vertex 2.461445e+01 1.881662e+01 2.667584e-13
      vertex 3.162549e+01 1.436927e+01 2.586328e-13
    endloop
  endfacet
  facet normal -1.274918e-15 -1.444736e-16 -1.000000e+00
    outer loop
      vertex 3.162549e+01 1.436927e+01 2.586328e-13
      vertex 3.737040e+01 1.072509e+01 2.518350e-13
      vertex 3.353940e+01 1.103608e+01 2.566742e-13
    endloop
  endfacet
  facet normal -1.252463e-15 -1.587177e-16 -1.000000e+00
    outer loop
      vertex 3.066695e+01 1.285817e+01 2.600731e-13
      vertex 2.514882e+01 1.635850e+01 2.664288e-13
      vertex 3.162549e+01 1.436927e+01 2.586328e-13
    endloop
  endfacet
  facet normal -1.305655e-15 -2.040357e-16 -1.000000e+00
    outer loop
      vertex 3.136755e+01 2.089033e+01 2.579184e-13
      vertex 2.779769e+01 2.103567e+01 2.625498e-13
      vertex 2.927849e+01 2.221549e+01 2.603756e-13
    endloop
  endfacet
  facet normal -1.231222e-15 -1.335667e-16 -1.000000e+00
    outer loop
      vertex 2.568319e+01 1.390039e+01 2.660992e-13
      vertex 2.514882e+01 1.635850e+01 2.664288e-13
      vertex 3.018767e+01 1.210261e+01 2.607933e-13
    endloop
  endfacet
  facet normal -1.252458e-15 -1.587095e-16 -1.000000e+00
    outer loop
      vertex 3.066695e+01 1.285817e+01 2.600731e-13
      vertex 3.018767e+01 1.210261e+01 2.607933e-13
      vertex 2.514882e+01 1.635850e+01 2.664288e-13
    endloop
  endfacet
  facet normal -1.243523e-15 -1.643876e-16 -1.000000e+00
    outer loop
      vertex 2.568319e+01 1.390039e+01 2.660992e-13
      vertex 3.018767e+01 1.210261e+01 2.607933e-13
      vertex 2.970840e+01 1.134706e+01 2.615135e-13
    endloop
  endfacet
  facet normal -1.243523e-15 -1.643876e-16 -1.000000e+00
    outer loop
      vertex 2.922913e+01 1.059150e+01 2.622337e-13
      vertex 2.568319e+01 1.390039e+01 2.660992e-13
      vertex 2.970840e+01 1.134706e+01 2.615135e-13
    endloop
  endfacet
  facet normal -1.265709e-15 -1.410620e-16 -1.000000e+00
    outer loop
      vertex 2.621757e+01 1.144226e+01 2.657696e-13
      vertex 3.053929e+01 7.410941e+00 2.608682e-13
      vertex 2.675194e+01 8.984151e+00 2.654400e-13
    endloop
  endfacet
  facet normal -1.265711e-15 -1.410644e-16 -1.000000e+00
    outer loop
      vertex 2.728631e+01 6.526031e+00 2.651104e-13
      vertex 2.675194e+01 8.984151e+00 2.654400e-13
      vertex 2.809955e+01 6.747261e+00 2.640498e-13
    endloop
  endfacet
  facet normal -1.182143e-15 -2.843791e-17 -1.000000e+00
    outer loop
      vertex 3.135254e+01 7.632171e+00 2.598077e-13
      vertex 2.621757e+01 1.144226e+01 2.657696e-13
      vertex 2.922913e+01 1.059150e+01 2.622337e-13
    endloop
  endfacet
  facet normal -1.210573e-15 -1.290774e-16 -1.000000e+00
    outer loop
      vertex 2.922913e+01 1.059150e+01 2.622337e-13
      vertex 2.621757e+01 1.144226e+01 2.657696e-13
      vertex 2.568319e+01 1.390039e+01 2.660992e-13
    endloop
  endfacet
  facet normal -1.265707e-15 -1.410594e-16 -1.000000e+00
    outer loop
      vertex 3.135254e+01 7.632171e+00 2.598077e-13
      vertex 3.053929e+01 7.410941e+00 2.608682e-13
      vertex 2.621757e+01 1.144226e+01 2.657696e-13
    endloop
  endfacet
  facet normal -1.277704e-15 -9.700554e-17 -1.000000e+00
    outer loop
      vertex 3.135254e+01 7.632171e+00 2.598077e-13
      vertex 2.922913e+01 1.059150e+01 2.622337e-13
      vertex 3.216578e+01 7.853391e+00 2.587472e-13
    endloop
  endfacet
  facet normal -1.317495e-15 -1.174669e-16 -1.000000e+00
    outer loop
      vertex 3.460551e+01 8.517071e+00 2.555655e-13
      vertex 3.258085e+01 9.524971e+00 2.581146e-13
      vertex 3.306013e+01 1.028052e+01 2.573944e-13
    endloop
  endfacet
  facet normal -1.299089e-15 -1.291272e-16 -1.000000e+00
    outer loop
      vertex 3.306013e+01 1.028052e+01 2.573944e-13
      vertex 3.353940e+01 1.103608e+01 2.566742e-13
      vertex 3.623200e+01 8.959521e+00 2.534445e-13
    endloop
  endfacet
  facet normal -1.265705e-15 -1.410609e-16 -1.000000e+00
    outer loop
      vertex 2.809955e+01 6.747261e+00 2.640498e-13
      vertex 2.675194e+01 8.984151e+00 2.654400e-13
      vertex 2.891280e+01 6.968491e+00 2.629893e-13
    endloop
  endfacet
  facet normal -1.265708e-15 -1.410593e-16 -1.000000e+00
    outer loop
      vertex 3.053929e+01 7.410941e+00 2.608682e-13
      vertex 2.972604e+01 7.189721e+00 2.619288e-13
      vertex 2.675194e+01 8.984151e+00 2.654400e-13
    endloop
  endfacet
  facet normal -1.265715e-15 -1.410714e-16 -1.000000e+00
    outer loop
      vertex 2.675194e+01 8.984151e+00 2.654400e-13
      vertex 2.972604e+01 7.189721e+00 2.619288e-13
      vertex 2.891280e+01 6.968491e+00 2.629893e-13
    endloop
  endfacet
  facet normal -1.274918e-15 -1.444736e-16 -1.000000e+00
    outer loop
      vertex 3.353940e+01 1.103608e+01 2.566742e-13
      vertex 3.066695e+01 1.285817e+01 2.600731e-13
      vertex 3.162549e+01 1.436927e+01 2.586328e-13
    endloop
  endfacet
  facet normal -1.293539e-15 -1.849360e-16 -1.000000e+00
    outer loop
      vertex 3.763472e+01 1.691486e+01 2.505468e-13
      vertex 3.354259e+01 1.739149e+01 2.557520e-13
      vertex 3.554566e+01 1.824002e+01 2.530040e-13
    endloop
  endfacet
  facet normal -1.292950e-15 -1.840067e-16 -1.000000e+00
    outer loop
      vertex 3.976676e+01 1.450286e+01 2.482340e-13
      vertex 3.763472e+01 1.691486e+01 2.505468e-13
      vertex 3.972378e+01 1.558970e+01 2.480896e-13
    endloop
  endfacet
  facet normal -1.300177e-15 -1.842925e-16 -1.000000e+00
    outer loop
      vertex 4.263921e+01 1.268077e+01 2.448351e-13
      vertex 3.976676e+01 1.450286e+01 2.482340e-13
      vertex 3.972378e+01 1.558970e+01 2.480896e-13
    endloop
  endfacet
  facet normal -1.280845e-15 -1.649173e-16 -1.000000e+00
    outer loop
      vertex 4.263921e+01 1.268077e+01 2.448351e-13
      vertex 3.972378e+01 1.558970e+01 2.480896e-13
      vertex 4.181283e+01 1.426455e+01 2.456324e-13
    endloop
  endfacet
  facet normal -1.274919e-15 -1.444734e-16 -1.000000e+00
    outer loop
      vertex 3.354259e+01 1.739149e+01 2.557520e-13
      vertex 3.976676e+01 1.450286e+01 2.482340e-13
      vertex 3.928749e+01 1.374730e+01 2.489542e-13
    endloop
  endfacet
  facet normal -1.280332e-15 -1.410382e-16 -1.000000e+00
    outer loop
      vertex 4.436445e+01 1.117178e+01 2.428391e-13
      vertex 4.215994e+01 1.192521e+01 2.455553e-13
      vertex 4.263921e+01 1.268077e+01 2.448351e-13
    endloop
  endfacet
  facet normal -1.280838e-15 -1.649138e-16 -1.000000e+00
    outer loop
      vertex 4.263921e+01 1.268077e+01 2.448351e-13
      vertex 4.181283e+01 1.426455e+01 2.456324e-13
      vertex 4.390188e+01 1.293939e+01 2.431752e-13
    endloop
  endfacet
  facet normal -1.272192e-15 -1.172195e-16 -1.000000e+00
    outer loop
      vertex 4.215994e+01 1.192521e+01 2.455553e-13
      vertex 4.436445e+01 1.117178e+01 2.428391e-13
      vertex 4.355121e+01 1.095055e+01 2.438996e-13
    endloop
  endfacet
  facet normal -1.269190e-15 -1.282994e-16 -1.000000e+00
    outer loop
      vertex 4.436445e+01 1.117178e+01 2.428391e-13
      vertex 4.263921e+01 1.268077e+01 2.448351e-13
      vertex 4.517769e+01 1.139300e+01 2.417785e-13
    endloop
  endfacet
  facet normal -1.265706e-15 -1.410593e-16 -1.000000e+00
    outer loop
      vertex 4.390188e+01 1.293939e+01 2.431752e-13
      vertex 4.599094e+01 1.161423e+01 2.407180e-13
      vertex 4.517769e+01 1.139300e+01 2.417785e-13
    endloop
  endfacet
  facet normal -1.225783e-15 -6.701308e-17 -1.000000e+00
    outer loop
      vertex 3.880822e+01 1.299175e+01 2.496744e-13
      vertex 4.168067e+01 1.116966e+01 2.462755e-13
      vertex 4.192472e+01 1.050810e+01 2.460207e-13
    endloop
  endfacet
  facet normal -1.280382e-15 -8.715479e-17 -1.000000e+00
    outer loop
      vertex 4.273796e+01 1.072933e+01 2.449601e-13
      vertex 4.192472e+01 1.050810e+01 2.460207e-13
      vertex 4.168067e+01 1.116966e+01 2.462755e-13
    endloop
  endfacet
  facet normal -1.298124e-15 -1.297537e-16 -1.000000e+00
    outer loop
      vertex 4.215994e+01 1.192521e+01 2.455553e-13
      vertex 4.273796e+01 1.072933e+01 2.449601e-13
      vertex 4.168067e+01 1.116966e+01 2.462755e-13
    endloop
  endfacet
  facet normal -1.272192e-15 -1.172201e-16 -1.000000e+00
    outer loop
      vertex 4.215994e+01 1.192521e+01 2.455553e-13
      vertex 4.355121e+01 1.095055e+01 2.438996e-13
      vertex 4.273796e+01 1.072933e+01 2.449601e-13
    endloop
  endfacet
  facet normal -1.282830e-15 -1.551871e-16 -1.000000e+00
    outer loop
      vertex 4.263921e+01 1.268077e+01 2.448351e-13
      vertex 4.390188e+01 1.293939e+01 2.431752e-13
      vertex 4.517769e+01 1.139300e+01 2.417785e-13
    endloop
  endfacet
  facet normal -1.283284e-15 -1.391658e-16 -1.000000e+00
    outer loop
      vertex 3.832895e+01 1.223619e+01 2.503946e-13
      vertex 3.880822e+01 1.299175e+01 2.496744e-13
      vertex 4.192472e+01 1.050810e+01 2.460207e-13
    endloop
  endfacet
  facet normal -1.280867e-15 -8.537403e-17 -1.000000e+00
    outer loop
      vertex 3.541876e+01 8.738291e+00 2.545050e-13
      vertex 3.306013e+01 1.028052e+01 2.573944e-13
      vertex 3.623200e+01 8.959521e+00 2.534445e-13
    endloop
  endfacet
  facet normal -1.280857e-15 -8.535967e-17 -1.000000e+00
    outer loop
      vertex 3.541876e+01 8.738291e+00 2.545050e-13
      vertex 3.460551e+01 8.517071e+00 2.555655e-13
      vertex 3.306013e+01 1.028052e+01 2.573944e-13
    endloop
  endfacet
  facet normal -1.288165e-15 -5.854761e-17 -1.000000e+00
    outer loop
      vertex 3.460551e+01 8.517071e+00 2.555655e-13
      vertex 3.379227e+01 8.295841e+00 2.566261e-13
      vertex 3.258085e+01 9.524971e+00 2.581146e-13
    endloop
  endfacet
  facet normal -1.174799e-15 1.335982e-17 -1.000000e+00
    outer loop
      vertex 2.922913e+01 1.059150e+01 2.622337e-13
      vertex 3.210158e+01 8.769411e+00 2.588348e-13
      vertex 3.216578e+01 7.853391e+00 2.587472e-13
    endloop
  endfacet
  facet normal -1.305227e-15 4.219619e-18 -1.000000e+00
    outer loop
      vertex 3.297902e+01 8.074621e+00 2.576866e-13
      vertex 3.216578e+01 7.853391e+00 2.587472e-13
      vertex 3.210158e+01 8.769411e+00 2.588348e-13
    endloop
  endfacet
  facet normal -1.305227e-15 4.219656e-18 -1.000000e+00
    outer loop
      vertex 3.210158e+01 8.769411e+00 2.588348e-13
      vertex 3.379227e+01 8.295841e+00 2.566261e-13
      vertex 3.297902e+01 8.074621e+00 2.576866e-13
    endloop
  endfacet
  facet normal -1.336020e-15 -1.057137e-16 -1.000000e+00
    outer loop
      vertex 3.210158e+01 8.769411e+00 2.588348e-13
      vertex 3.258085e+01 9.524971e+00 2.581146e-13
      vertex 3.379227e+01 8.295841e+00 2.566261e-13
    endloop
  endfacet
  facet normal -1.298850e-15 -1.292932e-16 -1.000000e+00
    outer loop
      vertex 3.737040e+01 1.072509e+01 2.518350e-13
      vertex 3.784967e+01 1.148065e+01 2.511148e-13
      vertex 3.948498e+01 9.844431e+00 2.492023e-13
    endloop
  endfacet
  facet normal -1.275317e-15 -1.057738e-16 -1.000000e+00
    outer loop
      vertex 4.029822e+01 1.006565e+01 2.481418e-13
      vertex 3.948498e+01 9.844431e+00 2.492023e-13
      vertex 3.784967e+01 1.148065e+01 2.511148e-13
    endloop
  endfacet
  facet normal -1.291571e-15 -1.338989e-16 -1.000000e+00
    outer loop
      vertex 3.832895e+01 1.223619e+01 2.503946e-13
      vertex 4.029822e+01 1.006565e+01 2.481418e-13
      vertex 3.784967e+01 1.148065e+01 2.511148e-13
    endloop
  endfacet
  facet normal -1.272389e-15 -1.164957e-16 -1.000000e+00
    outer loop
      vertex 4.029822e+01 1.006565e+01 2.481418e-13
      vertex 3.832895e+01 1.223619e+01 2.503946e-13
      vertex 4.111147e+01 1.028688e+01 2.470812e-13
    endloop
  endfacet
  facet normal -1.276811e-15 -1.002409e-16 -1.000000e+00
    outer loop
      vertex 3.353940e+01 1.103608e+01 2.566742e-13
      vertex 3.704525e+01 9.180741e+00 2.523839e-13
      vertex 3.623200e+01 8.959521e+00 2.534445e-13
    endloop
  endfacet
  facet normal -1.276811e-15 -1.002398e-16 -1.000000e+00
    outer loop
      vertex 3.704525e+01 9.180741e+00 2.523839e-13
      vertex 3.353940e+01 1.103608e+01 2.566742e-13
      vertex 3.785850e+01 9.401971e+00 2.513234e-13
    endloop
  endfacet
  facet normal -1.280747e-15 -8.581578e-17 -1.000000e+00
    outer loop
      vertex 3.737040e+01 1.072509e+01 2.518350e-13
      vertex 3.867174e+01 9.623201e+00 2.502628e-13
      vertex 3.785850e+01 9.401971e+00 2.513234e-13
    endloop
  endfacet
  facet normal -1.280738e-15 -8.580432e-17 -1.000000e+00
    outer loop
      vertex 3.867174e+01 9.623201e+00 2.502628e-13
      vertex 3.737040e+01 1.072509e+01 2.518350e-13
      vertex 3.948498e+01 9.844431e+00 2.492023e-13
    endloop
  endfacet
  facet normal -1.269830e-15 -8.178828e-17 -1.000000e+00
    outer loop
      vertex 3.737040e+01 1.072509e+01 2.518350e-13
      vertex 3.785850e+01 9.401971e+00 2.513234e-13
      vertex 3.353940e+01 1.103608e+01 2.566742e-13
    endloop
  endfacet
  facet normal -1.272389e-15 -1.164968e-16 -1.000000e+00
    outer loop
      vertex 4.111147e+01 1.028688e+01 2.470812e-13
      vertex 3.832895e+01 1.223619e+01 2.503946e-13
      vertex 4.192472e+01 1.050810e+01 2.460207e-13
    endloop
  endfacet
  facet normal -1.293486e-15 -1.844809e-16 -1.000000e+00
    outer loop
      vertex 3.976676e+01 1.450286e+01 2.482340e-13
      vertex 3.354259e+01 1.739149e+01 2.557520e-13
      vertex 3.763472e+01 1.691486e+01 2.505468e-13
    endloop
  endfacet
  facet normal 2.624942e-01 -9.649336e-01 0.000000e+00
    outer loop
      vertex 2.728631e+01 6.526031e+00 2.651104e-13
      vertex 2.809955e+01 6.747261e+00 2.640498e-13
      vertex 2.809955e+01 6.747261e+00 1.978710e-01
    endloop
  endfacet
  facet normal 2.624942e-01 -9.649336e-01 0.000000e+00
    outer loop
      vertex 2.728631e+01 6.526031e+00 2.651104e-13
      vertex 2.809955e+01 6.747261e+00 1.978710e-01
      vertex 2.728631e+01 6.526031e+00 1.978710e-01
    endloop
  endfacet
  facet normal 2.624846e-01 -9.649362e-01 0.000000e+00
    outer loop
      vertex 2.809955e+01 6.747261e+00 2.640498e-13
      vertex 2.891280e+01 6.968491e+00 2.629893e-13
      vertex 2.891280e+01 6.968491e+00 1.978710e-01
    endloop
  endfacet
  facet normal 2.624846e-01 -9.649362e-01 0.000000e+00
    outer loop
      vertex 2.809955e+01 6.747261e+00 2.640498e-13
      vertex 2.891280e+01 6.968491e+00 1.978710e-01
      vertex 2.809955e+01 6.747261e+00 1.978710e-01
    endloop
  endfacet
  facet normal 2.624846e-01 -9.649362e-01 0.000000e+00
    outer loop
      vertex 2.972604e+01 7.189721e+00 2.619288e-13
      vertex 3.053929e+01 7.410941e+00 2.608682e-13
      vertex 3.053929e+01 7.410941e+00 1.978710e-01
    endloop
  endfacet
  facet normal 2.624846e-01 -9.649362e-01 0.000000e+00
    outer loop
      vertex 2.972604e+01 7.189721e+00 2.619288e-13
      vertex 3.053929e+01 7.410941e+00 1.978710e-01
      vertex 2.972604e+01 7.189721e+00 1.978710e-01
    endloop
  endfacet
  facet normal 2.624931e-01 -9.649339e-01 0.000000e+00
    outer loop
      vertex 3.053929e+01 7.410941e+00 2.608682e-13
      vertex 3.135254e+01 7.632171e+00 2.598077e-13
      vertex 3.135254e+01 7.632171e+00 1.978710e-01
    endloop
  endfacet
  facet normal 2.624931e-01 -9.649339e-01 0.000000e+00
    outer loop
      vertex 3.053929e+01 7.410941e+00 2.608682e-13
      vertex 3.135254e+01 7.632171e+00 1.978710e-01
      vertex 3.053929e+01 7.410941e+00 1.978710e-01
    endloop
  endfacet
  facet normal 2.624953e-01 -9.649332e-01 0.000000e+00
    outer loop
      vertex 2.891280e+01 6.968491e+00 2.629893e-13
      vertex 2.972604e+01 7.189721e+00 2.619288e-13
      vertex 2.972604e+01 7.189721e+00 1.978710e-01
    endloop
  endfacet
  facet normal 2.624953e-01 -9.649332e-01 0.000000e+00
    outer loop
      vertex 2.891280e+01 6.968491e+00 2.629893e-13
      vertex 2.972604e+01 7.189721e+00 1.978710e-01
      vertex 2.891280e+01 6.968491e+00 1.978710e-01
    endloop
  endfacet
  facet normal 2.624931e-01 -9.649339e-01 0.000000e+00
    outer loop
      vertex 3.216578e+01 7.853391e+00 2.587472e-13
      vertex 3.297902e+01 8.074621e+00 2.576866e-13
      vertex 3.297902e+01 8.074621e+00 1.978710e-01
    endloop
  endfacet
  facet normal 2.624931e-01 -9.649339e-01 0.000000e+00
    outer loop
      vertex 3.216578e+01 7.853391e+00 2.587472e-13
      vertex 3.297902e+01 8.074621e+00 1.978710e-01
      vertex 3.216578e+01 7.853391e+00 1.978710e-01
    endloop
  endfacet
  facet normal 2.624846e-01 -9.649362e-01 0.000000e+00
    outer loop
      vertex 3.297902e+01 8.074621e+00 2.576866e-13
      vertex 3.379227e+01 8.295841e+00 2.566261e-13
      vertex 3.379227e+01 8.295841e+00 1.978710e-01
    endloop
  endfacet
  facet normal 2.624846e-01 -9.649362e-01 0.000000e+00
    outer loop
      vertex 3.297902e+01 8.074621e+00 2.576866e-13
      vertex 3.379227e+01 8.295841e+00 1.978710e-01
      vertex 3.297902e+01 8.074621e+00 1.978710e-01
    endloop
  endfacet
  facet normal 2.624846e-01 -9.649362e-01 0.000000e+00
    outer loop
      vertex 3.460551e+01 8.517071e+00 2.555655e-13
      vertex 3.541876e+01 8.738291e+00 2.545050e-13
      vertex 3.541876e+01 8.738291e+00 1.978710e-01
    endloop
  endfacet
  facet normal 2.624846e-01 -9.649362e-01 0.000000e+00
    outer loop
      vertex 3.460551e+01 8.517071e+00 2.555655e-13
      vertex 3.541876e+01 8.738291e+00 1.978710e-01
      vertex 3.460551e+01 8.517071e+00 1.978710e-01
    endloop
  endfacet
  facet normal 2.624953e-01 -9.649332e-01 0.000000e+00
    outer loop
      vertex 3.541876e+01 8.738291e+00 2.545050e-13
      vertex 3.623200e+01 8.959521e+00 2.534445e-13
      vertex 3.623200e+01 8.959521e+00 1.978710e-01
    endloop
  endfacet
  facet normal 2.624953e-01 -9.649332e-01 0.000000e+00
    outer loop
      vertex 3.541876e+01 8.738291e+00 2.545050e-13
      vertex 3.623200e+01 8.959521e+00 1.978710e-01
      vertex 3.541876e+01 8.738291e+00 1.978710e-01
    endloop
  endfacet
  facet normal 2.624953e-01 -9.649332e-01 0.000000e+00
    outer loop
      vertex 3.379227e+01 8.295841e+00 2.566261e-13
      vertex 3.460551e+01 8.517071e+00 2.555655e-13
      vertex 3.460551e+01 8.517071e+00 1.978710e-01
    endloop
  endfacet
  facet normal 2.624953e-01 -9.649332e-01 0.000000e+00
    outer loop
      vertex 3.379227e+01 8.295841e+00 2.566261e-13
      vertex 3.460551e+01 8.517071e+00 1.978710e-01
      vertex 3.379227e+01 8.295841e+00 1.978710e-01
    endloop
  endfacet
  facet normal 2.624869e-01 -9.649355e-01 0.000000e+00
    outer loop
      vertex 3.135254e+01 7.632171e+00 2.598077e-13
      vertex 3.216578e+01 7.853391e+00 2.587472e-13
      vertex 3.216578e+01 7.853391e+00 1.978710e-01
    endloop
  endfacet
  facet normal 2.624869e-01 -9.649355e-01 0.000000e+00
    outer loop
      vertex 3.135254e+01 7.632171e+00 2.598077e-13
      vertex 3.216578e+01 7.853391e+00 1.978710e-01
      vertex 3.135254e+01 7.632171e+00 1.978710e-01
    endloop
  endfacet
  facet normal 2.624846e-01 -9.649362e-01 0.000000e+00
    outer loop
      vertex 3.623200e+01 8.959521e+00 2.534445e-13
      vertex 3.704525e+01 9.180741e+00 2.523839e-13
      vertex 3.704525e+01 9.180741e+00 1.978710e-01
    endloop
  endfacet
  facet normal 2.624846e-01 -9.649362e-01 0.000000e+00
    outer loop
      vertex 3.623200e+01 8.959521e+00 2.534445e-13
      vertex 3.704525e+01 9.180741e+00 1.978710e-01
      vertex 3.623200e+01 8.959521e+00 1.978710e-01
    endloop
  endfacet
  facet normal 2.624931e-01 -9.649339e-01 0.000000e+00
    outer loop
      vertex 3.704525e+01 9.180741e+00 2.523839e-13
      vertex 3.785850e+01 9.401971e+00 2.513234e-13
      vertex 3.785850e+01 9.401971e+00 1.978710e-01
    endloop
  endfacet
  facet normal 2.624931e-01 -9.649339e-01 0.000000e+00
    outer loop
      vertex 3.704525e+01 9.180741e+00 2.523839e-13
      vertex 3.785850e+01 9.401971e+00 1.978710e-01
      vertex 3.704525e+01 9.180741e+00 1.978710e-01
    endloop
  endfacet
  facet normal 2.624869e-01 -9.649355e-01 0.000000e+00
    outer loop
      vertex 3.785850e+01 9.401971e+00 2.513234e-13
      vertex 3.867174e+01 9.623201e+00 2.502628e-13
      vertex 3.867174e+01 9.623201e+00 1.978710e-01
    endloop
  endfacet
  facet normal 2.624869e-01 -9.649355e-01 0.000000e+00
    outer loop
      vertex 3.785850e+01 9.401971e+00 2.513234e-13
      vertex 3.867174e+01 9.623201e+00 1.978710e-01
      vertex 3.785850e+01 9.401971e+00 1.978710e-01
    endloop
  endfacet
  facet normal 2.624869e-01 -9.649355e-01 0.000000e+00
    outer loop
      vertex 3.948498e+01 9.844431e+00 2.492023e-13
      vertex 4.029822e+01 1.006565e+01 2.481418e-13
      vertex 4.029822e+01 1.006565e+01 1.978710e-01
    endloop
  endfacet
  facet normal 2.624869e-01 -9.649355e-01 0.000000e+00
    outer loop
      vertex 3.948498e+01 9.844431e+00 2.492023e-13
      vertex 4.029822e+01 1.006565e+01 1.978710e-01
      vertex 3.948498e+01 9.844431e+00 1.978710e-01
    endloop
  endfacet
  facet normal 2.624931e-01 -9.649339e-01 0.000000e+00
    outer loop
      vertex 4.029822e+01 1.006565e+01 2.481418e-13
      vertex 4.111147e+01 1.028688e+01 2.470812e-13
      vertex 4.111147e+01 1.028688e+01 1.978710e-01
    endloop
  endfacet
  facet normal 2.624931e-01 -9.649339e-01 0.000000e+00
    outer loop
      vertex 4.029822e+01 1.006565e+01 2.481418e-13
      vertex 4.111147e+01 1.028688e+01 1.978710e-01
      vertex 4.029822e+01 1.006565e+01 1.978710e-01
    endloop
  endfacet
  facet normal 2.624931e-01 -9.649339e-01 0.000000e+00
    outer loop
      vertex 3.867174e+01 9.623201e+00 2.502628e-13
      vertex 3.948498e+01 9.844431e+00 2.492023e-13
      vertex 3.948498e+01 9.844431e+00 1.978710e-01
    endloop
  endfacet
  facet normal 2.624931e-01 -9.649339e-01 0.000000e+00
    outer loop
      vertex 3.867174e+01 9.623201e+00 2.502628e-13
      vertex 3.948498e+01 9.844431e+00 1.978710e-01
      vertex 3.867174e+01 9.623201e+00 1.978710e-01
    endloop
  endfacet
  facet normal 2.624953e-01 -9.649332e-01 0.000000e+00
    outer loop
      vertex 4.192472e+01 1.050810e+01 2.460207e-13
      vertex 4.273796e+01 1.072933e+01 2.449601e-13
      vertex 4.273796e+01 1.072933e+01 1.978710e-01
    endloop
  endfacet
  facet normal 2.624953e-01 -9.649332e-01 0.000000e+00
    outer loop
      vertex 4.192472e+01 1.050810e+01 2.460207e-13
      vertex 4.273796e+01 1.072933e+01 1.978710e-01
      vertex 4.192472e+01 1.050810e+01 1.978710e-01
    endloop
  endfacet
  facet normal 2.624846e-01 -9.649362e-01 0.000000e+00
    outer loop
      vertex 4.273796e+01 1.072933e+01 2.449601e-13
      vertex 4.355121e+01 1.095055e+01 2.438996e-13
      vertex 4.355121e+01 1.095055e+01 1.978710e-01
    endloop
  endfacet
  facet normal 2.624846e-01 -9.649362e-01 0.000000e+00
    outer loop
      vertex 4.273796e+01 1.072933e+01 2.449601e-13
      vertex 4.355121e+01 1.095055e+01 1.978710e-01
      vertex 4.273796e+01 1.072933e+01 1.978710e-01
    endloop
  endfacet
  facet normal 2.624869e-01 -9.649355e-01 0.000000e+00
    outer loop
      vertex 4.436445e+01 1.117178e+01 2.428391e-13
      vertex 4.517769e+01 1.139300e+01 2.417785e-13
      vertex 4.517769e+01 1.139300e+01 1.978710e-01
    endloop
  endfacet
  facet normal 2.624869e-01 -9.649355e-01 0.000000e+00
    outer loop
      vertex 4.436445e+01 1.117178e+01 2.428391e-13
      vertex 4.517769e+01 1.139300e+01 1.978710e-01
      vertex 4.436445e+01 1.117178e+01 1.978710e-01
    endloop
  endfacet
  facet normal 2.624931e-01 -9.649339e-01 0.000000e+00
    outer loop
      vertex 4.517769e+01 1.139300e+01 2.417785e-13
      vertex 4.599094e+01 1.161423e+01 2.407180e-13
      vertex 4.599094e+01 1.161423e+01 1.978710e-01
    endloop
  endfacet
  facet normal 2.624931e-01 -9.649339e-01 0.000000e+00
    outer loop
      vertex 4.517769e+01 1.139300e+01 2.417785e-13
      vertex 4.599094e+01 1.161423e+01 1.978710e-01
      vertex 4.517769e+01 1.139300e+01 1.978710e-01
    endloop
  endfacet
  facet normal 2.624931e-01 -9.649339e-01 0.000000e+00
    outer loop
      vertex 4.355121e+01 1.095055e+01 2.438996e-13
      vertex 4.436445e+01 1.117178e+01 2.428391e-13
      vertex 4.436445e+01 1.117178e+01 1.978710e-01
    endloop
  endfacet
  facet normal 2.624931e-01 -9.649339e-01 0.000000e+00
    outer loop
      vertex 4.355121e+01 1.095055e+01 2.438996e-13
      vertex 4.436445e+01 1.117178e+01 1.978710e-01
      vertex 4.355121e+01 1.095055e+01 1.978710e-01
    endloop
  endfacet
  facet normal 2.624846e-01 -9.649362e-01 0.000000e+00
    outer loop
      vertex 4.111147e+01 1.028688e+01 2.470812e-13
      vertex 4.192472e+01 1.050810e+01 2.460207e-13
      vertex 4.192472e+01 1.050810e+01 1.978710e-01
    endloop
  endfacet
  facet normal 2.624846e-01 -9.649362e-01 0.000000e+00
    outer loop
      vertex 4.111147e+01 1.028688e+01 2.470812e-13
      vertex 4.192472e+01 1.050810e+01 1.978710e-01
      vertex 4.111147e+01 1.028688e+01 1.978710e-01
    endloop
  endfacet
  facet normal 5.356610e-01 8.444331e-01 0.000000e+00
    outer loop
      vertex 4.455472e+01 1.252528e+01 4.500000e-01
      vertex 4.527283e+01 1.206975e+01 4.500000e-01
      vertex 4.527283e+01 1.206975e+01 3.000000e-01
    endloop
  endfacet
  facet normal 5.356610e-01 8.444331e-01 0.000000e+00
    outer loop
      vertex 4.455472e+01 1.252528e+01 4.500000e-01
      vertex 4.527283e+01 1.206975e+01 3.000000e-01
      vertex 4.455472e+01 1.252528e+01 3.000000e-01
    endloop
  endfacet
  facet normal 5.356610e-01 8.444331e-01 0.000000e+00
    outer loop
      vertex 4.527283e+01 1.206975e+01 2.250000e-01
      vertex 4.527283e+01 1.206975e+01 1.500000e-01
      vertex 4.455472e+01 1.252528e+01 1.500000e-01
    endloop
  endfacet
  facet normal 5.356610e-01 8.444331e-01 0.000000e+00
    outer loop
      vertex 4.455472e+01 1.252528e+01 3.000000e-01
      vertex 4.527283e+01 1.206975e+01 3.000000e-01
      vertex 4.527283e+01 1.206975e+01 2.250000e-01
    endloop
  endfacet
  facet normal 5.356610e-01 8.444331e-01 0.000000e+00
    outer loop
      vertex 4.455472e+01 1.252528e+01 1.500000e-01
      vertex 4.455472e+01 1.252528e+01 3.000000e-01
      vertex 4.527283e+01 1.206975e+01 2.250000e-01
    endloop
  endfacet
  facet normal 5.356547e-01 8.444371e-01 0.000000e+00
    outer loop
      vertex 4.527283e+01 1.206975e+01 3.000000e-01
      vertex 4.563188e+01 1.184199e+01 3.000000e-01
      vertex 4.563188e+01 1.184199e+01 2.250000e-01
    endloop
  endfacet
  facet normal 5.356547e-01 8.444371e-01 0.000000e+00
    outer loop
      vertex 4.527283e+01 1.206975e+01 3.000000e-01
      vertex 4.563188e+01 1.184199e+01 2.250000e-01
      vertex 4.527283e+01 1.206975e+01 2.250000e-01
    endloop
  endfacet
  facet normal 5.356547e-01 8.444371e-01 0.000000e+00
    outer loop
      vertex 4.527283e+01 1.206975e+01 2.250000e-01
      vertex 4.563188e+01 1.184199e+01 2.250000e-01
      vertex 4.563188e+01 1.184199e+01 1.500000e-01
    endloop
  endfacet
  facet normal 5.356547e-01 8.444371e-01 0.000000e+00
    outer loop
      vertex 4.527283e+01 1.206975e+01 2.250000e-01
      vertex 4.563188e+01 1.184199e+01 1.500000e-01
      vertex 4.527283e+01 1.206975e+01 1.500000e-01
    endloop
  endfacet
  facet normal 5.356547e-01 8.444371e-01 0.000000e+00
    outer loop
      vertex 4.527283e+01 1.206975e+01 1.500000e-01
      vertex 4.563188e+01 1.184199e+01 1.500000e-01
      vertex 4.563188e+01 1.184199e+01 7.500000e-02
    endloop
  endfacet
  facet normal 5.356547e-01 8.444371e-01 0.000000e+00
    outer loop
      vertex 4.527283e+01 1.206975e+01 1.500000e-01
      vertex 4.563188e+01 1.184199e+01 7.500000e-02
      vertex 4.527283e+01 1.206975e+01 7.500000e-02
    endloop
  endfacet
  facet normal 5.356466e-01 8.444422e-01 0.000000e+00
    outer loop
      vertex 4.599094e+01 1.161423e+01 1.978710e-01
      vertex 4.599094e+01 1.161423e+01 2.407180e-13
      vertex 4.563188e+01 1.184199e+01 7.500000e-02
    endloop
  endfacet
  facet normal 5.356466e-01 8.444422e-01 0.000000e+00
    outer loop
      vertex 4.599094e+01 1.161423e+01 1.978710e-01
      vertex 4.563188e+01 1.184199e+01 7.500000e-02
      vertex 4.563188e+01 1.184199e+01 1.500000e-01
    endloop
  endfacet
  facet normal 5.356547e-01 8.444371e-01 5.448961e-05
    outer loop
      vertex 4.527283e+01 1.206975e+01 7.500000e-02
      vertex 4.563188e+01 1.184199e+01 7.500000e-02
      vertex 4.599094e+01 1.161423e+01 2.407180e-13
    endloop
  endfacet
  facet normal 5.356466e-01 8.444422e-01 0.000000e+00
    outer loop
      vertex 4.563188e+01 1.184199e+01 1.500000e-01
      vertex 4.563188e+01 1.184199e+01 2.250000e-01
      vertex 4.599094e+01 1.161423e+01 1.978710e-01
    endloop
  endfacet
  facet normal 5.356541e-01 8.444375e-01 4.629593e-05
    outer loop
      vertex 4.527283e+01 1.206975e+01 7.500000e-02
      vertex 4.599094e+01 1.161423e+01 2.407180e-13
      vertex 4.390188e+01 1.293939e+01 2.431752e-13
    endloop
  endfacet
  facet normal 5.356502e-01 8.444400e-01 0.000000e+00
    outer loop
      vertex 4.455472e+01 1.252528e+01 3.000000e-01
      vertex 4.455472e+01 1.252528e+01 1.500000e-01
      vertex 4.390188e+01 1.293939e+01 2.431752e-13
    endloop
  endfacet
  facet normal 5.356610e-01 8.444331e-01 0.000000e+00
    outer loop
      vertex 4.527283e+01 1.206975e+01 7.500000e-02
      vertex 4.455472e+01 1.252528e+01 1.500000e-01
      vertex 4.527283e+01 1.206975e+01 1.500000e-01
    endloop
  endfacet
  facet normal 5.356541e-01 8.444375e-01 -4.534953e-06
    outer loop
      vertex 4.390188e+01 1.293939e+01 2.431752e-13
      vertex 4.181283e+01 1.426455e+01 2.456324e-13
      vertex 4.250816e+01 1.382347e+01 6.000000e-01
    endloop
  endfacet
  facet normal 5.356577e-01 8.444352e-01 -4.583512e-05
    outer loop
      vertex 4.390188e+01 1.293939e+01 2.431752e-13
      vertex 4.455472e+01 1.252528e+01 1.500000e-01
      vertex 4.527283e+01 1.206975e+01 7.500000e-02
    endloop
  endfacet
  facet normal 5.356555e-01 8.444366e-01 -3.036969e-06
    outer loop
      vertex 4.181283e+01 1.426455e+01 2.456324e-13
      vertex 3.972378e+01 1.558970e+01 2.480896e-13
      vertex 4.007106e+01 1.536941e+01 6.000000e-01
    endloop
  endfacet
  facet normal 5.356567e-01 8.444359e-01 1.946190e-06
    outer loop
      vertex 4.181283e+01 1.426455e+01 2.456324e-13
      vertex 4.007106e+01 1.536941e+01 6.000000e-01
      vertex 4.128961e+01 1.459644e+01 6.000000e-01
    endloop
  endfacet
  facet normal 5.356466e-01 8.444422e-01 0.000000e+00
    outer loop
      vertex 4.599094e+01 1.161423e+01 1.978710e-01
      vertex 4.563188e+01 1.184199e+01 2.250000e-01
      vertex 4.563188e+01 1.184199e+01 3.000000e-01
    endloop
  endfacet
  facet normal 5.356610e-01 8.444331e-01 -3.103846e-06
    outer loop
      vertex 4.494526e+01 1.227754e+01 6.000000e-01
      vertex 4.527283e+01 1.206975e+01 4.500000e-01
      vertex 4.455472e+01 1.252528e+01 4.500000e-01
    endloop
  endfacet
  facet normal 5.356128e-01 8.444636e-01 -1.505547e-04
    outer loop
      vertex 4.527283e+01 1.206975e+01 4.500000e-01
      vertex 4.494526e+01 1.227754e+01 6.000000e-01
      vertex 4.599094e+01 1.161423e+01 1.978710e-01
    endloop
  endfacet
  facet normal 5.356547e-01 8.444371e-01 0.000000e+00
    outer loop
      vertex 4.563188e+01 1.184199e+01 3.000000e-01
      vertex 4.527283e+01 1.206975e+01 3.000000e-01
      vertex 4.527283e+01 1.206975e+01 4.500000e-01
    endloop
  endfacet
  facet normal 5.356293e-01 8.444533e-01 -8.536538e-05
    outer loop
      vertex 4.563188e+01 1.184199e+01 3.000000e-01
      vertex 4.527283e+01 1.206975e+01 4.500000e-01
      vertex 4.599094e+01 1.161423e+01 1.978710e-01
    endloop
  endfacet
  facet normal 5.356495e-01 8.444404e-01 0.000000e+00
    outer loop
      vertex 4.455472e+01 1.252528e+01 4.500000e-01
      vertex 4.455472e+01 1.252528e+01 3.000000e-01
      vertex 4.372671e+01 1.305050e+01 6.000000e-01
    endloop
  endfacet
  facet normal 5.356567e-01 8.444359e-01 2.793521e-05
    outer loop
      vertex 4.250816e+01 1.382347e+01 6.000000e-01
      vertex 4.372671e+01 1.305050e+01 6.000000e-01
      vertex 4.455472e+01 1.252528e+01 3.000000e-01
    endloop
  endfacet
  facet normal 5.356529e-01 8.444383e-01 2.668591e-05
    outer loop
      vertex 4.494526e+01 1.227754e+01 6.000000e-01
      vertex 4.455472e+01 1.252528e+01 4.500000e-01
      vertex 4.372671e+01 1.305050e+01 6.000000e-01
    endloop
  endfacet
  facet normal 5.356529e-01 8.444383e-01 -8.363211e-06
    outer loop
      vertex 4.390188e+01 1.293939e+01 2.431752e-13
      vertex 4.250816e+01 1.382347e+01 6.000000e-01
      vertex 4.455472e+01 1.252528e+01 3.000000e-01
    endloop
  endfacet
  facet normal 5.356529e-01 8.444383e-01 -2.664262e-06
    outer loop
      vertex 4.128961e+01 1.459644e+01 6.000000e-01
      vertex 4.250816e+01 1.382347e+01 6.000000e-01
      vertex 4.181283e+01 1.426455e+01 2.456324e-13
    endloop
  endfacet
  facet normal 5.356529e-01 8.444383e-01 -9.703748e-07
    outer loop
      vertex 4.007106e+01 1.536941e+01 6.000000e-01
      vertex 3.972378e+01 1.558970e+01 2.480896e-13
      vertex 3.885251e+01 1.614238e+01 6.000000e-01
    endloop
  endfacet
  facet normal 5.356541e-01 8.444375e-01 -2.807283e-06
    outer loop
      vertex 3.763472e+01 1.691486e+01 2.505468e-13
      vertex 3.554566e+01 1.824002e+01 2.530040e-13
      vertex 3.641540e+01 1.768831e+01 6.000000e-01
    endloop
  endfacet
  facet normal 5.356529e-01 8.444383e-01 -6.087667e-06
    outer loop
      vertex 3.763472e+01 1.691486e+01 2.505468e-13
      vertex 3.641540e+01 1.768831e+01 6.000000e-01
      vertex 3.763396e+01 1.691535e+01 6.000000e-01
    endloop
  endfacet
  facet normal 5.356567e-01 8.444359e-01 -6.080927e-06
    outer loop
      vertex 3.763472e+01 1.691486e+01 2.505468e-13
      vertex 3.763396e+01 1.691535e+01 6.000000e-01
      vertex 3.885251e+01 1.614238e+01 6.000000e-01
    endloop
  endfacet
  facet normal 5.356567e-01 8.444359e-01 -8.131320e-06
    outer loop
      vertex 3.519685e+01 1.846128e+01 6.000000e-01
      vertex 3.641540e+01 1.768831e+01 6.000000e-01
      vertex 3.554566e+01 1.824002e+01 2.530040e-13
    endloop
  endfacet
  facet normal 5.356541e-01 8.444375e-01 1.373642e-06
    outer loop
      vertex 3.972378e+01 1.558970e+01 2.480896e-13
      vertex 3.763472e+01 1.691486e+01 2.505468e-13
      vertex 3.885251e+01 1.614238e+01 6.000000e-01
    endloop
  endfacet
  facet normal 5.356541e-01 8.444375e-01 -6.988208e-06
    outer loop
      vertex 3.554566e+01 1.824002e+01 2.530040e-13
      vertex 3.345660e+01 1.956517e+01 2.554612e-13
      vertex 3.397830e+01 1.923425e+01 6.000000e-01
    endloop
  endfacet
  facet normal 5.356529e-01 8.444383e-01 -1.120496e-05
    outer loop
      vertex 3.554566e+01 1.824002e+01 2.530040e-13
      vertex 3.397830e+01 1.923425e+01 6.000000e-01
      vertex 3.519685e+01 1.846128e+01 6.000000e-01
    endloop
  endfacet
  facet normal 5.356555e-01 8.444366e-01 1.887121e-06
    outer loop
      vertex 3.345660e+01 1.956517e+01 2.554612e-13
      vertex 3.136755e+01 2.089033e+01 2.579184e-13
      vertex 3.154119e+01 2.078019e+01 6.000000e-01
    endloop
  endfacet
  facet normal 5.356529e-01 8.444383e-01 -9.511072e-06
    outer loop
      vertex 3.345660e+01 1.956517e+01 2.554612e-13
      vertex 3.154119e+01 2.078019e+01 6.000000e-01
      vertex 3.275974e+01 2.000722e+01 6.000000e-01
    endloop
  endfacet
  facet normal 5.356547e-01 8.444371e-01 -6.916101e-06
    outer loop
      vertex 2.927849e+01 2.221549e+01 2.603756e-13
      vertex 2.718944e+01 2.354065e+01 2.628329e-13
      vertex 2.788553e+01 2.309909e+01 6.000000e-01
    endloop
  endfacet
  facet normal 5.356567e-01 8.444359e-01 -6.600466e-07
    outer loop
      vertex 2.927849e+01 2.221549e+01 2.603756e-13
      vertex 2.788553e+01 2.309909e+01 6.000000e-01
      vertex 2.910409e+01 2.232612e+01 6.000000e-01
    endloop
  endfacet
  facet normal 5.356541e-01 8.444375e-01 7.753281e-07
    outer loop
      vertex 2.718944e+01 2.354065e+01 2.628329e-13
      vertex 2.510038e+01 2.486580e+01 2.652901e-13
      vertex 2.544843e+01 2.464502e+01 6.000000e-01
    endloop
  endfacet
  facet normal 5.356529e-01 8.444383e-01 -3.908593e-06
    outer loop
      vertex 2.718944e+01 2.354065e+01 2.628329e-13
      vertex 2.544843e+01 2.464502e+01 6.000000e-01
      vertex 2.666698e+01 2.387206e+01 6.000000e-01
    endloop
  endfacet
  facet normal 5.356541e-01 8.444375e-01 -5.005997e-06
    outer loop
      vertex 3.136755e+01 2.089033e+01 2.579184e-13
      vertex 2.927849e+01 2.221549e+01 2.603756e-13
      vertex 3.032264e+01 2.155316e+01 6.000000e-01
    endloop
  endfacet
  facet normal 5.356567e-01 8.444359e-01 1.390347e-06
    outer loop
      vertex 3.136755e+01 2.089033e+01 2.579184e-13
      vertex 3.032264e+01 2.155316e+01 6.000000e-01
      vertex 3.154119e+01 2.078019e+01 6.000000e-01
    endloop
  endfacet
  facet normal 5.356547e-01 8.444371e-01 0.000000e+00
    outer loop
      vertex 2.510038e+01 2.486580e+01 2.652901e-13
      vertex 2.301133e+01 2.619096e+01 2.677473e-13
      vertex 2.301133e+01 2.619096e+01 6.000000e-01
    endloop
  endfacet
  facet normal 5.356529e-01 8.444383e-01 -9.025885e-06
    outer loop
      vertex 2.510038e+01 2.486580e+01 2.652901e-13
      vertex 2.301133e+01 2.619096e+01 6.000000e-01
      vertex 2.422988e+01 2.541800e+01 6.000000e-01
    endloop
  endfacet
  facet normal 5.356542e-01 8.444374e-01 -7.265657e-06
    outer loop
      vertex 3.275974e+01 2.000722e+01 6.000000e-01
      vertex 3.397830e+01 1.923425e+01 6.000000e-01
      vertex 3.345660e+01 1.956517e+01 2.554612e-13
    endloop
  endfacet
  facet normal 5.356529e-01 8.444383e-01 -3.908593e-06
    outer loop
      vertex 2.718944e+01 2.354065e+01 2.628329e-13
      vertex 2.666698e+01 2.387206e+01 6.000000e-01
      vertex 2.788553e+01 2.309909e+01 6.000000e-01
    endloop
  endfacet
  facet normal 5.356567e-01 8.444359e-01 -1.355220e-06
    outer loop
      vertex 2.510038e+01 2.486580e+01 2.652901e-13
      vertex 2.422988e+01 2.541800e+01 6.000000e-01
      vertex 2.544843e+01 2.464502e+01 6.000000e-01
    endloop
  endfacet
  facet normal 5.356529e-01 8.444383e-01 -2.196890e-06
    outer loop
      vertex 2.910409e+01 2.232612e+01 6.000000e-01
      vertex 3.032264e+01 2.155316e+01 6.000000e-01
      vertex 2.927849e+01 2.221549e+01 2.603756e-13
    endloop
  endfacet
  facet normal -9.771767e-01 -2.124281e-01 0.000000e+00
    outer loop
      vertex 2.710819e+01 7.345411e+00 4.500000e-01
      vertex 2.693006e+01 8.164781e+00 4.500000e-01
      vertex 2.693006e+01 8.164781e+00 3.000000e-01
    endloop
  endfacet
  facet normal -9.771767e-01 -2.124281e-01 0.000000e+00
    outer loop
      vertex 2.710819e+01 7.345411e+00 4.500000e-01
      vertex 2.693006e+01 8.164781e+00 3.000000e-01
      vertex 2.710819e+01 7.345411e+00 3.000000e-01
    endloop
  endfacet
  facet normal -9.771771e-01 -2.124262e-01 0.000000e+00
    outer loop
      vertex 2.719725e+01 6.935721e+00 3.000000e-01
      vertex 2.710819e+01 7.345411e+00 3.000000e-01
      vertex 2.710819e+01 7.345411e+00 2.250000e-01
    endloop
  endfacet
  facet normal -9.771771e-01 -2.124262e-01 0.000000e+00
    outer loop
      vertex 2.719725e+01 6.935721e+00 3.000000e-01
      vertex 2.710819e+01 7.345411e+00 2.250000e-01
      vertex 2.719725e+01 6.935721e+00 2.250000e-01
    endloop
  endfacet
  facet normal -9.771771e-01 -2.124262e-01 0.000000e+00
    outer loop
      vertex 2.719725e+01 6.935721e+00 2.250000e-01
      vertex 2.710819e+01 7.345411e+00 2.250000e-01
      vertex 2.710819e+01 7.345411e+00 1.500000e-01
    endloop
  endfacet
  facet normal -9.771771e-01 -2.124262e-01 0.000000e+00
    outer loop
      vertex 2.719725e+01 6.935721e+00 2.250000e-01
      vertex 2.710819e+01 7.345411e+00 1.500000e-01
      vertex 2.719725e+01 6.935721e+00 1.500000e-01
    endloop
  endfacet
  facet normal -9.771767e-01 -2.124281e-01 -0.000000e+00
    outer loop
      vertex 2.710819e+01 7.345411e+00 2.250000e-01
      vertex 2.710819e+01 7.345411e+00 3.000000e-01
      vertex 2.693006e+01 8.164781e+00 3.000000e-01
    endloop
  endfacet
  facet normal -9.771767e-01 -2.124281e-01 -0.000000e+00
    outer loop
      vertex 2.693006e+01 8.164781e+00 1.500000e-01
      vertex 2.710819e+01 7.345411e+00 1.500000e-01
      vertex 2.710819e+01 7.345411e+00 2.250000e-01
    endloop
  endfacet
  facet normal -9.771767e-01 -2.124281e-01 0.000000e+00
    outer loop
      vertex 2.693006e+01 8.164781e+00 3.000000e-01
      vertex 2.693006e+01 8.164781e+00 1.500000e-01
      vertex 2.710819e+01 7.345411e+00 2.250000e-01
    endloop
  endfacet
  facet normal -9.771771e-01 -2.124262e-01 0.000000e+00
    outer loop
      vertex 2.719725e+01 6.935721e+00 1.500000e-01
      vertex 2.710819e+01 7.345411e+00 1.500000e-01
      vertex 2.710819e+01 7.345411e+00 7.500000e-02
    endloop
  endfacet
  facet normal -9.771771e-01 -2.124262e-01 0.000000e+00
    outer loop
      vertex 2.719725e+01 6.935721e+00 1.500000e-01
      vertex 2.710819e+01 7.345411e+00 7.500000e-02
      vertex 2.719725e+01 6.935721e+00 7.500000e-02
    endloop
  endfacet
  facet normal -9.771765e-01 -2.124288e-01 3.841978e-06
    outer loop
      vertex 2.301133e+01 2.619096e+01 2.677473e-13
      vertex 2.354570e+01 2.373285e+01 2.674177e-13
      vertex 2.332521e+01 2.474711e+01 6.000000e-01
    endloop
  endfacet
  facet normal -9.771762e-01 -2.124303e-01 -0.000000e+00
    outer loop
      vertex 2.301133e+01 2.619096e+01 2.677473e-13
      vertex 2.332521e+01 2.474711e+01 6.000000e-01
      vertex 2.301133e+01 2.619096e+01 6.000000e-01
    endloop
  endfacet
  facet normal -9.771764e-01 -2.124292e-01 4.643364e-06
    outer loop
      vertex 2.363909e+01 2.330326e+01 6.000000e-01
      vertex 2.332521e+01 2.474711e+01 6.000000e-01
      vertex 2.354570e+01 2.373285e+01 2.674177e-13
    endloop
  endfacet
  facet normal -9.771762e-01 -2.124302e-01 1.388592e-06
    outer loop
      vertex 2.354570e+01 2.373285e+01 2.674177e-13
      vertex 2.408007e+01 2.127473e+01 2.670881e-13
      vertex 2.395297e+01 2.185940e+01 6.000000e-01
    endloop
  endfacet
  facet normal -9.771764e-01 -2.124292e-01 4.643364e-06
    outer loop
      vertex 2.354570e+01 2.373285e+01 2.674177e-13
      vertex 2.395297e+01 2.185940e+01 6.000000e-01
      vertex 2.363909e+01 2.330326e+01 6.000000e-01
    endloop
  endfacet
  facet normal -9.771765e-01 -2.124288e-01 -1.782501e-07
    outer loop
      vertex 2.461445e+01 1.881662e+01 2.667584e-13
      vertex 2.514882e+01 1.635850e+01 2.664288e-13
      vertex 2.489461e+01 1.752784e+01 6.000000e-01
    endloop
  endfacet
  facet normal -9.771764e-01 -2.124292e-01 -1.196525e-06
    outer loop
      vertex 2.461445e+01 1.881662e+01 2.667584e-13
      vertex 2.489461e+01 1.752784e+01 6.000000e-01
      vertex 2.458073e+01 1.897170e+01 6.000000e-01
    endloop
  endfacet
  facet normal -9.771762e-01 -2.124302e-01 -9.270968e-07
    outer loop
      vertex 2.408007e+01 2.127473e+01 2.670881e-13
      vertex 2.461445e+01 1.881662e+01 2.667584e-13
      vertex 2.458073e+01 1.897170e+01 6.000000e-01
    endloop
  endfacet
  facet normal -9.771764e-01 -2.124292e-01 3.074008e-06
    outer loop
      vertex 2.408007e+01 2.127473e+01 2.670881e-13
      vertex 2.458073e+01 1.897170e+01 6.000000e-01
      vertex 2.426685e+01 2.041555e+01 6.000000e-01
    endloop
  endfacet
  facet normal -9.771762e-01 -2.124302e-01 4.614949e-07
    outer loop
      vertex 2.514882e+01 1.635850e+01 2.664288e-13
      vertex 2.568319e+01 1.390039e+01 2.660992e-13
      vertex 2.552238e+01 1.464014e+01 6.000000e-01
    endloop
  endfacet
  facet normal -9.771764e-01 -2.124292e-01 3.446839e-06
    outer loop
      vertex 2.514882e+01 1.635850e+01 2.664288e-13
      vertex 2.552238e+01 1.464014e+01 6.000000e-01
      vertex 2.520849e+01 1.608400e+01 6.000000e-01
    endloop
  endfacet
  facet normal -9.771762e-01 -2.124303e-01 1.466644e-06
    outer loop
      vertex 2.426685e+01 2.041555e+01 6.000000e-01
      vertex 2.395297e+01 2.185940e+01 6.000000e-01
      vertex 2.408007e+01 2.127473e+01 2.670881e-13
    endloop
  endfacet
  facet normal -9.771762e-01 -2.124303e-01 2.933288e-06
    outer loop
      vertex 2.514882e+01 1.635850e+01 2.664288e-13
      vertex 2.520849e+01 1.608400e+01 6.000000e-01
      vertex 2.489461e+01 1.752784e+01 6.000000e-01
    endloop
  endfacet
  facet normal -9.771764e-01 -2.124292e-01 -8.236945e-07
    outer loop
      vertex 2.568319e+01 1.390039e+01 2.660992e-13
      vertex 2.583626e+01 1.319629e+01 6.000000e-01
      vertex 2.552238e+01 1.464014e+01 6.000000e-01
    endloop
  endfacet
  facet normal -9.771762e-01 -2.124303e-01 -2.140940e-06
    outer loop
      vertex 2.615014e+01 1.175244e+01 6.000000e-01
      vertex 2.583626e+01 1.319629e+01 6.000000e-01
      vertex 2.568319e+01 1.390039e+01 2.660992e-13
    endloop
  endfacet
  facet normal -9.771764e-01 -2.124296e-01 5.061522e-07
    outer loop
      vertex 2.615014e+01 1.175244e+01 6.000000e-01
      vertex 2.568319e+01 1.390039e+01 2.660992e-13
      vertex 2.621757e+01 1.144226e+01 2.657696e-13
    endloop
  endfacet
  facet normal -9.771765e-01 -2.124288e-01 1.203863e-06
    outer loop
      vertex 2.675194e+01 8.984151e+00 2.654400e-13
      vertex 2.646402e+01 1.030858e+01 6.000000e-01
      vertex 2.621757e+01 1.144226e+01 2.657696e-13
    endloop
  endfacet
  facet normal -9.771767e-01 -2.124281e-01 0.000000e+00
    outer loop
      vertex 2.710819e+01 7.345411e+00 1.500000e-01
      vertex 2.693006e+01 8.164781e+00 1.500000e-01
      vertex 2.710819e+01 7.345411e+00 7.500000e-02
    endloop
  endfacet
  facet normal -9.771762e-01 -2.124302e-01 2.377042e-05
    outer loop
      vertex 2.675194e+01 8.984151e+00 2.654400e-13
      vertex 2.710819e+01 7.345411e+00 7.500000e-02
      vertex 2.693006e+01 8.164781e+00 1.500000e-01
    endloop
  endfacet
  facet normal -9.771762e-01 -2.124302e-01 2.377042e-05
    outer loop
      vertex 2.710819e+01 7.345411e+00 7.500000e-02
      vertex 2.675194e+01 8.984151e+00 2.654400e-13
      vertex 2.728631e+01 6.526031e+00 2.651104e-13
    endloop
  endfacet
  facet normal -9.771754e-01 -2.124344e-01 -0.000000e+00
    outer loop
      vertex 2.693006e+01 8.164781e+00 1.500000e-01
      vertex 2.693006e+01 8.164781e+00 3.000000e-01
      vertex 2.675194e+01 8.984151e+00 2.654400e-13
    endloop
  endfacet
  facet normal -9.771762e-01 -2.124300e-01 -0.000000e+00
    outer loop
      vertex 2.728631e+01 6.526031e+00 2.651104e-13
      vertex 2.728631e+01 6.526031e+00 1.978710e-01
      vertex 2.719725e+01 6.935721e+00 1.500000e-01
    endloop
  endfacet
  facet normal -9.771762e-01 -2.124300e-01 0.000000e+00
    outer loop
      vertex 2.728631e+01 6.526031e+00 2.651104e-13
      vertex 2.719725e+01 6.935721e+00 1.500000e-01
      vertex 2.719725e+01 6.935721e+00 7.500000e-02
    endloop
  endfacet
  facet normal -9.771771e-01 -2.124262e-01 -2.160911e-05
    outer loop
      vertex 2.710819e+01 7.345411e+00 7.500000e-02
      vertex 2.728631e+01 6.526031e+00 2.651104e-13
      vertex 2.719725e+01 6.935721e+00 7.500000e-02
    endloop
  endfacet
  facet normal -9.771762e-01 -2.124300e-01 -0.000000e+00
    outer loop
      vertex 2.719725e+01 6.935721e+00 1.500000e-01
      vertex 2.728631e+01 6.526031e+00 1.978710e-01
      vertex 2.719725e+01 6.935721e+00 2.250000e-01
    endloop
  endfacet
  facet normal -9.771755e-01 -2.124334e-01 -0.000000e+00
    outer loop
      vertex 2.677790e+01 8.864731e+00 6.000000e-01
      vertex 2.693006e+01 8.164781e+00 3.000000e-01
      vertex 2.693006e+01 8.164781e+00 4.500000e-01
    endloop
  endfacet
  facet normal -9.771764e-01 -2.124292e-01 -1.023159e-05
    outer loop
      vertex 2.693006e+01 8.164781e+00 3.000000e-01
      vertex 2.677790e+01 8.864731e+00 6.000000e-01
      vertex 2.646402e+01 1.030858e+01 6.000000e-01
    endloop
  endfacet
  facet normal -9.771762e-01 -2.124303e-01 -1.522531e-05
    outer loop
      vertex 2.709178e+01 7.420881e+00 6.000000e-01
      vertex 2.677790e+01 8.864731e+00 6.000000e-01
      vertex 2.693006e+01 8.164781e+00 4.500000e-01
    endloop
  endfacet
  facet normal -9.771767e-01 -2.124281e-01 -4.037571e-06
    outer loop
      vertex 2.709178e+01 7.420881e+00 6.000000e-01
      vertex 2.693006e+01 8.164781e+00 4.500000e-01
      vertex 2.710819e+01 7.345411e+00 4.500000e-01
    endloop
  endfacet
  facet normal -9.771760e-01 -2.124316e-01 7.829287e-06
    outer loop
      vertex 2.675194e+01 8.984151e+00 2.654400e-13
      vertex 2.693006e+01 8.164781e+00 3.000000e-01
      vertex 2.646402e+01 1.030858e+01 6.000000e-01
    endloop
  endfacet
  facet normal -9.771776e-01 -2.124241e-01 -6.169187e-06
    outer loop
      vertex 2.719725e+01 6.935721e+00 3.000000e-01
      vertex 2.709178e+01 7.420881e+00 6.000000e-01
      vertex 2.710819e+01 7.345411e+00 4.500000e-01
    endloop
  endfacet
  facet normal -9.771771e-01 -2.124262e-01 -0.000000e+00
    outer loop
      vertex 2.710819e+01 7.345411e+00 3.000000e-01
      vertex 2.719725e+01 6.935721e+00 3.000000e-01
      vertex 2.710819e+01 7.345411e+00 4.500000e-01
    endloop
  endfacet
  facet normal -9.771760e-01 -2.124316e-01 6.502763e-06
    outer loop
      vertex 2.728631e+01 6.526031e+00 1.978710e-01
      vertex 2.709178e+01 7.420881e+00 6.000000e-01
      vertex 2.719725e+01 6.935721e+00 3.000000e-01
    endloop
  endfacet
  facet normal -9.771762e-01 -2.124300e-01 0.000000e+00
    outer loop
      vertex 2.719725e+01 6.935721e+00 3.000000e-01
      vertex 2.719725e+01 6.935721e+00 2.250000e-01
      vertex 2.728631e+01 6.526031e+00 1.978710e-01
    endloop
  endfacet
  facet normal -9.771764e-01 -2.124292e-01 3.081263e-07
    outer loop
      vertex 2.615014e+01 1.175244e+01 6.000000e-01
      vertex 2.621757e+01 1.144226e+01 2.657696e-13
      vertex 2.646402e+01 1.030858e+01 6.000000e-01
    endloop
  endfacet
  facet normal -2.588191e-01 0.000000e+00 9.659258e-01
    outer loop
      vertex 2.066661e+01 9.536743e-07 6.000000e-01
      vertex 2.066661e+01 1.483251e+00 6.000000e-01
      vertex 1.887738e+01 1.061530e+00 1.205771e-01
    endloop
  endfacet
  facet normal -2.588191e-01 0.000000e+00 9.659258e-01
    outer loop
      vertex 2.066661e+01 9.536743e-07 6.000000e-01
      vertex 1.887738e+01 1.061530e+00 1.205771e-01
      vertex 1.887738e+01 5.307608e-01 1.205771e-01
    endloop
  endfacet
  facet normal -2.588191e-01 0.000000e+00 9.659258e-01
    outer loop
      vertex 2.066661e+01 -1.483258e+00 6.000000e-01
      vertex 2.066661e+01 9.536743e-07 6.000000e-01
      vertex 1.887738e+01 -5.307684e-01 1.205771e-01
    endloop
  endfacet
  facet normal -2.588191e-01 0.000000e+00 9.659258e-01
    outer loop
      vertex 2.066661e+01 -1.483258e+00 6.000000e-01
      vertex 1.887738e+01 -5.307684e-01 1.205771e-01
      vertex 1.887738e+01 -1.061540e+00 1.205771e-01
    endloop
  endfacet
  facet normal -2.588191e-01 0.000000e+00 9.659258e-01
    outer loop
      vertex 2.066661e+01 9.536743e-07 6.000000e-01
      vertex 1.887738e+01 5.307608e-01 1.205771e-01
      vertex 1.887738e+01 9.536743e-07 1.205771e-01
    endloop
  endfacet
  facet normal -2.588191e-01 0.000000e+00 9.659258e-01
    outer loop
      vertex 2.066661e+01 9.536743e-07 6.000000e-01
      vertex 1.887738e+01 9.536743e-07 1.205771e-01
      vertex 1.887738e+01 -5.307684e-01 1.205771e-01
    endloop
  endfacet
  facet normal 0.000000e+00 0.000000e+00 1.000000e+00
    outer loop
      vertex 2.568116e+01 1.383962e+00 6.000000e-01
      vertex 2.568116e+01 2.075952e+00 6.000000e-01
      vertex 2.317388e+01 1.632722e+00 6.000000e-01
    endloop
  endfacet
  facet normal 0.000000e+00 0.000000e+00 1.000000e+00
    outer loop
      vertex 2.568116e+01 1.383962e+00 6.000000e-01
      vertex 2.317388e+01 1.632722e+00 6.000000e-01
      vertex 2.317388e+01 1.088471e+00 6.000000e-01
    endloop
  endfacet
  facet normal 0.000000e+00 0.000000e+00 1.000000e+00
    outer loop
      vertex 2.568116e+01 6.919813e-01 6.000000e-01
      vertex 2.568116e+01 1.383962e+00 6.000000e-01
      vertex 2.317388e+01 1.088471e+00 6.000000e-01
    endloop
  endfacet
  facet normal 0.000000e+00 0.000000e+00 1.000000e+00
    outer loop
      vertex 2.568116e+01 6.919813e-01 6.000000e-01
      vertex 2.317388e+01 1.088471e+00 6.000000e-01
      vertex 2.317388e+01 5.442419e-01 6.000000e-01
    endloop
  endfacet
  facet normal 0.000000e+00 0.000000e+00 1.000000e+00
    outer loop
      vertex 2.568116e+01 9.536743e-07 6.000000e-01
      vertex 2.568116e+01 6.919813e-01 6.000000e-01
      vertex 2.317388e+01 5.442419e-01 6.000000e-01
    endloop
  endfacet
  facet normal 0.000000e+00 0.000000e+00 1.000000e+00
    outer loop
      vertex 2.568116e+01 9.536743e-07 6.000000e-01
      vertex 2.317388e+01 5.442419e-01 6.000000e-01
      vertex 2.317388e+01 9.536743e-07 6.000000e-01
    endloop
  endfacet
  facet normal 0.000000e+00 0.000000e+00 1.000000e+00
    outer loop
      vertex 2.568116e+01 -6.919889e-01 6.000000e-01
      vertex 2.568116e+01 9.536743e-07 6.000000e-01
      vertex 2.317388e+01 9.536743e-07 6.000000e-01
    endloop
  endfacet
  facet normal 0.000000e+00 0.000000e+00 1.000000e+00
    outer loop
      vertex 2.568116e+01 -6.919889e-01 6.000000e-01
      vertex 2.317388e+01 9.536743e-07 6.000000e-01
      vertex 2.317388e+01 -5.442495e-01 6.000000e-01
    endloop
  endfacet
  facet normal 0.000000e+00 0.000000e+00 1.000000e+00
    outer loop
      vertex 2.568116e+01 -1.383969e+00 6.000000e-01
      vertex 2.568116e+01 -6.919889e-01 6.000000e-01
      vertex 2.317388e+01 -5.442495e-01 6.000000e-01
    endloop
  endfacet
  facet normal 0.000000e+00 0.000000e+00 1.000000e+00
    outer loop
      vertex 2.568116e+01 -1.383969e+00 6.000000e-01
      vertex 2.317388e+01 -5.442495e-01 6.000000e-01
      vertex 2.317388e+01 -1.088479e+00 6.000000e-01
    endloop
  endfacet
  facet normal 0.000000e+00 0.000000e+00 1.000000e+00
    outer loop
      vertex 2.568116e+01 -2.075950e+00 6.000000e-01
      vertex 2.568116e+01 -1.383969e+00 6.000000e-01
      vertex 2.317388e+01 -1.088479e+00 6.000000e-01
    endloop
  endfacet
  facet normal 0.000000e+00 0.000000e+00 1.000000e+00
    outer loop
      vertex 2.568116e+01 -2.075950e+00 6.000000e-01
      vertex 2.317388e+01 -1.088479e+00 6.000000e-01
      vertex 2.317388e+01 -1.632730e+00 6.000000e-01
    endloop
  endfacet
  facet normal 0.000000e+00 0.000000e+00 1.000000e+00
    outer loop
      vertex 2.818843e+01 1.679450e+00 6.000000e-01
      vertex 2.818843e+01 2.519181e+00 6.000000e-01
      vertex 2.568116e+01 2.075952e+00 6.000000e-01
    endloop
  endfacet
  facet normal 0.000000e+00 0.000000e+00 1.000000e+00
    outer loop
      vertex 2.818843e+01 1.679450e+00 6.000000e-01
      vertex 2.568116e+01 2.075952e+00 6.000000e-01
      vertex 2.568116e+01 1.383962e+00 6.000000e-01
    endloop
  endfacet
  facet normal 0.000000e+00 0.000000e+00 1.000000e+00
    outer loop
      vertex 2.818843e+01 8.397303e-01 6.000000e-01
      vertex 2.818843e+01 1.679450e+00 6.000000e-01
      vertex 2.568116e+01 1.383962e+00 6.000000e-01
    endloop
  endfacet
  facet normal 0.000000e+00 0.000000e+00 1.000000e+00
    outer loop
      vertex 2.818843e+01 8.397303e-01 6.000000e-01
      vertex 2.568116e+01 1.383962e+00 6.000000e-01
      vertex 2.568116e+01 6.919813e-01 6.000000e-01
    endloop
  endfacet
  facet normal 0.000000e+00 0.000000e+00 1.000000e+00
    outer loop
      vertex 2.818843e+01 9.536743e-07 6.000000e-01
      vertex 2.818843e+01 8.397303e-01 6.000000e-01
      vertex 2.568116e+01 6.919813e-01 6.000000e-01
    endloop
  endfacet
  facet normal 0.000000e+00 0.000000e+00 1.000000e+00
    outer loop
      vertex 2.818843e+01 9.536743e-07 6.000000e-01
      vertex 2.568116e+01 6.919813e-01 6.000000e-01
      vertex 2.568116e+01 9.536743e-07 6.000000e-01
    endloop
  endfacet
  facet normal 0.000000e+00 0.000000e+00 1.000000e+00
    outer loop
      vertex 2.818843e+01 -8.397284e-01 6.000000e-01
      vertex 2.818843e+01 9.536743e-07 6.000000e-01
      vertex 2.568116e+01 9.536743e-07 6.000000e-01
    endloop
  endfacet
  facet normal 0.000000e+00 0.000000e+00 1.000000e+00
    outer loop
      vertex 2.818843e+01 -8.397284e-01 6.000000e-01
      vertex 2.568116e+01 9.536743e-07 6.000000e-01
      vertex 2.568116e+01 -6.919889e-01 6.000000e-01
    endloop
  endfacet
  facet normal 0.000000e+00 0.000000e+00 1.000000e+00
    outer loop
      vertex 2.818843e+01 -1.679460e+00 6.000000e-01
      vertex 2.818843e+01 -8.397284e-01 6.000000e-01
      vertex 2.568116e+01 -6.919889e-01 6.000000e-01
    endloop
  endfacet
  facet normal 0.000000e+00 0.000000e+00 1.000000e+00
    outer loop
      vertex 2.818843e+01 -1.679460e+00 6.000000e-01
      vertex 2.568116e+01 -6.919889e-01 6.000000e-01
      vertex 2.568116e+01 -1.383969e+00 6.000000e-01
    endloop
  endfacet
  facet normal 0.000000e+00 0.000000e+00 1.000000e+00
    outer loop
      vertex 2.818843e+01 -2.519179e+00 6.000000e-01
      vertex 2.818843e+01 -1.679460e+00 6.000000e-01
      vertex 2.568116e+01 -1.383969e+00 6.000000e-01
    endloop
  endfacet
  facet normal 0.000000e+00 0.000000e+00 1.000000e+00
    outer loop
      vertex 2.818843e+01 -2.519179e+00 6.000000e-01
      vertex 2.568116e+01 -1.383969e+00 6.000000e-01
      vertex 2.568116e+01 -2.075950e+00 6.000000e-01
    endloop
  endfacet
  facet normal 0.000000e+00 0.000000e+00 1.000000e+00
    outer loop
      vertex 3.571024e+01 9.536743e-07 6.000000e-01
      vertex 3.571024e+01 1.282950e+00 6.000000e-01
      vertex 3.320297e+01 1.135201e+00 6.000000e-01
    endloop
  endfacet
  facet normal 0.000000e+00 0.000000e+00 1.000000e+00
    outer loop
      vertex 3.571024e+01 9.536743e-07 6.000000e-01
      vertex 3.320297e+01 1.135201e+00 6.000000e-01
      vertex 3.320297e+01 9.536743e-07 6.000000e-01
    endloop
  endfacet
  facet normal 0.000000e+00 0.000000e+00 1.000000e+00
    outer loop
      vertex 3.571024e+01 -1.282960e+00 6.000000e-01
      vertex 3.571024e+01 9.536743e-07 6.000000e-01
      vertex 3.320297e+01 9.536743e-07 6.000000e-01
    endloop
  endfacet
  facet normal 0.000000e+00 0.000000e+00 1.000000e+00
    outer loop
      vertex 3.571024e+01 -1.282960e+00 6.000000e-01
      vertex 3.320297e+01 9.536743e-07 6.000000e-01
      vertex 3.320297e+01 -1.135209e+00 6.000000e-01
    endloop
  endfacet
  facet normal 0.000000e+00 0.000000e+00 1.000000e+00
    outer loop
      vertex 3.821752e+01 9.536743e-07 6.000000e-01
      vertex 3.821752e+01 1.430692e+00 6.000000e-01
      vertex 3.571024e+01 1.282950e+00 6.000000e-01
    endloop
  endfacet
  facet normal 0.000000e+00 0.000000e+00 1.000000e+00
    outer loop
      vertex 3.821752e+01 9.536743e-07 6.000000e-01
      vertex 3.571024e+01 1.282950e+00 6.000000e-01
      vertex 3.571024e+01 9.536743e-07 6.000000e-01
    endloop
  endfacet
  facet normal 0.000000e+00 0.000000e+00 1.000000e+00
    outer loop
      vertex 3.821752e+01 -1.430699e+00 6.000000e-01
      vertex 3.821752e+01 9.536743e-07 6.000000e-01
      vertex 3.571024e+01 9.536743e-07 6.000000e-01
    endloop
  endfacet
  facet normal 0.000000e+00 0.000000e+00 1.000000e+00
    outer loop
      vertex 3.821752e+01 -1.430699e+00 6.000000e-01
      vertex 3.571024e+01 9.536743e-07 6.000000e-01
      vertex 3.571024e+01 -1.282960e+00 6.000000e-01
    endloop
  endfacet
  facet normal 0.000000e+00 0.000000e+00 1.000000e+00
    outer loop
      vertex 4.072479e+01 9.536743e-07 6.000000e-01
      vertex 4.072479e+01 1.578431e+00 6.000000e-01
      vertex 3.821752e+01 1.430692e+00 6.000000e-01
    endloop
  endfacet
  facet normal 0.000000e+00 0.000000e+00 1.000000e+00
    outer loop
      vertex 4.072479e+01 9.536743e-07 6.000000e-01
      vertex 3.821752e+01 1.430692e+00 6.000000e-01
      vertex 3.821752e+01 9.536743e-07 6.000000e-01
    endloop
  endfacet
  facet normal 0.000000e+00 0.000000e+00 1.000000e+00
    outer loop
      vertex 4.072479e+01 -1.578439e+00 6.000000e-01
      vertex 4.072479e+01 9.536743e-07 6.000000e-01
      vertex 3.821752e+01 9.536743e-07 6.000000e-01
    endloop
  endfacet
  facet normal 0.000000e+00 0.000000e+00 1.000000e+00
    outer loop
      vertex 4.072479e+01 -1.578439e+00 6.000000e-01
      vertex 3.821752e+01 9.536743e-07 6.000000e-01
      vertex 3.821752e+01 -1.430699e+00 6.000000e-01
    endloop
  endfacet
  facet normal 0.000000e+00 0.000000e+00 1.000000e+00
    outer loop
      vertex 4.323206e+01 3.452361e+00 6.000000e-01
      vertex 4.072479e+01 1.578431e+00 6.000000e-01
      vertex 4.323206e+01 1.726180e+00 6.000000e-01
    endloop
  endfacet
  facet normal 0.000000e+00 0.000000e+00 1.000000e+00
    outer loop
      vertex 4.323206e+01 9.536743e-07 6.000000e-01
      vertex 4.323206e+01 1.726180e+00 6.000000e-01
      vertex 4.072479e+01 1.578431e+00 6.000000e-01
    endloop
  endfacet
  facet normal 0.000000e+00 0.000000e+00 1.000000e+00
    outer loop
      vertex 4.323206e+01 9.536743e-07 6.000000e-01
      vertex 4.072479e+01 1.578431e+00 6.000000e-01
      vertex 4.072479e+01 9.536743e-07 6.000000e-01
    endloop
  endfacet
  facet normal 0.000000e+00 0.000000e+00 1.000000e+00
    outer loop
      vertex 4.323206e+01 -1.726178e+00 6.000000e-01
      vertex 4.323206e+01 9.536743e-07 6.000000e-01
      vertex 4.072479e+01 9.536743e-07 6.000000e-01
    endloop
  endfacet
  facet normal 0.000000e+00 0.000000e+00 1.000000e+00
    outer loop
      vertex 4.323206e+01 -1.726178e+00 6.000000e-01
      vertex 4.072479e+01 9.536743e-07 6.000000e-01
      vertex 4.072479e+01 -1.578439e+00 6.000000e-01
    endloop
  endfacet
  facet normal 0.000000e+00 0.000000e+00 1.000000e+00
    outer loop
      vertex 4.072479e+01 -1.578439e+00 6.000000e-01
      vertex 4.323206e+01 -3.452369e+00 6.000000e-01
      vertex 4.323206e+01 -1.726178e+00 6.000000e-01
    endloop
  endfacet
  facet normal 0.000000e+00 0.000000e+00 1.000000e+00
    outer loop
      vertex 4.573933e+01 1.873921e+00 6.000000e-01
      vertex 4.573933e+01 3.747842e+00 6.000000e-01
      vertex 4.323206e+01 3.452361e+00 6.000000e-01
    endloop
  endfacet
  facet normal 0.000000e+00 0.000000e+00 1.000000e+00
    outer loop
      vertex 4.573933e+01 1.873921e+00 6.000000e-01
      vertex 4.323206e+01 3.452361e+00 6.000000e-01
      vertex 4.323206e+01 1.726180e+00 6.000000e-01
    endloop
  endfacet
  facet normal 0.000000e+00 0.000000e+00 1.000000e+00
    outer loop
      vertex 4.573933e+01 9.536743e-07 6.000000e-01
      vertex 4.573933e+01 1.873921e+00 6.000000e-01
      vertex 4.323206e+01 1.726180e+00 6.000000e-01
    endloop
  endfacet
  facet normal 0.000000e+00 0.000000e+00 1.000000e+00
    outer loop
      vertex 4.573933e+01 9.536743e-07 6.000000e-01
      vertex 4.323206e+01 1.726180e+00 6.000000e-01
      vertex 4.323206e+01 9.536743e-07 6.000000e-01
    endloop
  endfacet
  facet normal 0.000000e+00 0.000000e+00 1.000000e+00
    outer loop
      vertex 4.573933e+01 -1.873929e+00 6.000000e-01
      vertex 4.573933e+01 9.536743e-07 6.000000e-01
      vertex 4.323206e+01 9.536743e-07 6.000000e-01
    endloop
  endfacet
  facet normal 0.000000e+00 0.000000e+00 1.000000e+00
    outer loop
      vertex 4.573933e+01 -1.873929e+00 6.000000e-01
      vertex 4.323206e+01 9.536743e-07 6.000000e-01
      vertex 4.323206e+01 -1.726178e+00 6.000000e-01
    endloop
  endfacet
  facet normal 0.000000e+00 0.000000e+00 1.000000e+00
    outer loop
      vertex 4.573933e+01 -3.747849e+00 6.000000e-01
      vertex 4.573933e+01 -1.873929e+00 6.000000e-01
      vertex 4.323206e+01 -1.726178e+00 6.000000e-01
    endloop
  endfacet
  facet normal 0.000000e+00 0.000000e+00 1.000000e+00
    outer loop
      vertex 4.573933e+01 -3.747849e+00 6.000000e-01
      vertex 4.323206e+01 -1.726178e+00 6.000000e-01
      vertex 4.323206e+01 -3.452369e+00 6.000000e-01
    endloop
  endfacet
  facet normal 0.000000e+00 0.000000e+00 1.000000e+00
    outer loop
      vertex 4.824660e+01 2.021661e+00 6.000000e-01
      vertex 4.824660e+01 4.043321e+00 6.000000e-01
      vertex 4.573933e+01 3.747842e+00 6.000000e-01
    endloop
  endfacet
  facet normal 0.000000e+00 0.000000e+00 1.000000e+00
    outer loop
      vertex 4.824660e+01 2.021661e+00 6.000000e-01
      vertex 4.573933e+01 3.747842e+00 6.000000e-01
      vertex 4.573933e+01 1.873921e+00 6.000000e-01
    endloop
  endfacet
  facet normal 0.000000e+00 0.000000e+00 1.000000e+00
    outer loop
      vertex 4.824660e+01 9.536743e-07 6.000000e-01
      vertex 4.824660e+01 2.021661e+00 6.000000e-01
      vertex 4.573933e+01 1.873921e+00 6.000000e-01
    endloop
  endfacet
  facet normal 0.000000e+00 0.000000e+00 1.000000e+00
    outer loop
      vertex 4.824660e+01 9.536743e-07 6.000000e-01
      vertex 4.573933e+01 1.873921e+00 6.000000e-01
      vertex 4.573933e+01 9.536743e-07 6.000000e-01
    endloop
  endfacet
  facet normal 0.000000e+00 0.000000e+00 1.000000e+00
    outer loop
      vertex 4.824660e+01 -2.021668e+00 6.000000e-01
      vertex 4.824660e+01 9.536743e-07 6.000000e-01
      vertex 4.573933e+01 9.536743e-07 6.000000e-01
    endloop
  endfacet
  facet normal 0.000000e+00 0.000000e+00 1.000000e+00
    outer loop
      vertex 4.824660e+01 -2.021668e+00 6.000000e-01
      vertex 4.573933e+01 9.536743e-07 6.000000e-01
      vertex 4.573933e+01 -1.873929e+00 6.000000e-01
    endloop
  endfacet
  facet normal 0.000000e+00 0.000000e+00 1.000000e+00
    outer loop
      vertex 4.824660e+01 -4.043328e+00 6.000000e-01
      vertex 4.824660e+01 -2.021668e+00 6.000000e-01
      vertex 4.573933e+01 -1.873929e+00 6.000000e-01
    endloop
  endfacet
  facet normal 0.000000e+00 0.000000e+00 1.000000e+00
    outer loop
      vertex 4.824660e+01 -4.043328e+00 6.000000e-01
      vertex 4.573933e+01 -1.873929e+00 6.000000e-01
      vertex 4.573933e+01 -3.747849e+00 6.000000e-01
    endloop
  endfacet
  facet normal 0.000000e+00 0.000000e+00 1.000000e+00
    outer loop
      vertex 5.075387e+01 2.169412e+00 6.000000e-01
      vertex 5.075387e+01 4.338811e+00 6.000000e-01
      vertex 4.824660e+01 4.043321e+00 6.000000e-01
    endloop
  endfacet
  facet normal 0.000000e+00 0.000000e+00 1.000000e+00
    outer loop
      vertex 5.075387e+01 2.169412e+00 6.000000e-01
      vertex 4.824660e+01 4.043321e+00 6.000000e-01
      vertex 4.824660e+01 2.021661e+00 6.000000e-01
    endloop
  endfacet
  facet normal 0.000000e+00 0.000000e+00 1.000000e+00
    outer loop
      vertex 5.075387e+01 9.536743e-07 6.000000e-01
      vertex 5.075387e+01 2.169412e+00 6.000000e-01
      vertex 4.824660e+01 2.021661e+00 6.000000e-01
    endloop
  endfacet
  facet normal 0.000000e+00 0.000000e+00 1.000000e+00
    outer loop
      vertex 5.075387e+01 9.536743e-07 6.000000e-01
      vertex 4.824660e+01 2.021661e+00 6.000000e-01
      vertex 4.824660e+01 9.536743e-07 6.000000e-01
    endloop
  endfacet
  facet normal 0.000000e+00 0.000000e+00 1.000000e+00
    outer loop
      vertex 5.075387e+01 -2.169410e+00 6.000000e-01
      vertex 5.075387e+01 9.536743e-07 6.000000e-01
      vertex 4.824660e+01 9.536743e-07 6.000000e-01
    endloop
  endfacet
  facet normal 0.000000e+00 0.000000e+00 1.000000e+00
    outer loop
      vertex 5.075387e+01 -2.169410e+00 6.000000e-01
      vertex 4.824660e+01 9.536743e-07 6.000000e-01
      vertex 4.824660e+01 -2.021668e+00 6.000000e-01
    endloop
  endfacet
  facet normal 0.000000e+00 0.000000e+00 1.000000e+00
    outer loop
      vertex 5.075387e+01 -4.338819e+00 6.000000e-01
      vertex 5.075387e+01 -2.169410e+00 6.000000e-01
      vertex 4.824660e+01 -2.021668e+00 6.000000e-01
    endloop
  endfacet
  facet normal 0.000000e+00 0.000000e+00 1.000000e+00
    outer loop
      vertex 5.075387e+01 -4.338819e+00 6.000000e-01
      vertex 4.824660e+01 -2.021668e+00 6.000000e-01
      vertex 4.824660e+01 -4.043328e+00 6.000000e-01
    endloop
  endfacet
  facet normal 0.000000e+00 0.000000e+00 1.000000e+00
    outer loop
      vertex 2.317388e+01 1.632722e+00 6.000000e-01
      vertex 2.427712e+01 2.334250e+00 6.000000e-01
      vertex 2.247186e+01 1.908751e+00 6.000000e-01
    endloop
  endfacet
  facet normal 0.000000e+00 0.000000e+00 1.000000e+00
    outer loop
      vertex 2.317388e+01 1.088471e+00 6.000000e-01
      vertex 2.317388e+01 1.632722e+00 6.000000e-01
      vertex 2.066661e+01 1.483251e+00 6.000000e-01
    endloop
  endfacet
  facet normal 0.000000e+00 0.000000e+00 1.000000e+00
    outer loop
      vertex 2.247186e+01 1.908751e+00 6.000000e-01
      vertex 2.066661e+01 1.483251e+00 6.000000e-01
      vertex 2.317388e+01 1.632722e+00 6.000000e-01
    endloop
  endfacet
  facet normal 0.000000e+00 0.000000e+00 1.000000e+00
    outer loop
      vertex 2.317388e+01 1.632722e+00 6.000000e-01
      vertex 2.568116e+01 2.075952e+00 6.000000e-01
      vertex 2.427712e+01 2.334250e+00 6.000000e-01
    endloop
  endfacet
  facet normal 0.000000e+00 0.000000e+00 1.000000e+00
    outer loop
      vertex 2.969287e+01 3.610761e+00 6.000000e-01
      vertex 2.788762e+01 3.185262e+00 6.000000e-01
      vertex 2.818843e+01 2.519181e+00 6.000000e-01
    endloop
  endfacet
  facet normal 0.000000e+00 0.000000e+00 1.000000e+00
    outer loop
      vertex 2.608237e+01 2.759751e+00 6.000000e-01
      vertex 2.568116e+01 2.075952e+00 6.000000e-01
      vertex 2.818843e+01 2.519181e+00 6.000000e-01
    endloop
  endfacet
  facet normal 0.000000e+00 0.000000e+00 1.000000e+00
    outer loop
      vertex 2.427712e+01 2.334250e+00 6.000000e-01
      vertex 2.568116e+01 2.075952e+00 6.000000e-01
      vertex 2.608237e+01 2.759751e+00 6.000000e-01
    endloop
  endfacet
  facet normal 0.000000e+00 0.000000e+00 1.000000e+00
    outer loop
      vertex 2.608237e+01 2.759751e+00 6.000000e-01
      vertex 2.818843e+01 2.519181e+00 6.000000e-01
      vertex 2.788762e+01 3.185262e+00 6.000000e-01
    endloop
  endfacet
  facet normal 0.000000e+00 0.000000e+00 1.000000e+00
    outer loop
      vertex 2.818843e+01 2.519181e+00 6.000000e-01
      vertex 3.149812e+01 4.036261e+00 6.000000e-01
      vertex 2.969287e+01 3.610761e+00 6.000000e-01
    endloop
  endfacet
  facet normal 0.000000e+00 0.000000e+00 1.000000e+00
    outer loop
      vertex 2.317388e+01 5.442419e-01 6.000000e-01
      vertex 2.066661e+01 9.536743e-07 6.000000e-01
      vertex 2.317388e+01 9.536743e-07 6.000000e-01
    endloop
  endfacet
  facet normal 0.000000e+00 0.000000e+00 1.000000e+00
    outer loop
      vertex 2.317388e+01 1.088471e+00 6.000000e-01
      vertex 2.066661e+01 9.536743e-07 6.000000e-01
      vertex 2.317388e+01 5.442419e-01 6.000000e-01
    endloop
  endfacet
  facet normal 0.000000e+00 0.000000e+00 1.000000e+00
    outer loop
      vertex 2.066661e+01 1.483251e+00 6.000000e-01
      vertex 2.066661e+01 9.536743e-07 6.000000e-01
      vertex 2.317388e+01 1.088471e+00 6.000000e-01
    endloop
  endfacet
  facet normal 0.000000e+00 0.000000e+00 1.000000e+00
    outer loop
      vertex 2.818843e+01 1.679450e+00 6.000000e-01
      vertex 3.020175e+01 1.767631e+00 6.000000e-01
      vertex 2.818843e+01 2.519181e+00 6.000000e-01
    endloop
  endfacet
  facet normal 0.000000e+00 0.000000e+00 1.000000e+00
    outer loop
      vertex 3.204352e+01 2.201751e+00 6.000000e-01
      vertex 2.818843e+01 2.519181e+00 6.000000e-01
      vertex 3.020175e+01 1.767631e+00 6.000000e-01
    endloop
  endfacet
  facet normal 0.000000e+00 0.000000e+00 1.000000e+00
    outer loop
      vertex 3.020175e+01 9.677210e-01 6.000000e-01
      vertex 3.020175e+01 1.767631e+00 6.000000e-01
      vertex 2.818843e+01 8.397303e-01 6.000000e-01
    endloop
  endfacet
  facet normal 0.000000e+00 0.000000e+00 1.000000e+00
    outer loop
      vertex 2.818843e+01 1.679450e+00 6.000000e-01
      vertex 2.818843e+01 8.397303e-01 6.000000e-01
      vertex 3.020175e+01 1.767631e+00 6.000000e-01
    endloop
  endfacet
  facet normal 0.000000e+00 0.000000e+00 1.000000e+00
    outer loop
      vertex 2.818843e+01 2.519181e+00 6.000000e-01
      vertex 3.320297e+01 3.405631e+00 6.000000e-01
      vertex 3.149812e+01 4.036261e+00 6.000000e-01
    endloop
  endfacet
  facet normal 0.000000e+00 0.000000e+00 1.000000e+00
    outer loop
      vertex 2.818843e+01 8.397303e-01 6.000000e-01
      vertex 3.320297e+01 1.135201e+00 6.000000e-01
      vertex 3.020175e+01 9.677210e-01 6.000000e-01
    endloop
  endfacet
  facet normal 0.000000e+00 0.000000e+00 1.000000e+00
    outer loop
      vertex 2.818843e+01 2.519181e+00 6.000000e-01
      vertex 3.204352e+01 2.201751e+00 6.000000e-01
      vertex 3.320297e+01 3.405631e+00 6.000000e-01
    endloop
  endfacet
  facet normal 0.000000e+00 0.000000e+00 1.000000e+00
    outer loop
      vertex 3.320297e+01 3.405631e+00 6.000000e-01
      vertex 3.510863e+01 4.887261e+00 6.000000e-01
      vertex 3.330337e+01 4.461761e+00 6.000000e-01
    endloop
  endfacet
  facet normal 0.000000e+00 0.000000e+00 1.000000e+00
    outer loop
      vertex 3.571024e+01 3.848861e+00 6.000000e-01
      vertex 3.320297e+01 3.405631e+00 6.000000e-01
      vertex 3.388527e+01 2.635852e+00 6.000000e-01
    endloop
  endfacet
  facet normal 0.000000e+00 0.000000e+00 1.000000e+00
    outer loop
      vertex 3.510863e+01 4.887261e+00 6.000000e-01
      vertex 3.320297e+01 3.405631e+00 6.000000e-01
      vertex 3.571024e+01 3.848861e+00 6.000000e-01
    endloop
  endfacet
  facet normal 0.000000e+00 0.000000e+00 1.000000e+00
    outer loop
      vertex 3.571024e+01 3.848861e+00 6.000000e-01
      vertex 3.691388e+01 5.312771e+00 6.000000e-01
      vertex 3.510863e+01 4.887261e+00 6.000000e-01
    endloop
  endfacet
  facet normal 0.000000e+00 0.000000e+00 1.000000e+00
    outer loop
      vertex 3.320297e+01 3.405631e+00 6.000000e-01
      vertex 3.204352e+01 2.201751e+00 6.000000e-01
      vertex 3.388527e+01 2.635852e+00 6.000000e-01
    endloop
  endfacet
  facet normal 0.000000e+00 0.000000e+00 1.000000e+00
    outer loop
      vertex 3.821752e+01 4.292081e+00 6.000000e-01
      vertex 3.871913e+01 5.738271e+00 6.000000e-01
      vertex 3.691388e+01 5.312771e+00 6.000000e-01
    endloop
  endfacet
  facet normal 0.000000e+00 0.000000e+00 1.000000e+00
    outer loop
      vertex 3.572704e+01 3.069961e+00 6.000000e-01
      vertex 3.756881e+01 3.504071e+00 6.000000e-01
      vertex 3.571024e+01 3.848861e+00 6.000000e-01
    endloop
  endfacet
  facet normal 0.000000e+00 0.000000e+00 1.000000e+00
    outer loop
      vertex 3.756881e+01 3.504071e+00 6.000000e-01
      vertex 3.821752e+01 4.292081e+00 6.000000e-01
      vertex 3.571024e+01 3.848861e+00 6.000000e-01
    endloop
  endfacet
  facet normal 0.000000e+00 0.000000e+00 1.000000e+00
    outer loop
      vertex 3.941057e+01 3.938170e+00 6.000000e-01
      vertex 3.821752e+01 4.292081e+00 6.000000e-01
      vertex 3.756881e+01 3.504071e+00 6.000000e-01
    endloop
  endfacet
  facet normal 0.000000e+00 0.000000e+00 1.000000e+00
    outer loop
      vertex 3.691388e+01 5.312771e+00 6.000000e-01
      vertex 3.571024e+01 3.848861e+00 6.000000e-01
      vertex 3.821752e+01 4.292081e+00 6.000000e-01
    endloop
  endfacet
  facet normal 0.000000e+00 0.000000e+00 1.000000e+00
    outer loop
      vertex 3.572704e+01 3.069961e+00 6.000000e-01
      vertex 3.571024e+01 3.848861e+00 6.000000e-01
      vertex 3.388527e+01 2.635852e+00 6.000000e-01
    endloop
  endfacet
  facet normal 0.000000e+00 0.000000e+00 1.000000e+00
    outer loop
      vertex 3.020175e+01 9.677210e-01 6.000000e-01
      vertex 3.320297e+01 1.135201e+00 6.000000e-01
      vertex 3.204352e+01 1.401820e+00 6.000000e-01
    endloop
  endfacet
  facet normal 0.000000e+00 0.000000e+00 1.000000e+00
    outer loop
      vertex 3.388527e+01 1.835931e+00 6.000000e-01
      vertex 3.204352e+01 1.401820e+00 6.000000e-01
      vertex 3.320297e+01 1.135201e+00 6.000000e-01
    endloop
  endfacet
  facet normal 0.000000e+00 0.000000e+00 1.000000e+00
    outer loop
      vertex 3.320297e+01 1.135201e+00 6.000000e-01
      vertex 3.571024e+01 1.282950e+00 6.000000e-01
      vertex 3.388527e+01 1.835931e+00 6.000000e-01
    endloop
  endfacet
  facet normal 0.000000e+00 0.000000e+00 1.000000e+00
    outer loop
      vertex 3.821752e+01 1.430692e+00 6.000000e-01
      vertex 3.941057e+01 3.138261e+00 6.000000e-01
      vertex 3.756881e+01 2.704150e+00 6.000000e-01
    endloop
  endfacet
  facet normal 0.000000e+00 0.000000e+00 1.000000e+00
    outer loop
      vertex 3.571024e+01 1.282950e+00 6.000000e-01
      vertex 3.756881e+01 2.704150e+00 6.000000e-01
      vertex 3.572704e+01 2.270041e+00 6.000000e-01
    endloop
  endfacet
  facet normal 0.000000e+00 0.000000e+00 1.000000e+00
    outer loop
      vertex 3.388527e+01 1.835931e+00 6.000000e-01
      vertex 3.571024e+01 1.282950e+00 6.000000e-01
      vertex 3.572704e+01 2.270041e+00 6.000000e-01
    endloop
  endfacet
  facet normal 0.000000e+00 0.000000e+00 1.000000e+00
    outer loop
      vertex 3.821752e+01 1.430692e+00 6.000000e-01
      vertex 3.756881e+01 2.704150e+00 6.000000e-01
      vertex 3.571024e+01 1.282950e+00 6.000000e-01
    endloop
  endfacet
  facet normal 0.000000e+00 0.000000e+00 1.000000e+00
    outer loop
      vertex 3.320297e+01 1.135201e+00 6.000000e-01
      vertex 2.818843e+01 8.397303e-01 6.000000e-01
      vertex 2.818843e+01 9.536743e-07 6.000000e-01
    endloop
  endfacet
  facet normal 0.000000e+00 0.000000e+00 1.000000e+00
    outer loop
      vertex 3.320297e+01 1.135201e+00 6.000000e-01
      vertex 2.818843e+01 9.536743e-07 6.000000e-01
      vertex 3.320297e+01 9.536743e-07 6.000000e-01
    endloop
  endfacet
  facet normal 0.000000e+00 0.000000e+00 1.000000e+00
    outer loop
      vertex 4.072479e+01 4.735311e+00 6.000000e-01
      vertex 3.871913e+01 5.738271e+00 6.000000e-01
      vertex 3.821752e+01 4.292081e+00 6.000000e-01
    endloop
  endfacet
  facet normal 0.000000e+00 0.000000e+00 1.000000e+00
    outer loop
      vertex 3.330337e+01 4.461761e+00 6.000000e-01
      vertex 3.149812e+01 4.036261e+00 6.000000e-01
      vertex 3.320297e+01 3.405631e+00 6.000000e-01
    endloop
  endfacet
  facet normal 0.000000e+00 0.000000e+00 1.000000e+00
    outer loop
      vertex 2.317388e+01 -5.442495e-01 6.000000e-01
      vertex 2.066661e+01 9.536743e-07 6.000000e-01
      vertex 2.317388e+01 -1.088479e+00 6.000000e-01
    endloop
  endfacet
  facet normal 0.000000e+00 0.000000e+00 1.000000e+00
    outer loop
      vertex 2.066661e+01 -1.483258e+00 6.000000e-01
      vertex 2.317388e+01 -1.632730e+00 6.000000e-01
      vertex 2.317388e+01 -1.088479e+00 6.000000e-01
    endloop
  endfacet
  facet normal 0.000000e+00 0.000000e+00 1.000000e+00
    outer loop
      vertex 2.066661e+01 9.536743e-07 6.000000e-01
      vertex 2.066661e+01 -1.483258e+00 6.000000e-01
      vertex 2.317388e+01 -1.088479e+00 6.000000e-01
    endloop
  endfacet
  facet normal 0.000000e+00 0.000000e+00 1.000000e+00
    outer loop
      vertex 2.818843e+01 -8.397284e-01 6.000000e-01
      vertex 3.320297e+01 -1.135209e+00 6.000000e-01
      vertex 3.320297e+01 9.536743e-07 6.000000e-01
    endloop
  endfacet
  facet normal 0.000000e+00 0.000000e+00 1.000000e+00
    outer loop
      vertex 2.818843e+01 -8.397284e-01 6.000000e-01
      vertex 3.320297e+01 9.536743e-07 6.000000e-01
      vertex 2.818843e+01 9.536743e-07 6.000000e-01
    endloop
  endfacet
  facet normal 0.000000e+00 0.000000e+00 1.000000e+00
    outer loop
      vertex 2.818843e+01 -1.679460e+00 6.000000e-01
      vertex 3.020175e+01 -1.767638e+00 6.000000e-01
      vertex 2.818843e+01 -8.397284e-01 6.000000e-01
    endloop
  endfacet
  facet normal 0.000000e+00 0.000000e+00 1.000000e+00
    outer loop
      vertex 3.020175e+01 -9.677191e-01 6.000000e-01
      vertex 2.818843e+01 -8.397284e-01 6.000000e-01
      vertex 3.020175e+01 -1.767638e+00 6.000000e-01
    endloop
  endfacet
  facet normal 0.000000e+00 0.000000e+00 1.000000e+00
    outer loop
      vertex 3.020175e+01 -1.767638e+00 6.000000e-01
      vertex 2.818843e+01 -2.519179e+00 6.000000e-01
      vertex 3.204352e+01 -2.201758e+00 6.000000e-01
    endloop
  endfacet
  facet normal 0.000000e+00 0.000000e+00 1.000000e+00
    outer loop
      vertex 3.020175e+01 -1.767638e+00 6.000000e-01
      vertex 2.818843e+01 -1.679460e+00 6.000000e-01
      vertex 2.818843e+01 -2.519179e+00 6.000000e-01
    endloop
  endfacet
  facet normal 0.000000e+00 0.000000e+00 1.000000e+00
    outer loop
      vertex 2.066661e+01 -1.483258e+00 6.000000e-01
      vertex 2.247186e+01 -1.908759e+00 6.000000e-01
      vertex 2.317388e+01 -1.632730e+00 6.000000e-01
    endloop
  endfacet
  facet normal 0.000000e+00 0.000000e+00 1.000000e+00
    outer loop
      vertex 2.427712e+01 -2.334260e+00 6.000000e-01
      vertex 2.568116e+01 -2.075950e+00 6.000000e-01
      vertex 2.317388e+01 -1.632730e+00 6.000000e-01
    endloop
  endfacet
  facet normal 0.000000e+00 0.000000e+00 1.000000e+00
    outer loop
      vertex 2.427712e+01 -2.334260e+00 6.000000e-01
      vertex 2.317388e+01 -1.632730e+00 6.000000e-01
      vertex 2.247186e+01 -1.908759e+00 6.000000e-01
    endloop
  endfacet
  facet normal 0.000000e+00 0.000000e+00 1.000000e+00
    outer loop
      vertex 2.427712e+01 -2.334260e+00 6.000000e-01
      vertex 2.608237e+01 -2.759759e+00 6.000000e-01
      vertex 2.568116e+01 -2.075950e+00 6.000000e-01
    endloop
  endfacet
  facet normal 0.000000e+00 0.000000e+00 1.000000e+00
    outer loop
      vertex 2.788762e+01 -3.185269e+00 6.000000e-01
      vertex 2.818843e+01 -2.519179e+00 6.000000e-01
      vertex 2.608237e+01 -2.759759e+00 6.000000e-01
    endloop
  endfacet
  facet normal 0.000000e+00 0.000000e+00 1.000000e+00
    outer loop
      vertex 2.568116e+01 -2.075950e+00 6.000000e-01
      vertex 2.608237e+01 -2.759759e+00 6.000000e-01
      vertex 2.818843e+01 -2.519179e+00 6.000000e-01
    endloop
  endfacet
  facet normal 0.000000e+00 0.000000e+00 1.000000e+00
    outer loop
      vertex 2.788762e+01 -3.185269e+00 6.000000e-01
      vertex 2.969287e+01 -3.610768e+00 6.000000e-01
      vertex 2.818843e+01 -2.519179e+00 6.000000e-01
    endloop
  endfacet
  facet normal 0.000000e+00 0.000000e+00 1.000000e+00
    outer loop
      vertex 3.149812e+01 -4.036269e+00 6.000000e-01
      vertex 2.818843e+01 -2.519179e+00 6.000000e-01
      vertex 2.969287e+01 -3.610768e+00 6.000000e-01
    endloop
  endfacet
  facet normal 0.000000e+00 0.000000e+00 1.000000e+00
    outer loop
      vertex 3.320297e+01 -3.405639e+00 6.000000e-01
      vertex 3.204352e+01 -2.201758e+00 6.000000e-01
      vertex 2.818843e+01 -2.519179e+00 6.000000e-01
    endloop
  endfacet
  facet normal 0.000000e+00 0.000000e+00 1.000000e+00
    outer loop
      vertex 2.317388e+01 9.536743e-07 6.000000e-01
      vertex 2.066661e+01 9.536743e-07 6.000000e-01
      vertex 2.317388e+01 -5.442495e-01 6.000000e-01
    endloop
  endfacet
  facet normal 0.000000e+00 0.000000e+00 1.000000e+00
    outer loop
      vertex 3.020175e+01 -9.677191e-01 6.000000e-01
      vertex 3.204352e+01 -1.401830e+00 6.000000e-01
      vertex 3.320297e+01 -1.135209e+00 6.000000e-01
    endloop
  endfacet
  facet normal 0.000000e+00 0.000000e+00 1.000000e+00
    outer loop
      vertex 3.388527e+01 -1.835938e+00 6.000000e-01
      vertex 3.320297e+01 -1.135209e+00 6.000000e-01
      vertex 3.204352e+01 -1.401830e+00 6.000000e-01
    endloop
  endfacet
  facet normal 0.000000e+00 0.000000e+00 1.000000e+00
    outer loop
      vertex 3.320297e+01 -1.135209e+00 6.000000e-01
      vertex 2.818843e+01 -8.397284e-01 6.000000e-01
      vertex 3.020175e+01 -9.677191e-01 6.000000e-01
    endloop
  endfacet
  facet normal 0.000000e+00 0.000000e+00 1.000000e+00
    outer loop
      vertex 3.756881e+01 -2.704160e+00 6.000000e-01
      vertex 3.821752e+01 -1.430699e+00 6.000000e-01
      vertex 3.571024e+01 -1.282960e+00 6.000000e-01
    endloop
  endfacet
  facet normal 0.000000e+00 0.000000e+00 1.000000e+00
    outer loop
      vertex 3.388527e+01 -1.835938e+00 6.000000e-01
      vertex 3.572704e+01 -2.270049e+00 6.000000e-01
      vertex 3.571024e+01 -1.282960e+00 6.000000e-01
    endloop
  endfacet
  facet normal 0.000000e+00 0.000000e+00 1.000000e+00
    outer loop
      vertex 3.756881e+01 -2.704160e+00 6.000000e-01
      vertex 3.571024e+01 -1.282960e+00 6.000000e-01
      vertex 3.572704e+01 -2.270049e+00 6.000000e-01
    endloop
  endfacet
  facet normal 0.000000e+00 0.000000e+00 1.000000e+00
    outer loop
      vertex 3.320297e+01 -1.135209e+00 6.000000e-01
      vertex 3.388527e+01 -1.835938e+00 6.000000e-01
      vertex 3.571024e+01 -1.282960e+00 6.000000e-01
    endloop
  endfacet
  facet normal 0.000000e+00 0.000000e+00 1.000000e+00
    outer loop
      vertex 3.571024e+01 -3.848868e+00 6.000000e-01
      vertex 3.388527e+01 -2.635859e+00 6.000000e-01
      vertex 3.320297e+01 -3.405639e+00 6.000000e-01
    endloop
  endfacet
  facet normal 0.000000e+00 0.000000e+00 1.000000e+00
    outer loop
      vertex 3.204352e+01 -2.201758e+00 6.000000e-01
      vertex 3.320297e+01 -3.405639e+00 6.000000e-01
      vertex 3.388527e+01 -2.635859e+00 6.000000e-01
    endloop
  endfacet
  facet normal 0.000000e+00 0.000000e+00 1.000000e+00
    outer loop
      vertex 3.330337e+01 -4.461768e+00 6.000000e-01
      vertex 3.510863e+01 -4.887269e+00 6.000000e-01
      vertex 3.320297e+01 -3.405639e+00 6.000000e-01
    endloop
  endfacet
  facet normal 0.000000e+00 0.000000e+00 1.000000e+00
    outer loop
      vertex 3.571024e+01 -3.848868e+00 6.000000e-01
      vertex 3.320297e+01 -3.405639e+00 6.000000e-01
      vertex 3.510863e+01 -4.887269e+00 6.000000e-01
    endloop
  endfacet
  facet normal 0.000000e+00 0.000000e+00 1.000000e+00
    outer loop
      vertex 3.691388e+01 -5.312779e+00 6.000000e-01
      vertex 3.571024e+01 -3.848868e+00 6.000000e-01
      vertex 3.510863e+01 -4.887269e+00 6.000000e-01
    endloop
  endfacet
  facet normal 0.000000e+00 0.000000e+00 1.000000e+00
    outer loop
      vertex 3.571024e+01 -3.848868e+00 6.000000e-01
      vertex 3.572704e+01 -3.069968e+00 6.000000e-01
      vertex 3.388527e+01 -2.635859e+00 6.000000e-01
    endloop
  endfacet
  facet normal 0.000000e+00 0.000000e+00 1.000000e+00
    outer loop
      vertex 3.320297e+01 -3.405639e+00 6.000000e-01
      vertex 3.149812e+01 -4.036269e+00 6.000000e-01
      vertex 3.330337e+01 -4.461768e+00 6.000000e-01
    endloop
  endfacet
  facet normal 0.000000e+00 0.000000e+00 1.000000e+00
    outer loop
      vertex 3.571024e+01 -3.848868e+00 6.000000e-01
      vertex 3.821752e+01 -4.292089e+00 6.000000e-01
      vertex 3.756881e+01 -3.504079e+00 6.000000e-01
    endloop
  endfacet
  facet normal 0.000000e+00 0.000000e+00 1.000000e+00
    outer loop
      vertex 3.871913e+01 -5.738278e+00 6.000000e-01
      vertex 3.821752e+01 -4.292089e+00 6.000000e-01
      vertex 3.691388e+01 -5.312779e+00 6.000000e-01
    endloop
  endfacet
  facet normal 0.000000e+00 0.000000e+00 1.000000e+00
    outer loop
      vertex 3.821752e+01 -4.292089e+00 6.000000e-01
      vertex 3.571024e+01 -3.848868e+00 6.000000e-01
      vertex 3.691388e+01 -5.312779e+00 6.000000e-01
    endloop
  endfacet
  facet normal 0.000000e+00 0.000000e+00 1.000000e+00
    outer loop
      vertex 3.821752e+01 -4.292089e+00 6.000000e-01
      vertex 3.871913e+01 -5.738278e+00 6.000000e-01
      vertex 4.072479e+01 -4.735318e+00 6.000000e-01
    endloop
  endfacet
  facet normal 0.000000e+00 0.000000e+00 1.000000e+00
    outer loop
      vertex 3.941057e+01 -3.938180e+00 6.000000e-01
      vertex 3.756881e+01 -3.504079e+00 6.000000e-01
      vertex 3.821752e+01 -4.292089e+00 6.000000e-01
    endloop
  endfacet
  facet normal 0.000000e+00 0.000000e+00 1.000000e+00
    outer loop
      vertex 3.756881e+01 -3.504079e+00 6.000000e-01
      vertex 3.572704e+01 -3.069968e+00 6.000000e-01
      vertex 3.571024e+01 -3.848868e+00 6.000000e-01
    endloop
  endfacet
  facet normal 0.000000e+00 0.000000e+00 1.000000e+00
    outer loop
      vertex 3.756881e+01 -2.704160e+00 6.000000e-01
      vertex 3.941057e+01 -3.138259e+00 6.000000e-01
      vertex 3.821752e+01 -1.430699e+00 6.000000e-01
    endloop
  endfacet
  facet normal 0.000000e+00 0.000000e+00 1.000000e+00
    outer loop
      vertex 3.320297e+01 -3.405639e+00 6.000000e-01
      vertex 2.818843e+01 -2.519179e+00 6.000000e-01
      vertex 3.149812e+01 -4.036269e+00 6.000000e-01
    endloop
  endfacet
  facet normal 0.000000e+00 0.000000e+00 1.000000e+00
    outer loop
      vertex 3.941057e+01 3.138261e+00 6.000000e-01
      vertex 3.821752e+01 1.430692e+00 6.000000e-01
      vertex 4.072479e+01 1.578431e+00 6.000000e-01
    endloop
  endfacet
  facet normal 0.000000e+00 0.000000e+00 1.000000e+00
    outer loop
      vertex 4.072479e+01 4.735311e+00 6.000000e-01
      vertex 4.232963e+01 6.589271e+00 6.000000e-01
      vertex 4.052438e+01 6.163771e+00 6.000000e-01
    endloop
  endfacet
  facet normal 0.000000e+00 0.000000e+00 1.000000e+00
    outer loop
      vertex 4.309409e+01 4.806391e+00 6.000000e-01
      vertex 4.323206e+01 5.178541e+00 6.000000e-01
      vertex 4.125233e+01 4.372291e+00 6.000000e-01
    endloop
  endfacet
  facet normal 0.000000e+00 0.000000e+00 1.000000e+00
    outer loop
      vertex 4.125233e+01 4.372291e+00 6.000000e-01
      vertex 4.323206e+01 5.178541e+00 6.000000e-01
      vertex 4.072479e+01 4.735311e+00 6.000000e-01
    endloop
  endfacet
  facet normal 0.000000e+00 0.000000e+00 1.000000e+00
    outer loop
      vertex 4.323206e+01 5.178541e+00 6.000000e-01
      vertex 4.232963e+01 6.589271e+00 6.000000e-01
      vertex 4.072479e+01 4.735311e+00 6.000000e-01
    endloop
  endfacet
  facet normal 0.000000e+00 0.000000e+00 1.000000e+00
    outer loop
      vertex 3.821752e+01 4.292081e+00 6.000000e-01
      vertex 3.941057e+01 3.938170e+00 6.000000e-01
      vertex 4.072479e+01 4.735311e+00 6.000000e-01
    endloop
  endfacet
  facet normal 0.000000e+00 0.000000e+00 1.000000e+00
    outer loop
      vertex 4.573933e+01 5.621761e+00 6.000000e-01
      vertex 4.594014e+01 7.440281e+00 6.000000e-01
      vertex 4.413489e+01 7.014771e+00 6.000000e-01
    endloop
  endfacet
  facet normal 0.000000e+00 0.000000e+00 1.000000e+00
    outer loop
      vertex 4.413489e+01 7.014771e+00 6.000000e-01
      vertex 4.323206e+01 5.178541e+00 6.000000e-01
      vertex 4.573933e+01 5.621761e+00 6.000000e-01
    endloop
  endfacet
  facet normal 0.000000e+00 0.000000e+00 1.000000e+00
    outer loop
      vertex 4.493586e+01 5.240501e+00 6.000000e-01
      vertex 4.573933e+01 5.621761e+00 6.000000e-01
      vertex 4.323206e+01 5.178541e+00 6.000000e-01
    endloop
  endfacet
  facet normal 0.000000e+00 0.000000e+00 1.000000e+00
    outer loop
      vertex 4.493586e+01 5.240501e+00 6.000000e-01
      vertex 4.677762e+01 5.674611e+00 6.000000e-01
      vertex 4.573933e+01 5.621761e+00 6.000000e-01
    endloop
  endfacet
  facet normal 0.000000e+00 0.000000e+00 1.000000e+00
    outer loop
      vertex 4.309409e+01 4.806391e+00 6.000000e-01
      vertex 4.493586e+01 5.240501e+00 6.000000e-01
      vertex 4.323206e+01 5.178541e+00 6.000000e-01
    endloop
  endfacet
  facet normal 0.000000e+00 0.000000e+00 1.000000e+00
    outer loop
      vertex 4.232963e+01 6.589271e+00 6.000000e-01
      vertex 4.323206e+01 5.178541e+00 6.000000e-01
      vertex 4.413489e+01 7.014771e+00 6.000000e-01
    endloop
  endfacet
  facet normal 0.000000e+00 0.000000e+00 1.000000e+00
    outer loop
      vertex 4.072479e+01 3.156871e+00 6.000000e-01
      vertex 4.125233e+01 3.572360e+00 6.000000e-01
      vertex 3.941057e+01 3.138261e+00 6.000000e-01
    endloop
  endfacet
  facet normal 0.000000e+00 0.000000e+00 1.000000e+00
    outer loop
      vertex 4.072479e+01 4.735311e+00 6.000000e-01
      vertex 3.941057e+01 3.938170e+00 6.000000e-01
      vertex 4.125233e+01 4.372291e+00 6.000000e-01
    endloop
  endfacet
  facet normal 0.000000e+00 0.000000e+00 1.000000e+00
    outer loop
      vertex 4.072479e+01 3.156871e+00 6.000000e-01
      vertex 3.941057e+01 3.138261e+00 6.000000e-01
      vertex 4.072479e+01 1.578431e+00 6.000000e-01
    endloop
  endfacet
  facet normal 0.000000e+00 0.000000e+00 1.000000e+00
    outer loop
      vertex 4.072479e+01 3.156871e+00 6.000000e-01
      vertex 4.072479e+01 1.578431e+00 6.000000e-01
      vertex 4.323206e+01 3.452361e+00 6.000000e-01
    endloop
  endfacet
  facet normal 0.000000e+00 0.000000e+00 1.000000e+00
    outer loop
      vertex 4.323206e+01 3.452361e+00 6.000000e-01
      vertex 4.493586e+01 4.440581e+00 6.000000e-01
      vertex 4.309409e+01 4.006471e+00 6.000000e-01
    endloop
  endfacet
  facet normal 0.000000e+00 0.000000e+00 1.000000e+00
    outer loop
      vertex 4.125233e+01 3.572360e+00 6.000000e-01
      vertex 4.323206e+01 3.452361e+00 6.000000e-01
      vertex 4.309409e+01 4.006471e+00 6.000000e-01
    endloop
  endfacet
  facet normal 0.000000e+00 0.000000e+00 1.000000e+00
    outer loop
      vertex 4.573933e+01 3.747842e+00 6.000000e-01
      vertex 4.493586e+01 4.440581e+00 6.000000e-01
      vertex 4.323206e+01 3.452361e+00 6.000000e-01
    endloop
  endfacet
  facet normal 0.000000e+00 0.000000e+00 1.000000e+00
    outer loop
      vertex 4.072479e+01 3.156871e+00 6.000000e-01
      vertex 4.323206e+01 3.452361e+00 6.000000e-01
      vertex 4.125233e+01 3.572360e+00 6.000000e-01
    endloop
  endfacet
  facet normal 0.000000e+00 0.000000e+00 1.000000e+00
    outer loop
      vertex 4.677762e+01 4.874691e+00 6.000000e-01
      vertex 4.493586e+01 4.440581e+00 6.000000e-01
      vertex 4.573933e+01 3.747842e+00 6.000000e-01
    endloop
  endfacet
  facet normal 0.000000e+00 0.000000e+00 1.000000e+00
    outer loop
      vertex 4.677762e+01 5.674611e+00 6.000000e-01
      vertex 4.594014e+01 7.440281e+00 6.000000e-01
      vertex 4.573933e+01 5.621761e+00 6.000000e-01
    endloop
  endfacet
  facet normal 0.000000e+00 0.000000e+00 1.000000e+00
    outer loop
      vertex 4.052438e+01 6.163771e+00 6.000000e-01
      vertex 3.871913e+01 5.738271e+00 6.000000e-01
      vertex 4.072479e+01 4.735311e+00 6.000000e-01
    endloop
  endfacet
  facet normal 0.000000e+00 0.000000e+00 1.000000e+00
    outer loop
      vertex 4.861938e+01 6.108721e+00 6.000000e-01
      vertex 4.955064e+01 8.291281e+00 6.000000e-01
      vertex 4.774539e+01 7.865781e+00 6.000000e-01
    endloop
  endfacet
  facet normal 0.000000e+00 0.000000e+00 1.000000e+00
    outer loop
      vertex 4.774539e+01 7.865781e+00 6.000000e-01
      vertex 4.677762e+01 5.674611e+00 6.000000e-01
      vertex 4.861938e+01 6.108721e+00 6.000000e-01
    endloop
  endfacet
  facet normal 0.000000e+00 0.000000e+00 1.000000e+00
    outer loop
      vertex 4.861938e+01 6.108721e+00 6.000000e-01
      vertex 5.046115e+01 6.542831e+00 6.000000e-01
      vertex 4.955064e+01 8.291281e+00 6.000000e-01
    endloop
  endfacet
  facet normal 0.000000e+00 0.000000e+00 1.000000e+00
    outer loop
      vertex 4.594014e+01 7.440281e+00 6.000000e-01
      vertex 4.677762e+01 5.674611e+00 6.000000e-01
      vertex 4.774539e+01 7.865781e+00 6.000000e-01
    endloop
  endfacet
  facet normal 0.000000e+00 0.000000e+00 1.000000e+00
    outer loop
      vertex 5.316115e+01 7.313821e+00 6.000000e-01
      vertex 5.316115e+01 9.142281e+00 6.000000e-01
      vertex 5.135589e+01 8.716791e+00 6.000000e-01
    endloop
  endfacet
  facet normal 0.000000e+00 0.000000e+00 1.000000e+00
    outer loop
      vertex 5.046115e+01 5.742901e+00 6.000000e-01
      vertex 5.316115e+01 7.313821e+00 6.000000e-01
      vertex 5.046115e+01 6.542831e+00 6.000000e-01
    endloop
  endfacet
  facet normal 0.000000e+00 0.000000e+00 1.000000e+00
    outer loop
      vertex 5.135589e+01 8.716791e+00 6.000000e-01
      vertex 5.046115e+01 6.542831e+00 6.000000e-01
      vertex 5.316115e+01 7.313821e+00 6.000000e-01
    endloop
  endfacet
  facet normal 0.000000e+00 0.000000e+00 1.000000e+00
    outer loop
      vertex 5.316115e+01 5.485371e+00 6.000000e-01
      vertex 5.316115e+01 7.313821e+00 6.000000e-01
      vertex 5.046115e+01 5.742901e+00 6.000000e-01
    endloop
  endfacet
  facet normal 0.000000e+00 0.000000e+00 1.000000e+00
    outer loop
      vertex 4.955064e+01 8.291281e+00 6.000000e-01
      vertex 5.046115e+01 6.542831e+00 6.000000e-01
      vertex 5.135589e+01 8.716791e+00 6.000000e-01
    endloop
  endfacet
  facet normal 0.000000e+00 0.000000e+00 1.000000e+00
    outer loop
      vertex 4.824660e+01 4.043321e+00 6.000000e-01
      vertex 4.861938e+01 5.308801e+00 6.000000e-01
      vertex 4.677762e+01 4.874691e+00 6.000000e-01
    endloop
  endfacet
  facet normal 0.000000e+00 0.000000e+00 1.000000e+00
    outer loop
      vertex 4.861938e+01 5.308801e+00 6.000000e-01
      vertex 4.824660e+01 4.043321e+00 6.000000e-01
      vertex 5.075387e+01 4.338811e+00 6.000000e-01
    endloop
  endfacet
  facet normal 0.000000e+00 0.000000e+00 1.000000e+00
    outer loop
      vertex 4.861938e+01 5.308801e+00 6.000000e-01
      vertex 5.075387e+01 4.338811e+00 6.000000e-01
      vertex 5.046115e+01 5.742901e+00 6.000000e-01
    endloop
  endfacet
  facet normal 0.000000e+00 0.000000e+00 1.000000e+00
    outer loop
      vertex 5.075387e+01 4.338811e+00 6.000000e-01
      vertex 5.075387e+01 2.169412e+00 6.000000e-01
      vertex 5.316115e+01 3.656911e+00 6.000000e-01
    endloop
  endfacet
  facet normal 0.000000e+00 0.000000e+00 1.000000e+00
    outer loop
      vertex 5.316115e+01 1.828462e+00 6.000000e-01
      vertex 5.075387e+01 2.169412e+00 6.000000e-01
      vertex 5.075387e+01 9.536743e-07 6.000000e-01
    endloop
  endfacet
  facet normal 0.000000e+00 0.000000e+00 1.000000e+00
    outer loop
      vertex 5.316115e+01 3.656911e+00 6.000000e-01
      vertex 5.075387e+01 2.169412e+00 6.000000e-01
      vertex 5.316115e+01 1.828462e+00 6.000000e-01
    endloop
  endfacet
  facet normal 0.000000e+00 0.000000e+00 1.000000e+00
    outer loop
      vertex 5.316115e+01 5.485371e+00 6.000000e-01
      vertex 5.075387e+01 4.338811e+00 6.000000e-01
      vertex 5.316115e+01 3.656911e+00 6.000000e-01
    endloop
  endfacet
  facet normal 0.000000e+00 0.000000e+00 1.000000e+00
    outer loop
      vertex 5.075387e+01 4.338811e+00 6.000000e-01
      vertex 5.316115e+01 5.485371e+00 6.000000e-01
      vertex 5.046115e+01 5.742901e+00 6.000000e-01
    endloop
  endfacet
  facet normal 0.000000e+00 0.000000e+00 1.000000e+00
    outer loop
      vertex 4.824660e+01 4.043321e+00 6.000000e-01
      vertex 4.677762e+01 4.874691e+00 6.000000e-01
      vertex 4.573933e+01 3.747842e+00 6.000000e-01
    endloop
  endfacet
  facet normal 0.000000e+00 0.000000e+00 1.000000e+00
    outer loop
      vertex 5.316115e+01 1.828462e+00 6.000000e-01
      vertex 5.075387e+01 9.536743e-07 6.000000e-01
      vertex 5.316115e+01 9.536743e-07 6.000000e-01
    endloop
  endfacet
  facet normal 0.000000e+00 0.000000e+00 1.000000e+00
    outer loop
      vertex 3.941057e+01 -3.138259e+00 6.000000e-01
      vertex 4.072479e+01 -3.156878e+00 6.000000e-01
      vertex 4.072479e+01 -1.578439e+00 6.000000e-01
    endloop
  endfacet
  facet normal 0.000000e+00 0.000000e+00 1.000000e+00
    outer loop
      vertex 4.323206e+01 -3.452369e+00 6.000000e-01
      vertex 4.072479e+01 -1.578439e+00 6.000000e-01
      vertex 4.072479e+01 -3.156878e+00 6.000000e-01
    endloop
  endfacet
  facet normal 0.000000e+00 0.000000e+00 1.000000e+00
    outer loop
      vertex 4.125233e+01 -3.572370e+00 6.000000e-01
      vertex 4.072479e+01 -3.156878e+00 6.000000e-01
      vertex 3.941057e+01 -3.138259e+00 6.000000e-01
    endloop
  endfacet
  facet normal 0.000000e+00 0.000000e+00 1.000000e+00
    outer loop
      vertex 4.072479e+01 -1.578439e+00 6.000000e-01
      vertex 3.821752e+01 -1.430699e+00 6.000000e-01
      vertex 3.941057e+01 -3.138259e+00 6.000000e-01
    endloop
  endfacet
  facet normal 0.000000e+00 0.000000e+00 1.000000e+00
    outer loop
      vertex 4.493586e+01 -4.440589e+00 6.000000e-01
      vertex 4.573933e+01 -3.747849e+00 6.000000e-01
      vertex 4.323206e+01 -3.452369e+00 6.000000e-01
    endloop
  endfacet
  facet normal 0.000000e+00 0.000000e+00 1.000000e+00
    outer loop
      vertex 4.125233e+01 -3.572370e+00 6.000000e-01
      vertex 4.309409e+01 -4.006478e+00 6.000000e-01
      vertex 4.323206e+01 -3.452369e+00 6.000000e-01
    endloop
  endfacet
  facet normal 0.000000e+00 0.000000e+00 1.000000e+00
    outer loop
      vertex 4.493586e+01 -4.440589e+00 6.000000e-01
      vertex 4.323206e+01 -3.452369e+00 6.000000e-01
      vertex 4.309409e+01 -4.006478e+00 6.000000e-01
    endloop
  endfacet
  facet normal 0.000000e+00 0.000000e+00 1.000000e+00
    outer loop
      vertex 4.072479e+01 -3.156878e+00 6.000000e-01
      vertex 4.125233e+01 -3.572370e+00 6.000000e-01
      vertex 4.323206e+01 -3.452369e+00 6.000000e-01
    endloop
  endfacet
  facet normal 0.000000e+00 0.000000e+00 1.000000e+00
    outer loop
      vertex 4.323206e+01 -5.178550e+00 6.000000e-01
      vertex 4.072479e+01 -4.735318e+00 6.000000e-01
      vertex 4.232963e+01 -6.589278e+00 6.000000e-01
    endloop
  endfacet
  facet normal 0.000000e+00 0.000000e+00 1.000000e+00
    outer loop
      vertex 3.941057e+01 -3.938180e+00 6.000000e-01
      vertex 4.072479e+01 -4.735318e+00 6.000000e-01
      vertex 4.125233e+01 -4.372289e+00 6.000000e-01
    endloop
  endfacet
  facet normal 0.000000e+00 0.000000e+00 1.000000e+00
    outer loop
      vertex 4.072479e+01 -4.735318e+00 6.000000e-01
      vertex 4.052438e+01 -6.163779e+00 6.000000e-01
      vertex 4.232963e+01 -6.589278e+00 6.000000e-01
    endloop
  endfacet
  facet normal 0.000000e+00 0.000000e+00 1.000000e+00
    outer loop
      vertex 4.323206e+01 -5.178550e+00 6.000000e-01
      vertex 4.125233e+01 -4.372289e+00 6.000000e-01
      vertex 4.072479e+01 -4.735318e+00 6.000000e-01
    endloop
  endfacet
  facet normal 0.000000e+00 0.000000e+00 1.000000e+00
    outer loop
      vertex 4.072479e+01 -4.735318e+00 6.000000e-01
      vertex 3.871913e+01 -5.738278e+00 6.000000e-01
      vertex 4.052438e+01 -6.163779e+00 6.000000e-01
    endloop
  endfacet
  facet normal 0.000000e+00 0.000000e+00 1.000000e+00
    outer loop
      vertex 4.323206e+01 -5.178550e+00 6.000000e-01
      vertex 4.493586e+01 -5.240510e+00 6.000000e-01
      vertex 4.309409e+01 -4.806399e+00 6.000000e-01
    endloop
  endfacet
  facet normal 0.000000e+00 0.000000e+00 1.000000e+00
    outer loop
      vertex 4.493586e+01 -5.240510e+00 6.000000e-01
      vertex 4.323206e+01 -5.178550e+00 6.000000e-01
      vertex 4.573933e+01 -5.621770e+00 6.000000e-01
    endloop
  endfacet
  facet normal 0.000000e+00 0.000000e+00 1.000000e+00
    outer loop
      vertex 4.413489e+01 -7.014779e+00 6.000000e-01
      vertex 4.573933e+01 -5.621770e+00 6.000000e-01
      vertex 4.323206e+01 -5.178550e+00 6.000000e-01
    endloop
  endfacet
  facet normal 0.000000e+00 0.000000e+00 1.000000e+00
    outer loop
      vertex 4.594014e+01 -7.440289e+00 6.000000e-01
      vertex 4.573933e+01 -5.621770e+00 6.000000e-01
      vertex 4.413489e+01 -7.014779e+00 6.000000e-01
    endloop
  endfacet
  facet normal 0.000000e+00 0.000000e+00 1.000000e+00
    outer loop
      vertex 4.232963e+01 -6.589278e+00 6.000000e-01
      vertex 4.413489e+01 -7.014779e+00 6.000000e-01
      vertex 4.323206e+01 -5.178550e+00 6.000000e-01
    endloop
  endfacet
  facet normal 0.000000e+00 0.000000e+00 1.000000e+00
    outer loop
      vertex 4.125233e+01 -4.372289e+00 6.000000e-01
      vertex 4.323206e+01 -5.178550e+00 6.000000e-01
      vertex 4.309409e+01 -4.806399e+00 6.000000e-01
    endloop
  endfacet
  facet normal 0.000000e+00 0.000000e+00 1.000000e+00
    outer loop
      vertex 4.677762e+01 -4.874700e+00 6.000000e-01
      vertex 4.573933e+01 -3.747849e+00 6.000000e-01
      vertex 4.493586e+01 -4.440589e+00 6.000000e-01
    endloop
  endfacet
  facet normal 0.000000e+00 0.000000e+00 1.000000e+00
    outer loop
      vertex 3.941057e+01 -3.938180e+00 6.000000e-01
      vertex 3.821752e+01 -4.292089e+00 6.000000e-01
      vertex 4.072479e+01 -4.735318e+00 6.000000e-01
    endloop
  endfacet
  facet normal 0.000000e+00 0.000000e+00 1.000000e+00
    outer loop
      vertex 5.075387e+01 -4.338819e+00 6.000000e-01
      vertex 4.824660e+01 -4.043328e+00 6.000000e-01
      vertex 4.861938e+01 -5.308799e+00 6.000000e-01
    endloop
  endfacet
  facet normal 0.000000e+00 0.000000e+00 1.000000e+00
    outer loop
      vertex 4.573933e+01 -3.747849e+00 6.000000e-01
      vertex 4.677762e+01 -4.874700e+00 6.000000e-01
      vertex 4.824660e+01 -4.043328e+00 6.000000e-01
    endloop
  endfacet
  facet normal 0.000000e+00 0.000000e+00 1.000000e+00
    outer loop
      vertex 4.824660e+01 -4.043328e+00 6.000000e-01
      vertex 4.677762e+01 -4.874700e+00 6.000000e-01
      vertex 4.861938e+01 -5.308799e+00 6.000000e-01
    endloop
  endfacet
  facet normal 0.000000e+00 0.000000e+00 1.000000e+00
    outer loop
      vertex 5.316115e+01 -3.656919e+00 6.000000e-01
      vertex 5.316115e+01 -1.828460e+00 6.000000e-01
      vertex 5.075387e+01 -2.169410e+00 6.000000e-01
    endloop
  endfacet
  facet normal 0.000000e+00 0.000000e+00 1.000000e+00
    outer loop
      vertex 5.075387e+01 -2.169410e+00 6.000000e-01
      vertex 5.316115e+01 -1.828460e+00 6.000000e-01
      vertex 5.316115e+01 9.536743e-07 6.000000e-01
    endloop
  endfacet
  facet normal 0.000000e+00 0.000000e+00 1.000000e+00
    outer loop
      vertex 5.075387e+01 -2.169410e+00 6.000000e-01
      vertex 5.316115e+01 9.536743e-07 6.000000e-01
      vertex 5.075387e+01 9.536743e-07 6.000000e-01
    endloop
  endfacet
  facet normal 0.000000e+00 0.000000e+00 1.000000e+00
    outer loop
      vertex 5.316115e+01 -5.485379e+00 6.000000e-01
      vertex 5.316115e+01 -3.656919e+00 6.000000e-01
      vertex 5.075387e+01 -4.338819e+00 6.000000e-01
    endloop
  endfacet
  facet normal 0.000000e+00 0.000000e+00 1.000000e+00
    outer loop
      vertex 5.075387e+01 -2.169410e+00 6.000000e-01
      vertex 5.075387e+01 -4.338819e+00 6.000000e-01
      vertex 5.316115e+01 -3.656919e+00 6.000000e-01
    endloop
  endfacet
  facet normal 0.000000e+00 0.000000e+00 1.000000e+00
    outer loop
      vertex 5.046115e+01 -5.742909e+00 6.000000e-01
      vertex 5.075387e+01 -4.338819e+00 6.000000e-01
      vertex 4.861938e+01 -5.308799e+00 6.000000e-01
    endloop
  endfacet
  facet normal 0.000000e+00 0.000000e+00 1.000000e+00
    outer loop
      vertex 5.316115e+01 -5.485379e+00 6.000000e-01
      vertex 5.075387e+01 -4.338819e+00 6.000000e-01
      vertex 5.046115e+01 -5.742909e+00 6.000000e-01
    endloop
  endfacet
  facet normal 0.000000e+00 0.000000e+00 1.000000e+00
    outer loop
      vertex 4.774539e+01 -7.865788e+00 6.000000e-01
      vertex 4.861938e+01 -6.108720e+00 6.000000e-01
      vertex 4.677762e+01 -5.674619e+00 6.000000e-01
    endloop
  endfacet
  facet normal 0.000000e+00 0.000000e+00 1.000000e+00
    outer loop
      vertex 4.594014e+01 -7.440289e+00 6.000000e-01
      vertex 4.774539e+01 -7.865788e+00 6.000000e-01
      vertex 4.677762e+01 -5.674619e+00 6.000000e-01
    endloop
  endfacet
  facet normal 0.000000e+00 0.000000e+00 1.000000e+00
    outer loop
      vertex 4.955064e+01 -8.291289e+00 6.000000e-01
      vertex 4.861938e+01 -6.108720e+00 6.000000e-01
      vertex 4.774539e+01 -7.865788e+00 6.000000e-01
    endloop
  endfacet
  facet normal 0.000000e+00 0.000000e+00 1.000000e+00
    outer loop
      vertex 4.955064e+01 -8.291289e+00 6.000000e-01
      vertex 5.046115e+01 -6.542838e+00 6.000000e-01
      vertex 4.861938e+01 -6.108720e+00 6.000000e-01
    endloop
  endfacet
  facet normal 0.000000e+00 0.000000e+00 1.000000e+00
    outer loop
      vertex 4.677762e+01 -5.674619e+00 6.000000e-01
      vertex 4.573933e+01 -5.621770e+00 6.000000e-01
      vertex 4.594014e+01 -7.440289e+00 6.000000e-01
    endloop
  endfacet
  facet normal 0.000000e+00 0.000000e+00 1.000000e+00
    outer loop
      vertex 5.316115e+01 -7.313828e+00 6.000000e-01
      vertex 5.046115e+01 -5.742909e+00 6.000000e-01
      vertex 5.046115e+01 -6.542838e+00 6.000000e-01
    endloop
  endfacet
  facet normal 0.000000e+00 0.000000e+00 1.000000e+00
    outer loop
      vertex 5.316115e+01 -9.142289e+00 6.000000e-01
      vertex 5.316115e+01 -7.313828e+00 6.000000e-01
      vertex 5.135589e+01 -8.716788e+00 6.000000e-01
    endloop
  endfacet
  facet normal 0.000000e+00 0.000000e+00 1.000000e+00
    outer loop
      vertex 5.046115e+01 -6.542838e+00 6.000000e-01
      vertex 5.135589e+01 -8.716788e+00 6.000000e-01
      vertex 5.316115e+01 -7.313828e+00 6.000000e-01
    endloop
  endfacet
  facet normal 0.000000e+00 0.000000e+00 1.000000e+00
    outer loop
      vertex 5.316115e+01 -7.313828e+00 6.000000e-01
      vertex 5.316115e+01 -5.485379e+00 6.000000e-01
      vertex 5.046115e+01 -5.742909e+00 6.000000e-01
    endloop
  endfacet
  facet normal 0.000000e+00 0.000000e+00 1.000000e+00
    outer loop
      vertex 4.955064e+01 -8.291289e+00 6.000000e-01
      vertex 5.135589e+01 -8.716788e+00 6.000000e-01
      vertex 5.046115e+01 -6.542838e+00 6.000000e-01
    endloop
  endfacet
  facet normal 0.000000e+00 0.000000e+00 1.000000e+00
    outer loop
      vertex 4.677762e+01 -5.674619e+00 6.000000e-01
      vertex 4.493586e+01 -5.240510e+00 6.000000e-01
      vertex 4.573933e+01 -5.621770e+00 6.000000e-01
    endloop
  endfacet
  facet normal -2.294178e-01 9.733281e-01 0.000000e+00
    outer loop
      vertex 5.046115e+01 6.542831e+00 2.100000e+00
      vertex 5.046115e+01 6.542831e+00 6.000000e-01
      vertex 4.861938e+01 6.108721e+00 6.000000e-01
    endloop
  endfacet
  facet normal -2.294178e-01 9.733281e-01 3.783724e-06
    outer loop
      vertex 5.046115e+01 6.542831e+00 2.100000e+00
      vertex 4.677762e+01 5.674611e+00 6.000000e-01
      vertex 4.493586e+01 5.240501e+00 6.000000e-01
    endloop
  endfacet
  facet normal -2.294139e-01 9.733289e-01 -8.941502e-07
    outer loop
      vertex 4.467275e+01 5.178491e+00 3.600000e+00
      vertex 4.493586e+01 5.240501e+00 6.000000e-01
      vertex 4.309409e+01 4.806391e+00 6.000000e-01
    endloop
  endfacet
  facet normal -2.294149e-01 9.733287e-01 -3.783742e-06
    outer loop
      vertex 5.046115e+01 6.542831e+00 2.100000e+00
      vertex 4.861938e+01 6.108721e+00 6.000000e-01
      vertex 4.677762e+01 5.674611e+00 6.000000e-01
    endloop
  endfacet
  facet normal -2.294171e-01 9.733282e-01 0.000000e+00
    outer loop
      vertex 5.046115e+01 6.542831e+00 3.600000e+00
      vertex 5.046115e+01 6.542831e+00 2.100000e+00
      vertex 4.756695e+01 5.860651e+00 3.600000e+00
    endloop
  endfacet
  facet normal -2.294153e-01 9.733286e-01 3.783739e-06
    outer loop
      vertex 4.467275e+01 5.178491e+00 3.600000e+00
      vertex 4.756695e+01 5.860651e+00 3.600000e+00
      vertex 5.046115e+01 6.542831e+00 2.100000e+00
    endloop
  endfacet
  facet normal -2.294147e-01 9.733288e-01 -4.629256e-07
    outer loop
      vertex 4.467275e+01 5.178491e+00 3.600000e+00
      vertex 4.309409e+01 4.806391e+00 6.000000e-01
      vertex 4.177855e+01 4.496321e+00 3.600000e+00
    endloop
  endfacet
  facet normal -2.294165e-01 9.733284e-01 -1.130751e-06
    outer loop
      vertex 4.493586e+01 5.240501e+00 6.000000e-01
      vertex 4.467275e+01 5.178491e+00 3.600000e+00
      vertex 5.046115e+01 6.542831e+00 2.100000e+00
    endloop
  endfacet
  facet normal -2.294178e-01 9.733281e-01 -2.022044e-08
    outer loop
      vertex 4.125233e+01 4.372291e+00 6.000000e-01
      vertex 3.941057e+01 3.938170e+00 6.000000e-01
      vertex 3.888435e+01 3.814141e+00 3.600000e+00
    endloop
  endfacet
  facet normal -2.294177e-01 9.733281e-01 1.286759e-08
    outer loop
      vertex 4.125233e+01 4.372291e+00 6.000000e-01
      vertex 3.888435e+01 3.814141e+00 3.600000e+00
      vertex 4.177855e+01 4.496321e+00 3.600000e+00
    endloop
  endfacet
  facet normal -2.294149e-01 9.733287e-01 -5.203096e-07
    outer loop
      vertex 4.309409e+01 4.806391e+00 6.000000e-01
      vertex 4.125233e+01 4.372291e+00 6.000000e-01
      vertex 4.177855e+01 4.496321e+00 3.600000e+00
    endloop
  endfacet
  facet normal -2.294149e-01 9.733287e-01 5.203096e-07
    outer loop
      vertex 3.888435e+01 3.814141e+00 3.600000e+00
      vertex 3.941057e+01 3.938170e+00 6.000000e-01
      vertex 3.756881e+01 3.504071e+00 6.000000e-01
    endloop
  endfacet
  facet normal -2.294178e-01 9.733281e-01 -3.783724e-06
    outer loop
      vertex 3.020175e+01 1.767631e+00 2.100000e+00
      vertex 3.572704e+01 3.069961e+00 6.000000e-01
      vertex 3.388527e+01 2.635852e+00 6.000000e-01
    endloop
  endfacet
  facet normal -2.294149e-01 9.733287e-01 3.783742e-06
    outer loop
      vertex 3.020175e+01 1.767631e+00 2.100000e+00
      vertex 3.388527e+01 2.635852e+00 6.000000e-01
      vertex 3.204352e+01 2.201751e+00 6.000000e-01
    endloop
  endfacet
  facet normal -2.294139e-01 9.733289e-01 8.941502e-07
    outer loop
      vertex 3.599015e+01 3.131982e+00 3.600000e+00
      vertex 3.756881e+01 3.504071e+00 6.000000e-01
      vertex 3.572704e+01 3.069961e+00 6.000000e-01
    endloop
  endfacet
  facet normal -2.294147e-01 9.733288e-01 4.629256e-07
    outer loop
      vertex 3.599015e+01 3.131982e+00 3.600000e+00
      vertex 3.888435e+01 3.814141e+00 3.600000e+00
      vertex 3.756881e+01 3.504071e+00 6.000000e-01
    endloop
  endfacet
  facet normal -2.294153e-01 9.733286e-01 -3.783739e-06
    outer loop
      vertex 3.020175e+01 1.767631e+00 2.100000e+00
      vertex 3.309595e+01 2.449811e+00 3.600000e+00
      vertex 3.599015e+01 3.131982e+00 3.600000e+00
    endloop
  endfacet
  facet normal -2.294165e-01 9.733284e-01 1.130751e-06
    outer loop
      vertex 3.020175e+01 1.767631e+00 2.100000e+00
      vertex 3.599015e+01 3.131982e+00 3.600000e+00
      vertex 3.572704e+01 3.069961e+00 6.000000e-01
    endloop
  endfacet
  facet normal -2.294171e-01 9.733282e-01 0.000000e+00
    outer loop
      vertex 3.309595e+01 2.449811e+00 3.600000e+00
      vertex 3.020175e+01 1.767631e+00 2.100000e+00
      vertex 3.020175e+01 1.767631e+00 3.600000e+00
    endloop
  endfacet
  facet normal -2.294178e-01 9.733281e-01 0.000000e+00
    outer loop
      vertex 3.020175e+01 1.767631e+00 2.100000e+00
      vertex 3.204352e+01 2.201751e+00 6.000000e-01
      vertex 3.020175e+01 1.767631e+00 6.000000e-01
    endloop
  endfacet
  facet normal -1.000000e+00 0.000000e+00 0.000000e+00
    outer loop
      vertex 3.020175e+01 1.767631e+00 6.000000e-01
      vertex 3.020175e+01 9.677210e-01 6.000000e-01
      vertex 3.020175e+01 9.677210e-01 2.100000e+00
    endloop
  endfacet
  facet normal -1.000000e+00 0.000000e+00 0.000000e+00
    outer loop
      vertex 3.020175e+01 1.767631e+00 6.000000e-01
      vertex 3.020175e+01 9.677210e-01 2.100000e+00
      vertex 3.020175e+01 1.767631e+00 2.100000e+00
    endloop
  endfacet
  facet normal -1.000000e+00 -0.000000e+00 -0.000000e+00
    outer loop
      vertex 3.020175e+01 9.677210e-01 3.600000e+00
      vertex 3.020175e+01 1.767631e+00 3.600000e+00
      vertex 3.020175e+01 1.767631e+00 2.100000e+00
    endloop
  endfacet
  facet normal -1.000000e+00 0.000000e+00 0.000000e+00
    outer loop
      vertex 3.020175e+01 9.677210e-01 3.600000e+00
      vertex 3.020175e+01 1.767631e+00 2.100000e+00
      vertex 3.020175e+01 9.677210e-01 2.100000e+00
    endloop
  endfacet
  facet normal 2.294139e-01 -9.733289e-01 0.000000e+00
    outer loop
      vertex 3.020175e+01 9.677210e-01 2.100000e+00
      vertex 3.020175e+01 9.677210e-01 6.000000e-01
      vertex 3.204352e+01 1.401820e+00 6.000000e-01
    endloop
  endfacet
  facet normal 2.294139e-01 -9.733289e-01 -6.117467e-06
    outer loop
      vertex 3.020175e+01 9.677210e-01 2.100000e+00
      vertex 3.388527e+01 1.835931e+00 6.000000e-01
      vertex 3.572704e+01 2.270041e+00 6.000000e-01
    endloop
  endfacet
  facet normal 2.294178e-01 -9.733281e-01 1.227540e-06
    outer loop
      vertex 3.599015e+01 2.332061e+00 3.600000e+00
      vertex 3.572704e+01 2.270041e+00 6.000000e-01
      vertex 3.756881e+01 2.704150e+00 6.000000e-01
    endloop
  endfacet
  facet normal 2.294187e-01 -9.733278e-01 6.117486e-06
    outer loop
      vertex 3.020175e+01 9.677210e-01 2.100000e+00
      vertex 3.204352e+01 1.401820e+00 6.000000e-01
      vertex 3.388527e+01 1.835931e+00 6.000000e-01
    endloop
  endfacet
  facet normal 2.294147e-01 -9.733288e-01 0.000000e+00
    outer loop
      vertex 3.020175e+01 9.677210e-01 3.600000e+00
      vertex 3.020175e+01 9.677210e-01 2.100000e+00
      vertex 3.309595e+01 1.649880e+00 3.600000e+00
    endloop
  endfacet
  facet normal 2.294177e-01 -9.733281e-01 -6.117481e-06
    outer loop
      vertex 3.599015e+01 2.332061e+00 3.600000e+00
      vertex 3.309595e+01 1.649880e+00 3.600000e+00
      vertex 3.020175e+01 9.677210e-01 2.100000e+00
    endloop
  endfacet
  facet normal 2.294147e-01 -9.733288e-01 -4.629256e-07
    outer loop
      vertex 3.599015e+01 2.332061e+00 3.600000e+00
      vertex 3.756881e+01 2.704150e+00 6.000000e-01
      vertex 3.888435e+01 3.014232e+00 3.600000e+00
    endloop
  endfacet
  facet normal 2.294159e-01 -9.733285e-01 1.402116e-06
    outer loop
      vertex 3.572704e+01 2.270041e+00 6.000000e-01
      vertex 3.599015e+01 2.332061e+00 3.600000e+00
      vertex 3.020175e+01 9.677210e-01 2.100000e+00
    endloop
  endfacet
  facet normal 2.294153e-01 -9.733286e-01 -4.371851e-07
    outer loop
      vertex 4.177855e+01 3.696391e+00 3.600000e+00
      vertex 3.888435e+01 3.014232e+00 3.600000e+00
      vertex 3.941057e+01 3.138261e+00 6.000000e-01
    endloop
  endfacet
  facet normal 2.294139e-01 -9.733289e-01 6.870034e-07
    outer loop
      vertex 4.177855e+01 3.696391e+00 3.600000e+00
      vertex 3.941057e+01 3.138261e+00 6.000000e-01
      vertex 4.125233e+01 3.572360e+00 6.000000e-01
    endloop
  endfacet
  facet normal 2.294149e-01 -9.733287e-01 -5.203096e-07
    outer loop
      vertex 3.756881e+01 2.704150e+00 6.000000e-01
      vertex 3.941057e+01 3.138261e+00 6.000000e-01
      vertex 3.888435e+01 3.014232e+00 3.600000e+00
    endloop
  endfacet
  facet normal 2.294187e-01 -9.733278e-01 -1.869167e-07
    outer loop
      vertex 4.177855e+01 3.696391e+00 3.600000e+00
      vertex 4.125233e+01 3.572360e+00 6.000000e-01
      vertex 4.309409e+01 4.006471e+00 6.000000e-01
    endloop
  endfacet
  facet normal 2.294178e-01 -9.733281e-01 -8.734325e-06
    outer loop
      vertex 5.046115e+01 5.742901e+00 2.100000e+00
      vertex 4.493586e+01 4.440581e+00 6.000000e-01
      vertex 4.677762e+01 4.874691e+00 6.000000e-01
    endloop
  endfacet
  facet normal 2.294149e-01 -9.733287e-01 -1.166864e-06
    outer loop
      vertex 5.046115e+01 5.742901e+00 2.100000e+00
      vertex 4.677762e+01 4.874691e+00 6.000000e-01
      vertex 4.861938e+01 5.308801e+00 6.000000e-01
    endloop
  endfacet
  facet normal 2.294139e-01 -9.733289e-01 8.941502e-07
    outer loop
      vertex 4.467275e+01 4.378571e+00 3.600000e+00
      vertex 4.309409e+01 4.006471e+00 6.000000e-01
      vertex 4.493586e+01 4.440581e+00 6.000000e-01
    endloop
  endfacet
  facet normal 2.294171e-01 -9.733282e-01 -8.872416e-07
    outer loop
      vertex 4.467275e+01 4.378571e+00 3.600000e+00
      vertex 4.177855e+01 3.696391e+00 3.600000e+00
      vertex 4.309409e+01 4.006471e+00 6.000000e-01
    endloop
  endfacet
  facet normal 2.294153e-01 -9.733286e-01 1.166866e-06
    outer loop
      vertex 5.046115e+01 5.742901e+00 2.100000e+00
      vertex 4.756695e+01 5.060731e+00 3.600000e+00
      vertex 4.467275e+01 4.378571e+00 3.600000e+00
    endloop
  endfacet
  facet normal 2.294153e-01 -9.733286e-01 1.015621e-06
    outer loop
      vertex 5.046115e+01 5.742901e+00 2.100000e+00
      vertex 4.467275e+01 4.378571e+00 3.600000e+00
      vertex 4.493586e+01 4.440581e+00 6.000000e-01
    endloop
  endfacet
  facet normal 2.294147e-01 -9.733288e-01 0.000000e+00
    outer loop
      vertex 4.756695e+01 5.060731e+00 3.600000e+00
      vertex 5.046115e+01 5.742901e+00 2.100000e+00
      vertex 5.046115e+01 5.742901e+00 3.600000e+00
    endloop
  endfacet
  facet normal 2.294139e-01 -9.733289e-01 0.000000e+00
    outer loop
      vertex 5.046115e+01 5.742901e+00 2.100000e+00
      vertex 4.861938e+01 5.308801e+00 6.000000e-01
      vertex 5.046115e+01 5.742901e+00 6.000000e-01
    endloop
  endfacet
  facet normal 1.000000e+00 0.000000e+00 0.000000e+00
    outer loop
      vertex 5.046115e+01 5.742901e+00 6.000000e-01
      vertex 5.046115e+01 6.542831e+00 6.000000e-01
      vertex 5.046115e+01 6.542831e+00 2.100000e+00
    endloop
  endfacet
  facet normal 1.000000e+00 0.000000e+00 0.000000e+00
    outer loop
      vertex 5.046115e+01 5.742901e+00 6.000000e-01
      vertex 5.046115e+01 6.542831e+00 2.100000e+00
      vertex 5.046115e+01 5.742901e+00 2.100000e+00
    endloop
  endfacet
  facet normal 1.000000e+00 0.000000e+00 0.000000e+00
    outer loop
      vertex 5.046115e+01 6.542831e+00 3.600000e+00
      vertex 5.046115e+01 5.742901e+00 3.600000e+00
      vertex 5.046115e+01 5.742901e+00 2.100000e+00
    endloop
  endfacet
  facet normal 1.000000e+00 0.000000e+00 0.000000e+00
    outer loop
      vertex 5.046115e+01 6.542831e+00 3.600000e+00
      vertex 5.046115e+01 5.742901e+00 2.100000e+00
      vertex 5.046115e+01 6.542831e+00 2.100000e+00
    endloop
  endfacet
  facet normal 0.000000e+00 0.000000e+00 1.000000e+00
    outer loop
      vertex 3.309595e+01 2.449811e+00 3.600000e+00
      vertex 3.020175e+01 1.767631e+00 3.600000e+00
      vertex 3.020175e+01 9.677210e-01 3.600000e+00
    endloop
  endfacet
  facet normal 0.000000e+00 0.000000e+00 1.000000e+00
    outer loop
      vertex 3.309595e+01 2.449811e+00 3.600000e+00
      vertex 3.020175e+01 9.677210e-01 3.600000e+00
      vertex 3.309595e+01 1.649880e+00 3.600000e+00
    endloop
  endfacet
  facet normal 0.000000e+00 0.000000e+00 1.000000e+00
    outer loop
      vertex 3.888435e+01 3.814141e+00 3.600000e+00
      vertex 3.599015e+01 3.131982e+00 3.600000e+00
      vertex 3.599015e+01 2.332061e+00 3.600000e+00
    endloop
  endfacet
  facet normal 0.000000e+00 0.000000e+00 1.000000e+00
    outer loop
      vertex 3.888435e+01 3.814141e+00 3.600000e+00
      vertex 3.599015e+01 2.332061e+00 3.600000e+00
      vertex 3.888435e+01 3.014232e+00 3.600000e+00
    endloop
  endfacet
  facet normal 0.000000e+00 0.000000e+00 1.000000e+00
    outer loop
      vertex 3.599015e+01 3.131982e+00 3.600000e+00
      vertex 3.309595e+01 2.449811e+00 3.600000e+00
      vertex 3.309595e+01 1.649880e+00 3.600000e+00
    endloop
  endfacet
  facet normal 0.000000e+00 0.000000e+00 1.000000e+00
    outer loop
      vertex 3.599015e+01 3.131982e+00 3.600000e+00
      vertex 3.309595e+01 1.649880e+00 3.600000e+00
      vertex 3.599015e+01 2.332061e+00 3.600000e+00
    endloop
  endfacet
  facet normal 0.000000e+00 0.000000e+00 1.000000e+00
    outer loop
      vertex 4.467275e+01 5.178491e+00 3.600000e+00
      vertex 4.177855e+01 4.496321e+00 3.600000e+00
      vertex 4.177855e+01 3.696391e+00 3.600000e+00
    endloop
  endfacet
  facet normal 0.000000e+00 0.000000e+00 1.000000e+00
    outer loop
      vertex 4.467275e+01 5.178491e+00 3.600000e+00
      vertex 4.177855e+01 3.696391e+00 3.600000e+00
      vertex 4.467275e+01 4.378571e+00 3.600000e+00
    endloop
  endfacet
  facet normal 0.000000e+00 0.000000e+00 1.000000e+00
    outer loop
      vertex 5.046115e+01 6.542831e+00 3.600000e+00
      vertex 4.756695e+01 5.860651e+00 3.600000e+00
      vertex 4.756695e+01 5.060731e+00 3.600000e+00
    endloop
  endfacet
  facet normal 0.000000e+00 0.000000e+00 1.000000e+00
    outer loop
      vertex 5.046115e+01 6.542831e+00 3.600000e+00
      vertex 4.756695e+01 5.060731e+00 3.600000e+00
      vertex 5.046115e+01 5.742901e+00 3.600000e+00
    endloop
  endfacet
  facet normal 0.000000e+00 0.000000e+00 1.000000e+00
    outer loop
      vertex 4.756695e+01 5.860651e+00 3.600000e+00
      vertex 4.467275e+01 5.178491e+00 3.600000e+00
      vertex 4.467275e+01 4.378571e+00 3.600000e+00
    endloop
  endfacet
  facet normal 0.000000e+00 0.000000e+00 1.000000e+00
    outer loop
      vertex 4.756695e+01 5.860651e+00 3.600000e+00
      vertex 4.467275e+01 4.378571e+00 3.600000e+00
      vertex 4.756695e+01 5.060731e+00 3.600000e+00
    endloop
  endfacet
  facet normal 0.000000e+00 0.000000e+00 1.000000e+00
    outer loop
      vertex 4.177855e+01 4.496321e+00 3.600000e+00
      vertex 3.888435e+01 3.814141e+00 3.600000e+00
      vertex 3.888435e+01 3.014232e+00 3.600000e+00
    endloop
  endfacet
  facet normal 0.000000e+00 0.000000e+00 1.000000e+00
    outer loop
      vertex 4.177855e+01 4.496321e+00 3.600000e+00
      vertex 3.888435e+01 3.014232e+00 3.600000e+00
      vertex 4.177855e+01 3.696391e+00 3.600000e+00
    endloop
  endfacet
  facet normal 2.294139e-01 9.733289e-01 0.000000e+00
    outer loop
      vertex 5.046115e+01 -5.742909e+00 2.100000e+00
      vertex 5.046115e+01 -5.742909e+00 6.000000e-01
      vertex 4.861938e+01 -5.308799e+00 6.000000e-01
    endloop
  endfacet
  facet normal 2.294178e-01 9.733281e-01 -8.734325e-06
    outer loop
      vertex 5.046115e+01 -5.742909e+00 2.100000e+00
      vertex 4.677762e+01 -4.874700e+00 6.000000e-01
      vertex 4.493586e+01 -4.440589e+00 6.000000e-01
    endloop
  endfacet
  facet normal 2.294139e-01 9.733289e-01 8.941502e-07
    outer loop
      vertex 4.467275e+01 -4.378570e+00 3.600000e+00
      vertex 4.493586e+01 -4.440589e+00 6.000000e-01
      vertex 4.309409e+01 -4.006478e+00 6.000000e-01
    endloop
  endfacet
  facet normal 2.294149e-01 9.733287e-01 -1.166864e-06
    outer loop
      vertex 5.046115e+01 -5.742909e+00 2.100000e+00
      vertex 4.861938e+01 -5.308799e+00 6.000000e-01
      vertex 4.677762e+01 -4.874700e+00 6.000000e-01
    endloop
  endfacet
  facet normal 2.294147e-01 9.733288e-01 0.000000e+00
    outer loop
      vertex 5.046115e+01 -5.742909e+00 3.600000e+00
      vertex 5.046115e+01 -5.742909e+00 2.100000e+00
      vertex 4.756695e+01 -5.060739e+00 3.600000e+00
    endloop
  endfacet
  facet normal 2.294153e-01 9.733286e-01 1.166866e-06
    outer loop
      vertex 4.467275e+01 -4.378570e+00 3.600000e+00
      vertex 4.756695e+01 -5.060739e+00 3.600000e+00
      vertex 5.046115e+01 -5.742909e+00 2.100000e+00
    endloop
  endfacet
  facet normal 2.294171e-01 9.733282e-01 -8.872416e-07
    outer loop
      vertex 4.467275e+01 -4.378570e+00 3.600000e+00
      vertex 4.309409e+01 -4.006478e+00 6.000000e-01
      vertex 4.177855e+01 -3.696399e+00 3.600000e+00
    endloop
  endfacet
  facet normal 2.294153e-01 9.733286e-01 1.015621e-06
    outer loop
      vertex 4.493586e+01 -4.440589e+00 6.000000e-01
      vertex 4.467275e+01 -4.378570e+00 3.600000e+00
      vertex 5.046115e+01 -5.742909e+00 2.100000e+00
    endloop
  endfacet
  facet normal 2.294139e-01 9.733289e-01 -6.870034e-07
    outer loop
      vertex 4.125233e+01 -3.572370e+00 6.000000e-01
      vertex 3.941057e+01 -3.138259e+00 6.000000e-01
      vertex 3.888435e+01 -3.014230e+00 3.600000e+00
    endloop
  endfacet
  facet normal 2.294153e-01 9.733286e-01 4.371851e-07
    outer loop
      vertex 4.125233e+01 -3.572370e+00 6.000000e-01
      vertex 3.888435e+01 -3.014230e+00 3.600000e+00
      vertex 4.177855e+01 -3.696399e+00 3.600000e+00
    endloop
  endfacet
  facet normal 2.294187e-01 9.733278e-01 -1.869167e-07
    outer loop
      vertex 4.309409e+01 -4.006478e+00 6.000000e-01
      vertex 4.125233e+01 -3.572370e+00 6.000000e-01
      vertex 4.177855e+01 -3.696399e+00 3.600000e+00
    endloop
  endfacet
  facet normal 2.294149e-01 9.733287e-01 -5.203096e-07
    outer loop
      vertex 3.888435e+01 -3.014230e+00 3.600000e+00
      vertex 3.941057e+01 -3.138259e+00 6.000000e-01
      vertex 3.756881e+01 -2.704160e+00 6.000000e-01
    endloop
  endfacet
  facet normal 2.294139e-01 9.733289e-01 -6.117467e-06
    outer loop
      vertex 3.020175e+01 -9.677191e-01 2.100000e+00
      vertex 3.572704e+01 -2.270049e+00 6.000000e-01
      vertex 3.388527e+01 -1.835938e+00 6.000000e-01
    endloop
  endfacet
  facet normal 2.294187e-01 9.733278e-01 6.117486e-06
    outer loop
      vertex 3.020175e+01 -9.677191e-01 2.100000e+00
      vertex 3.388527e+01 -1.835938e+00 6.000000e-01
      vertex 3.204352e+01 -1.401830e+00 6.000000e-01
    endloop
  endfacet
  facet normal 2.294178e-01 9.733281e-01 1.227540e-06
    outer loop
      vertex 3.599015e+01 -2.332068e+00 3.600000e+00
      vertex 3.756881e+01 -2.704160e+00 6.000000e-01
      vertex 3.572704e+01 -2.270049e+00 6.000000e-01
    endloop
  endfacet
  facet normal 2.294147e-01 9.733288e-01 -4.629256e-07
    outer loop
      vertex 3.599015e+01 -2.332068e+00 3.600000e+00
      vertex 3.888435e+01 -3.014230e+00 3.600000e+00
      vertex 3.756881e+01 -2.704160e+00 6.000000e-01
    endloop
  endfacet
  facet normal 2.294177e-01 9.733281e-01 -6.117481e-06
    outer loop
      vertex 3.020175e+01 -9.677191e-01 2.100000e+00
      vertex 3.309595e+01 -1.649890e+00 3.600000e+00
      vertex 3.599015e+01 -2.332068e+00 3.600000e+00
    endloop
  endfacet
  facet normal 2.294159e-01 9.733285e-01 1.402116e-06
    outer loop
      vertex 3.020175e+01 -9.677191e-01 2.100000e+00
      vertex 3.599015e+01 -2.332068e+00 3.600000e+00
      vertex 3.572704e+01 -2.270049e+00 6.000000e-01
    endloop
  endfacet
  facet normal 2.294147e-01 9.733288e-01 0.000000e+00
    outer loop
      vertex 3.309595e+01 -1.649890e+00 3.600000e+00
      vertex 3.020175e+01 -9.677191e-01 2.100000e+00
      vertex 3.020175e+01 -9.677191e-01 3.600000e+00
    endloop
  endfacet
  facet normal 2.294139e-01 9.733289e-01 0.000000e+00
    outer loop
      vertex 3.020175e+01 -9.677191e-01 2.100000e+00
      vertex 3.204352e+01 -1.401830e+00 6.000000e-01
      vertex 3.020175e+01 -9.677191e-01 6.000000e-01
    endloop
  endfacet
  facet normal -1.000000e+00 0.000000e+00 0.000000e+00
    outer loop
      vertex 3.020175e+01 -9.677191e-01 6.000000e-01
      vertex 3.020175e+01 -1.767638e+00 6.000000e-01
      vertex 3.020175e+01 -1.767638e+00 2.100000e+00
    endloop
  endfacet
  facet normal -1.000000e+00 0.000000e+00 0.000000e+00
    outer loop
      vertex 3.020175e+01 -9.677191e-01 6.000000e-01
      vertex 3.020175e+01 -1.767638e+00 2.100000e+00
      vertex 3.020175e+01 -9.677191e-01 2.100000e+00
    endloop
  endfacet
  facet normal -1.000000e+00 -0.000000e+00 -0.000000e+00
    outer loop
      vertex 3.020175e+01 -1.767638e+00 3.600000e+00
      vertex 3.020175e+01 -9.677191e-01 3.600000e+00
      vertex 3.020175e+01 -9.677191e-01 2.100000e+00
    endloop
  endfacet
  facet normal -1.000000e+00 0.000000e+00 0.000000e+00
    outer loop
      vertex 3.020175e+01 -1.767638e+00 3.600000e+00
      vertex 3.020175e+01 -9.677191e-01 2.100000e+00
      vertex 3.020175e+01 -1.767638e+00 2.100000e+00
    endloop
  endfacet
  facet normal -2.294178e-01 -9.733281e-01 0.000000e+00
    outer loop
      vertex 3.020175e+01 -1.767638e+00 2.100000e+00
      vertex 3.020175e+01 -1.767638e+00 6.000000e-01
      vertex 3.204352e+01 -2.201758e+00 6.000000e-01
    endloop
  endfacet
  facet normal -2.294178e-01 -9.733281e-01 -3.783724e-06
    outer loop
      vertex 3.020175e+01 -1.767638e+00 2.100000e+00
      vertex 3.388527e+01 -2.635859e+00 6.000000e-01
      vertex 3.572704e+01 -3.069968e+00 6.000000e-01
    endloop
  endfacet
  facet normal -2.294139e-01 -9.733289e-01 8.941502e-07
    outer loop
      vertex 3.599015e+01 -3.131980e+00 3.600000e+00
      vertex 3.572704e+01 -3.069968e+00 6.000000e-01
      vertex 3.756881e+01 -3.504079e+00 6.000000e-01
    endloop
  endfacet
  facet normal -2.294149e-01 -9.733287e-01 3.783742e-06
    outer loop
      vertex 3.020175e+01 -1.767638e+00 2.100000e+00
      vertex 3.204352e+01 -2.201758e+00 6.000000e-01
      vertex 3.388527e+01 -2.635859e+00 6.000000e-01
    endloop
  endfacet
  facet normal -2.294171e-01 -9.733282e-01 0.000000e+00
    outer loop
      vertex 3.020175e+01 -1.767638e+00 3.600000e+00
      vertex 3.020175e+01 -1.767638e+00 2.100000e+00
      vertex 3.309595e+01 -2.449819e+00 3.600000e+00
    endloop
  endfacet
  facet normal -2.294153e-01 -9.733286e-01 -3.783739e-06
    outer loop
      vertex 3.599015e+01 -3.131980e+00 3.600000e+00
      vertex 3.309595e+01 -2.449819e+00 3.600000e+00
      vertex 3.020175e+01 -1.767638e+00 2.100000e+00
    endloop
  endfacet
  facet normal -2.294147e-01 -9.733288e-01 4.629256e-07
    outer loop
      vertex 3.599015e+01 -3.131980e+00 3.600000e+00
      vertex 3.756881e+01 -3.504079e+00 6.000000e-01
      vertex 3.888435e+01 -3.814149e+00 3.600000e+00
    endloop
  endfacet
  facet normal -2.294165e-01 -9.733284e-01 1.130751e-06
    outer loop
      vertex 3.572704e+01 -3.069968e+00 6.000000e-01
      vertex 3.599015e+01 -3.131980e+00 3.600000e+00
      vertex 3.020175e+01 -1.767638e+00 2.100000e+00
    endloop
  endfacet
  facet normal -2.294177e-01 -9.733281e-01 -1.286759e-08
    outer loop
      vertex 4.177855e+01 -4.496329e+00 3.600000e+00
      vertex 3.888435e+01 -3.814149e+00 3.600000e+00
      vertex 3.941057e+01 -3.938180e+00 6.000000e-01
    endloop
  endfacet
  facet normal -2.294178e-01 -9.733281e-01 2.022044e-08
    outer loop
      vertex 4.177855e+01 -4.496329e+00 3.600000e+00
      vertex 3.941057e+01 -3.938180e+00 6.000000e-01
      vertex 4.125233e+01 -4.372289e+00 6.000000e-01
    endloop
  endfacet
  facet normal -2.294149e-01 -9.733287e-01 5.203096e-07
    outer loop
      vertex 3.756881e+01 -3.504079e+00 6.000000e-01
      vertex 3.941057e+01 -3.938180e+00 6.000000e-01
      vertex 3.888435e+01 -3.814149e+00 3.600000e+00
    endloop
  endfacet
  facet normal -2.294149e-01 -9.733287e-01 -5.203096e-07
    outer loop
      vertex 4.177855e+01 -4.496329e+00 3.600000e+00
      vertex 4.125233e+01 -4.372289e+00 6.000000e-01
      vertex 4.309409e+01 -4.806399e+00 6.000000e-01
    endloop
  endfacet
  facet normal -2.294178e-01 -9.733281e-01 3.783724e-06
    outer loop
      vertex 5.046115e+01 -6.542838e+00 2.100000e+00
      vertex 4.493586e+01 -5.240510e+00 6.000000e-01
      vertex 4.677762e+01 -5.674619e+00 6.000000e-01
    endloop
  endfacet
  facet normal -2.294149e-01 -9.733287e-01 -3.783742e-06
    outer loop
      vertex 5.046115e+01 -6.542838e+00 2.100000e+00
      vertex 4.677762e+01 -5.674619e+00 6.000000e-01
      vertex 4.861938e+01 -6.108720e+00 6.000000e-01
    endloop
  endfacet
  facet normal -2.294139e-01 -9.733289e-01 -8.941502e-07
    outer loop
      vertex 4.467275e+01 -5.178489e+00 3.600000e+00
      vertex 4.309409e+01 -4.806399e+00 6.000000e-01
      vertex 4.493586e+01 -5.240510e+00 6.000000e-01
    endloop
  endfacet
  facet normal -2.294147e-01 -9.733288e-01 -4.629256e-07
    outer loop
      vertex 4.467275e+01 -5.178489e+00 3.600000e+00
      vertex 4.177855e+01 -4.496329e+00 3.600000e+00
      vertex 4.309409e+01 -4.806399e+00 6.000000e-01
    endloop
  endfacet
  facet normal -2.294153e-01 -9.733286e-01 3.783739e-06
    outer loop
      vertex 5.046115e+01 -6.542838e+00 2.100000e+00
      vertex 4.756695e+01 -5.860660e+00 3.600000e+00
      vertex 4.467275e+01 -5.178489e+00 3.600000e+00
    endloop
  endfacet
  facet normal -2.294165e-01 -9.733284e-01 -1.130751e-06
    outer loop
      vertex 5.046115e+01 -6.542838e+00 2.100000e+00
      vertex 4.467275e+01 -5.178489e+00 3.600000e+00
      vertex 4.493586e+01 -5.240510e+00 6.000000e-01
    endloop
  endfacet
  facet normal -2.294171e-01 -9.733282e-01 -0.000000e+00
    outer loop
      vertex 4.756695e+01 -5.860660e+00 3.600000e+00
      vertex 5.046115e+01 -6.542838e+00 2.100000e+00
      vertex 5.046115e+01 -6.542838e+00 3.600000e+00
    endloop
  endfacet
  facet normal -2.294178e-01 -9.733281e-01 0.000000e+00
    outer loop
      vertex 5.046115e+01 -6.542838e+00 2.100000e+00
      vertex 4.861938e+01 -6.108720e+00 6.000000e-01
      vertex 5.046115e+01 -6.542838e+00 6.000000e-01
    endloop
  endfacet
  facet normal 1.000000e+00 0.000000e+00 0.000000e+00
    outer loop
      vertex 5.046115e+01 -6.542838e+00 6.000000e-01
      vertex 5.046115e+01 -5.742909e+00 6.000000e-01
      vertex 5.046115e+01 -5.742909e+00 2.100000e+00
    endloop
  endfacet
  facet normal 1.000000e+00 0.000000e+00 0.000000e+00
    outer loop
      vertex 5.046115e+01 -6.542838e+00 6.000000e-01
      vertex 5.046115e+01 -5.742909e+00 2.100000e+00
      vertex 5.046115e+01 -6.542838e+00 2.100000e+00
    endloop
  endfacet
  facet normal 1.000000e+00 0.000000e+00 0.000000e+00
    outer loop
      vertex 5.046115e+01 -5.742909e+00 3.600000e+00
      vertex 5.046115e+01 -6.542838e+00 3.600000e+00
      vertex 5.046115e+01 -6.542838e+00 2.100000e+00
    endloop
  endfacet
  facet normal 1.000000e+00 0.000000e+00 0.000000e+00
    outer loop
      vertex 5.046115e+01 -5.742909e+00 3.600000e+00
      vertex 5.046115e+01 -6.542838e+00 2.100000e+00
      vertex 5.046115e+01 -5.742909e+00 2.100000e+00
    endloop
  endfacet
  facet normal 0.000000e+00 0.000000e+00 1.000000e+00
    outer loop
      vertex 3.309595e+01 -1.649890e+00 3.600000e+00
      vertex 3.020175e+01 -9.677191e-01 3.600000e+00
      vertex 3.020175e+01 -1.767638e+00 3.600000e+00
    endloop
  endfacet
  facet normal 0.000000e+00 0.000000e+00 1.000000e+00
    outer loop
      vertex 3.309595e+01 -1.649890e+00 3.600000e+00
      vertex 3.020175e+01 -1.767638e+00 3.600000e+00
      vertex 3.309595e+01 -2.449819e+00 3.600000e+00
    endloop
  endfacet
  facet normal 0.000000e+00 0.000000e+00 1.000000e+00
    outer loop
      vertex 3.888435e+01 -3.014230e+00 3.600000e+00
      vertex 3.599015e+01 -2.332068e+00 3.600000e+00
      vertex 3.599015e+01 -3.131980e+00 3.600000e+00
    endloop
  endfacet
  facet normal 0.000000e+00 0.000000e+00 1.000000e+00
    outer loop
      vertex 3.888435e+01 -3.014230e+00 3.600000e+00
      vertex 3.599015e+01 -3.131980e+00 3.600000e+00
      vertex 3.888435e+01 -3.814149e+00 3.600000e+00
    endloop
  endfacet
  facet normal 0.000000e+00 0.000000e+00 1.000000e+00
    outer loop
      vertex 3.599015e+01 -2.332068e+00 3.600000e+00
      vertex 3.309595e+01 -1.649890e+00 3.600000e+00
      vertex 3.309595e+01 -2.449819e+00 3.600000e+00
    endloop
  endfacet
  facet normal 0.000000e+00 0.000000e+00 1.000000e+00
    outer loop
      vertex 3.599015e+01 -2.332068e+00 3.600000e+00
      vertex 3.309595e+01 -2.449819e+00 3.600000e+00
      vertex 3.599015e+01 -3.131980e+00 3.600000e+00
    endloop
  endfacet
  facet normal 0.000000e+00 0.000000e+00 1.000000e+00
    outer loop
      vertex 4.467275e+01 -4.378570e+00 3.600000e+00
      vertex 4.177855e+01 -3.696399e+00 3.600000e+00
      vertex 4.177855e+01 -4.496329e+00 3.600000e+00
    endloop
  endfacet
  facet normal 0.000000e+00 0.000000e+00 1.000000e+00
    outer loop
      vertex 4.467275e+01 -4.378570e+00 3.600000e+00
      vertex 4.177855e+01 -4.496329e+00 3.600000e+00
      vertex 4.467275e+01 -5.178489e+00 3.600000e+00
    endloop
  endfacet
  facet normal 0.000000e+00 0.000000e+00 1.000000e+00
    outer loop
      vertex 5.046115e+01 -5.742909e+00 3.600000e+00
      vertex 4.756695e+01 -5.060739e+00 3.600000e+00
      vertex 4.756695e+01 -5.860660e+00 3.600000e+00
    endloop
  endfacet
  facet normal 0.000000e+00 0.000000e+00 1.000000e+00
    outer loop
      vertex 5.046115e+01 -5.742909e+00 3.600000e+00
      vertex 4.756695e+01 -5.860660e+00 3.600000e+00
      vertex 5.046115e+01 -6.542838e+00 3.600000e+00
    endloop
  endfacet
  facet normal 0.000000e+00 0.000000e+00 1.000000e+00
    outer loop
      vertex 4.756695e+01 -5.060739e+00 3.600000e+00
      vertex 4.467275e+01 -4.378570e+00 3.600000e+00
      vertex 4.467275e+01 -5.178489e+00 3.600000e+00
    endloop
  endfacet
  facet normal 0.000000e+00 0.000000e+00 1.000000e+00
    outer loop
      vertex 4.756695e+01 -5.060739e+00 3.600000e+00
      vertex 4.467275e+01 -5.178489e+00 3.600000e+00
      vertex 4.756695e+01 -5.860660e+00 3.600000e+00
    endloop
  endfacet
  facet normal 0.000000e+00 0.000000e+00 1.000000e+00
    outer loop
      vertex 4.177855e+01 -3.696399e+00 3.600000e+00
      vertex 3.888435e+01 -3.014230e+00 3.600000e+00
      vertex 3.888435e+01 -3.814149e+00 3.600000e+00
    endloop
  endfacet
  facet normal 0.000000e+00 0.000000e+00 1.000000e+00
    outer loop
      vertex 4.177855e+01 -3.696399e+00 3.600000e+00
      vertex 3.888435e+01 -3.814149e+00 3.600000e+00
      vertex 4.177855e+01 -4.496329e+00 3.600000e+00
    endloop
  endfacet
  facet normal -2.294155e-01 -9.733286e-01 0.000000e+00
    outer loop
      vertex 1.973448e+01 -1.263549e+00 3.000000e-01
      vertex 1.973448e+01 -1.263549e+00 1.500000e-01
      vertex 2.059157e+01 -1.465569e+00 1.500000e-01
    endloop
  endfacet
  facet normal -2.294155e-01 -9.733286e-01 -0.000000e+00
    outer loop
      vertex 1.973448e+01 -1.263549e+00 3.000000e-01
      vertex 2.059157e+01 -1.465569e+00 1.500000e-01
      vertex 2.059157e+01 -1.465569e+00 3.000000e-01
    endloop
  endfacet
  facet normal -2.294237e-01 -9.733266e-01 0.000000e+00
    outer loop
      vertex 1.930593e+01 -1.162539e+00 1.500000e-01
      vertex 1.930593e+01 -1.162539e+00 7.500000e-02
      vertex 1.973448e+01 -1.263549e+00 7.500000e-02
    endloop
  endfacet
  facet normal -2.294237e-01 -9.733266e-01 -0.000000e+00
    outer loop
      vertex 1.930593e+01 -1.162539e+00 1.500000e-01
      vertex 1.973448e+01 -1.263549e+00 7.500000e-02
      vertex 1.973448e+01 -1.263549e+00 1.500000e-01
    endloop
  endfacet
  facet normal -2.294149e-01 -9.733287e-01 -2.206283e-06
    outer loop
      vertex 5.135589e+01 -8.716788e+00 6.000000e-01
      vertex 5.071231e+01 -8.565099e+00 2.972572e-13
      vertex 5.316115e+01 -9.142289e+00 2.780939e-13
    endloop
  endfacet
  facet normal -2.294142e-01 -9.733289e-01 -0.000000e+00
    outer loop
      vertex 5.135589e+01 -8.716788e+00 6.000000e-01
      vertex 5.316115e+01 -9.142289e+00 2.780939e-13
      vertex 5.316115e+01 -9.142289e+00 6.000000e-01
    endloop
  endfacet
  facet normal -2.294142e-01 -9.733289e-01 9.383678e-06
    outer loop
      vertex 5.071231e+01 -8.565099e+00 2.972572e-13
      vertex 4.955064e+01 -8.291289e+00 6.000000e-01
      vertex 4.774539e+01 -7.865788e+00 6.000000e-01
    endloop
  endfacet
  facet normal -2.294178e-01 -9.733281e-01 -9.237244e-06
    outer loop
      vertex 5.071231e+01 -8.565099e+00 2.972572e-13
      vertex 4.774539e+01 -7.865788e+00 6.000000e-01
      vertex 4.826347e+01 -7.987899e+00 3.164204e-13
    endloop
  endfacet
  facet normal -2.294142e-01 -9.733289e-01 -5.985677e-06
    outer loop
      vertex 4.826347e+01 -7.987899e+00 3.164204e-13
      vertex 4.774539e+01 -7.865788e+00 6.000000e-01
      vertex 4.594014e+01 -7.440289e+00 6.000000e-01
    endloop
  endfacet
  facet normal -2.294142e-01 -9.733289e-01 -6.057485e-06
    outer loop
      vertex 4.826347e+01 -7.987899e+00 3.164204e-13
      vertex 4.594014e+01 -7.440289e+00 6.000000e-01
      vertex 4.581463e+01 -7.410699e+00 3.355837e-13
    endloop
  endfacet
  facet normal -2.294181e-01 -9.733280e-01 -5.200875e-06
    outer loop
      vertex 4.581463e+01 -7.410699e+00 3.355837e-13
      vertex 4.594014e+01 -7.440289e+00 6.000000e-01
      vertex 4.413489e+01 -7.014779e+00 6.000000e-01
    endloop
  endfacet
  facet normal -2.294149e-01 -9.733287e-01 4.262261e-06
    outer loop
      vertex 4.581463e+01 -7.410699e+00 3.355837e-13
      vertex 4.413489e+01 -7.014779e+00 6.000000e-01
      vertex 4.336579e+01 -6.833508e+00 3.547470e-13
    endloop
  endfacet
  facet normal -2.294142e-01 -9.733289e-01 3.246627e-06
    outer loop
      vertex 4.091694e+01 -6.256309e+00 3.739102e-13
      vertex 4.052438e+01 -6.163779e+00 6.000000e-01
      vertex 3.871913e+01 -5.738278e+00 6.000000e-01
    endloop
  endfacet
  facet normal -2.294149e-01 -9.733287e-01 5.605743e-07
    outer loop
      vertex 4.091694e+01 -6.256309e+00 3.739102e-13
      vertex 3.871913e+01 -5.738278e+00 6.000000e-01
      vertex 3.846811e+01 -5.679109e+00 3.930735e-13
    endloop
  endfacet
  facet normal -2.294142e-01 -9.733289e-01 2.537882e-07
    outer loop
      vertex 3.846811e+01 -5.679109e+00 3.930735e-13
      vertex 3.871913e+01 -5.738278e+00 6.000000e-01
      vertex 3.691388e+01 -5.312779e+00 6.000000e-01
    endloop
  endfacet
  facet normal -2.294171e-01 -9.733282e-01 -7.649354e-06
    outer loop
      vertex 3.846811e+01 -5.679109e+00 3.930735e-13
      vertex 3.691388e+01 -5.312779e+00 6.000000e-01
      vertex 3.601926e+01 -5.101909e+00 4.122367e-13
    endloop
  endfacet
  facet normal -2.294181e-01 -9.733280e-01 -3.781399e-06
    outer loop
      vertex 4.336579e+01 -6.833508e+00 3.547470e-13
      vertex 4.232963e+01 -6.589278e+00 6.000000e-01
      vertex 4.052438e+01 -6.163779e+00 6.000000e-01
    endloop
  endfacet
  facet normal -2.294171e-01 -9.733282e-01 1.250472e-06
    outer loop
      vertex 4.336579e+01 -6.833508e+00 3.547470e-13
      vertex 4.052438e+01 -6.163779e+00 6.000000e-01
      vertex 4.091694e+01 -6.256309e+00 3.739102e-13
    endloop
  endfacet
  facet normal -2.294142e-01 -9.733289e-01 1.781016e-07
    outer loop
      vertex 3.601926e+01 -5.101909e+00 4.122367e-13
      vertex 3.510863e+01 -4.887269e+00 6.000000e-01
      vertex 3.330337e+01 -4.461768e+00 6.000000e-01
    endloop
  endfacet
  facet normal -2.294149e-01 -9.733287e-01 -3.141113e-06
    outer loop
      vertex 3.601926e+01 -5.101909e+00 4.122367e-13
      vertex 3.330337e+01 -4.461768e+00 6.000000e-01
      vertex 3.357043e+01 -4.524709e+00 4.314000e-13
    endloop
  endfacet
  facet normal -2.294181e-01 -9.733280e-01 1.419476e-06
    outer loop
      vertex 5.071231e+01 -8.565099e+00 2.972572e-13
      vertex 5.135589e+01 -8.716788e+00 6.000000e-01
      vertex 4.955064e+01 -8.291289e+00 6.000000e-01
    endloop
  endfacet
  facet normal -2.294181e-01 -9.733280e-01 -6.065072e-06
    outer loop
      vertex 3.601926e+01 -5.101909e+00 4.122367e-13
      vertex 3.691388e+01 -5.312779e+00 6.000000e-01
      vertex 3.510863e+01 -4.887269e+00 6.000000e-01
    endloop
  endfacet
  facet normal -2.294142e-01 -9.733289e-01 3.322314e-06
    outer loop
      vertex 4.232963e+01 -6.589278e+00 6.000000e-01
      vertex 4.336579e+01 -6.833508e+00 3.547470e-13
      vertex 4.413489e+01 -7.014779e+00 6.000000e-01
    endloop
  endfacet
  facet normal -2.294149e-01 -9.733287e-01 7.029118e-06
    outer loop
      vertex 3.149812e+01 -4.036269e+00 6.000000e-01
      vertex 3.112159e+01 -3.947518e+00 4.505633e-13
      vertex 3.357043e+01 -4.524709e+00 4.314000e-13
    endloop
  endfacet
  facet normal -2.294181e-01 -9.733280e-01 -4.645596e-06
    outer loop
      vertex 3.149812e+01 -4.036269e+00 6.000000e-01
      vertex 3.357043e+01 -4.524709e+00 4.314000e-13
      vertex 3.330337e+01 -4.461768e+00 6.000000e-01
    endloop
  endfacet
  facet normal -2.294142e-01 -9.733289e-01 6.568941e-06
    outer loop
      vertex 3.112159e+01 -3.947518e+00 4.505633e-13
      vertex 3.149812e+01 -4.036269e+00 6.000000e-01
      vertex 2.969287e+01 -3.610768e+00 6.000000e-01
    endloop
  endfacet
  facet normal -2.294171e-01 -9.733282e-01 -6.959918e-07
    outer loop
      vertex 3.112159e+01 -3.947518e+00 4.505633e-13
      vertex 2.969287e+01 -3.610768e+00 6.000000e-01
      vertex 2.867274e+01 -3.370318e+00 4.697266e-13
    endloop
  endfacet
  facet normal -2.294142e-01 -9.733289e-01 4.958991e-06
    outer loop
      vertex 2.622391e+01 -2.793118e+00 4.888898e-13
      vertex 2.608237e+01 -2.759759e+00 6.000000e-01
      vertex 2.427712e+01 -2.334260e+00 6.000000e-01
    endloop
  endfacet
  facet normal -2.294174e-01 -9.733281e-01 -6.099847e-06
    outer loop
      vertex 2.622391e+01 -2.793118e+00 4.888898e-13
      vertex 2.427712e+01 -2.334260e+00 6.000000e-01
      vertex 2.377506e+01 -2.215919e+00 5.080531e-13
    endloop
  endfacet
  facet normal -2.294181e-01 -9.733280e-01 -5.509793e-06
    outer loop
      vertex 2.377506e+01 -2.215919e+00 5.080531e-13
      vertex 2.427712e+01 -2.334260e+00 6.000000e-01
      vertex 2.247186e+01 -1.908759e+00 6.000000e-01
    endloop
  endfacet
  facet normal -2.294145e-01 -9.733288e-01 2.608240e-06
    outer loop
      vertex 2.377506e+01 -2.215919e+00 5.080531e-13
      vertex 2.247186e+01 -1.908759e+00 6.000000e-01
      vertex 2.132622e+01 -1.638728e+00 5.272163e-13
    endloop
  endfacet
  facet normal -2.294181e-01 -9.733280e-01 -9.807346e-06
    outer loop
      vertex 2.867274e+01 -3.370318e+00 4.697266e-13
      vertex 2.788762e+01 -3.185269e+00 6.000000e-01
      vertex 2.608237e+01 -2.759759e+00 6.000000e-01
    endloop
  endfacet
  facet normal -2.294149e-01 -9.733287e-01 4.786012e-06
    outer loop
      vertex 2.867274e+01 -3.370318e+00 4.697266e-13
      vertex 2.608237e+01 -2.759759e+00 6.000000e-01
      vertex 2.622391e+01 -2.793118e+00 4.888898e-13
    endloop
  endfacet
  facet normal -2.294237e-01 -9.733266e-01 9.901190e-05
    outer loop
      vertex 1.930593e+01 -1.162539e+00 7.500000e-02
      vertex 1.887738e+01 -1.061540e+00 5.463796e-13
      vertex 1.973448e+01 -1.263549e+00 7.500000e-02
    endloop
  endfacet
  facet normal -2.294145e-01 -9.733288e-01 -1.165151e-05
    outer loop
      vertex 2.132622e+01 -1.638728e+00 5.272163e-13
      vertex 2.059157e+01 -1.465569e+00 1.500000e-01
      vertex 1.973448e+01 -1.263549e+00 7.500000e-02
    endloop
  endfacet
  facet normal -2.294155e-01 -9.733286e-01 0.000000e+00
    outer loop
      vertex 1.973448e+01 -1.263549e+00 1.500000e-01
      vertex 1.973448e+01 -1.263549e+00 7.500000e-02
      vertex 2.059157e+01 -1.465569e+00 1.500000e-01
    endloop
  endfacet
  facet normal -2.294073e-01 -9.733305e-01 -0.000000e+00
    outer loop
      vertex 1.887738e+01 -1.061540e+00 5.463796e-13
      vertex 1.930593e+01 -1.162539e+00 7.500000e-02
      vertex 1.887738e+01 -1.061540e+00 1.205771e-01
    endloop
  endfacet
  facet normal -2.294073e-01 -9.733305e-01 0.000000e+00
    outer loop
      vertex 1.930593e+01 -1.162539e+00 7.500000e-02
      vertex 1.930593e+01 -1.162539e+00 1.500000e-01
      vertex 1.887738e+01 -1.061540e+00 1.205771e-01
    endloop
  endfacet
  facet normal -2.294145e-01 -9.733288e-01 -1.165151e-05
    outer loop
      vertex 1.887738e+01 -1.061540e+00 5.463796e-13
      vertex 2.132622e+01 -1.638728e+00 5.272163e-13
      vertex 1.973448e+01 -1.263549e+00 7.500000e-02
    endloop
  endfacet
  facet normal -2.294123e-01 -9.733294e-01 0.000000e+00
    outer loop
      vertex 2.059157e+01 -1.465569e+00 1.500000e-01
      vertex 2.132622e+01 -1.638728e+00 5.272163e-13
      vertex 2.059157e+01 -1.465569e+00 3.000000e-01
    endloop
  endfacet
  facet normal -2.294146e-01 -9.733288e-01 -5.059037e-06
    outer loop
      vertex 2.969287e+01 -3.610768e+00 6.000000e-01
      vertex 2.788762e+01 -3.185269e+00 6.000000e-01
      vertex 2.867274e+01 -3.370318e+00 4.697266e-13
    endloop
  endfacet
  facet normal -2.294237e-01 -9.733266e-01 -0.000000e+00
    outer loop
      vertex 1.930593e+01 -1.162539e+00 1.500000e-01
      vertex 1.973448e+01 -1.263549e+00 1.500000e-01
      vertex 1.973448e+01 -1.263549e+00 3.000000e-01
    endloop
  endfacet
  facet normal -2.294142e-01 -9.733289e-01 8.686126e-06
    outer loop
      vertex 2.247186e+01 -1.908759e+00 6.000000e-01
      vertex 2.066661e+01 -1.483258e+00 6.000000e-01
      vertex 2.059157e+01 -1.465569e+00 3.000000e-01
    endloop
  endfacet
  facet normal -2.294155e-01 -9.733286e-01 9.035192e-06
    outer loop
      vertex 1.973448e+01 -1.263549e+00 3.000000e-01
      vertex 2.059157e+01 -1.465569e+00 3.000000e-01
      vertex 2.066661e+01 -1.483258e+00 6.000000e-01
    endloop
  endfacet
  facet normal -2.294206e-01 -9.733274e-01 2.584735e-05
    outer loop
      vertex 1.887738e+01 -1.061540e+00 1.205771e-01
      vertex 1.973448e+01 -1.263549e+00 3.000000e-01
      vertex 2.066661e+01 -1.483258e+00 6.000000e-01
    endloop
  endfacet
  facet normal -2.294033e-01 -9.733315e-01 -6.158654e-05
    outer loop
      vertex 1.973448e+01 -1.263549e+00 3.000000e-01
      vertex 1.887738e+01 -1.061540e+00 1.205771e-01
      vertex 1.930593e+01 -1.162539e+00 1.500000e-01
    endloop
  endfacet
  facet normal -2.294127e-01 -9.733292e-01 -1.086798e-06
    outer loop
      vertex 2.132622e+01 -1.638728e+00 5.272163e-13
      vertex 2.247186e+01 -1.908759e+00 6.000000e-01
      vertex 2.059157e+01 -1.465569e+00 3.000000e-01
    endloop
  endfacet
  facet normal -1.000000e+00 0.000000e+00 0.000000e+00
    outer loop
      vertex 1.887738e+01 -1.061540e+00 5.463796e-13
      vertex 1.887738e+01 -1.061540e+00 1.205771e-01
      vertex 1.887738e+01 -5.307684e-01 1.205771e-01
    endloop
  endfacet
  facet normal -1.000000e+00 0.000000e+00 0.000000e+00
    outer loop
      vertex 1.887738e+01 -1.061540e+00 5.463796e-13
      vertex 1.887738e+01 -5.307684e-01 1.205771e-01
      vertex 1.887738e+01 -5.307684e-01 5.463796e-13
    endloop
  endfacet
  facet normal -1.000000e+00 0.000000e+00 0.000000e+00
    outer loop
      vertex 1.887738e+01 9.536743e-07 1.205771e-01
      vertex 1.887738e+01 9.536743e-07 5.463796e-13
      vertex 1.887738e+01 -5.307684e-01 5.463796e-13
    endloop
  endfacet
  facet normal -1.000000e+00 0.000000e+00 0.000000e+00
    outer loop
      vertex 1.887738e+01 9.536743e-07 1.205771e-01
      vertex 1.887738e+01 -5.307684e-01 5.463796e-13
      vertex 1.887738e+01 -5.307684e-01 1.205771e-01
    endloop
  endfacet
  facet normal -1.000000e+00 0.000000e+00 0.000000e+00
    outer loop
      vertex 1.887738e+01 9.536743e-07 5.463796e-13
      vertex 1.887738e+01 9.536743e-07 1.205771e-01
      vertex 1.887738e+01 5.307608e-01 1.205771e-01
    endloop
  endfacet
  facet normal -1.000000e+00 0.000000e+00 0.000000e+00
    outer loop
      vertex 1.887738e+01 9.536743e-07 5.463796e-13
      vertex 1.887738e+01 5.307608e-01 1.205771e-01
      vertex 1.887738e+01 5.307608e-01 5.463796e-13
    endloop
  endfacet
  facet normal -1.000000e+00 0.000000e+00 0.000000e+00
    outer loop
      vertex 1.887738e+01 1.061530e+00 1.205771e-01
      vertex 1.887738e+01 1.061530e+00 5.463796e-13
      vertex 1.887738e+01 5.307608e-01 5.463796e-13
    endloop
  endfacet
  facet normal -1.000000e+00 0.000000e+00 0.000000e+00
    outer loop
      vertex 1.887738e+01 1.061530e+00 1.205771e-01
      vertex 1.887738e+01 5.307608e-01 5.463796e-13
      vertex 1.887738e+01 5.307608e-01 1.205771e-01
    endloop
  endfacet
  facet normal -7.827056e-15 -0.000000e+00 -1.000000e+00
    outer loop
      vertex 2.102012e+01 5.713911e-01 5.297345e-13
      vertex 2.102012e+01 1.142781e+00 5.297345e-13
      vertex 2.316286e+01 1.142781e+00 5.129632e-13
    endloop
  endfacet
  facet normal -7.827056e-15 -0.000000e+00 -1.000000e+00
    outer loop
      vertex 2.316286e+01 9.536743e-07 5.129632e-13
      vertex 2.102012e+01 9.536743e-07 5.297345e-13
      vertex 2.102012e+01 5.713911e-01 5.297345e-13
    endloop
  endfacet
  facet normal -7.827056e-15 0.000000e+00 -1.000000e+00
    outer loop
      vertex 2.316286e+01 1.142781e+00 5.129632e-13
      vertex 2.316286e+01 9.536743e-07 5.129632e-13
      vertex 2.102012e+01 5.713911e-01 5.297345e-13
    endloop
  endfacet
  facet normal -7.827097e-15 0.000000e+00 -1.000000e+00
    outer loop
      vertex 1.994875e+01 1.142781e+00 5.381202e-13
      vertex 2.102012e+01 1.142781e+00 5.297345e-13
      vertex 2.102012e+01 5.713911e-01 5.297345e-13
    endloop
  endfacet
  facet normal -7.827097e-15 0.000000e+00 -1.000000e+00
    outer loop
      vertex 1.994875e+01 1.142781e+00 5.381202e-13
      vertex 2.102012e+01 5.713911e-01 5.297345e-13
      vertex 1.994875e+01 5.713911e-01 5.381202e-13
    endloop
  endfacet
  facet normal -7.827097e-15 0.000000e+00 -1.000000e+00
    outer loop
      vertex 1.994875e+01 5.713911e-01 5.381202e-13
      vertex 2.102012e+01 5.713911e-01 5.297345e-13
      vertex 2.102012e+01 9.536743e-07 5.297345e-13
    endloop
  endfacet
  facet normal -7.827097e-15 0.000000e+00 -1.000000e+00
    outer loop
      vertex 1.994875e+01 5.713911e-01 5.381202e-13
      vertex 2.102012e+01 9.536743e-07 5.297345e-13
      vertex 1.994875e+01 9.536743e-07 5.381202e-13
    endloop
  endfacet
  facet normal -7.827075e-15 0.000000e+00 -1.000000e+00
    outer loop
      vertex 4.459021e+01 4.571141e+00 3.452497e-13
      vertex 4.887568e+01 4.571141e+00 3.117071e-13
      vertex 4.887568e+01 2.285571e+00 3.117071e-13
    endloop
  endfacet
  facet normal -7.827075e-15 0.000000e+00 -1.000000e+00
    outer loop
      vertex 4.459021e+01 4.571141e+00 3.452497e-13
      vertex 4.887568e+01 2.285571e+00 3.117071e-13
      vertex 4.459021e+01 2.285571e+00 3.452497e-13
    endloop
  endfacet
  facet normal -7.827075e-15 0.000000e+00 -1.000000e+00
    outer loop
      vertex 4.459021e+01 2.285571e+00 3.452497e-13
      vertex 4.887568e+01 2.285571e+00 3.117071e-13
      vertex 4.887568e+01 9.536743e-07 3.117071e-13
    endloop
  endfacet
  facet normal -7.827075e-15 0.000000e+00 -1.000000e+00
    outer loop
      vertex 4.459021e+01 2.285571e+00 3.452497e-13
      vertex 4.887568e+01 9.536743e-07 3.117071e-13
      vertex 4.459021e+01 9.536743e-07 3.452497e-13
    endloop
  endfacet
  facet normal -7.827075e-15 0.000000e+00 -1.000000e+00
    outer loop
      vertex 4.459021e+01 9.536743e-07 3.452497e-13
      vertex 4.887568e+01 9.536743e-07 3.117071e-13
      vertex 4.887568e+01 -2.285579e+00 3.117071e-13
    endloop
  endfacet
  facet normal -7.827075e-15 0.000000e+00 -1.000000e+00
    outer loop
      vertex 4.459021e+01 9.536743e-07 3.452497e-13
      vertex 4.887568e+01 -2.285579e+00 3.117071e-13
      vertex 4.459021e+01 -2.285579e+00 3.452497e-13
    endloop
  endfacet
  facet normal -7.827075e-15 0.000000e+00 -1.000000e+00
    outer loop
      vertex 4.459021e+01 -2.285579e+00 3.452497e-13
      vertex 4.887568e+01 -2.285579e+00 3.117071e-13
      vertex 4.887568e+01 -4.571149e+00 3.117071e-13
    endloop
  endfacet
  facet normal -7.827075e-15 0.000000e+00 -1.000000e+00
    outer loop
      vertex 4.459021e+01 -2.285579e+00 3.452497e-13
      vertex 4.887568e+01 -4.571149e+00 3.117071e-13
      vertex 4.459021e+01 -4.571149e+00 3.452497e-13
    endloop
  endfacet
  facet normal -7.827097e-15 0.000000e+00 -1.000000e+00
    outer loop
      vertex 1.994875e+01 9.536743e-07 5.381202e-13
      vertex 2.102012e+01 9.536743e-07 5.297345e-13
      vertex 2.102012e+01 -5.713987e-01 5.297345e-13
    endloop
  endfacet
  facet normal -7.827097e-15 0.000000e+00 -1.000000e+00
    outer loop
      vertex 1.994875e+01 9.536743e-07 5.381202e-13
      vertex 2.102012e+01 -5.713987e-01 5.297345e-13
      vertex 1.994875e+01 -5.713987e-01 5.381202e-13
    endloop
  endfacet
  facet normal -7.827097e-15 0.000000e+00 -1.000000e+00
    outer loop
      vertex 1.994875e+01 -5.713987e-01 5.381202e-13
      vertex 2.102012e+01 -5.713987e-01 5.297345e-13
      vertex 2.102012e+01 -1.142789e+00 5.297345e-13
    endloop
  endfacet
  facet normal -7.827097e-15 0.000000e+00 -1.000000e+00
    outer loop
      vertex 1.994875e+01 -5.713987e-01 5.381202e-13
      vertex 2.102012e+01 -1.142789e+00 5.297345e-13
      vertex 1.994875e+01 -1.142789e+00 5.381202e-13
    endloop
  endfacet
  facet normal -7.827056e-15 -0.000000e+00 -1.000000e+00
    outer loop
      vertex 2.102012e+01 -5.713987e-01 5.297345e-13
      vertex 2.102012e+01 9.536743e-07 5.297345e-13
      vertex 2.316286e+01 9.536743e-07 5.129632e-13
    endloop
  endfacet
  facet normal -7.827056e-15 -0.000000e+00 -1.000000e+00
    outer loop
      vertex 2.316286e+01 -1.142789e+00 5.129632e-13
      vertex 2.102012e+01 -1.142789e+00 5.297345e-13
      vertex 2.102012e+01 -5.713987e-01 5.297345e-13
    endloop
  endfacet
  facet normal -7.827056e-15 0.000000e+00 -1.000000e+00
    outer loop
      vertex 2.316286e+01 9.536743e-07 5.129632e-13
      vertex 2.316286e+01 -1.142789e+00 5.129632e-13
      vertex 2.102012e+01 -5.713987e-01 5.297345e-13
    endloop
  endfacet
  facet normal -7.825454e-15 0.000000e+00 -1.000000e+00
    outer loop
      vertex 5.316115e+01 -6.856719e+00 2.780939e-13
      vertex 5.316115e+01 -9.142289e+00 2.780939e-13
      vertex 5.071231e+01 -8.565099e+00 2.972572e-13
    endloop
  endfacet
  facet normal -7.830914e-15 2.363737e-17 -1.000000e+00
    outer loop
      vertex 4.826347e+01 -7.987899e+00 3.164204e-13
      vertex 4.887568e+01 -4.571149e+00 3.117071e-13
      vertex 5.316115e+01 -6.856719e+00 2.780939e-13
    endloop
  endfacet
  facet normal -7.843521e-15 0.000000e+00 -1.000000e+00
    outer loop
      vertex 5.316115e+01 -2.285579e+00 2.780939e-13
      vertex 5.316115e+01 -4.571149e+00 2.780939e-13
      vertex 4.887568e+01 -4.571149e+00 3.117071e-13
    endloop
  endfacet
  facet normal -7.843521e-15 -0.000000e+00 -1.000000e+00
    outer loop
      vertex 5.316115e+01 -2.285579e+00 2.780939e-13
      vertex 4.887568e+01 -4.571149e+00 3.117071e-13
      vertex 4.887568e+01 -2.285579e+00 3.117071e-13
    endloop
  endfacet
  facet normal -7.843521e-15 0.000000e+00 -1.000000e+00
    outer loop
      vertex 4.887568e+01 -4.571149e+00 3.117071e-13
      vertex 5.316115e+01 -4.571149e+00 2.780939e-13
      vertex 5.316115e+01 -6.856719e+00 2.780939e-13
    endloop
  endfacet
  facet normal -7.843521e-15 -0.000000e+00 -1.000000e+00
    outer loop
      vertex 4.887568e+01 -2.285579e+00 3.117071e-13
      vertex 4.887568e+01 9.536743e-07 3.117071e-13
      vertex 5.316115e+01 9.536743e-07 2.780939e-13
    endloop
  endfacet
  facet normal -7.843521e-15 0.000000e+00 -1.000000e+00
    outer loop
      vertex 4.887568e+01 -2.285579e+00 3.117071e-13
      vertex 5.316115e+01 9.536743e-07 2.780939e-13
      vertex 5.316115e+01 -2.285579e+00 2.780939e-13
    endloop
  endfacet
  facet normal -7.825455e-15 1.482397e-21 -1.000000e+00
    outer loop
      vertex 4.826347e+01 -7.987899e+00 3.164204e-13
      vertex 5.316115e+01 -6.856719e+00 2.780939e-13
      vertex 5.071231e+01 -8.565099e+00 2.972572e-13
    endloop
  endfacet
  facet normal -7.827075e-15 2.903233e-17 -1.000000e+00
    outer loop
      vertex 4.887568e+01 -4.571149e+00 3.117071e-13
      vertex 4.581463e+01 -7.410699e+00 3.355837e-13
      vertex 4.459021e+01 -4.571149e+00 3.452497e-13
    endloop
  endfacet
  facet normal -7.817652e-15 3.309561e-17 -1.000000e+00
    outer loop
      vertex 4.459021e+01 -4.571149e+00 3.452497e-13
      vertex 4.581463e+01 -7.410699e+00 3.355837e-13
      vertex 4.336579e+01 -6.833508e+00 3.547470e-13
    endloop
  endfacet
  facet normal -7.817630e-15 3.308387e-17 -1.000000e+00
    outer loop
      vertex 4.091694e+01 -6.256309e+00 3.739102e-13
      vertex 4.459021e+01 -4.571149e+00 3.452497e-13
      vertex 4.336579e+01 -6.833508e+00 3.547470e-13
    endloop
  endfacet
  facet normal -7.817781e-15 0.000000e+00 -1.000000e+00
    outer loop
      vertex 3.357043e+01 -4.524709e+00 4.314000e-13
      vertex 4.459021e+01 9.536743e-07 3.452497e-13
      vertex 4.459021e+01 -2.285579e+00 3.452497e-13
    endloop
  endfacet
  facet normal -7.811655e-15 -0.000000e+00 -1.000000e+00
    outer loop
      vertex 4.459021e+01 -4.571149e+00 3.452497e-13
      vertex 3.846811e+01 -5.679109e+00 3.930735e-13
      vertex 4.459021e+01 -2.285579e+00 3.452497e-13
    endloop
  endfacet
  facet normal -7.817650e-15 3.312706e-17 -1.000000e+00
    outer loop
      vertex 3.846811e+01 -5.679109e+00 3.930735e-13
      vertex 4.459021e+01 -4.571149e+00 3.452497e-13
      vertex 4.091694e+01 -6.256309e+00 3.739102e-13
    endloop
  endfacet
  facet normal -7.820307e-15 2.173694e-17 -1.000000e+00
    outer loop
      vertex 4.581463e+01 -7.410699e+00 3.355837e-13
      vertex 4.887568e+01 -4.571149e+00 3.117071e-13
      vertex 4.826347e+01 -7.987899e+00 3.164204e-13
    endloop
  endfacet
  facet normal -7.843521e-15 0.000000e+00 -1.000000e+00
    outer loop
      vertex 5.316115e+01 2.285571e+00 2.780939e-13
      vertex 5.316115e+01 9.536743e-07 2.780939e-13
      vertex 4.887568e+01 9.536743e-07 3.117071e-13
    endloop
  endfacet
  facet normal -7.843521e-15 -0.000000e+00 -1.000000e+00
    outer loop
      vertex 5.316115e+01 2.285571e+00 2.780939e-13
      vertex 4.887568e+01 9.536743e-07 3.117071e-13
      vertex 4.887568e+01 2.285571e+00 3.117071e-13
    endloop
  endfacet
  facet normal -7.843521e-15 0.000000e+00 -1.000000e+00
    outer loop
      vertex 5.316115e+01 4.571141e+00 2.780939e-13
      vertex 5.316115e+01 2.285571e+00 2.780939e-13
      vertex 4.887568e+01 2.285571e+00 3.117071e-13
    endloop
  endfacet
  facet normal -7.843521e-15 -0.000000e+00 -1.000000e+00
    outer loop
      vertex 5.316115e+01 4.571141e+00 2.780939e-13
      vertex 4.887568e+01 2.285571e+00 3.117071e-13
      vertex 4.887568e+01 4.571141e+00 3.117071e-13
    endloop
  endfacet
  facet normal -7.825455e-15 -1.482397e-21 -1.000000e+00
    outer loop
      vertex 4.826347e+01 7.987891e+00 3.164204e-13
      vertex 5.071231e+01 8.565091e+00 2.972572e-13
      vertex 5.316115e+01 6.856721e+00 2.780939e-13
    endloop
  endfacet
  facet normal -7.825454e-15 -0.000000e+00 -1.000000e+00
    outer loop
      vertex 5.316115e+01 6.856721e+00 2.780939e-13
      vertex 5.071231e+01 8.565091e+00 2.972572e-13
      vertex 5.316115e+01 9.142281e+00 2.780939e-13
    endloop
  endfacet
  facet normal -7.843521e-15 -0.000000e+00 -1.000000e+00
    outer loop
      vertex 5.316115e+01 4.571141e+00 2.780939e-13
      vertex 4.887568e+01 4.571141e+00 3.117071e-13
      vertex 5.316115e+01 6.856721e+00 2.780939e-13
    endloop
  endfacet
  facet normal -7.817650e-15 -3.312706e-17 -1.000000e+00
    outer loop
      vertex 3.846811e+01 5.679101e+00 3.930735e-13
      vertex 4.091694e+01 6.256301e+00 3.739102e-13
      vertex 4.459021e+01 4.571141e+00 3.452497e-13
    endloop
  endfacet
  facet normal -7.811655e-15 0.000000e+00 -1.000000e+00
    outer loop
      vertex 3.846811e+01 5.679101e+00 3.930735e-13
      vertex 4.459021e+01 4.571141e+00 3.452497e-13
      vertex 4.459021e+01 2.285571e+00 3.452497e-13
    endloop
  endfacet
  facet normal -7.827075e-15 -2.903233e-17 -1.000000e+00
    outer loop
      vertex 4.581463e+01 7.410691e+00 3.355837e-13
      vertex 4.887568e+01 4.571141e+00 3.117071e-13
      vertex 4.459021e+01 4.571141e+00 3.452497e-13
    endloop
  endfacet
  facet normal -7.820307e-15 -2.173694e-17 -1.000000e+00
    outer loop
      vertex 4.887568e+01 4.571141e+00 3.117071e-13
      vertex 4.581463e+01 7.410691e+00 3.355837e-13
      vertex 4.826347e+01 7.987891e+00 3.164204e-13
    endloop
  endfacet
  facet normal -7.817652e-15 -3.309561e-17 -1.000000e+00
    outer loop
      vertex 4.459021e+01 4.571141e+00 3.452497e-13
      vertex 4.336579e+01 6.833501e+00 3.547470e-13
      vertex 4.581463e+01 7.410691e+00 3.355837e-13
    endloop
  endfacet
  facet normal -7.817630e-15 -3.308387e-17 -1.000000e+00
    outer loop
      vertex 4.336579e+01 6.833501e+00 3.547470e-13
      vertex 4.459021e+01 4.571141e+00 3.452497e-13
      vertex 4.091694e+01 6.256301e+00 3.739102e-13
    endloop
  endfacet
  facet normal -7.817781e-15 -0.000000e+00 -1.000000e+00
    outer loop
      vertex 4.459021e+01 9.536743e-07 3.452497e-13
      vertex 3.357043e+01 4.524711e+00 4.314000e-13
      vertex 4.459021e+01 2.285571e+00 3.452497e-13
    endloop
  endfacet
  facet normal -7.830914e-15 -2.363737e-17 -1.000000e+00
    outer loop
      vertex 5.316115e+01 6.856721e+00 2.780939e-13
      vertex 4.887568e+01 4.571141e+00 3.117071e-13
      vertex 4.826347e+01 7.987891e+00 3.164204e-13
    endloop
  endfacet
  facet normal -7.821318e-15 1.743446e-17 -1.000000e+00
    outer loop
      vertex 3.846811e+01 -5.679109e+00 3.930735e-13
      vertex 3.601926e+01 -5.101909e+00 4.122367e-13
      vertex 4.459021e+01 -2.285579e+00 3.452497e-13
    endloop
  endfacet
  facet normal -7.822658e-15 1.187746e-17 -1.000000e+00
    outer loop
      vertex 3.112159e+01 -3.947518e+00 4.505633e-13
      vertex 4.459021e+01 9.536743e-07 3.452497e-13
      vertex 3.357043e+01 -4.524709e+00 4.314000e-13
    endloop
  endfacet
  facet normal -7.819177e-15 -0.000000e+00 -1.000000e+00
    outer loop
      vertex 3.112159e+01 -3.947518e+00 4.505633e-13
      vertex 3.112159e+01 3.947511e+00 4.505633e-13
      vertex 4.459021e+01 9.536743e-07 3.452497e-13
    endloop
  endfacet
  facet normal -7.825447e-15 0.000000e+00 -1.000000e+00
    outer loop
      vertex 2.867274e+01 -3.370318e+00 4.697266e-13
      vertex 2.622391e+01 -2.793118e+00 4.888898e-13
      vertex 2.622391e+01 2.793120e+00 4.888898e-13
    endloop
  endfacet
  facet normal -7.795165e-15 1.284662e-16 -1.000000e+00
    outer loop
      vertex 2.622391e+01 -2.793118e+00 4.888898e-13
      vertex 2.377506e+01 -2.215919e+00 5.080531e-13
      vertex 2.316286e+01 -1.142789e+00 5.129632e-13
    endloop
  endfacet
  facet normal -7.795166e-15 1.284659e-16 -1.000000e+00
    outer loop
      vertex 2.132622e+01 -1.638728e+00 5.272163e-13
      vertex 2.316286e+01 -1.142789e+00 5.129632e-13
      vertex 2.377506e+01 -2.215919e+00 5.080531e-13
    endloop
  endfacet
  facet normal -7.825433e-15 0.000000e+00 -1.000000e+00
    outer loop
      vertex 2.867274e+01 -3.370318e+00 4.697266e-13
      vertex 2.867274e+01 3.370311e+00 4.697266e-13
      vertex 3.112159e+01 -3.947518e+00 4.505633e-13
    endloop
  endfacet
  facet normal -7.864427e-15 -0.000000e+00 -1.000000e+00
    outer loop
      vertex 2.316286e+01 -1.142789e+00 5.129632e-13
      vertex 2.316286e+01 9.536743e-07 5.129632e-13
      vertex 2.622391e+01 -2.793118e+00 4.888898e-13
    endloop
  endfacet
  facet normal -7.827097e-15 2.465400e-16 -1.000000e+00
    outer loop
      vertex 1.994875e+01 -1.142789e+00 5.381202e-13
      vertex 2.102012e+01 -1.142789e+00 5.297345e-13
      vertex 2.132622e+01 -1.638728e+00 5.272163e-13
    endloop
  endfacet
  facet normal -7.654018e-15 7.272667e-16 -1.000000e+00
    outer loop
      vertex 2.132622e+01 -1.638728e+00 5.272163e-13
      vertex 1.887738e+01 -1.061540e+00 5.463796e-13
      vertex 1.994875e+01 -1.142789e+00 5.381202e-13
    endloop
  endfacet
  facet normal -7.709174e-15 0.000000e+00 -1.000000e+00
    outer loop
      vertex 1.994875e+01 -5.713987e-01 5.381202e-13
      vertex 1.994875e+01 -1.142789e+00 5.381202e-13
      vertex 1.887738e+01 -1.061540e+00 5.463796e-13
    endloop
  endfacet
  facet normal -7.709174e-15 -0.000000e+00 -1.000000e+00
    outer loop
      vertex 1.994875e+01 -5.713987e-01 5.381202e-13
      vertex 1.887738e+01 -1.061540e+00 5.463796e-13
      vertex 1.887738e+01 -5.307684e-01 5.463796e-13
    endloop
  endfacet
  facet normal -7.709174e-15 -0.000000e+00 -1.000000e+00
    outer loop
      vertex 1.887738e+01 -5.307684e-01 5.463796e-13
      vertex 1.887738e+01 9.536743e-07 5.463796e-13
      vertex 1.994875e+01 9.536743e-07 5.381202e-13
    endloop
  endfacet
  facet normal -7.709174e-15 0.000000e+00 -1.000000e+00
    outer loop
      vertex 1.887738e+01 -5.307684e-01 5.463796e-13
      vertex 1.994875e+01 9.536743e-07 5.381202e-13
      vertex 1.994875e+01 -5.713987e-01 5.381202e-13
    endloop
  endfacet
  facet normal -7.827056e-15 2.465650e-16 -1.000000e+00
    outer loop
      vertex 2.132622e+01 -1.638728e+00 5.272163e-13
      vertex 2.102012e+01 -1.142789e+00 5.297345e-13
      vertex 2.316286e+01 -1.142789e+00 5.129632e-13
    endloop
  endfacet
  facet normal -7.864427e-15 -0.000000e+00 -1.000000e+00
    outer loop
      vertex 2.316286e+01 9.536743e-07 5.129632e-13
      vertex 2.622391e+01 2.793120e+00 4.888898e-13
      vertex 2.622391e+01 -2.793118e+00 4.888898e-13
    endloop
  endfacet
  facet normal -7.825447e-15 -0.000000e+00 -1.000000e+00
    outer loop
      vertex 2.867274e+01 -3.370318e+00 4.697266e-13
      vertex 2.622391e+01 2.793120e+00 4.888898e-13
      vertex 2.867274e+01 3.370311e+00 4.697266e-13
    endloop
  endfacet
  facet normal -7.795165e-15 -1.284662e-16 -1.000000e+00
    outer loop
      vertex 2.316286e+01 1.142781e+00 5.129632e-13
      vertex 2.377506e+01 2.215920e+00 5.080531e-13
      vertex 2.622391e+01 2.793120e+00 4.888898e-13
    endloop
  endfacet
  facet normal -7.821333e-15 -1.747774e-17 -1.000000e+00
    outer loop
      vertex 3.601926e+01 5.101901e+00 4.122367e-13
      vertex 4.459021e+01 2.285571e+00 3.452497e-13
      vertex 3.357043e+01 4.524711e+00 4.314000e-13
    endloop
  endfacet
  facet normal -7.825433e-15 -0.000000e+00 -1.000000e+00
    outer loop
      vertex 3.112159e+01 -3.947518e+00 4.505633e-13
      vertex 2.867274e+01 3.370311e+00 4.697266e-13
      vertex 3.112159e+01 3.947511e+00 4.505633e-13
    endloop
  endfacet
  facet normal -7.822658e-15 -1.187746e-17 -1.000000e+00
    outer loop
      vertex 3.357043e+01 4.524711e+00 4.314000e-13
      vertex 4.459021e+01 9.536743e-07 3.452497e-13
      vertex 3.112159e+01 3.947511e+00 4.505633e-13
    endloop
  endfacet
  facet normal -7.821318e-15 -1.743446e-17 -1.000000e+00
    outer loop
      vertex 4.459021e+01 2.285571e+00 3.452497e-13
      vertex 3.601926e+01 5.101901e+00 4.122367e-13
      vertex 3.846811e+01 5.679101e+00 3.930735e-13
    endloop
  endfacet
  facet normal -7.709174e-15 0.000000e+00 -1.000000e+00
    outer loop
      vertex 1.994875e+01 5.713911e-01 5.381202e-13
      vertex 1.994875e+01 9.536743e-07 5.381202e-13
      vertex 1.887738e+01 9.536743e-07 5.463796e-13
    endloop
  endfacet
  facet normal -7.709174e-15 -0.000000e+00 -1.000000e+00
    outer loop
      vertex 1.994875e+01 5.713911e-01 5.381202e-13
      vertex 1.887738e+01 9.536743e-07 5.463796e-13
      vertex 1.887738e+01 5.307608e-01 5.463796e-13
    endloop
  endfacet
  facet normal -7.709174e-15 -0.000000e+00 -1.000000e+00
    outer loop
      vertex 1.887738e+01 5.307608e-01 5.463796e-13
      vertex 1.887738e+01 1.061530e+00 5.463796e-13
      vertex 1.994875e+01 1.142781e+00 5.381202e-13
    endloop
  endfacet
  facet normal -7.709174e-15 0.000000e+00 -1.000000e+00
    outer loop
      vertex 1.887738e+01 5.307608e-01 5.463796e-13
      vertex 1.994875e+01 1.142781e+00 5.381202e-13
      vertex 1.994875e+01 5.713911e-01 5.381202e-13
    endloop
  endfacet
  facet normal -7.795166e-15 -1.284659e-16 -1.000000e+00
    outer loop
      vertex 2.377506e+01 2.215920e+00 5.080531e-13
      vertex 2.316286e+01 1.142781e+00 5.129632e-13
      vertex 2.132622e+01 1.638721e+00 5.272163e-13
    endloop
  endfacet
  facet normal -7.827056e-15 -2.465650e-16 -1.000000e+00
    outer loop
      vertex 2.102012e+01 1.142781e+00 5.297345e-13
      vertex 2.132622e+01 1.638721e+00 5.272163e-13
      vertex 2.316286e+01 1.142781e+00 5.129632e-13
    endloop
  endfacet
  facet normal -7.827097e-15 -2.465400e-16 -1.000000e+00
    outer loop
      vertex 2.132622e+01 1.638721e+00 5.272163e-13
      vertex 2.102012e+01 1.142781e+00 5.297345e-13
      vertex 1.994875e+01 1.142781e+00 5.381202e-13
    endloop
  endfacet
  facet normal -7.654018e-15 -7.272667e-16 -1.000000e+00
    outer loop
      vertex 1.887738e+01 1.061530e+00 5.463796e-13
      vertex 2.132622e+01 1.638721e+00 5.272163e-13
      vertex 1.994875e+01 1.142781e+00 5.381202e-13
    endloop
  endfacet
  facet normal -7.864427e-15 0.000000e+00 -1.000000e+00
    outer loop
      vertex 2.316286e+01 9.536743e-07 5.129632e-13
      vertex 2.316286e+01 1.142781e+00 5.129632e-13
      vertex 2.622391e+01 2.793120e+00 4.888898e-13
    endloop
  endfacet
  facet normal -7.821333e-15 1.747774e-17 -1.000000e+00
    outer loop
      vertex 3.357043e+01 -4.524709e+00 4.314000e-13
      vertex 4.459021e+01 -2.285579e+00 3.452497e-13
      vertex 3.601926e+01 -5.101909e+00 4.122367e-13
    endloop
  endfacet
  facet normal -2.294155e-01 9.733286e-01 0.000000e+00
    outer loop
      vertex 2.059157e+01 1.465562e+00 3.000000e-01
      vertex 2.059157e+01 1.465562e+00 1.500000e-01
      vertex 1.973448e+01 1.263551e+00 1.500000e-01
    endloop
  endfacet
  facet normal -2.294155e-01 9.733286e-01 0.000000e+00
    outer loop
      vertex 2.059157e+01 1.465562e+00 3.000000e-01
      vertex 1.973448e+01 1.263551e+00 1.500000e-01
      vertex 1.973448e+01 1.263551e+00 3.000000e-01
    endloop
  endfacet
  facet normal -2.294237e-01 9.733266e-01 0.000000e+00
    outer loop
      vertex 1.973448e+01 1.263551e+00 1.500000e-01
      vertex 1.973448e+01 1.263551e+00 7.500000e-02
      vertex 1.930593e+01 1.162532e+00 7.500000e-02
    endloop
  endfacet
  facet normal -2.294237e-01 9.733266e-01 0.000000e+00
    outer loop
      vertex 1.973448e+01 1.263551e+00 1.500000e-01
      vertex 1.930593e+01 1.162532e+00 7.500000e-02
      vertex 1.930593e+01 1.162532e+00 1.500000e-01
    endloop
  endfacet
  facet normal -2.294073e-01 9.733305e-01 0.000000e+00
    outer loop
      vertex 1.887738e+01 1.061530e+00 1.205771e-01
      vertex 1.930593e+01 1.162532e+00 7.500000e-02
      vertex 1.887738e+01 1.061530e+00 5.463796e-13
    endloop
  endfacet
  facet normal -2.294237e-01 9.733266e-01 9.901190e-05
    outer loop
      vertex 1.973448e+01 1.263551e+00 7.500000e-02
      vertex 1.887738e+01 1.061530e+00 5.463796e-13
      vertex 1.930593e+01 1.162532e+00 7.500000e-02
    endloop
  endfacet
  facet normal -2.294073e-01 9.733305e-01 0.000000e+00
    outer loop
      vertex 1.887738e+01 1.061530e+00 1.205771e-01
      vertex 1.930593e+01 1.162532e+00 1.500000e-01
      vertex 1.930593e+01 1.162532e+00 7.500000e-02
    endloop
  endfacet
  facet normal -2.294033e-01 9.733315e-01 -6.158654e-05
    outer loop
      vertex 1.973448e+01 1.263551e+00 3.000000e-01
      vertex 1.930593e+01 1.162532e+00 1.500000e-01
      vertex 1.887738e+01 1.061530e+00 1.205771e-01
    endloop
  endfacet
  facet normal -2.294145e-01 9.733288e-01 -1.165151e-05
    outer loop
      vertex 1.973448e+01 1.263551e+00 7.500000e-02
      vertex 2.132622e+01 1.638721e+00 5.272163e-13
      vertex 1.887738e+01 1.061530e+00 5.463796e-13
    endloop
  endfacet
  facet normal -2.294145e-01 9.733288e-01 -1.165151e-05
    outer loop
      vertex 2.132622e+01 1.638721e+00 5.272163e-13
      vertex 1.973448e+01 1.263551e+00 7.500000e-02
      vertex 2.059157e+01 1.465562e+00 1.500000e-01
    endloop
  endfacet
  facet normal -2.294142e-01 9.733289e-01 -8.951788e-06
    outer loop
      vertex 2.377506e+01 2.215920e+00 5.080531e-13
      vertex 2.427712e+01 2.334250e+00 6.000000e-01
      vertex 2.608237e+01 2.759751e+00 6.000000e-01
    endloop
  endfacet
  facet normal -2.294174e-01 9.733281e-01 4.154981e-06
    outer loop
      vertex 2.377506e+01 2.215920e+00 5.080531e-13
      vertex 2.608237e+01 2.759751e+00 6.000000e-01
      vertex 2.622391e+01 2.793120e+00 4.888898e-13
    endloop
  endfacet
  facet normal -2.294181e-01 9.733280e-01 3.988634e-06
    outer loop
      vertex 2.622391e+01 2.793120e+00 4.888898e-13
      vertex 2.608237e+01 2.759751e+00 6.000000e-01
      vertex 2.788762e+01 3.185262e+00 6.000000e-01
    endloop
  endfacet
  facet normal -2.294149e-01 9.733287e-01 -5.384220e-06
    outer loop
      vertex 2.622391e+01 2.793120e+00 4.888898e-13
      vertex 2.788762e+01 3.185262e+00 6.000000e-01
      vertex 2.867274e+01 3.370311e+00 4.697266e-13
    endloop
  endfacet
  facet normal -2.294181e-01 9.733280e-01 9.744788e-06
    outer loop
      vertex 2.132622e+01 1.638721e+00 5.272163e-13
      vertex 2.247186e+01 1.908751e+00 6.000000e-01
      vertex 2.427712e+01 2.334250e+00 6.000000e-01
    endloop
  endfacet
  facet normal -2.294145e-01 9.733288e-01 -8.637238e-06
    outer loop
      vertex 2.132622e+01 1.638721e+00 5.272163e-13
      vertex 2.427712e+01 2.334250e+00 6.000000e-01
      vertex 2.377506e+01 2.215920e+00 5.080531e-13
    endloop
  endfacet
  facet normal -2.294142e-01 9.733289e-01 -5.883262e-06
    outer loop
      vertex 2.867274e+01 3.370311e+00 4.697266e-13
      vertex 2.969287e+01 3.610761e+00 6.000000e-01
      vertex 3.149812e+01 4.036261e+00 6.000000e-01
    endloop
  endfacet
  facet normal -2.294171e-01 9.733282e-01 8.483581e-06
    outer loop
      vertex 2.867274e+01 3.370311e+00 4.697266e-13
      vertex 3.149812e+01 4.036261e+00 6.000000e-01
      vertex 3.112159e+01 3.947511e+00 4.505633e-13
    endloop
  endfacet
  facet normal -2.294155e-01 9.733286e-01 0.000000e+00
    outer loop
      vertex 1.973448e+01 1.263551e+00 7.500000e-02
      vertex 1.973448e+01 1.263551e+00 1.500000e-01
      vertex 2.059157e+01 1.465562e+00 1.500000e-01
    endloop
  endfacet
  facet normal -2.294155e-01 9.733286e-01 9.035192e-06
    outer loop
      vertex 2.066661e+01 1.483251e+00 6.000000e-01
      vertex 2.059157e+01 1.465562e+00 3.000000e-01
      vertex 1.973448e+01 1.263551e+00 3.000000e-01
    endloop
  endfacet
  facet normal -2.294142e-01 9.733289e-01 8.686126e-06
    outer loop
      vertex 2.059157e+01 1.465562e+00 3.000000e-01
      vertex 2.066661e+01 1.483251e+00 6.000000e-01
      vertex 2.247186e+01 1.908751e+00 6.000000e-01
    endloop
  endfacet
  facet normal -2.294206e-01 9.733274e-01 2.584735e-05
    outer loop
      vertex 1.887738e+01 1.061530e+00 1.205771e-01
      vertex 2.066661e+01 1.483251e+00 6.000000e-01
      vertex 1.973448e+01 1.263551e+00 3.000000e-01
    endloop
  endfacet
  facet normal -2.294123e-01 9.733294e-01 0.000000e+00
    outer loop
      vertex 2.059157e+01 1.465562e+00 3.000000e-01
      vertex 2.132622e+01 1.638721e+00 5.272163e-13
      vertex 2.059157e+01 1.465562e+00 1.500000e-01
    endloop
  endfacet
  facet normal -2.294237e-01 9.733266e-01 0.000000e+00
    outer loop
      vertex 1.930593e+01 1.162532e+00 1.500000e-01
      vertex 1.973448e+01 1.263551e+00 3.000000e-01
      vertex 1.973448e+01 1.263551e+00 1.500000e-01
    endloop
  endfacet
  facet normal -2.294127e-01 9.733292e-01 -1.086798e-06
    outer loop
      vertex 2.247186e+01 1.908751e+00 6.000000e-01
      vertex 2.132622e+01 1.638721e+00 5.272163e-13
      vertex 2.059157e+01 1.465562e+00 3.000000e-01
    endloop
  endfacet
  facet normal -2.294146e-01 9.733288e-01 -5.059037e-06
    outer loop
      vertex 2.969287e+01 3.610761e+00 6.000000e-01
      vertex 2.867274e+01 3.370311e+00 4.697266e-13
      vertex 2.788762e+01 3.185262e+00 6.000000e-01
    endloop
  endfacet
  facet normal -2.294181e-01 9.733280e-01 9.150384e-06
    outer loop
      vertex 3.112159e+01 3.947511e+00 4.505633e-13
      vertex 3.149812e+01 4.036261e+00 6.000000e-01
      vertex 3.330337e+01 4.461761e+00 6.000000e-01
    endloop
  endfacet
  facet normal -2.294149e-01 9.733287e-01 -3.141113e-06
    outer loop
      vertex 3.112159e+01 3.947511e+00 4.505633e-13
      vertex 3.330337e+01 4.461761e+00 6.000000e-01
      vertex 3.357043e+01 4.524711e+00 4.314000e-13
    endloop
  endfacet
  facet normal -2.294142e-01 9.733289e-01 -2.814737e-06
    outer loop
      vertex 3.510863e+01 4.887261e+00 6.000000e-01
      vertex 3.357043e+01 4.524711e+00 4.314000e-13
      vertex 3.330337e+01 4.461761e+00 6.000000e-01
    endloop
  endfacet
  facet normal -2.294142e-01 9.733289e-01 -1.219841e-05
    outer loop
      vertex 3.601926e+01 5.101901e+00 4.122367e-13
      vertex 3.691388e+01 5.312771e+00 6.000000e-01
      vertex 3.871913e+01 5.738271e+00 6.000000e-01
    endloop
  endfacet
  facet normal -2.294171e-01 9.733282e-01 1.530218e-06
    outer loop
      vertex 3.601926e+01 5.101901e+00 4.122367e-13
      vertex 3.871913e+01 5.738271e+00 6.000000e-01
      vertex 3.846811e+01 5.679101e+00 3.930735e-13
    endloop
  endfacet
  facet normal -2.294149e-01 9.733287e-01 -9.348303e-07
    outer loop
      vertex 3.510863e+01 4.887261e+00 6.000000e-01
      vertex 3.601926e+01 5.101901e+00 4.122367e-13
      vertex 3.357043e+01 4.524711e+00 4.314000e-13
    endloop
  endfacet
  facet normal -2.294142e-01 9.733289e-01 2.537882e-07
    outer loop
      vertex 3.846811e+01 5.679101e+00 3.930735e-13
      vertex 3.871913e+01 5.738271e+00 6.000000e-01
      vertex 4.052438e+01 6.163771e+00 6.000000e-01
    endloop
  endfacet
  facet normal -2.294149e-01 9.733287e-01 2.766857e-06
    outer loop
      vertex 3.846811e+01 5.679101e+00 3.930735e-13
      vertex 4.052438e+01 6.163771e+00 6.000000e-01
      vertex 4.091694e+01 6.256301e+00 3.739102e-13
    endloop
  endfacet
  facet normal -2.294181e-01 9.733280e-01 5.552789e-07
    outer loop
      vertex 4.091694e+01 6.256301e+00 3.739102e-13
      vertex 4.052438e+01 6.163771e+00 6.000000e-01
      vertex 4.232963e+01 6.589271e+00 6.000000e-01
    endloop
  endfacet
  facet normal -2.294171e-01 9.733282e-01 -1.946463e-06
    outer loop
      vertex 4.091694e+01 6.256301e+00 3.739102e-13
      vertex 4.232963e+01 6.589271e+00 6.000000e-01
      vertex 4.336579e+01 6.833501e+00 3.547470e-13
    endloop
  endfacet
  facet normal -2.294142e-01 9.733289e-01 -6.061364e-06
    outer loop
      vertex 4.581463e+01 7.410691e+00 3.355837e-13
      vertex 4.594014e+01 7.440281e+00 6.000000e-01
      vertex 4.774539e+01 7.865781e+00 6.000000e-01
    endloop
  endfacet
  facet normal -2.294142e-01 9.733289e-01 -6.001690e-06
    outer loop
      vertex 4.581463e+01 7.410691e+00 3.355837e-13
      vertex 4.774539e+01 7.865781e+00 6.000000e-01
      vertex 4.826347e+01 7.987891e+00 3.164204e-13
    endloop
  endfacet
  facet normal -2.294142e-01 9.733289e-01 -5.985677e-06
    outer loop
      vertex 4.826347e+01 7.987891e+00 3.164204e-13
      vertex 4.774539e+01 7.865781e+00 6.000000e-01
      vertex 4.955064e+01 8.291281e+00 6.000000e-01
    endloop
  endfacet
  facet normal -2.294178e-01 9.733281e-01 2.092840e-06
    outer loop
      vertex 4.826347e+01 7.987891e+00 3.164204e-13
      vertex 4.955064e+01 8.291281e+00 6.000000e-01
      vertex 5.071231e+01 8.565091e+00 2.972572e-13
    endloop
  endfacet
  facet normal -2.294181e-01 9.733280e-01 8.595106e-06
    outer loop
      vertex 4.336579e+01 6.833501e+00 3.547470e-13
      vertex 4.413489e+01 7.014771e+00 6.000000e-01
      vertex 4.594014e+01 7.440281e+00 6.000000e-01
    endloop
  endfacet
  facet normal -2.294149e-01 9.733287e-01 -5.907970e-06
    outer loop
      vertex 4.336579e+01 6.833501e+00 3.547470e-13
      vertex 4.594014e+01 7.440281e+00 6.000000e-01
      vertex 4.581463e+01 7.410691e+00 3.355837e-13
    endloop
  endfacet
  facet normal -2.294142e-01 9.733289e-01 -2.992839e-06
    outer loop
      vertex 5.071231e+01 8.565091e+00 2.972572e-13
      vertex 5.135589e+01 8.716791e+00 6.000000e-01
      vertex 5.316115e+01 9.142281e+00 6.000000e-01
    endloop
  endfacet
  facet normal -2.294149e-01 9.733287e-01 0.000000e+00
    outer loop
      vertex 5.071231e+01 8.565091e+00 2.972572e-13
      vertex 5.316115e+01 9.142281e+00 6.000000e-01
      vertex 5.316115e+01 9.142281e+00 2.780939e-13
    endloop
  endfacet
  facet normal -2.294181e-01 9.733280e-01 -6.065072e-06
    outer loop
      vertex 3.601926e+01 5.101901e+00 4.122367e-13
      vertex 3.510863e+01 4.887261e+00 6.000000e-01
      vertex 3.691388e+01 5.312771e+00 6.000000e-01
    endloop
  endfacet
  facet normal -2.294181e-01 9.733280e-01 1.419476e-06
    outer loop
      vertex 5.071231e+01 8.565091e+00 2.972572e-13
      vertex 4.955064e+01 8.291281e+00 6.000000e-01
      vertex 5.135589e+01 8.716791e+00 6.000000e-01
    endloop
  endfacet
  facet normal -2.294142e-01 9.733289e-01 3.322314e-06
    outer loop
      vertex 4.413489e+01 7.014771e+00 6.000000e-01
      vertex 4.336579e+01 6.833501e+00 3.547470e-13
      vertex 4.232963e+01 6.589271e+00 6.000000e-01
    endloop
  endfacet
  facet normal 1.000000e+00 0.000000e+00 0.000000e+00
    outer loop
      vertex 5.316115e+01 9.142281e+00 2.780939e-13
      vertex 5.316115e+01 9.142281e+00 6.000000e-01
      vertex 5.316115e+01 7.313821e+00 6.000000e-01
    endloop
  endfacet
  facet normal 1.000000e+00 0.000000e+00 0.000000e+00
    outer loop
      vertex 5.316115e+01 9.142281e+00 2.780939e-13
      vertex 5.316115e+01 7.313821e+00 6.000000e-01
      vertex 5.316115e+01 6.856721e+00 2.780939e-13
    endloop
  endfacet
  facet normal 1.000000e+00 0.000000e+00 0.000000e+00
    outer loop
      vertex 5.316115e+01 4.571141e+00 2.780939e-13
      vertex 5.316115e+01 3.656911e+00 6.000000e-01
      vertex 5.316115e+01 1.828462e+00 6.000000e-01
    endloop
  endfacet
  facet normal 1.000000e+00 0.000000e+00 0.000000e+00
    outer loop
      vertex 5.316115e+01 4.571141e+00 2.780939e-13
      vertex 5.316115e+01 1.828462e+00 6.000000e-01
      vertex 5.316115e+01 2.285571e+00 2.780939e-13
    endloop
  endfacet
  facet normal 1.000000e+00 0.000000e+00 0.000000e+00
    outer loop
      vertex 5.316115e+01 2.285571e+00 2.780939e-13
      vertex 5.316115e+01 1.828462e+00 6.000000e-01
      vertex 5.316115e+01 9.536743e-07 6.000000e-01
    endloop
  endfacet
  facet normal 1.000000e+00 0.000000e+00 0.000000e+00
    outer loop
      vertex 5.316115e+01 2.285571e+00 2.780939e-13
      vertex 5.316115e+01 9.536743e-07 6.000000e-01
      vertex 5.316115e+01 9.536743e-07 2.780939e-13
    endloop
  endfacet
  facet normal 1.000000e+00 0.000000e+00 0.000000e+00
    outer loop
      vertex 5.316115e+01 6.856721e+00 2.780939e-13
      vertex 5.316115e+01 7.313821e+00 6.000000e-01
      vertex 5.316115e+01 5.485371e+00 6.000000e-01
    endloop
  endfacet
  facet normal 1.000000e+00 0.000000e+00 0.000000e+00
    outer loop
      vertex 5.316115e+01 6.856721e+00 2.780939e-13
      vertex 5.316115e+01 5.485371e+00 6.000000e-01
      vertex 5.316115e+01 4.571141e+00 2.780939e-13
    endloop
  endfacet
  facet normal 1.000000e+00 0.000000e+00 0.000000e+00
    outer loop
      vertex 5.316115e+01 4.571141e+00 2.780939e-13
      vertex 5.316115e+01 5.485371e+00 6.000000e-01
      vertex 5.316115e+01 3.656911e+00 6.000000e-01
    endloop
  endfacet
  facet normal 1.000000e+00 0.000000e+00 0.000000e+00
    outer loop
      vertex 5.316115e+01 -1.828460e+00 6.000000e-01
      vertex 5.316115e+01 -2.285579e+00 2.780939e-13
      vertex 5.316115e+01 9.536743e-07 2.780939e-13
    endloop
  endfacet
  facet normal 1.000000e+00 0.000000e+00 0.000000e+00
    outer loop
      vertex 5.316115e+01 -1.828460e+00 6.000000e-01
      vertex 5.316115e+01 9.536743e-07 2.780939e-13
      vertex 5.316115e+01 9.536743e-07 6.000000e-01
    endloop
  endfacet
  facet normal 1.000000e+00 0.000000e+00 0.000000e+00
    outer loop
      vertex 5.316115e+01 -2.285579e+00 2.780939e-13
      vertex 5.316115e+01 -1.828460e+00 6.000000e-01
      vertex 5.316115e+01 -3.656919e+00 6.000000e-01
    endloop
  endfacet
  facet normal 1.000000e+00 0.000000e+00 0.000000e+00
    outer loop
      vertex 5.316115e+01 -2.285579e+00 2.780939e-13
      vertex 5.316115e+01 -3.656919e+00 6.000000e-01
      vertex 5.316115e+01 -4.571149e+00 2.780939e-13
    endloop
  endfacet
  facet normal 1.000000e+00 0.000000e+00 0.000000e+00
    outer loop
      vertex 5.316115e+01 -4.571149e+00 2.780939e-13
      vertex 5.316115e+01 -5.485379e+00 6.000000e-01
      vertex 5.316115e+01 -7.313828e+00 6.000000e-01
    endloop
  endfacet
  facet normal 1.000000e+00 0.000000e+00 0.000000e+00
    outer loop
      vertex 5.316115e+01 -4.571149e+00 2.780939e-13
      vertex 5.316115e+01 -7.313828e+00 6.000000e-01
      vertex 5.316115e+01 -6.856719e+00 2.780939e-13
    endloop
  endfacet
  facet normal 1.000000e+00 0.000000e+00 0.000000e+00
    outer loop
      vertex 5.316115e+01 -6.856719e+00 2.780939e-13
      vertex 5.316115e+01 -7.313828e+00 6.000000e-01
      vertex 5.316115e+01 -9.142289e+00 6.000000e-01
    endloop
  endfacet
  facet normal 1.000000e+00 0.000000e+00 0.000000e+00
    outer loop
      vertex 5.316115e+01 -6.856719e+00 2.780939e-13
      vertex 5.316115e+01 -9.142289e+00 6.000000e-01
      vertex 5.316115e+01 -9.142289e+00 2.780939e-13
    endloop
  endfacet
  facet normal 1.000000e+00 0.000000e+00 0.000000e+00
    outer loop
      vertex 5.316115e+01 -5.485379e+00 6.000000e-01
      vertex 5.316115e+01 -4.571149e+00 2.780939e-13
      vertex 5.316115e+01 -3.656919e+00 6.000000e-01
    endloop
  endfacet
  facet normal 1.056579e-01 3.884021e-01 9.154126e-01
    outer loop
      vertex 4.494526e+01 -1.227755e+01 6.000000e-01
      vertex 4.599094e+01 -1.161424e+01 1.978710e-01
      vertex 4.517769e+01 -1.139301e+01 1.978710e-01
    endloop
  endfacet
  facet normal 1.056579e-01 3.884023e-01 9.154125e-01
    outer loop
      vertex 4.357192e+01 -1.190396e+01 6.000000e-01
      vertex 4.436445e+01 -1.117179e+01 1.978710e-01
      vertex 4.355121e+01 -1.095056e+01 1.978710e-01
    endloop
  endfacet
  facet normal 1.056554e-01 3.884028e-01 9.154126e-01
    outer loop
      vertex 4.494526e+01 -1.227755e+01 6.000000e-01
      vertex 4.517769e+01 -1.139301e+01 1.978710e-01
      vertex 4.436445e+01 -1.117179e+01 1.978710e-01
    endloop
  endfacet
  facet normal 1.056590e-01 3.884024e-01 9.154123e-01
    outer loop
      vertex 4.219858e+01 -1.153037e+01 6.000000e-01
      vertex 4.273796e+01 -1.072934e+01 1.978710e-01
      vertex 4.192472e+01 -1.050811e+01 1.978710e-01
    endloop
  endfacet
  facet normal 1.056588e-01 3.884058e-01 9.154110e-01
    outer loop
      vertex 4.082523e+01 -1.115677e+01 6.000000e-01
      vertex 4.111147e+01 -1.028688e+01 1.978710e-01
      vertex 4.029822e+01 -1.006565e+01 1.978710e-01
    endloop
  endfacet
  facet normal 1.056563e-01 3.884059e-01 9.154112e-01
    outer loop
      vertex 3.945189e+01 -1.078318e+01 6.000000e-01
      vertex 4.029822e+01 -1.006565e+01 1.978710e-01
      vertex 3.948498e+01 -9.844430e+00 1.978710e-01
    endloop
  endfacet
  facet normal 1.056555e-01 3.884068e-01 9.154109e-01
    outer loop
      vertex 4.082523e+01 -1.115677e+01 6.000000e-01
      vertex 4.192472e+01 -1.050811e+01 1.978710e-01
      vertex 4.111147e+01 -1.028688e+01 1.978710e-01
    endloop
  endfacet
  facet normal 1.056550e-01 3.884048e-01 9.154118e-01
    outer loop
      vertex 4.355121e+01 -1.095056e+01 1.978710e-01
      vertex 4.273796e+01 -1.072934e+01 1.978710e-01
      vertex 4.219858e+01 -1.153037e+01 6.000000e-01
    endloop
  endfacet
  facet normal 1.056564e-01 3.884022e-01 9.154127e-01
    outer loop
      vertex 4.355121e+01 -1.095056e+01 1.978710e-01
      vertex 4.219858e+01 -1.153037e+01 6.000000e-01
      vertex 4.357192e+01 -1.190396e+01 6.000000e-01
    endloop
  endfacet
  facet normal 1.056567e-01 3.884033e-01 9.154122e-01
    outer loop
      vertex 4.357192e+01 -1.190396e+01 6.000000e-01
      vertex 4.494526e+01 -1.227755e+01 6.000000e-01
      vertex 4.436445e+01 -1.117179e+01 1.978710e-01
    endloop
  endfacet
  facet normal 1.056586e-01 3.884024e-01 9.154124e-01
    outer loop
      vertex 4.082523e+01 -1.115677e+01 6.000000e-01
      vertex 4.219858e+01 -1.153037e+01 6.000000e-01
      vertex 4.192472e+01 -1.050811e+01 1.978710e-01
    endloop
  endfacet
  facet normal 1.056572e-01 3.884050e-01 9.154114e-01
    outer loop
      vertex 3.945189e+01 -1.078318e+01 6.000000e-01
      vertex 4.082523e+01 -1.115677e+01 6.000000e-01
      vertex 4.029822e+01 -1.006565e+01 1.978710e-01
    endloop
  endfacet
  facet normal 1.056561e-01 3.884054e-01 9.154114e-01
    outer loop
      vertex 3.807854e+01 -1.040960e+01 6.000000e-01
      vertex 3.867174e+01 -9.623199e+00 1.978710e-01
      vertex 3.785850e+01 -9.401978e+00 1.978710e-01
    endloop
  endfacet
  facet normal 1.056573e-01 3.884056e-01 9.154112e-01
    outer loop
      vertex 3.670520e+01 -1.003601e+01 6.000000e-01
      vertex 3.807854e+01 -1.040960e+01 6.000000e-01
      vertex 3.785850e+01 -9.401978e+00 1.978710e-01
    endloop
  endfacet
  facet normal 1.056584e-01 3.884040e-01 9.154117e-01
    outer loop
      vertex 3.670520e+01 -1.003601e+01 6.000000e-01
      vertex 3.785850e+01 -9.401978e+00 1.978710e-01
      vertex 3.704525e+01 -9.180749e+00 1.978710e-01
    endloop
  endfacet
  facet normal 1.056551e-01 3.884052e-01 9.154116e-01
    outer loop
      vertex 3.623200e+01 -8.959529e+00 1.978710e-01
      vertex 3.670520e+01 -1.003601e+01 6.000000e-01
      vertex 3.704525e+01 -9.180749e+00 1.978710e-01
    endloop
  endfacet
  facet normal 1.056574e-01 3.884058e-01 9.154111e-01
    outer loop
      vertex 3.807854e+01 -1.040960e+01 6.000000e-01
      vertex 3.945189e+01 -1.078318e+01 6.000000e-01
      vertex 3.948498e+01 -9.844430e+00 1.978710e-01
    endloop
  endfacet
  facet normal 1.056584e-01 3.884039e-01 9.154118e-01
    outer loop
      vertex 3.807854e+01 -1.040960e+01 6.000000e-01
      vertex 3.948498e+01 -9.844430e+00 1.978710e-01
      vertex 3.867174e+01 -9.623199e+00 1.978710e-01
    endloop
  endfacet
  facet normal 1.056594e-01 3.884039e-01 9.154117e-01
    outer loop
      vertex 3.533185e+01 -9.662419e+00 6.000000e-01
      vertex 3.623200e+01 -8.959529e+00 1.978710e-01
      vertex 3.541876e+01 -8.738299e+00 1.978710e-01
    endloop
  endfacet
  facet normal 1.056594e-01 3.884043e-01 9.154115e-01
    outer loop
      vertex 3.395851e+01 -9.288829e+00 6.000000e-01
      vertex 3.460551e+01 -8.517079e+00 1.978710e-01
      vertex 3.379227e+01 -8.295850e+00 1.978710e-01
    endloop
  endfacet
  facet normal 1.056549e-01 3.884045e-01 9.154119e-01
    outer loop
      vertex 3.533185e+01 -9.662419e+00 6.000000e-01
      vertex 3.541876e+01 -8.738299e+00 1.978710e-01
      vertex 3.460551e+01 -8.517079e+00 1.978710e-01
    endloop
  endfacet
  facet normal 1.056584e-01 3.884042e-01 9.154117e-01
    outer loop
      vertex 3.258516e+01 -8.915238e+00 6.000000e-01
      vertex 3.297902e+01 -8.074630e+00 1.978710e-01
      vertex 3.216578e+01 -7.853398e+00 1.978710e-01
    endloop
  endfacet
  facet normal 1.056585e-01 3.884043e-01 9.154116e-01
    outer loop
      vertex 3.121181e+01 -8.541650e+00 6.000000e-01
      vertex 3.135254e+01 -7.632169e+00 1.978710e-01
      vertex 3.053929e+01 -7.410949e+00 1.978710e-01
    endloop
  endfacet
  facet normal 1.056550e-01 3.884048e-01 9.154118e-01
    outer loop
      vertex 2.983847e+01 -8.168059e+00 6.000000e-01
      vertex 3.053929e+01 -7.410949e+00 1.978710e-01
      vertex 2.972604e+01 -7.189719e+00 1.978710e-01
    endloop
  endfacet
  facet normal 1.056559e-01 3.884047e-01 9.154117e-01
    outer loop
      vertex 3.121181e+01 -8.541650e+00 6.000000e-01
      vertex 3.216578e+01 -7.853398e+00 1.978710e-01
      vertex 3.135254e+01 -7.632169e+00 1.978710e-01
    endloop
  endfacet
  facet normal 1.056552e-01 3.884056e-01 9.154114e-01
    outer loop
      vertex 3.379227e+01 -8.295850e+00 1.978710e-01
      vertex 3.297902e+01 -8.074630e+00 1.978710e-01
      vertex 3.258516e+01 -8.915238e+00 6.000000e-01
    endloop
  endfacet
  facet normal 1.056563e-01 3.884039e-01 9.154120e-01
    outer loop
      vertex 3.379227e+01 -8.295850e+00 1.978710e-01
      vertex 3.258516e+01 -8.915238e+00 6.000000e-01
      vertex 3.395851e+01 -9.288829e+00 6.000000e-01
    endloop
  endfacet
  facet normal 1.056574e-01 3.884057e-01 9.154111e-01
    outer loop
      vertex 3.395851e+01 -9.288829e+00 6.000000e-01
      vertex 3.533185e+01 -9.662419e+00 6.000000e-01
      vertex 3.460551e+01 -8.517079e+00 1.978710e-01
    endloop
  endfacet
  facet normal 1.056568e-01 3.884037e-01 9.154120e-01
    outer loop
      vertex 3.121181e+01 -8.541650e+00 6.000000e-01
      vertex 3.258516e+01 -8.915238e+00 6.000000e-01
      vertex 3.216578e+01 -7.853398e+00 1.978710e-01
    endloop
  endfacet
  facet normal 1.056567e-01 3.884034e-01 9.154122e-01
    outer loop
      vertex 2.983847e+01 -8.168059e+00 6.000000e-01
      vertex 3.121181e+01 -8.541650e+00 6.000000e-01
      vertex 3.053929e+01 -7.410949e+00 1.978710e-01
    endloop
  endfacet
  facet normal 1.056548e-01 3.884041e-01 9.154121e-01
    outer loop
      vertex 2.846512e+01 -7.794478e+00 6.000000e-01
      vertex 2.891280e+01 -6.968490e+00 1.978710e-01
      vertex 2.809955e+01 -6.747270e+00 1.978710e-01
    endloop
  endfacet
  facet normal 1.056571e-01 3.884047e-01 9.154116e-01
    outer loop
      vertex 2.709178e+01 -7.420890e+00 6.000000e-01
      vertex 2.846512e+01 -7.794478e+00 6.000000e-01
      vertex 2.809955e+01 -6.747270e+00 1.978710e-01
    endloop
  endfacet
  facet normal 1.056586e-01 3.884028e-01 9.154122e-01
    outer loop
      vertex 2.709178e+01 -7.420890e+00 6.000000e-01
      vertex 2.809955e+01 -6.747270e+00 1.978710e-01
      vertex 2.728631e+01 -6.526038e+00 1.978710e-01
    endloop
  endfacet
  facet normal 1.056571e-01 3.884050e-01 9.154115e-01
    outer loop
      vertex 2.846512e+01 -7.794478e+00 6.000000e-01
      vertex 2.983847e+01 -8.168059e+00 6.000000e-01
      vertex 2.972604e+01 -7.189719e+00 1.978710e-01
    endloop
  endfacet
  facet normal 1.056589e-01 3.884021e-01 9.154125e-01
    outer loop
      vertex 2.846512e+01 -7.794478e+00 6.000000e-01
      vertex 2.972604e+01 -7.189719e+00 1.978710e-01
      vertex 2.891280e+01 -6.968490e+00 1.978710e-01
    endloop
  endfacet
  facet normal 1.056574e-01 3.884060e-01 9.154110e-01
    outer loop
      vertex 3.670520e+01 -1.003601e+01 6.000000e-01
      vertex 3.623200e+01 -8.959529e+00 1.978710e-01
      vertex 3.533185e+01 -9.662419e+00 6.000000e-01
    endloop
  endfacet
  facet normal 0.000000e+00 0.000000e+00 1.000000e+00
    outer loop
      vertex 2.946589e+01 -2.022253e+01 6.000000e-01
      vertex 2.758640e+01 -2.096067e+01 6.000000e-01
      vertex 2.717835e+01 -2.283768e+01 6.000000e-01
    endloop
  endfacet
  facet normal 0.000000e+00 0.000000e+00 1.000000e+00
    outer loop
      vertex 3.363292e+01 -1.686924e+01 6.000000e-01
      vertex 3.322487e+01 -1.874624e+01 6.000000e-01
      vertex 3.510437e+01 -1.800811e+01 6.000000e-01
    endloop
  endfacet
  facet normal 0.000000e+00 0.000000e+00 1.000000e+00
    outer loop
      vertex 3.363292e+01 -1.686924e+01 6.000000e-01
      vertex 3.510437e+01 -1.800811e+01 6.000000e-01
      vertex 3.551241e+01 -1.613109e+01 6.000000e-01
    endloop
  endfacet
  facet normal 0.000000e+00 0.000000e+00 1.000000e+00
    outer loop
      vertex 2.799444e+01 -1.908366e+01 6.000000e-01
      vertex 2.758640e+01 -2.096067e+01 6.000000e-01
      vertex 2.946589e+01 -2.022253e+01 6.000000e-01
    endloop
  endfacet
  facet normal 0.000000e+00 0.000000e+00 1.000000e+00
    outer loop
      vertex 2.799444e+01 -1.908366e+01 6.000000e-01
      vertex 2.946589e+01 -2.022253e+01 6.000000e-01
      vertex 2.987394e+01 -1.834552e+01 6.000000e-01
    endloop
  endfacet
  facet normal 0.000000e+00 0.000000e+00 1.000000e+00
    outer loop
      vertex 3.967943e+01 -1.277781e+01 6.000000e-01
      vertex 3.927139e+01 -1.465481e+01 6.000000e-01
      vertex 4.115088e+01 -1.391667e+01 6.000000e-01
    endloop
  endfacet
  facet normal 0.000000e+00 0.000000e+00 1.000000e+00
    outer loop
      vertex 3.967943e+01 -1.277781e+01 6.000000e-01
      vertex 4.115088e+01 -1.391667e+01 6.000000e-01
      vertex 4.155893e+01 -1.203966e+01 6.000000e-01
    endloop
  endfacet
  facet normal 0.000000e+00 0.000000e+00 1.000000e+00
    outer loop
      vertex 3.779995e+01 -1.351594e+01 6.000000e-01
      vertex 3.739190e+01 -1.539296e+01 6.000000e-01
      vertex 3.927139e+01 -1.465481e+01 6.000000e-01
    endloop
  endfacet
  facet normal 0.000000e+00 0.000000e+00 1.000000e+00
    outer loop
      vertex 3.779995e+01 -1.351594e+01 6.000000e-01
      vertex 3.927139e+01 -1.465481e+01 6.000000e-01
      vertex 3.967943e+01 -1.277781e+01 6.000000e-01
    endloop
  endfacet
  facet normal 0.000000e+00 0.000000e+00 1.000000e+00
    outer loop
      vertex 3.592045e+01 -1.425409e+01 6.000000e-01
      vertex 3.551241e+01 -1.613109e+01 6.000000e-01
      vertex 3.739190e+01 -1.539296e+01 6.000000e-01
    endloop
  endfacet
  facet normal 0.000000e+00 0.000000e+00 1.000000e+00
    outer loop
      vertex 3.592045e+01 -1.425409e+01 6.000000e-01
      vertex 3.739190e+01 -1.539296e+01 6.000000e-01
      vertex 3.779995e+01 -1.351594e+01 6.000000e-01
    endloop
  endfacet
  facet normal 0.000000e+00 0.000000e+00 1.000000e+00
    outer loop
      vertex 3.404096e+01 -1.499223e+01 6.000000e-01
      vertex 3.363292e+01 -1.686924e+01 6.000000e-01
      vertex 3.551241e+01 -1.613109e+01 6.000000e-01
    endloop
  endfacet
  facet normal 0.000000e+00 0.000000e+00 1.000000e+00
    outer loop
      vertex 3.404096e+01 -1.499223e+01 6.000000e-01
      vertex 3.551241e+01 -1.613109e+01 6.000000e-01
      vertex 3.592045e+01 -1.425409e+01 6.000000e-01
    endloop
  endfacet
  facet normal 0.000000e+00 0.000000e+00 1.000000e+00
    outer loop
      vertex 2.840249e+01 -1.720665e+01 6.000000e-01
      vertex 2.799444e+01 -1.908366e+01 6.000000e-01
      vertex 2.987394e+01 -1.834552e+01 6.000000e-01
    endloop
  endfacet
  facet normal 0.000000e+00 0.000000e+00 1.000000e+00
    outer loop
      vertex 2.840249e+01 -1.720665e+01 6.000000e-01
      vertex 2.987394e+01 -1.834552e+01 6.000000e-01
      vertex 3.028198e+01 -1.646851e+01 6.000000e-01
    endloop
  endfacet
  facet normal 0.000000e+00 0.000000e+00 1.000000e+00
    outer loop
      vertex 3.632850e+01 -1.237708e+01 6.000000e-01
      vertex 3.592045e+01 -1.425409e+01 6.000000e-01
      vertex 3.779995e+01 -1.351594e+01 6.000000e-01
    endloop
  endfacet
  facet normal 0.000000e+00 0.000000e+00 1.000000e+00
    outer loop
      vertex 3.632850e+01 -1.237708e+01 6.000000e-01
      vertex 3.779995e+01 -1.351594e+01 6.000000e-01
      vertex 3.820799e+01 -1.163894e+01 6.000000e-01
    endloop
  endfacet
  facet normal 0.000000e+00 0.000000e+00 1.000000e+00
    outer loop
      vertex 3.444901e+01 -1.311522e+01 6.000000e-01
      vertex 3.404096e+01 -1.499223e+01 6.000000e-01
      vertex 3.592045e+01 -1.425409e+01 6.000000e-01
    endloop
  endfacet
  facet normal 0.000000e+00 0.000000e+00 1.000000e+00
    outer loop
      vertex 3.444901e+01 -1.311522e+01 6.000000e-01
      vertex 3.592045e+01 -1.425409e+01 6.000000e-01
      vertex 3.632850e+01 -1.237708e+01 6.000000e-01
    endloop
  endfacet
  facet normal 0.000000e+00 0.000000e+00 1.000000e+00
    outer loop
      vertex 2.881054e+01 -1.532965e+01 6.000000e-01
      vertex 2.840249e+01 -1.720665e+01 6.000000e-01
      vertex 3.028198e+01 -1.646851e+01 6.000000e-01
    endloop
  endfacet
  facet normal 0.000000e+00 0.000000e+00 1.000000e+00
    outer loop
      vertex 2.881054e+01 -1.532965e+01 6.000000e-01
      vertex 3.028198e+01 -1.646851e+01 6.000000e-01
      vertex 3.069002e+01 -1.459150e+01 6.000000e-01
    endloop
  endfacet
  facet normal 0.000000e+00 0.000000e+00 1.000000e+00
    outer loop
      vertex 3.485705e+01 -1.123821e+01 6.000000e-01
      vertex 3.444901e+01 -1.311522e+01 6.000000e-01
      vertex 3.632850e+01 -1.237708e+01 6.000000e-01
    endloop
  endfacet
  facet normal 0.000000e+00 0.000000e+00 1.000000e+00
    outer loop
      vertex 3.485705e+01 -1.123821e+01 6.000000e-01
      vertex 3.632850e+01 -1.237708e+01 6.000000e-01
      vertex 3.673655e+01 -1.050007e+01 6.000000e-01
    endloop
  endfacet
  facet normal 0.000000e+00 0.000000e+00 1.000000e+00
    outer loop
      vertex 2.921858e+01 -1.345263e+01 6.000000e-01
      vertex 2.881054e+01 -1.532965e+01 6.000000e-01
      vertex 3.069002e+01 -1.459150e+01 6.000000e-01
    endloop
  endfacet
  facet normal 0.000000e+00 0.000000e+00 1.000000e+00
    outer loop
      vertex 2.921858e+01 -1.345263e+01 6.000000e-01
      vertex 3.069002e+01 -1.459150e+01 6.000000e-01
      vertex 3.109807e+01 -1.271450e+01 6.000000e-01
    endloop
  endfacet
  facet normal 0.000000e+00 0.000000e+00 1.000000e+00
    outer loop
      vertex 2.962662e+01 -1.157563e+01 6.000000e-01
      vertex 2.921858e+01 -1.345263e+01 6.000000e-01
      vertex 3.109807e+01 -1.271450e+01 6.000000e-01
    endloop
  endfacet
  facet normal 0.000000e+00 0.000000e+00 1.000000e+00
    outer loop
      vertex 2.962662e+01 -1.157563e+01 6.000000e-01
      vertex 3.109807e+01 -1.271450e+01 6.000000e-01
      vertex 3.150612e+01 -1.083748e+01 6.000000e-01
    endloop
  endfacet
  facet normal 0.000000e+00 0.000000e+00 1.000000e+00
    outer loop
      vertex 3.641540e+01 -1.768832e+01 6.000000e-01
      vertex 3.510437e+01 -1.800811e+01 6.000000e-01
      vertex 3.519685e+01 -1.846129e+01 6.000000e-01
    endloop
  endfacet
  facet normal 0.000000e+00 0.000000e+00 1.000000e+00
    outer loop
      vertex 3.510437e+01 -1.800811e+01 6.000000e-01
      vertex 3.641540e+01 -1.768832e+01 6.000000e-01
      vertex 3.551241e+01 -1.613109e+01 6.000000e-01
    endloop
  endfacet
  facet normal 0.000000e+00 0.000000e+00 1.000000e+00
    outer loop
      vertex 4.128961e+01 -1.459645e+01 6.000000e-01
      vertex 4.115088e+01 -1.391667e+01 6.000000e-01
      vertex 4.007106e+01 -1.536942e+01 6.000000e-01
    endloop
  endfacet
  facet normal 0.000000e+00 0.000000e+00 1.000000e+00
    outer loop
      vertex 3.739190e+01 -1.539296e+01 6.000000e-01
      vertex 3.763396e+01 -1.691536e+01 6.000000e-01
      vertex 3.885251e+01 -1.614238e+01 6.000000e-01
    endloop
  endfacet
  facet normal 0.000000e+00 0.000000e+00 1.000000e+00
    outer loop
      vertex 4.007106e+01 -1.536942e+01 6.000000e-01
      vertex 3.927139e+01 -1.465481e+01 6.000000e-01
      vertex 3.885251e+01 -1.614238e+01 6.000000e-01
    endloop
  endfacet
  facet normal 0.000000e+00 0.000000e+00 1.000000e+00
    outer loop
      vertex 3.641540e+01 -1.768832e+01 6.000000e-01
      vertex 3.763396e+01 -1.691536e+01 6.000000e-01
      vertex 3.739190e+01 -1.539296e+01 6.000000e-01
    endloop
  endfacet
  facet normal 0.000000e+00 0.000000e+00 1.000000e+00
    outer loop
      vertex 3.154119e+01 -2.078019e+01 6.000000e-01
      vertex 3.275974e+01 -2.000723e+01 6.000000e-01
      vertex 3.134538e+01 -1.948439e+01 6.000000e-01
    endloop
  endfacet
  facet normal 0.000000e+00 0.000000e+00 1.000000e+00
    outer loop
      vertex 3.397830e+01 -1.923426e+01 6.000000e-01
      vertex 3.322487e+01 -1.874624e+01 6.000000e-01
      vertex 3.275974e+01 -2.000723e+01 6.000000e-01
    endloop
  endfacet
  facet normal 0.000000e+00 0.000000e+00 1.000000e+00
    outer loop
      vertex 3.397830e+01 -1.923426e+01 6.000000e-01
      vertex 3.510437e+01 -1.800811e+01 6.000000e-01
      vertex 3.322487e+01 -1.874624e+01 6.000000e-01
    endloop
  endfacet
  facet normal 0.000000e+00 0.000000e+00 1.000000e+00
    outer loop
      vertex 3.322487e+01 -1.874624e+01 6.000000e-01
      vertex 3.363292e+01 -1.686924e+01 6.000000e-01
      vertex 3.284125e+01 -1.717684e+01 6.000000e-01
    endloop
  endfacet
  facet normal 0.000000e+00 0.000000e+00 1.000000e+00
    outer loop
      vertex 3.322487e+01 -1.874624e+01 6.000000e-01
      vertex 3.284125e+01 -1.717684e+01 6.000000e-01
      vertex 3.256009e+01 -1.847017e+01 6.000000e-01
    endloop
  endfacet
  facet normal 0.000000e+00 0.000000e+00 1.000000e+00
    outer loop
      vertex 3.256009e+01 -1.847017e+01 6.000000e-01
      vertex 3.134538e+01 -1.948439e+01 6.000000e-01
      vertex 3.322487e+01 -1.874624e+01 6.000000e-01
    endloop
  endfacet
  facet normal 0.000000e+00 0.000000e+00 1.000000e+00
    outer loop
      vertex 3.275974e+01 -2.000723e+01 6.000000e-01
      vertex 3.322487e+01 -1.874624e+01 6.000000e-01
      vertex 3.134538e+01 -1.948439e+01 6.000000e-01
    endloop
  endfacet
  facet normal 0.000000e+00 0.000000e+00 1.000000e+00
    outer loop
      vertex 3.510437e+01 -1.800811e+01 6.000000e-01
      vertex 3.397830e+01 -1.923426e+01 6.000000e-01
      vertex 3.519685e+01 -1.846129e+01 6.000000e-01
    endloop
  endfacet
  facet normal 0.000000e+00 0.000000e+00 1.000000e+00
    outer loop
      vertex 3.177836e+01 -1.830023e+01 6.000000e-01
      vertex 3.134538e+01 -1.948439e+01 6.000000e-01
      vertex 3.256009e+01 -1.847017e+01 6.000000e-01
    endloop
  endfacet
  facet normal 0.000000e+00 0.000000e+00 1.000000e+00
    outer loop
      vertex 4.115088e+01 -1.391667e+01 6.000000e-01
      vertex 4.128961e+01 -1.459645e+01 6.000000e-01
      vertex 4.250816e+01 -1.382348e+01 6.000000e-01
    endloop
  endfacet
  facet normal 0.000000e+00 0.000000e+00 1.000000e+00
    outer loop
      vertex 4.007106e+01 -1.536942e+01 6.000000e-01
      vertex 4.115088e+01 -1.391667e+01 6.000000e-01
      vertex 3.927139e+01 -1.465481e+01 6.000000e-01
    endloop
  endfacet
  facet normal 0.000000e+00 0.000000e+00 1.000000e+00
    outer loop
      vertex 4.115088e+01 -1.391667e+01 6.000000e-01
      vertex 4.250816e+01 -1.382348e+01 6.000000e-01
      vertex 4.357192e+01 -1.190396e+01 6.000000e-01
    endloop
  endfacet
  facet normal 0.000000e+00 0.000000e+00 1.000000e+00
    outer loop
      vertex 3.885251e+01 -1.614238e+01 6.000000e-01
      vertex 3.927139e+01 -1.465481e+01 6.000000e-01
      vertex 3.739190e+01 -1.539296e+01 6.000000e-01
    endloop
  endfacet
  facet normal 0.000000e+00 0.000000e+00 1.000000e+00
    outer loop
      vertex 4.115088e+01 -1.391667e+01 6.000000e-01
      vertex 4.219858e+01 -1.153037e+01 6.000000e-01
      vertex 4.155893e+01 -1.203966e+01 6.000000e-01
    endloop
  endfacet
  facet normal 0.000000e+00 0.000000e+00 1.000000e+00
    outer loop
      vertex 4.082523e+01 -1.115677e+01 6.000000e-01
      vertex 3.967943e+01 -1.277781e+01 6.000000e-01
      vertex 4.155893e+01 -1.203966e+01 6.000000e-01
    endloop
  endfacet
  facet normal 0.000000e+00 0.000000e+00 1.000000e+00
    outer loop
      vertex 4.219858e+01 -1.153037e+01 6.000000e-01
      vertex 4.115088e+01 -1.391667e+01 6.000000e-01
      vertex 4.357192e+01 -1.190396e+01 6.000000e-01
    endloop
  endfacet
  facet normal 0.000000e+00 0.000000e+00 1.000000e+00
    outer loop
      vertex 4.494526e+01 -1.227755e+01 6.000000e-01
      vertex 4.357192e+01 -1.190396e+01 6.000000e-01
      vertex 4.372671e+01 -1.305051e+01 6.000000e-01
    endloop
  endfacet
  facet normal 0.000000e+00 0.000000e+00 1.000000e+00
    outer loop
      vertex 3.739190e+01 -1.539296e+01 6.000000e-01
      vertex 3.551241e+01 -1.613109e+01 6.000000e-01
      vertex 3.641540e+01 -1.768832e+01 6.000000e-01
    endloop
  endfacet
  facet normal 0.000000e+00 0.000000e+00 1.000000e+00
    outer loop
      vertex 3.404096e+01 -1.499223e+01 6.000000e-01
      vertex 3.312241e+01 -1.588350e+01 6.000000e-01
      vertex 3.363292e+01 -1.686924e+01 6.000000e-01
    endloop
  endfacet
  facet normal 0.000000e+00 0.000000e+00 1.000000e+00
    outer loop
      vertex 3.312241e+01 -1.588350e+01 6.000000e-01
      vertex 3.284125e+01 -1.717684e+01 6.000000e-01
      vertex 3.363292e+01 -1.686924e+01 6.000000e-01
    endloop
  endfacet
  facet normal 0.000000e+00 0.000000e+00 1.000000e+00
    outer loop
      vertex 3.779995e+01 -1.351594e+01 6.000000e-01
      vertex 3.967943e+01 -1.277781e+01 6.000000e-01
      vertex 3.820799e+01 -1.163894e+01 6.000000e-01
    endloop
  endfacet
  facet normal 0.000000e+00 0.000000e+00 1.000000e+00
    outer loop
      vertex 4.250816e+01 -1.382348e+01 6.000000e-01
      vertex 4.372671e+01 -1.305051e+01 6.000000e-01
      vertex 4.357192e+01 -1.190396e+01 6.000000e-01
    endloop
  endfacet
  facet normal 0.000000e+00 0.000000e+00 1.000000e+00
    outer loop
      vertex 2.717835e+01 -2.283768e+01 6.000000e-01
      vertex 2.788553e+01 -2.309910e+01 6.000000e-01
      vertex 2.910409e+01 -2.232613e+01 6.000000e-01
    endloop
  endfacet
  facet normal 0.000000e+00 0.000000e+00 1.000000e+00
    outer loop
      vertex 2.946589e+01 -2.022253e+01 6.000000e-01
      vertex 2.717835e+01 -2.283768e+01 6.000000e-01
      vertex 2.910409e+01 -2.232613e+01 6.000000e-01
    endloop
  endfacet
  facet normal 0.000000e+00 0.000000e+00 1.000000e+00
    outer loop
      vertex 2.666698e+01 -2.387207e+01 6.000000e-01
      vertex 2.788553e+01 -2.309910e+01 6.000000e-01
      vertex 2.717835e+01 -2.283768e+01 6.000000e-01
    endloop
  endfacet
  facet normal 0.000000e+00 0.000000e+00 1.000000e+00
    outer loop
      vertex 2.946589e+01 -2.022253e+01 6.000000e-01
      vertex 3.032264e+01 -2.155317e+01 6.000000e-01
      vertex 3.134538e+01 -1.948439e+01 6.000000e-01
    endloop
  endfacet
  facet normal 0.000000e+00 0.000000e+00 1.000000e+00
    outer loop
      vertex 3.154119e+01 -2.078019e+01 6.000000e-01
      vertex 3.134538e+01 -1.948439e+01 6.000000e-01
      vertex 3.032264e+01 -2.155317e+01 6.000000e-01
    endloop
  endfacet
  facet normal 0.000000e+00 0.000000e+00 1.000000e+00
    outer loop
      vertex 3.205951e+01 -1.700689e+01 6.000000e-01
      vertex 3.134538e+01 -1.948439e+01 6.000000e-01
      vertex 3.177836e+01 -1.830023e+01 6.000000e-01
    endloop
  endfacet
  facet normal 0.000000e+00 0.000000e+00 1.000000e+00
    outer loop
      vertex 3.032264e+01 -2.155317e+01 6.000000e-01
      vertex 2.946589e+01 -2.022253e+01 6.000000e-01
      vertex 2.910409e+01 -2.232613e+01 6.000000e-01
    endloop
  endfacet
  facet normal 0.000000e+00 0.000000e+00 1.000000e+00
    outer loop
      vertex 2.529886e+01 -2.357582e+01 6.000000e-01
      vertex 2.717835e+01 -2.283768e+01 6.000000e-01
      vertex 2.758640e+01 -2.096067e+01 6.000000e-01
    endloop
  endfacet
  facet normal 0.000000e+00 0.000000e+00 1.000000e+00
    outer loop
      vertex 2.422988e+01 -2.541800e+01 6.000000e-01
      vertex 2.332521e+01 -2.474712e+01 6.000000e-01
      vertex 2.301133e+01 -2.619097e+01 6.000000e-01
    endloop
  endfacet
  facet normal 0.000000e+00 0.000000e+00 1.000000e+00
    outer loop
      vertex 2.544843e+01 -2.464503e+01 6.000000e-01
      vertex 2.529886e+01 -2.357582e+01 6.000000e-01
      vertex 2.422988e+01 -2.541800e+01 6.000000e-01
    endloop
  endfacet
  facet normal 0.000000e+00 0.000000e+00 1.000000e+00
    outer loop
      vertex 2.422988e+01 -2.541800e+01 6.000000e-01
      vertex 2.529886e+01 -2.357582e+01 6.000000e-01
      vertex 2.332521e+01 -2.474712e+01 6.000000e-01
    endloop
  endfacet
  facet normal 0.000000e+00 0.000000e+00 1.000000e+00
    outer loop
      vertex 2.717835e+01 -2.283768e+01 6.000000e-01
      vertex 2.529886e+01 -2.357582e+01 6.000000e-01
      vertex 2.666698e+01 -2.387207e+01 6.000000e-01
    endloop
  endfacet
  facet normal 0.000000e+00 0.000000e+00 1.000000e+00
    outer loop
      vertex 2.529886e+01 -2.357582e+01 6.000000e-01
      vertex 2.363909e+01 -2.330326e+01 6.000000e-01
      vertex 2.332521e+01 -2.474712e+01 6.000000e-01
    endloop
  endfacet
  facet normal 0.000000e+00 0.000000e+00 1.000000e+00
    outer loop
      vertex 2.529886e+01 -2.357582e+01 6.000000e-01
      vertex 2.615101e+01 -2.068004e+01 6.000000e-01
      vertex 2.611495e+01 -1.982180e+01 6.000000e-01
    endloop
  endfacet
  facet normal 0.000000e+00 0.000000e+00 1.000000e+00
    outer loop
      vertex 2.666698e+01 -2.387207e+01 6.000000e-01
      vertex 2.529886e+01 -2.357582e+01 6.000000e-01
      vertex 2.544843e+01 -2.464503e+01 6.000000e-01
    endloop
  endfacet
  facet normal 0.000000e+00 0.000000e+00 1.000000e+00
    outer loop
      vertex 2.693276e+01 -2.084999e+01 6.000000e-01
      vertex 2.529886e+01 -2.357582e+01 6.000000e-01
      vertex 2.758640e+01 -2.096067e+01 6.000000e-01
    endloop
  endfacet
  facet normal 0.000000e+00 0.000000e+00 1.000000e+00
    outer loop
      vertex 2.758640e+01 -2.096067e+01 6.000000e-01
      vertex 2.799444e+01 -1.908366e+01 6.000000e-01
      vertex 2.724825e+01 -1.939871e+01 6.000000e-01
    endloop
  endfacet
  facet normal 0.000000e+00 0.000000e+00 1.000000e+00
    outer loop
      vertex 2.758640e+01 -2.096067e+01 6.000000e-01
      vertex 2.724825e+01 -1.939871e+01 6.000000e-01
      vertex 2.693276e+01 -2.084999e+01 6.000000e-01
    endloop
  endfacet
  facet normal 0.000000e+00 0.000000e+00 1.000000e+00
    outer loop
      vertex 2.840249e+01 -1.720665e+01 6.000000e-01
      vertex 2.756375e+01 -1.794743e+01 6.000000e-01
      vertex 2.799444e+01 -1.908366e+01 6.000000e-01
    endloop
  endfacet
  facet normal 0.000000e+00 0.000000e+00 1.000000e+00
    outer loop
      vertex 3.216147e+01 -1.573037e+01 6.000000e-01
      vertex 3.205951e+01 -1.700689e+01 6.000000e-01
      vertex 3.234067e+01 -1.571356e+01 6.000000e-01
    endloop
  endfacet
  facet normal 0.000000e+00 0.000000e+00 1.000000e+00
    outer loop
      vertex 3.262183e+01 -1.442022e+01 6.000000e-01
      vertex 3.216147e+01 -1.573037e+01 6.000000e-01
      vertex 3.234067e+01 -1.571356e+01 6.000000e-01
    endloop
  endfacet
  facet normal 0.000000e+00 0.000000e+00 1.000000e+00
    outer loop
      vertex 3.134538e+01 -1.948439e+01 6.000000e-01
      vertex 3.216147e+01 -1.573037e+01 6.000000e-01
      vertex 2.987394e+01 -1.834552e+01 6.000000e-01
    endloop
  endfacet
  facet normal 0.000000e+00 0.000000e+00 1.000000e+00
    outer loop
      vertex 3.134538e+01 -1.948439e+01 6.000000e-01
      vertex 2.987394e+01 -1.834552e+01 6.000000e-01
      vertex 2.946589e+01 -2.022253e+01 6.000000e-01
    endloop
  endfacet
  facet normal 0.000000e+00 0.000000e+00 1.000000e+00
    outer loop
      vertex 2.756375e+01 -1.794743e+01 6.000000e-01
      vertex 2.724825e+01 -1.939871e+01 6.000000e-01
      vertex 2.799444e+01 -1.908366e+01 6.000000e-01
    endloop
  endfacet
  facet normal 0.000000e+00 0.000000e+00 1.000000e+00
    outer loop
      vertex 2.529886e+01 -2.357582e+01 6.000000e-01
      vertex 2.611495e+01 -1.982180e+01 6.000000e-01
      vertex 2.395297e+01 -2.185941e+01 6.000000e-01
    endloop
  endfacet
  facet normal 0.000000e+00 0.000000e+00 1.000000e+00
    outer loop
      vertex 2.529886e+01 -2.357582e+01 6.000000e-01
      vertex 2.395297e+01 -2.185941e+01 6.000000e-01
      vertex 2.363909e+01 -2.330326e+01 6.000000e-01
    endloop
  endfacet
  facet normal 0.000000e+00 0.000000e+00 1.000000e+00
    outer loop
      vertex 2.652300e+01 -1.794480e+01 6.000000e-01
      vertex 2.611495e+01 -1.982180e+01 6.000000e-01
      vertex 2.646651e+01 -1.922876e+01 6.000000e-01
    endloop
  endfacet
  facet normal 0.000000e+00 0.000000e+00 1.000000e+00
    outer loop
      vertex 2.652300e+01 -1.794480e+01 6.000000e-01
      vertex 2.646651e+01 -1.922876e+01 6.000000e-01
      vertex 2.678200e+01 -1.777749e+01 6.000000e-01
    endloop
  endfacet
  facet normal 0.000000e+00 0.000000e+00 1.000000e+00
    outer loop
      vertex 2.646651e+01 -1.922876e+01 6.000000e-01
      vertex 2.611495e+01 -1.982180e+01 6.000000e-01
      vertex 2.615101e+01 -2.068004e+01 6.000000e-01
    endloop
  endfacet
  facet normal 0.000000e+00 0.000000e+00 1.000000e+00
    outer loop
      vertex 2.458073e+01 -1.897171e+01 6.000000e-01
      vertex 2.426685e+01 -2.041556e+01 6.000000e-01
      vertex 2.611495e+01 -1.982180e+01 6.000000e-01
    endloop
  endfacet
  facet normal 0.000000e+00 0.000000e+00 1.000000e+00
    outer loop
      vertex 2.458073e+01 -1.897171e+01 6.000000e-01
      vertex 2.611495e+01 -1.982180e+01 6.000000e-01
      vertex 2.652300e+01 -1.794480e+01 6.000000e-01
    endloop
  endfacet
  facet normal 0.000000e+00 0.000000e+00 1.000000e+00
    outer loop
      vertex 2.395297e+01 -2.185941e+01 6.000000e-01
      vertex 2.611495e+01 -1.982180e+01 6.000000e-01
      vertex 2.426685e+01 -2.041556e+01 6.000000e-01
    endloop
  endfacet
  facet normal 0.000000e+00 0.000000e+00 1.000000e+00
    outer loop
      vertex 3.028198e+01 -1.646851e+01 6.000000e-01
      vertex 2.987394e+01 -1.834552e+01 6.000000e-01
      vertex 3.216147e+01 -1.573037e+01 6.000000e-01
    endloop
  endfacet
  facet normal 0.000000e+00 0.000000e+00 1.000000e+00
    outer loop
      vertex 2.693276e+01 -2.084999e+01 6.000000e-01
      vertex 2.615101e+01 -2.068004e+01 6.000000e-01
      vertex 2.529886e+01 -2.357582e+01 6.000000e-01
    endloop
  endfacet
  facet normal 0.000000e+00 0.000000e+00 1.000000e+00
    outer loop
      vertex 3.216147e+01 -1.573037e+01 6.000000e-01
      vertex 3.134538e+01 -1.948439e+01 6.000000e-01
      vertex 3.205951e+01 -1.700689e+01 6.000000e-01
    endloop
  endfacet
  facet normal 0.000000e+00 0.000000e+00 1.000000e+00
    outer loop
      vertex 3.404096e+01 -1.499223e+01 6.000000e-01
      vertex 3.340358e+01 -1.459016e+01 6.000000e-01
      vertex 3.312241e+01 -1.588350e+01 6.000000e-01
    endloop
  endfacet
  facet normal 0.000000e+00 0.000000e+00 1.000000e+00
    outer loop
      vertex 4.082523e+01 -1.115677e+01 6.000000e-01
      vertex 3.945189e+01 -1.078318e+01 6.000000e-01
      vertex 3.967943e+01 -1.277781e+01 6.000000e-01
    endloop
  endfacet
  facet normal 0.000000e+00 0.000000e+00 1.000000e+00
    outer loop
      vertex 3.820799e+01 -1.163894e+01 6.000000e-01
      vertex 3.967943e+01 -1.277781e+01 6.000000e-01
      vertex 3.945189e+01 -1.078318e+01 6.000000e-01
    endloop
  endfacet
  facet normal 0.000000e+00 0.000000e+00 1.000000e+00
    outer loop
      vertex 3.632850e+01 -1.237708e+01 6.000000e-01
      vertex 3.820799e+01 -1.163894e+01 6.000000e-01
      vertex 3.807854e+01 -1.040960e+01 6.000000e-01
    endloop
  endfacet
  facet normal 0.000000e+00 0.000000e+00 1.000000e+00
    outer loop
      vertex 3.340358e+01 -1.459016e+01 6.000000e-01
      vertex 3.404096e+01 -1.499223e+01 6.000000e-01
      vertex 3.444901e+01 -1.311522e+01 6.000000e-01
    endloop
  endfacet
  facet normal 0.000000e+00 0.000000e+00 1.000000e+00
    outer loop
      vertex 3.444901e+01 -1.311522e+01 6.000000e-01
      vertex 3.396589e+01 -1.200349e+01 6.000000e-01
      vertex 3.368474e+01 -1.329683e+01 6.000000e-01
    endloop
  endfacet
  facet normal 0.000000e+00 0.000000e+00 1.000000e+00
    outer loop
      vertex 3.290300e+01 -1.312688e+01 6.000000e-01
      vertex 3.256952e+01 -1.385336e+01 6.000000e-01
      vertex 3.262183e+01 -1.442022e+01 6.000000e-01
    endloop
  endfacet
  facet normal 0.000000e+00 0.000000e+00 1.000000e+00
    outer loop
      vertex 3.368474e+01 -1.329683e+01 6.000000e-01
      vertex 3.340358e+01 -1.459016e+01 6.000000e-01
      vertex 3.444901e+01 -1.311522e+01 6.000000e-01
    endloop
  endfacet
  facet normal 0.000000e+00 0.000000e+00 1.000000e+00
    outer loop
      vertex 3.216147e+01 -1.573037e+01 6.000000e-01
      vertex 3.262183e+01 -1.442022e+01 6.000000e-01
      vertex 3.256952e+01 -1.385336e+01 6.000000e-01
    endloop
  endfacet
  facet normal 0.000000e+00 0.000000e+00 1.000000e+00
    outer loop
      vertex 3.256952e+01 -1.385336e+01 6.000000e-01
      vertex 3.069002e+01 -1.459150e+01 6.000000e-01
      vertex 3.028198e+01 -1.646851e+01 6.000000e-01
    endloop
  endfacet
  facet normal 0.000000e+00 0.000000e+00 1.000000e+00
    outer loop
      vertex 3.256952e+01 -1.385336e+01 6.000000e-01
      vertex 3.028198e+01 -1.646851e+01 6.000000e-01
      vertex 3.216147e+01 -1.573037e+01 6.000000e-01
    endloop
  endfacet
  facet normal 0.000000e+00 0.000000e+00 1.000000e+00
    outer loop
      vertex 3.256952e+01 -1.385336e+01 6.000000e-01
      vertex 3.290300e+01 -1.312688e+01 6.000000e-01
      vertex 3.297756e+01 -1.197635e+01 6.000000e-01
    endloop
  endfacet
  facet normal 0.000000e+00 0.000000e+00 1.000000e+00
    outer loop
      vertex 2.840249e+01 -1.720665e+01 6.000000e-01
      vertex 2.881054e+01 -1.532965e+01 6.000000e-01
      vertex 2.787924e+01 -1.649615e+01 6.000000e-01
    endloop
  endfacet
  facet normal 0.000000e+00 0.000000e+00 1.000000e+00
    outer loop
      vertex 2.840249e+01 -1.720665e+01 6.000000e-01
      vertex 2.787924e+01 -1.649615e+01 6.000000e-01
      vertex 2.756375e+01 -1.794743e+01 6.000000e-01
    endloop
  endfacet
  facet normal 0.000000e+00 0.000000e+00 1.000000e+00
    outer loop
      vertex 3.820799e+01 -1.163894e+01 6.000000e-01
      vertex 3.945189e+01 -1.078318e+01 6.000000e-01
      vertex 3.807854e+01 -1.040960e+01 6.000000e-01
    endloop
  endfacet
  facet normal 0.000000e+00 0.000000e+00 1.000000e+00
    outer loop
      vertex 4.155893e+01 -1.203966e+01 6.000000e-01
      vertex 4.219858e+01 -1.153037e+01 6.000000e-01
      vertex 4.082523e+01 -1.115677e+01 6.000000e-01
    endloop
  endfacet
  facet normal 0.000000e+00 0.000000e+00 1.000000e+00
    outer loop
      vertex 3.670520e+01 -1.003601e+01 6.000000e-01
      vertex 3.673655e+01 -1.050007e+01 6.000000e-01
      vertex 3.807854e+01 -1.040960e+01 6.000000e-01
    endloop
  endfacet
  facet normal 0.000000e+00 0.000000e+00 1.000000e+00
    outer loop
      vertex 3.396589e+01 -1.200349e+01 6.000000e-01
      vertex 3.444901e+01 -1.311522e+01 6.000000e-01
      vertex 3.485705e+01 -1.123821e+01 6.000000e-01
    endloop
  endfacet
  facet normal 0.000000e+00 0.000000e+00 1.000000e+00
    outer loop
      vertex 3.485705e+01 -1.123821e+01 6.000000e-01
      vertex 3.670520e+01 -1.003601e+01 6.000000e-01
      vertex 3.533185e+01 -9.662419e+00 6.000000e-01
    endloop
  endfacet
  facet normal 0.000000e+00 0.000000e+00 1.000000e+00
    outer loop
      vertex 3.396589e+01 -1.200349e+01 6.000000e-01
      vertex 3.485705e+01 -1.123821e+01 6.000000e-01
      vertex 3.318416e+01 -1.183355e+01 6.000000e-01
    endloop
  endfacet
  facet normal 0.000000e+00 0.000000e+00 1.000000e+00
    outer loop
      vertex 3.485705e+01 -1.123821e+01 6.000000e-01
      vertex 3.533185e+01 -9.662419e+00 6.000000e-01
      vertex 3.318416e+01 -1.183355e+01 6.000000e-01
    endloop
  endfacet
  facet normal 0.000000e+00 0.000000e+00 1.000000e+00
    outer loop
      vertex 3.673655e+01 -1.050007e+01 6.000000e-01
      vertex 3.670520e+01 -1.003601e+01 6.000000e-01
      vertex 3.485705e+01 -1.123821e+01 6.000000e-01
    endloop
  endfacet
  facet normal 0.000000e+00 0.000000e+00 1.000000e+00
    outer loop
      vertex 3.395851e+01 -9.288829e+00 6.000000e-01
      vertex 3.318416e+01 -1.183355e+01 6.000000e-01
      vertex 3.533185e+01 -9.662419e+00 6.000000e-01
    endloop
  endfacet
  facet normal 0.000000e+00 0.000000e+00 1.000000e+00
    outer loop
      vertex 3.297756e+01 -1.197635e+01 6.000000e-01
      vertex 3.109807e+01 -1.271450e+01 6.000000e-01
      vertex 3.069002e+01 -1.459150e+01 6.000000e-01
    endloop
  endfacet
  facet normal 0.000000e+00 0.000000e+00 1.000000e+00
    outer loop
      vertex 3.297756e+01 -1.197635e+01 6.000000e-01
      vertex 3.069002e+01 -1.459150e+01 6.000000e-01
      vertex 3.256952e+01 -1.385336e+01 6.000000e-01
    endloop
  endfacet
  facet normal 0.000000e+00 0.000000e+00 1.000000e+00
    outer loop
      vertex 3.318416e+01 -1.183355e+01 6.000000e-01
      vertex 3.297756e+01 -1.197635e+01 6.000000e-01
      vertex 3.290300e+01 -1.312688e+01 6.000000e-01
    endloop
  endfacet
  facet normal 0.000000e+00 0.000000e+00 1.000000e+00
    outer loop
      vertex 3.150612e+01 -1.083748e+01 6.000000e-01
      vertex 3.109807e+01 -1.271450e+01 6.000000e-01
      vertex 3.297756e+01 -1.197635e+01 6.000000e-01
    endloop
  endfacet
  facet normal 0.000000e+00 0.000000e+00 1.000000e+00
    outer loop
      vertex 3.395851e+01 -9.288829e+00 6.000000e-01
      vertex 3.150612e+01 -1.083748e+01 6.000000e-01
      vertex 3.297756e+01 -1.197635e+01 6.000000e-01
    endloop
  endfacet
  facet normal 0.000000e+00 0.000000e+00 1.000000e+00
    outer loop
      vertex 3.258516e+01 -8.915238e+00 6.000000e-01
      vertex 3.150612e+01 -1.083748e+01 6.000000e-01
      vertex 3.395851e+01 -9.288829e+00 6.000000e-01
    endloop
  endfacet
  facet normal 0.000000e+00 0.000000e+00 1.000000e+00
    outer loop
      vertex 3.258516e+01 -8.915238e+00 6.000000e-01
      vertex 3.121181e+01 -8.541650e+00 6.000000e-01
      vertex 3.150612e+01 -1.083748e+01 6.000000e-01
    endloop
  endfacet
  facet normal 0.000000e+00 0.000000e+00 1.000000e+00
    outer loop
      vertex 3.318416e+01 -1.183355e+01 6.000000e-01
      vertex 3.395851e+01 -9.288829e+00 6.000000e-01
      vertex 3.297756e+01 -1.197635e+01 6.000000e-01
    endloop
  endfacet
  facet normal 0.000000e+00 0.000000e+00 1.000000e+00
    outer loop
      vertex 3.807854e+01 -1.040960e+01 6.000000e-01
      vertex 3.673655e+01 -1.050007e+01 6.000000e-01
      vertex 3.632850e+01 -1.237708e+01 6.000000e-01
    endloop
  endfacet
  facet normal 0.000000e+00 0.000000e+00 1.000000e+00
    outer loop
      vertex 3.121181e+01 -8.541650e+00 6.000000e-01
      vertex 2.962662e+01 -1.157563e+01 6.000000e-01
      vertex 3.150612e+01 -1.083748e+01 6.000000e-01
    endloop
  endfacet
  facet normal 0.000000e+00 0.000000e+00 1.000000e+00
    outer loop
      vertex 2.678200e+01 -1.777749e+01 6.000000e-01
      vertex 2.709750e+01 -1.632621e+01 6.000000e-01
      vertex 2.693104e+01 -1.606778e+01 6.000000e-01
    endloop
  endfacet
  facet normal 0.000000e+00 0.000000e+00 1.000000e+00
    outer loop
      vertex 2.678200e+01 -1.777749e+01 6.000000e-01
      vertex 2.693104e+01 -1.606778e+01 6.000000e-01
      vertex 2.652300e+01 -1.794480e+01 6.000000e-01
    endloop
  endfacet
  facet normal 0.000000e+00 0.000000e+00 1.000000e+00
    outer loop
      vertex 2.851023e+01 -1.359360e+01 6.000000e-01
      vertex 2.819473e+01 -1.504488e+01 6.000000e-01
      vertex 2.881054e+01 -1.532965e+01 6.000000e-01
    endloop
  endfacet
  facet normal 0.000000e+00 0.000000e+00 1.000000e+00
    outer loop
      vertex 2.851023e+01 -1.359360e+01 6.000000e-01
      vertex 2.881054e+01 -1.532965e+01 6.000000e-01
      vertex 2.921858e+01 -1.345263e+01 6.000000e-01
    endloop
  endfacet
  facet normal 0.000000e+00 0.000000e+00 1.000000e+00
    outer loop
      vertex 2.881054e+01 -1.532965e+01 6.000000e-01
      vertex 2.819473e+01 -1.504488e+01 6.000000e-01
      vertex 2.787924e+01 -1.649615e+01 6.000000e-01
    endloop
  endfacet
  facet normal 0.000000e+00 0.000000e+00 1.000000e+00
    outer loop
      vertex 2.693104e+01 -1.606778e+01 6.000000e-01
      vertex 2.709750e+01 -1.632621e+01 6.000000e-01
      vertex 2.741300e+01 -1.487494e+01 6.000000e-01
    endloop
  endfacet
  facet normal 0.000000e+00 0.000000e+00 1.000000e+00
    outer loop
      vertex 2.652300e+01 -1.794480e+01 6.000000e-01
      vertex 2.693104e+01 -1.606778e+01 6.000000e-01
      vertex 2.489461e+01 -1.752785e+01 6.000000e-01
    endloop
  endfacet
  facet normal 0.000000e+00 0.000000e+00 1.000000e+00
    outer loop
      vertex 2.652300e+01 -1.794480e+01 6.000000e-01
      vertex 2.489461e+01 -1.752785e+01 6.000000e-01
      vertex 2.458073e+01 -1.897171e+01 6.000000e-01
    endloop
  endfacet
  facet normal 0.000000e+00 0.000000e+00 1.000000e+00
    outer loop
      vertex 2.520849e+01 -1.608400e+01 6.000000e-01
      vertex 2.489461e+01 -1.752785e+01 6.000000e-01
      vertex 2.693104e+01 -1.606778e+01 6.000000e-01
    endloop
  endfacet
  facet normal 0.000000e+00 0.000000e+00 1.000000e+00
    outer loop
      vertex 2.774714e+01 -1.231377e+01 6.000000e-01
      vertex 2.733909e+01 -1.419078e+01 6.000000e-01
      vertex 2.772849e+01 -1.342366e+01 6.000000e-01
    endloop
  endfacet
  facet normal 0.000000e+00 0.000000e+00 1.000000e+00
    outer loop
      vertex 2.774714e+01 -1.231377e+01 6.000000e-01
      vertex 2.772849e+01 -1.342366e+01 6.000000e-01
      vertex 2.804399e+01 -1.197238e+01 6.000000e-01
    endloop
  endfacet
  facet normal 0.000000e+00 0.000000e+00 1.000000e+00
    outer loop
      vertex 2.693104e+01 -1.606778e+01 6.000000e-01
      vertex 2.733909e+01 -1.419078e+01 6.000000e-01
      vertex 2.552238e+01 -1.464015e+01 6.000000e-01
    endloop
  endfacet
  facet normal 0.000000e+00 0.000000e+00 1.000000e+00
    outer loop
      vertex 2.693104e+01 -1.606778e+01 6.000000e-01
      vertex 2.552238e+01 -1.464015e+01 6.000000e-01
      vertex 2.520849e+01 -1.608400e+01 6.000000e-01
    endloop
  endfacet
  facet normal 0.000000e+00 0.000000e+00 1.000000e+00
    outer loop
      vertex 2.733909e+01 -1.419078e+01 6.000000e-01
      vertex 2.774714e+01 -1.231377e+01 6.000000e-01
      vertex 2.583626e+01 -1.319629e+01 6.000000e-01
    endloop
  endfacet
  facet normal 0.000000e+00 0.000000e+00 1.000000e+00
    outer loop
      vertex 2.733909e+01 -1.419078e+01 6.000000e-01
      vertex 2.583626e+01 -1.319629e+01 6.000000e-01
      vertex 2.552238e+01 -1.464015e+01 6.000000e-01
    endloop
  endfacet
  facet normal 0.000000e+00 0.000000e+00 1.000000e+00
    outer loop
      vertex 2.733909e+01 -1.419078e+01 6.000000e-01
      vertex 2.693104e+01 -1.606778e+01 6.000000e-01
      vertex 2.741300e+01 -1.487494e+01 6.000000e-01
    endloop
  endfacet
  facet normal 0.000000e+00 0.000000e+00 1.000000e+00
    outer loop
      vertex 2.772849e+01 -1.342366e+01 6.000000e-01
      vertex 2.733909e+01 -1.419078e+01 6.000000e-01
      vertex 2.741300e+01 -1.487494e+01 6.000000e-01
    endloop
  endfacet
  facet normal 0.000000e+00 0.000000e+00 1.000000e+00
    outer loop
      vertex 2.882573e+01 -1.214232e+01 6.000000e-01
      vertex 2.851023e+01 -1.359360e+01 6.000000e-01
      vertex 2.921858e+01 -1.345263e+01 6.000000e-01
    endloop
  endfacet
  facet normal 0.000000e+00 0.000000e+00 1.000000e+00
    outer loop
      vertex 2.882573e+01 -1.214232e+01 6.000000e-01
      vertex 2.921858e+01 -1.345263e+01 6.000000e-01
      vertex 2.962662e+01 -1.157563e+01 6.000000e-01
    endloop
  endfacet
  facet normal 0.000000e+00 0.000000e+00 1.000000e+00
    outer loop
      vertex 2.962662e+01 -1.157563e+01 6.000000e-01
      vertex 2.914122e+01 -1.069104e+01 6.000000e-01
      vertex 2.882573e+01 -1.214232e+01 6.000000e-01
    endloop
  endfacet
  facet normal 0.000000e+00 0.000000e+00 1.000000e+00
    outer loop
      vertex 2.835948e+01 -1.052110e+01 6.000000e-01
      vertex 2.914122e+01 -1.069104e+01 6.000000e-01
      vertex 2.983847e+01 -8.168059e+00 6.000000e-01
    endloop
  endfacet
  facet normal 0.000000e+00 0.000000e+00 1.000000e+00
    outer loop
      vertex 3.121181e+01 -8.541650e+00 6.000000e-01
      vertex 2.914122e+01 -1.069104e+01 6.000000e-01
      vertex 2.962662e+01 -1.157563e+01 6.000000e-01
    endloop
  endfacet
  facet normal 0.000000e+00 0.000000e+00 1.000000e+00
    outer loop
      vertex 2.815518e+01 -1.043676e+01 6.000000e-01
      vertex 2.774714e+01 -1.231377e+01 6.000000e-01
      vertex 2.804399e+01 -1.197238e+01 6.000000e-01
    endloop
  endfacet
  facet normal 0.000000e+00 0.000000e+00 1.000000e+00
    outer loop
      vertex 2.815518e+01 -1.043676e+01 6.000000e-01
      vertex 2.804399e+01 -1.197238e+01 6.000000e-01
      vertex 2.835948e+01 -1.052110e+01 6.000000e-01
    endloop
  endfacet
  facet normal 0.000000e+00 0.000000e+00 1.000000e+00
    outer loop
      vertex 2.835948e+01 -1.052110e+01 6.000000e-01
      vertex 2.983847e+01 -8.168059e+00 6.000000e-01
      vertex 2.815518e+01 -1.043676e+01 6.000000e-01
    endloop
  endfacet
  facet normal 0.000000e+00 0.000000e+00 1.000000e+00
    outer loop
      vertex 2.914122e+01 -1.069104e+01 6.000000e-01
      vertex 3.121181e+01 -8.541650e+00 6.000000e-01
      vertex 2.983847e+01 -8.168059e+00 6.000000e-01
    endloop
  endfacet
  facet normal 0.000000e+00 0.000000e+00 1.000000e+00
    outer loop
      vertex 2.615014e+01 -1.175245e+01 6.000000e-01
      vertex 2.583626e+01 -1.319629e+01 6.000000e-01
      vertex 2.774714e+01 -1.231377e+01 6.000000e-01
    endloop
  endfacet
  facet normal 0.000000e+00 0.000000e+00 1.000000e+00
    outer loop
      vertex 2.615014e+01 -1.175245e+01 6.000000e-01
      vertex 2.774714e+01 -1.231377e+01 6.000000e-01
      vertex 2.815518e+01 -1.043676e+01 6.000000e-01
    endloop
  endfacet
  facet normal 0.000000e+00 0.000000e+00 1.000000e+00
    outer loop
      vertex 2.646402e+01 -1.030859e+01 6.000000e-01
      vertex 2.615014e+01 -1.175245e+01 6.000000e-01
      vertex 2.815518e+01 -1.043676e+01 6.000000e-01
    endloop
  endfacet
  facet normal 0.000000e+00 0.000000e+00 1.000000e+00
    outer loop
      vertex 2.677790e+01 -8.864730e+00 6.000000e-01
      vertex 2.646402e+01 -1.030859e+01 6.000000e-01
      vertex 2.846512e+01 -7.794478e+00 6.000000e-01
    endloop
  endfacet
  facet normal 0.000000e+00 0.000000e+00 1.000000e+00
    outer loop
      vertex 2.815518e+01 -1.043676e+01 6.000000e-01
      vertex 2.846512e+01 -7.794478e+00 6.000000e-01
      vertex 2.646402e+01 -1.030859e+01 6.000000e-01
    endloop
  endfacet
  facet normal 0.000000e+00 0.000000e+00 1.000000e+00
    outer loop
      vertex 2.846512e+01 -7.794478e+00 6.000000e-01
      vertex 2.709178e+01 -7.420890e+00 6.000000e-01
      vertex 2.677790e+01 -8.864730e+00 6.000000e-01
    endloop
  endfacet
  facet normal 0.000000e+00 0.000000e+00 1.000000e+00
    outer loop
      vertex 2.846512e+01 -7.794478e+00 6.000000e-01
      vertex 2.815518e+01 -1.043676e+01 6.000000e-01
      vertex 2.983847e+01 -8.168059e+00 6.000000e-01
    endloop
  endfacet
  facet normal 9.771766e-01 -2.124287e-01 0.000000e+00
    outer loop
      vertex 3.396589e+01 -1.200349e+01 2.100000e+00
      vertex 3.368474e+01 -1.329683e+01 6.000000e-01
      vertex 3.396589e+01 -1.200349e+01 6.000000e-01
    endloop
  endfacet
  facet normal 9.771766e-01 -2.124287e-01 0.000000e+00
    outer loop
      vertex 3.396589e+01 -1.200349e+01 2.100000e+00
      vertex 3.340358e+01 -1.459016e+01 6.000000e-01
      vertex 3.368474e+01 -1.329683e+01 6.000000e-01
    endloop
  endfacet
  facet normal 9.771766e-01 -2.124287e-01 0.000000e+00
    outer loop
      vertex 3.256009e+01 -1.847017e+01 2.100000e+00
      vertex 3.284125e+01 -1.717684e+01 6.000000e-01
      vertex 3.312241e+01 -1.588350e+01 6.000000e-01
    endloop
  endfacet
  facet normal 9.771766e-01 -2.124287e-01 0.000000e+00
    outer loop
      vertex 3.256009e+01 -1.847017e+01 2.100000e+00
      vertex 3.256009e+01 -1.847017e+01 6.000000e-01
      vertex 3.284125e+01 -1.717684e+01 6.000000e-01
    endloop
  endfacet
  facet normal 9.771757e-01 -2.124330e-01 -7.779363e-06
    outer loop
      vertex 3.312241e+01 -1.588350e+01 6.000000e-01
      vertex 3.340358e+01 -1.459016e+01 6.000000e-01
      vertex 3.256009e+01 -1.847017e+01 2.100000e+00
    endloop
  endfacet
  facet normal 9.771767e-01 -2.124282e-01 0.000000e+00
    outer loop
      vertex 3.349730e+01 -1.415905e+01 3.600000e+00
      vertex 3.396589e+01 -1.200349e+01 2.100000e+00
      vertex 3.396589e+01 -1.200349e+01 3.600000e+00
    endloop
  endfacet
  facet normal 9.771764e-01 -2.124296e-01 -2.016883e-06
    outer loop
      vertex 3.256009e+01 -1.847017e+01 2.100000e+00
      vertex 3.396589e+01 -1.200349e+01 2.100000e+00
      vertex 3.349730e+01 -1.415905e+01 3.600000e+00
    endloop
  endfacet
  facet normal 9.771758e-01 -2.124322e-01 6.050659e-06
    outer loop
      vertex 3.256009e+01 -1.847017e+01 2.100000e+00
      vertex 3.349730e+01 -1.415905e+01 3.600000e+00
      vertex 3.302869e+01 -1.631461e+01 3.600000e+00
    endloop
  endfacet
  facet normal 9.771767e-01 -2.124282e-01 0.000000e+00
    outer loop
      vertex 3.256009e+01 -1.847017e+01 3.600000e+00
      vertex 3.256009e+01 -1.847017e+01 2.100000e+00
      vertex 3.302869e+01 -1.631461e+01 3.600000e+00
    endloop
  endfacet
  facet normal 9.771764e-01 -2.124296e-01 1.555882e-06
    outer loop
      vertex 3.340358e+01 -1.459016e+01 6.000000e-01
      vertex 3.396589e+01 -1.200349e+01 2.100000e+00
      vertex 3.256009e+01 -1.847017e+01 2.100000e+00
    endloop
  endfacet
  facet normal 2.124316e-01 9.771760e-01 0.000000e+00
    outer loop
      vertex 3.396589e+01 -1.200349e+01 2.100000e+00
      vertex 3.396589e+01 -1.200349e+01 6.000000e-01
      vertex 3.318416e+01 -1.183355e+01 6.000000e-01
    endloop
  endfacet
  facet normal 2.124316e-01 9.771760e-01 0.000000e+00
    outer loop
      vertex 3.396589e+01 -1.200349e+01 2.100000e+00
      vertex 3.318416e+01 -1.183355e+01 6.000000e-01
      vertex 3.318416e+01 -1.183355e+01 2.100000e+00
    endloop
  endfacet
  facet normal 2.124316e-01 9.771760e-01 0.000000e+00
    outer loop
      vertex 3.396589e+01 -1.200349e+01 3.600000e+00
      vertex 3.396589e+01 -1.200349e+01 2.100000e+00
      vertex 3.318416e+01 -1.183355e+01 2.100000e+00
    endloop
  endfacet
  facet normal 2.124316e-01 9.771760e-01 0.000000e+00
    outer loop
      vertex 3.396589e+01 -1.200349e+01 3.600000e+00
      vertex 3.318416e+01 -1.183355e+01 2.100000e+00
      vertex 3.318416e+01 -1.183355e+01 3.600000e+00
    endloop
  endfacet
  facet normal -9.771766e-01 2.124287e-01 0.000000e+00
    outer loop
      vertex 3.177836e+01 -1.830023e+01 2.100000e+00
      vertex 3.205951e+01 -1.700689e+01 6.000000e-01
      vertex 3.177836e+01 -1.830023e+01 6.000000e-01
    endloop
  endfacet
  facet normal -9.771766e-01 2.124287e-01 0.000000e+00
    outer loop
      vertex 3.177836e+01 -1.830023e+01 2.100000e+00
      vertex 3.234067e+01 -1.571356e+01 6.000000e-01
      vertex 3.205951e+01 -1.700689e+01 6.000000e-01
    endloop
  endfacet
  facet normal -9.771757e-01 2.124330e-01 -3.889681e-06
    outer loop
      vertex 3.318416e+01 -1.183355e+01 2.100000e+00
      vertex 3.290300e+01 -1.312688e+01 6.000000e-01
      vertex 3.262183e+01 -1.442022e+01 6.000000e-01
    endloop
  endfacet
  facet normal -9.771766e-01 2.124287e-01 0.000000e+00
    outer loop
      vertex 3.318416e+01 -1.183355e+01 2.100000e+00
      vertex 3.318416e+01 -1.183355e+01 6.000000e-01
      vertex 3.290300e+01 -1.312688e+01 6.000000e-01
    endloop
  endfacet
  facet normal -9.771766e-01 2.124287e-01 0.000000e+00
    outer loop
      vertex 3.262183e+01 -1.442022e+01 6.000000e-01
      vertex 3.234067e+01 -1.571356e+01 6.000000e-01
      vertex 3.177836e+01 -1.830023e+01 2.100000e+00
    endloop
  endfacet
  facet normal -9.771767e-01 2.124282e-01 0.000000e+00
    outer loop
      vertex 3.224695e+01 -1.614466e+01 3.600000e+00
      vertex 3.177836e+01 -1.830023e+01 2.100000e+00
      vertex 3.177836e+01 -1.830023e+01 3.600000e+00
    endloop
  endfacet
  facet normal -9.771764e-01 2.124296e-01 -2.016883e-06
    outer loop
      vertex 3.318416e+01 -1.183355e+01 2.100000e+00
      vertex 3.177836e+01 -1.830023e+01 2.100000e+00
      vertex 3.224695e+01 -1.614466e+01 3.600000e+00
    endloop
  endfacet
  facet normal -9.771760e-01 2.124315e-01 0.000000e+00
    outer loop
      vertex 3.318416e+01 -1.183355e+01 3.600000e+00
      vertex 3.318416e+01 -1.183355e+01 2.100000e+00
      vertex 3.271555e+01 -1.398911e+01 3.600000e+00
    endloop
  endfacet
  facet normal -9.771765e-01 2.124289e-01 -3.889706e-06
    outer loop
      vertex 3.224695e+01 -1.614466e+01 3.600000e+00
      vertex 3.271555e+01 -1.398911e+01 3.600000e+00
      vertex 3.318416e+01 -1.183355e+01 2.100000e+00
    endloop
  endfacet
  facet normal -9.771764e-01 2.124296e-01 2.333822e-06
    outer loop
      vertex 3.262183e+01 -1.442022e+01 6.000000e-01
      vertex 3.177836e+01 -1.830023e+01 2.100000e+00
      vertex 3.318416e+01 -1.183355e+01 2.100000e+00
    endloop
  endfacet
  facet normal -2.124316e-01 -9.771760e-01 -0.000000e+00
    outer loop
      vertex 3.177836e+01 -1.830023e+01 2.100000e+00
      vertex 3.177836e+01 -1.830023e+01 6.000000e-01
      vertex 3.256009e+01 -1.847017e+01 6.000000e-01
    endloop
  endfacet
  facet normal -2.124316e-01 -9.771760e-01 0.000000e+00
    outer loop
      vertex 3.177836e+01 -1.830023e+01 2.100000e+00
      vertex 3.256009e+01 -1.847017e+01 6.000000e-01
      vertex 3.256009e+01 -1.847017e+01 2.100000e+00
    endloop
  endfacet
  facet normal -2.124316e-01 -9.771760e-01 -0.000000e+00
    outer loop
      vertex 3.177836e+01 -1.830023e+01 3.600000e+00
      vertex 3.177836e+01 -1.830023e+01 2.100000e+00
      vertex 3.256009e+01 -1.847017e+01 2.100000e+00
    endloop
  endfacet
  facet normal -2.124316e-01 -9.771760e-01 0.000000e+00
    outer loop
      vertex 3.177836e+01 -1.830023e+01 3.600000e+00
      vertex 3.256009e+01 -1.847017e+01 2.100000e+00
      vertex 3.256009e+01 -1.847017e+01 3.600000e+00
    endloop
  endfacet
  facet normal 0.000000e+00 0.000000e+00 1.000000e+00
    outer loop
      vertex 3.349730e+01 -1.415905e+01 3.600000e+00
      vertex 3.396589e+01 -1.200349e+01 3.600000e+00
      vertex 3.318416e+01 -1.183355e+01 3.600000e+00
    endloop
  endfacet
  facet normal 0.000000e+00 0.000000e+00 1.000000e+00
    outer loop
      vertex 3.349730e+01 -1.415905e+01 3.600000e+00
      vertex 3.318416e+01 -1.183355e+01 3.600000e+00
      vertex 3.271555e+01 -1.398911e+01 3.600000e+00
    endloop
  endfacet
  facet normal 0.000000e+00 0.000000e+00 1.000000e+00
    outer loop
      vertex 3.256009e+01 -1.847017e+01 3.600000e+00
      vertex 3.302869e+01 -1.631461e+01 3.600000e+00
      vertex 3.224695e+01 -1.614466e+01 3.600000e+00
    endloop
  endfacet
  facet normal 0.000000e+00 0.000000e+00 1.000000e+00
    outer loop
      vertex 3.256009e+01 -1.847017e+01 3.600000e+00
      vertex 3.224695e+01 -1.614466e+01 3.600000e+00
      vertex 3.177836e+01 -1.830023e+01 3.600000e+00
    endloop
  endfacet
  facet normal 0.000000e+00 0.000000e+00 1.000000e+00
    outer loop
      vertex 3.302869e+01 -1.631461e+01 3.600000e+00
      vertex 3.349730e+01 -1.415905e+01 3.600000e+00
      vertex 3.271555e+01 -1.398911e+01 3.600000e+00
    endloop
  endfacet
  facet normal 0.000000e+00 0.000000e+00 1.000000e+00
    outer loop
      vertex 3.302869e+01 -1.631461e+01 3.600000e+00
      vertex 3.271555e+01 -1.398911e+01 3.600000e+00
      vertex 3.224695e+01 -1.614466e+01 3.600000e+00
    endloop
  endfacet
  facet normal 9.771768e-01 -2.124278e-01 0.000000e+00
    outer loop
      vertex 2.803699e+01 -1.577052e+01 2.100000e+00
      vertex 2.803699e+01 -1.577052e+01 1.350000e+00
      vertex 2.858910e+01 -1.323078e+01 1.350000e+00
    endloop
  endfacet
  facet normal 9.771768e-01 -2.124278e-01 0.000000e+00
    outer loop
      vertex 2.803699e+01 -1.577052e+01 2.100000e+00
      vertex 2.858910e+01 -1.323078e+01 1.350000e+00
      vertex 2.858910e+01 -1.323078e+01 2.100000e+00
    endloop
  endfacet
  facet normal 9.771768e-01 -2.124278e-01 0.000000e+00
    outer loop
      vertex 2.803699e+01 -1.577052e+01 2.850000e+00
      vertex 2.803699e+01 -1.577052e+01 2.100000e+00
      vertex 2.858910e+01 -1.323078e+01 2.100000e+00
    endloop
  endfacet
  facet normal 9.771768e-01 -2.124278e-01 0.000000e+00
    outer loop
      vertex 2.803699e+01 -1.577052e+01 2.850000e+00
      vertex 2.858910e+01 -1.323078e+01 2.100000e+00
      vertex 2.858910e+01 -1.323078e+01 2.850000e+00
    endloop
  endfacet
  facet normal 9.771770e-01 -2.124267e-01 0.000000e+00
    outer loop
      vertex 2.914122e+01 -1.069104e+01 1.600000e+00
      vertex 2.882573e+01 -1.214232e+01 6.000000e-01
      vertex 2.914122e+01 -1.069104e+01 6.000000e-01
    endloop
  endfacet
  facet normal 9.771760e-01 -2.124316e-01 3.565570e-06
    outer loop
      vertex 2.858910e+01 -1.323078e+01 1.350000e+00
      vertex 2.851023e+01 -1.359360e+01 6.000000e-01
      vertex 2.882573e+01 -1.214232e+01 6.000000e-01
    endloop
  endfacet
  facet normal 9.771765e-01 -2.124291e-01 2.323015e-06
    outer loop
      vertex 2.819473e+01 -1.504488e+01 6.000000e-01
      vertex 2.851023e+01 -1.359360e+01 6.000000e-01
      vertex 2.858910e+01 -1.323078e+01 1.350000e+00
    endloop
  endfacet
  facet normal 9.771768e-01 -2.124278e-01 -1.111347e-06
    outer loop
      vertex 2.819473e+01 -1.504488e+01 6.000000e-01
      vertex 2.858910e+01 -1.323078e+01 1.350000e+00
      vertex 2.803699e+01 -1.577052e+01 1.350000e+00
    endloop
  endfacet
  facet normal 9.771762e-01 -2.124303e-01 5.510413e-06
    outer loop
      vertex 2.914122e+01 -1.069104e+01 1.600000e+00
      vertex 2.858910e+01 -1.323078e+01 1.350000e+00
      vertex 2.882573e+01 -1.214232e+01 6.000000e-01
    endloop
  endfacet
  facet normal 9.771765e-01 -2.124291e-01 -4.646029e-06
    outer loop
      vertex 2.803699e+01 -1.577052e+01 1.350000e+00
      vertex 2.756375e+01 -1.794743e+01 6.000000e-01
      vertex 2.787924e+01 -1.649615e+01 6.000000e-01
    endloop
  endfacet
  facet normal 9.771765e-01 -2.124291e-01 -4.646029e-06
    outer loop
      vertex 2.803699e+01 -1.577052e+01 1.350000e+00
      vertex 2.724825e+01 -1.939871e+01 6.000000e-01
      vertex 2.756375e+01 -1.794743e+01 6.000000e-01
    endloop
  endfacet
  facet normal 9.771765e-01 -2.124291e-01 0.000000e+00
    outer loop
      vertex 2.693276e+01 -2.084999e+01 6.000000e-01
      vertex 2.724825e+01 -1.939871e+01 6.000000e-01
      vertex 2.693276e+01 -2.084999e+01 2.100000e+00
    endloop
  endfacet
  facet normal 9.771763e-01 -2.124299e-01 -7.743394e-07
    outer loop
      vertex 2.803699e+01 -1.577052e+01 1.350000e+00
      vertex 2.693276e+01 -2.084999e+01 2.100000e+00
      vertex 2.724825e+01 -1.939871e+01 6.000000e-01
    endloop
  endfacet
  facet normal 9.771763e-01 -2.124298e-01 0.000000e+00
    outer loop
      vertex 2.803699e+01 -1.577052e+01 1.350000e+00
      vertex 2.803699e+01 -1.577052e+01 2.100000e+00
      vertex 2.693276e+01 -2.084999e+01 2.100000e+00
    endloop
  endfacet
  facet normal 9.771762e-01 -2.124302e-01 -3.565563e-06
    outer loop
      vertex 2.803699e+01 -1.577052e+01 1.350000e+00
      vertex 2.787924e+01 -1.649615e+01 6.000000e-01
      vertex 2.819473e+01 -1.504488e+01 6.000000e-01
    endloop
  endfacet
  facet normal 9.771763e-01 -2.124298e-01 0.000000e+00
    outer loop
      vertex 2.914122e+01 -1.069104e+01 1.600000e+00
      vertex 2.858910e+01 -1.323078e+01 2.100000e+00
      vertex 2.858910e+01 -1.323078e+01 1.350000e+00
    endloop
  endfacet
  facet normal 9.771763e-01 -2.124298e-01 0.000000e+00
    outer loop
      vertex 2.858910e+01 -1.323078e+01 2.850000e+00
      vertex 2.858910e+01 -1.323078e+01 2.100000e+00
      vertex 2.914122e+01 -1.069104e+01 2.600000e+00
    endloop
  endfacet
  facet normal 9.771763e-01 -2.124298e-01 0.000000e+00
    outer loop
      vertex 2.914122e+01 -1.069104e+01 1.600000e+00
      vertex 2.914122e+01 -1.069104e+01 2.600000e+00
      vertex 2.858910e+01 -1.323078e+01 2.100000e+00
    endloop
  endfacet
  facet normal 9.771762e-01 -2.124303e-01 -5.510413e-06
    outer loop
      vertex 2.882573e+01 -1.214232e+01 3.600000e+00
      vertex 2.858910e+01 -1.323078e+01 2.850000e+00
      vertex 2.914122e+01 -1.069104e+01 2.600000e+00
    endloop
  endfacet
  facet normal 9.771770e-01 -2.124267e-01 0.000000e+00
    outer loop
      vertex 2.914122e+01 -1.069104e+01 2.600000e+00
      vertex 2.914122e+01 -1.069104e+01 3.600000e+00
      vertex 2.882573e+01 -1.214232e+01 3.600000e+00
    endloop
  endfacet
  facet normal 9.771760e-01 -2.124316e-01 -3.565570e-06
    outer loop
      vertex 2.858910e+01 -1.323078e+01 2.850000e+00
      vertex 2.882573e+01 -1.214232e+01 3.600000e+00
      vertex 2.851023e+01 -1.359360e+01 3.600000e+00
    endloop
  endfacet
  facet normal 9.771765e-01 -2.124291e-01 2.485088e-06
    outer loop
      vertex 2.851023e+01 -1.359360e+01 3.600000e+00
      vertex 2.819473e+01 -1.504488e+01 3.600000e+00
      vertex 2.803699e+01 -1.577052e+01 2.850000e+00
    endloop
  endfacet
  facet normal 9.771768e-01 -2.124278e-01 -1.636137e-06
    outer loop
      vertex 2.851023e+01 -1.359360e+01 3.600000e+00
      vertex 2.803699e+01 -1.577052e+01 2.850000e+00
      vertex 2.858910e+01 -1.323078e+01 2.850000e+00
    endloop
  endfacet
  facet normal 9.771762e-01 -2.124302e-01 3.565563e-06
    outer loop
      vertex 2.787924e+01 -1.649615e+01 3.600000e+00
      vertex 2.803699e+01 -1.577052e+01 2.850000e+00
      vertex 2.819473e+01 -1.504488e+01 3.600000e+00
    endloop
  endfacet
  facet normal 9.771763e-01 -2.124299e-01 7.743394e-07
    outer loop
      vertex 2.693276e+01 -2.084999e+01 2.100000e+00
      vertex 2.803699e+01 -1.577052e+01 2.850000e+00
      vertex 2.724825e+01 -1.939871e+01 3.600000e+00
    endloop
  endfacet
  facet normal 9.771765e-01 -2.124291e-01 4.646029e-06
    outer loop
      vertex 2.803699e+01 -1.577052e+01 2.850000e+00
      vertex 2.787924e+01 -1.649615e+01 3.600000e+00
      vertex 2.756375e+01 -1.794743e+01 3.600000e+00
    endloop
  endfacet
  facet normal 9.771765e-01 -2.124291e-01 0.000000e+00
    outer loop
      vertex 2.724825e+01 -1.939871e+01 3.600000e+00
      vertex 2.693276e+01 -2.084999e+01 3.600000e+00
      vertex 2.693276e+01 -2.084999e+01 2.100000e+00
    endloop
  endfacet
  facet normal 9.771765e-01 -2.124291e-01 4.646029e-06
    outer loop
      vertex 2.803699e+01 -1.577052e+01 2.850000e+00
      vertex 2.756375e+01 -1.794743e+01 3.600000e+00
      vertex 2.724825e+01 -1.939871e+01 3.600000e+00
    endloop
  endfacet
  facet normal 9.771763e-01 -2.124298e-01 0.000000e+00
    outer loop
      vertex 2.803699e+01 -1.577052e+01 2.850000e+00
      vertex 2.693276e+01 -2.084999e+01 2.100000e+00
      vertex 2.803699e+01 -1.577052e+01 2.100000e+00
    endloop
  endfacet
  facet normal 2.124316e-01 9.771760e-01 0.000000e+00
    outer loop
      vertex 2.914122e+01 -1.069104e+01 1.600000e+00
      vertex 2.914122e+01 -1.069104e+01 6.000000e-01
      vertex 2.835948e+01 -1.052110e+01 6.000000e-01
    endloop
  endfacet
  facet normal 2.124316e-01 9.771760e-01 0.000000e+00
    outer loop
      vertex 2.914122e+01 -1.069104e+01 1.600000e+00
      vertex 2.835948e+01 -1.052110e+01 6.000000e-01
      vertex 2.835948e+01 -1.052110e+01 1.600000e+00
    endloop
  endfacet
  facet normal 2.124316e-01 9.771760e-01 0.000000e+00
    outer loop
      vertex 2.914122e+01 -1.069104e+01 3.600000e+00
      vertex 2.914122e+01 -1.069104e+01 2.600000e+00
      vertex 2.835948e+01 -1.052110e+01 2.600000e+00
    endloop
  endfacet
  facet normal 2.124316e-01 9.771760e-01 0.000000e+00
    outer loop
      vertex 2.914122e+01 -1.069104e+01 3.600000e+00
      vertex 2.835948e+01 -1.052110e+01 2.600000e+00
      vertex 2.835948e+01 -1.052110e+01 3.600000e+00
    endloop
  endfacet
  facet normal 2.124316e-01 9.771760e-01 0.000000e+00
    outer loop
      vertex 2.914122e+01 -1.069104e+01 2.600000e+00
      vertex 2.914122e+01 -1.069104e+01 1.600000e+00
      vertex 2.835948e+01 -1.052110e+01 1.600000e+00
    endloop
  endfacet
  facet normal 2.124316e-01 9.771760e-01 0.000000e+00
    outer loop
      vertex 2.914122e+01 -1.069104e+01 2.600000e+00
      vertex 2.835948e+01 -1.052110e+01 1.600000e+00
      vertex 2.835948e+01 -1.052110e+01 2.600000e+00
    endloop
  endfacet
  facet normal -9.771762e-01 2.124302e-01 1.080476e-06
    outer loop
      vertex 2.646651e+01 -1.922876e+01 6.000000e-01
      vertex 2.615101e+01 -2.068004e+01 2.100000e+00
      vertex 2.678200e+01 -1.777749e+01 6.000000e-01
    endloop
  endfacet
  facet normal -9.771760e-01 2.124316e-01 0.000000e+00
    outer loop
      vertex 2.741300e+01 -1.487494e+01 6.000000e-01
      vertex 2.709750e+01 -1.632621e+01 6.000000e-01
      vertex 2.709750e+01 -1.632621e+01 3.600000e+00
    endloop
  endfacet
  facet normal -9.771760e-01 2.124316e-01 1.356104e-17
    outer loop
      vertex 2.741300e+01 -1.487494e+01 6.000000e-01
      vertex 2.709750e+01 -1.632621e+01 3.600000e+00
      vertex 2.741300e+01 -1.487494e+01 3.600000e+00
    endloop
  endfacet
  facet normal -9.771765e-01 2.124291e-01 0.000000e+00
    outer loop
      vertex 2.709750e+01 -1.632621e+01 6.000000e-01
      vertex 2.678200e+01 -1.777749e+01 6.000000e-01
      vertex 2.678200e+01 -1.777749e+01 3.600000e+00
    endloop
  endfacet
  facet normal -9.771765e-01 2.124291e-01 0.000000e+00
    outer loop
      vertex 2.709750e+01 -1.632621e+01 6.000000e-01
      vertex 2.678200e+01 -1.777749e+01 3.600000e+00
      vertex 2.709750e+01 -1.632621e+01 3.600000e+00
    endloop
  endfacet
  facet normal -9.771765e-01 2.124291e-01 0.000000e+00
    outer loop
      vertex 2.772849e+01 -1.342366e+01 3.600000e+00
      vertex 2.835948e+01 -1.052110e+01 1.600000e+00
      vertex 2.772849e+01 -1.342366e+01 6.000000e-01
    endloop
  endfacet
  facet normal -9.771765e-01 2.124291e-01 0.000000e+00
    outer loop
      vertex 2.835948e+01 -1.052110e+01 6.000000e-01
      vertex 2.804399e+01 -1.197238e+01 6.000000e-01
      vertex 2.835948e+01 -1.052110e+01 1.600000e+00
    endloop
  endfacet
  facet normal -9.771765e-01 2.124291e-01 0.000000e+00
    outer loop
      vertex 2.772849e+01 -1.342366e+01 6.000000e-01
      vertex 2.835948e+01 -1.052110e+01 1.600000e+00
      vertex 2.804399e+01 -1.197238e+01 6.000000e-01
    endloop
  endfacet
  facet normal -9.771765e-01 2.124291e-01 0.000000e+00
    outer loop
      vertex 2.772849e+01 -1.342366e+01 6.000000e-01
      vertex 2.741300e+01 -1.487494e+01 6.000000e-01
      vertex 2.741300e+01 -1.487494e+01 3.600000e+00
    endloop
  endfacet
  facet normal -9.771765e-01 2.124291e-01 0.000000e+00
    outer loop
      vertex 2.772849e+01 -1.342366e+01 6.000000e-01
      vertex 2.741300e+01 -1.487494e+01 3.600000e+00
      vertex 2.772849e+01 -1.342366e+01 3.600000e+00
    endloop
  endfacet
  facet normal -9.771765e-01 2.124291e-01 0.000000e+00
    outer loop
      vertex 2.615101e+01 -2.068004e+01 2.100000e+00
      vertex 2.646651e+01 -1.922876e+01 6.000000e-01
      vertex 2.615101e+01 -2.068004e+01 6.000000e-01
    endloop
  endfacet
  facet normal -9.771765e-01 2.124291e-01 0.000000e+00
    outer loop
      vertex 2.646651e+01 -1.922876e+01 3.600000e+00
      vertex 2.615101e+01 -2.068004e+01 2.100000e+00
      vertex 2.615101e+01 -2.068004e+01 3.600000e+00
    endloop
  endfacet
  facet normal -9.771762e-01 2.124302e-01 -1.080476e-06
    outer loop
      vertex 2.615101e+01 -2.068004e+01 2.100000e+00
      vertex 2.646651e+01 -1.922876e+01 3.600000e+00
      vertex 2.678200e+01 -1.777749e+01 3.600000e+00
    endloop
  endfacet
  facet normal -9.771765e-01 2.124291e-01 0.000000e+00
    outer loop
      vertex 2.835948e+01 -1.052110e+01 2.600000e+00
      vertex 2.835948e+01 -1.052110e+01 1.600000e+00
      vertex 2.772849e+01 -1.342366e+01 3.600000e+00
    endloop
  endfacet
  facet normal -9.771765e-01 2.124291e-01 0.000000e+00
    outer loop
      vertex 2.835948e+01 -1.052110e+01 2.600000e+00
      vertex 2.772849e+01 -1.342366e+01 3.600000e+00
      vertex 2.804399e+01 -1.197238e+01 3.600000e+00
    endloop
  endfacet
  facet normal -9.771765e-01 2.124291e-01 0.000000e+00
    outer loop
      vertex 2.835948e+01 -1.052110e+01 2.600000e+00
      vertex 2.804399e+01 -1.197238e+01 3.600000e+00
      vertex 2.835948e+01 -1.052110e+01 3.600000e+00
    endloop
  endfacet
  facet normal -9.771764e-01 2.124296e-01 0.000000e+00
    outer loop
      vertex 2.678200e+01 -1.777749e+01 6.000000e-01
      vertex 2.615101e+01 -2.068004e+01 2.100000e+00
      vertex 2.678200e+01 -1.777749e+01 3.600000e+00
    endloop
  endfacet
  facet normal -2.124306e-01 -9.771761e-01 -0.000000e+00
    outer loop
      vertex 2.615101e+01 -2.068004e+01 2.100000e+00
      vertex 2.615101e+01 -2.068004e+01 6.000000e-01
      vertex 2.693276e+01 -2.084999e+01 6.000000e-01
    endloop
  endfacet
  facet normal -2.124306e-01 -9.771761e-01 0.000000e+00
    outer loop
      vertex 2.615101e+01 -2.068004e+01 2.100000e+00
      vertex 2.693276e+01 -2.084999e+01 6.000000e-01
      vertex 2.693276e+01 -2.084999e+01 2.100000e+00
    endloop
  endfacet
  facet normal -2.124306e-01 -9.771761e-01 -0.000000e+00
    outer loop
      vertex 2.615101e+01 -2.068004e+01 3.600000e+00
      vertex 2.615101e+01 -2.068004e+01 2.100000e+00
      vertex 2.693276e+01 -2.084999e+01 2.100000e+00
    endloop
  endfacet
  facet normal -2.124306e-01 -9.771761e-01 0.000000e+00
    outer loop
      vertex 2.615101e+01 -2.068004e+01 3.600000e+00
      vertex 2.693276e+01 -2.084999e+01 2.100000e+00
      vertex 2.693276e+01 -2.084999e+01 3.600000e+00
    endloop
  endfacet
  facet normal 0.000000e+00 0.000000e+00 1.000000e+00
    outer loop
      vertex 2.830866e+01 -1.263786e+01 3.600000e+00
      vertex 2.882573e+01 -1.214232e+01 3.600000e+00
      vertex 2.914122e+01 -1.069104e+01 3.600000e+00
    endloop
  endfacet
  facet normal 0.000000e+00 0.000000e+00 1.000000e+00
    outer loop
      vertex 2.819473e+01 -1.504488e+01 3.600000e+00
      vertex 2.851023e+01 -1.359360e+01 3.600000e+00
      vertex 2.830866e+01 -1.263786e+01 3.600000e+00
    endloop
  endfacet
  facet normal 0.000000e+00 0.000000e+00 1.000000e+00
    outer loop
      vertex 2.882573e+01 -1.214232e+01 3.600000e+00
      vertex 2.830866e+01 -1.263786e+01 3.600000e+00
      vertex 2.851023e+01 -1.359360e+01 3.600000e+00
    endloop
  endfacet
  facet normal 0.000000e+00 0.000000e+00 1.000000e+00
    outer loop
      vertex 2.830866e+01 -1.263786e+01 3.600000e+00
      vertex 2.914122e+01 -1.069104e+01 3.600000e+00
      vertex 2.835948e+01 -1.052110e+01 3.600000e+00
    endloop
  endfacet
  facet normal 0.000000e+00 0.000000e+00 1.000000e+00
    outer loop
      vertex 2.819473e+01 -1.504488e+01 3.600000e+00
      vertex 2.742527e+01 -1.670144e+01 3.600000e+00
      vertex 2.787924e+01 -1.649615e+01 3.600000e+00
    endloop
  endfacet
  facet normal 0.000000e+00 0.000000e+00 1.000000e+00
    outer loop
      vertex 2.756375e+01 -1.794743e+01 3.600000e+00
      vertex 2.698358e+01 -1.873323e+01 3.600000e+00
      vertex 2.724825e+01 -1.939871e+01 3.600000e+00
    endloop
  endfacet
  facet normal 0.000000e+00 0.000000e+00 1.000000e+00
    outer loop
      vertex 2.724825e+01 -1.939871e+01 3.600000e+00
      vertex 2.698358e+01 -1.873323e+01 3.600000e+00
      vertex 2.693276e+01 -2.084999e+01 3.600000e+00
    endloop
  endfacet
  facet normal 0.000000e+00 0.000000e+00 1.000000e+00
    outer loop
      vertex 2.742527e+01 -1.670144e+01 3.600000e+00
      vertex 2.756375e+01 -1.794743e+01 3.600000e+00
      vertex 2.787924e+01 -1.649615e+01 3.600000e+00
    endloop
  endfacet
  facet normal 0.000000e+00 0.000000e+00 1.000000e+00
    outer loop
      vertex 2.742527e+01 -1.670144e+01 3.600000e+00
      vertex 2.819473e+01 -1.504488e+01 3.600000e+00
      vertex 2.830866e+01 -1.263786e+01 3.600000e+00
    endloop
  endfacet
  facet normal 0.000000e+00 0.000000e+00 1.000000e+00
    outer loop
      vertex 2.804399e+01 -1.197238e+01 3.600000e+00
      vertex 2.772849e+01 -1.342366e+01 3.600000e+00
      vertex 2.830866e+01 -1.263786e+01 3.600000e+00
    endloop
  endfacet
  facet normal 0.000000e+00 0.000000e+00 1.000000e+00
    outer loop
      vertex 2.742527e+01 -1.670144e+01 3.600000e+00
      vertex 2.830866e+01 -1.263786e+01 3.600000e+00
      vertex 2.772849e+01 -1.342366e+01 3.600000e+00
    endloop
  endfacet
  facet normal 0.000000e+00 0.000000e+00 1.000000e+00
    outer loop
      vertex 2.742527e+01 -1.670144e+01 3.600000e+00
      vertex 2.772849e+01 -1.342366e+01 3.600000e+00
      vertex 2.741300e+01 -1.487494e+01 3.600000e+00
    endloop
  endfacet
  facet normal 0.000000e+00 0.000000e+00 1.000000e+00
    outer loop
      vertex 2.742527e+01 -1.670144e+01 3.600000e+00
      vertex 2.741300e+01 -1.487494e+01 3.600000e+00
      vertex 2.709750e+01 -1.632621e+01 3.600000e+00
    endloop
  endfacet
  facet normal 0.000000e+00 0.000000e+00 1.000000e+00
    outer loop
      vertex 2.756375e+01 -1.794743e+01 3.600000e+00
      vertex 2.742527e+01 -1.670144e+01 3.600000e+00
      vertex 2.698358e+01 -1.873323e+01 3.600000e+00
    endloop
  endfacet
  facet normal 0.000000e+00 0.000000e+00 1.000000e+00
    outer loop
      vertex 2.698358e+01 -1.873323e+01 3.600000e+00
      vertex 2.742527e+01 -1.670144e+01 3.600000e+00
      vertex 2.709750e+01 -1.632621e+01 3.600000e+00
    endloop
  endfacet
  facet normal 0.000000e+00 0.000000e+00 1.000000e+00
    outer loop
      vertex 2.698358e+01 -1.873323e+01 3.600000e+00
      vertex 2.709750e+01 -1.632621e+01 3.600000e+00
      vertex 2.678200e+01 -1.777749e+01 3.600000e+00
    endloop
  endfacet
  facet normal 0.000000e+00 0.000000e+00 1.000000e+00
    outer loop
      vertex 2.698358e+01 -1.873323e+01 3.600000e+00
      vertex 2.678200e+01 -1.777749e+01 3.600000e+00
      vertex 2.646651e+01 -1.922876e+01 3.600000e+00
    endloop
  endfacet
  facet normal 0.000000e+00 0.000000e+00 1.000000e+00
    outer loop
      vertex 2.698358e+01 -1.873323e+01 3.600000e+00
      vertex 2.646651e+01 -1.922876e+01 3.600000e+00
      vertex 2.615101e+01 -2.068004e+01 3.600000e+00
    endloop
  endfacet
  facet normal 0.000000e+00 0.000000e+00 1.000000e+00
    outer loop
      vertex 2.693276e+01 -2.084999e+01 3.600000e+00
      vertex 2.698358e+01 -1.873323e+01 3.600000e+00
      vertex 2.615101e+01 -2.068004e+01 3.600000e+00
    endloop
  endfacet
  facet normal 0.000000e+00 0.000000e+00 1.000000e+00
    outer loop
      vertex 2.835948e+01 -1.052110e+01 3.600000e+00
      vertex 2.804399e+01 -1.197238e+01 3.600000e+00
      vertex 2.830866e+01 -1.263786e+01 3.600000e+00
    endloop
  endfacet
  facet normal -1.274920e-15 1.444717e-16 -1.000000e+00
    outer loop
      vertex 2.922754e+01 -7.413810e+00 2.626948e-13
      vertex 2.970681e+01 -8.169358e+00 2.619746e-13
      vertex 2.827059e+01 -9.080400e+00 2.636741e-13
    endloop
  endfacet
  facet normal -1.274916e-15 1.444697e-16 -1.000000e+00
    outer loop
      vertex 2.922754e+01 -7.413810e+00 2.626948e-13
      vertex 2.827059e+01 -9.080400e+00 2.636741e-13
      vertex 2.779131e+01 -8.324849e+00 2.643943e-13
    endloop
  endfacet
  facet normal -1.274913e-15 1.444651e-16 -1.000000e+00
    outer loop
      vertex 2.970681e+01 -8.169358e+00 2.619746e-13
      vertex 3.018609e+01 -8.924918e+00 2.612544e-13
      vertex 2.874986e+01 -9.835959e+00 2.629539e-13
    endloop
  endfacet
  facet normal -1.274917e-15 1.444671e-16 -1.000000e+00
    outer loop
      vertex 2.970681e+01 -8.169358e+00 2.619746e-13
      vertex 2.874986e+01 -9.835959e+00 2.629539e-13
      vertex 2.827059e+01 -9.080400e+00 2.636741e-13
    endloop
  endfacet
  facet normal -1.274919e-15 1.444744e-16 -1.000000e+00
    outer loop
      vertex 3.306013e+01 -1.028053e+01 2.573944e-13
      vertex 2.970840e+01 -1.134706e+01 2.615135e-13
      vertex 3.258085e+01 -9.524968e+00 2.581146e-13
    endloop
  endfacet
  facet normal -1.274912e-15 1.444636e-16 -1.000000e+00
    outer loop
      vertex 3.066695e+01 -1.285817e+01 2.600731e-13
      vertex 3.306013e+01 -1.028053e+01 2.573944e-13
      vertex 3.353940e+01 -1.103608e+01 2.566742e-13
    endloop
  endfacet
  facet normal -1.274917e-15 1.444681e-16 -1.000000e+00
    outer loop
      vertex 2.970840e+01 -1.134706e+01 2.615135e-13
      vertex 3.306013e+01 -1.028053e+01 2.573944e-13
      vertex 3.066695e+01 -1.285817e+01 2.600731e-13
    endloop
  endfacet
  facet normal -1.274918e-15 1.444729e-16 -1.000000e+00
    outer loop
      vertex 3.401708e+01 -8.613929e+00 2.564152e-13
      vertex 3.449635e+01 -9.369479e+00 2.556950e-13
      vertex 3.306013e+01 -1.028053e+01 2.573944e-13
    endloop
  endfacet
  facet normal -1.274920e-15 1.444739e-16 -1.000000e+00
    outer loop
      vertex 3.401708e+01 -8.613929e+00 2.564152e-13
      vertex 3.306013e+01 -1.028053e+01 2.573944e-13
      vertex 3.258085e+01 -9.524968e+00 2.581146e-13
    endloop
  endfacet
  facet normal -1.274914e-15 1.444648e-16 -1.000000e+00
    outer loop
      vertex 3.449635e+01 -9.369479e+00 2.556950e-13
      vertex 3.497563e+01 -1.012503e+01 2.549748e-13
      vertex 3.353940e+01 -1.103608e+01 2.566742e-13
    endloop
  endfacet
  facet normal -1.274912e-15 1.444637e-16 -1.000000e+00
    outer loop
      vertex 3.449635e+01 -9.369479e+00 2.556950e-13
      vertex 3.353940e+01 -1.103608e+01 2.566742e-13
      vertex 3.306013e+01 -1.028053e+01 2.573944e-13
    endloop
  endfacet
  facet normal -1.274912e-15 1.444646e-16 -1.000000e+00
    outer loop
      vertex 3.928589e+01 -1.056961e+01 2.494153e-13
      vertex 3.976517e+01 -1.132516e+01 2.486951e-13
      vertex 3.832895e+01 -1.223620e+01 2.503946e-13
    endloop
  endfacet
  facet normal -1.274913e-15 1.444653e-16 -1.000000e+00
    outer loop
      vertex 3.928589e+01 -1.056961e+01 2.494153e-13
      vertex 3.832895e+01 -1.223620e+01 2.503946e-13
      vertex 3.784967e+01 -1.148066e+01 2.511148e-13
    endloop
  endfacet
  facet normal -1.274918e-15 1.444736e-16 -1.000000e+00
    outer loop
      vertex 3.353940e+01 -1.103608e+01 2.566742e-13
      vertex 3.449795e+01 -1.254719e+01 2.552339e-13
      vertex 3.162549e+01 -1.436928e+01 2.586328e-13
    endloop
  endfacet
  facet normal -1.274918e-15 1.444736e-16 -1.000000e+00
    outer loop
      vertex 3.353940e+01 -1.103608e+01 2.566742e-13
      vertex 3.162549e+01 -1.436928e+01 2.586328e-13
      vertex 3.066695e+01 -1.285817e+01 2.600731e-13
    endloop
  endfacet
  facet normal -1.274916e-15 1.444687e-16 -1.000000e+00
    outer loop
      vertex 3.449795e+01 -1.254719e+01 2.552339e-13
      vertex 3.545650e+01 -1.405830e+01 2.537935e-13
      vertex 3.258404e+01 -1.588039e+01 2.571924e-13
    endloop
  endfacet
  facet normal -1.274915e-15 1.444682e-16 -1.000000e+00
    outer loop
      vertex 3.449795e+01 -1.254719e+01 2.552339e-13
      vertex 3.258404e+01 -1.588039e+01 2.571924e-13
      vertex 3.162549e+01 -1.436928e+01 2.586328e-13
    endloop
  endfacet
  facet normal -1.274918e-15 1.444736e-16 -1.000000e+00
    outer loop
      vertex 3.784967e+01 -1.148066e+01 2.511148e-13
      vertex 3.449795e+01 -1.254719e+01 2.552339e-13
      vertex 3.737040e+01 -1.072510e+01 2.518350e-13
    endloop
  endfacet
  facet normal -1.274913e-15 1.444653e-16 -1.000000e+00
    outer loop
      vertex 3.545650e+01 -1.405830e+01 2.537935e-13
      vertex 3.784967e+01 -1.148066e+01 2.511148e-13
      vertex 3.832895e+01 -1.223620e+01 2.503946e-13
    endloop
  endfacet
  facet normal -1.274917e-15 1.444682e-16 -1.000000e+00
    outer loop
      vertex 3.449795e+01 -1.254719e+01 2.552339e-13
      vertex 3.784967e+01 -1.148066e+01 2.511148e-13
      vertex 3.545650e+01 -1.405830e+01 2.537935e-13
    endloop
  endfacet
  facet normal -1.265711e-15 1.410624e-16 -1.000000e+00
    outer loop
      vertex 2.354570e+01 -2.373285e+01 2.674177e-13
      vertex 2.510038e+01 -2.486581e+01 2.652901e-13
      vertex 2.301133e+01 -2.619097e+01 2.677473e-13
    endloop
  endfacet
  facet normal -1.265710e-15 1.410629e-16 -1.000000e+00
    outer loop
      vertex 2.408007e+01 -2.127474e+01 2.670881e-13
      vertex 2.927849e+01 -2.221550e+01 2.603756e-13
      vertex 2.718944e+01 -2.354065e+01 2.628329e-13
    endloop
  endfacet
  facet normal -1.265710e-15 1.410640e-16 -1.000000e+00
    outer loop
      vertex 2.354570e+01 -2.373285e+01 2.674177e-13
      vertex 2.718944e+01 -2.354065e+01 2.628329e-13
      vertex 2.510038e+01 -2.486581e+01 2.652901e-13
    endloop
  endfacet
  facet normal -1.265710e-15 1.410640e-16 -1.000000e+00
    outer loop
      vertex 2.408007e+01 -2.127474e+01 2.670881e-13
      vertex 2.718944e+01 -2.354065e+01 2.628329e-13
      vertex 2.354570e+01 -2.373285e+01 2.674177e-13
    endloop
  endfacet
  facet normal -1.251123e-15 1.378930e-16 -1.000000e+00
    outer loop
      vertex 3.258404e+01 -1.588039e+01 2.571924e-13
      vertex 2.408007e+01 -2.127474e+01 2.670881e-13
      vertex 2.461445e+01 -1.881662e+01 2.667584e-13
    endloop
  endfacet
  facet normal -1.245705e-15 1.367132e-16 -1.000000e+00
    outer loop
      vertex 2.514882e+01 -1.635851e+01 2.664288e-13
      vertex 3.162549e+01 -1.436928e+01 2.586328e-13
      vertex 2.461445e+01 -1.881662e+01 2.667584e-13
    endloop
  endfacet
  facet normal -1.262919e-15 1.564887e-16 -1.000000e+00
    outer loop
      vertex 2.927849e+01 -2.221550e+01 2.603756e-13
      vertex 2.408007e+01 -2.127474e+01 2.670881e-13
      vertex 3.258404e+01 -1.588039e+01 2.571924e-13
    endloop
  endfacet
  facet normal -1.281721e-15 1.662977e-16 -1.000000e+00
    outer loop
      vertex 3.258404e+01 -1.588039e+01 2.571924e-13
      vertex 3.345660e+01 -1.956518e+01 2.554612e-13
      vertex 3.136755e+01 -2.089034e+01 2.579184e-13
    endloop
  endfacet
  facet normal -1.278687e-15 1.615226e-16 -1.000000e+00
    outer loop
      vertex 3.545650e+01 -1.405830e+01 2.537935e-13
      vertex 3.763472e+01 -1.691487e+01 2.505468e-13
      vertex 3.554566e+01 -1.824002e+01 2.530040e-13
    endloop
  endfacet
  facet normal -1.285640e-15 1.613743e-16 -1.000000e+00
    outer loop
      vertex 3.545650e+01 -1.405830e+01 2.537935e-13
      vertex 3.554566e+01 -1.824002e+01 2.530040e-13
      vertex 3.258404e+01 -1.588039e+01 2.571924e-13
    endloop
  endfacet
  facet normal -1.281716e-15 1.662989e-16 -1.000000e+00
    outer loop
      vertex 3.345660e+01 -1.956518e+01 2.554612e-13
      vertex 3.258404e+01 -1.588039e+01 2.571924e-13
      vertex 3.554566e+01 -1.824002e+01 2.530040e-13
    endloop
  endfacet
  facet normal -1.257594e-15 1.554557e-16 -1.000000e+00
    outer loop
      vertex 2.461445e+01 -1.881662e+01 2.667584e-13
      vertex 3.162549e+01 -1.436928e+01 2.586328e-13
      vertex 3.258404e+01 -1.588039e+01 2.571924e-13
    endloop
  endfacet
  facet normal -1.252463e-15 1.587177e-16 -1.000000e+00
    outer loop
      vertex 3.162549e+01 -1.436928e+01 2.586328e-13
      vertex 2.514882e+01 -1.635851e+01 2.664288e-13
      vertex 3.066695e+01 -1.285817e+01 2.600731e-13
    endloop
  endfacet
  facet normal -1.281715e-15 1.662964e-16 -1.000000e+00
    outer loop
      vertex 3.258404e+01 -1.588039e+01 2.571924e-13
      vertex 3.136755e+01 -2.089034e+01 2.579184e-13
      vertex 2.927849e+01 -2.221550e+01 2.603756e-13
    endloop
  endfacet
  facet normal -1.237355e-15 1.348999e-16 -1.000000e+00
    outer loop
      vertex 2.568319e+01 -1.390039e+01 2.660992e-13
      vertex 3.066695e+01 -1.285817e+01 2.600731e-13
      vertex 2.514882e+01 -1.635851e+01 2.664288e-13
    endloop
  endfacet
  facet normal -1.222812e-15 1.317380e-16 -1.000000e+00
    outer loop
      vertex 2.970840e+01 -1.134706e+01 2.615135e-13
      vertex 2.568319e+01 -1.390039e+01 2.660992e-13
      vertex 2.621757e+01 -1.144227e+01 2.657696e-13
    endloop
  endfacet
  facet normal -1.224039e-15 1.767475e-16 -1.000000e+00
    outer loop
      vertex 2.621757e+01 -1.144227e+01 2.657696e-13
      vertex 2.874986e+01 -9.835959e+00 2.629539e-13
      vertex 2.970840e+01 -1.134706e+01 2.615135e-13
    endloop
  endfacet
  facet normal -1.243520e-15 1.643840e-16 -1.000000e+00
    outer loop
      vertex 2.970840e+01 -1.134706e+01 2.615135e-13
      vertex 3.066695e+01 -1.285817e+01 2.600731e-13
      vertex 2.568319e+01 -1.390039e+01 2.660992e-13
    endloop
  endfacet
  facet normal -1.224036e-15 1.767423e-16 -1.000000e+00
    outer loop
      vertex 2.827059e+01 -9.080400e+00 2.636741e-13
      vertex 2.874986e+01 -9.835959e+00 2.629539e-13
      vertex 2.621757e+01 -1.144227e+01 2.657696e-13
    endloop
  endfacet
  facet normal -1.148587e-15 2.246050e-16 -1.000000e+00
    outer loop
      vertex 2.779131e+01 -8.324849e+00 2.643943e-13
      vertex 2.827059e+01 -9.080400e+00 2.636741e-13
      vertex 2.675194e+01 -8.984159e+00 2.654400e-13
    endloop
  endfacet
  facet normal -1.155401e-15 1.170820e-16 -1.000000e+00
    outer loop
      vertex 2.621757e+01 -1.144227e+01 2.657696e-13
      vertex 2.675194e+01 -8.984159e+00 2.654400e-13
      vertex 2.827059e+01 -9.080400e+00 2.636741e-13
    endloop
  endfacet
  facet normal -1.265711e-15 1.410644e-16 -1.000000e+00
    outer loop
      vertex 2.728631e+01 -6.526038e+00 2.651104e-13
      vertex 2.809955e+01 -6.747270e+00 2.640498e-13
      vertex 2.675194e+01 -8.984159e+00 2.654400e-13
    endloop
  endfacet
  facet normal -9.903714e-16 -2.481490e-17 -1.000000e+00
    outer loop
      vertex 2.675194e+01 -8.984159e+00 2.654400e-13
      vertex 2.809955e+01 -6.747270e+00 2.640498e-13
      vertex 2.779131e+01 -8.324849e+00 2.643943e-13
    endloop
  endfacet
  facet normal -1.274919e-15 1.444735e-16 -1.000000e+00
    outer loop
      vertex 3.018609e+01 -8.924918e+00 2.612544e-13
      vertex 2.970840e+01 -1.134706e+01 2.615135e-13
      vertex 2.874986e+01 -9.835959e+00 2.629539e-13
    endloop
  endfacet
  facet normal -1.348603e-15 9.772077e-17 -1.000000e+00
    outer loop
      vertex 3.135254e+01 -7.632169e+00 2.598077e-13
      vertex 3.018609e+01 -8.924918e+00 2.612544e-13
      vertex 2.970681e+01 -8.169358e+00 2.619746e-13
    endloop
  endfacet
  facet normal -1.309819e-15 -2.109855e-17 -1.000000e+00
    outer loop
      vertex 2.970681e+01 -8.169358e+00 2.619746e-13
      vertex 3.053929e+01 -7.410949e+00 2.608682e-13
      vertex 3.135254e+01 -7.632169e+00 2.598077e-13
    endloop
  endfacet
  facet normal -1.291520e-15 4.621446e-17 -1.000000e+00
    outer loop
      vertex 3.216578e+01 -7.853398e+00 2.587472e-13
      vertex 3.018609e+01 -8.924918e+00 2.612544e-13
      vertex 3.135254e+01 -7.632169e+00 2.598077e-13
    endloop
  endfacet
  facet normal -1.309819e-15 -2.109872e-17 -1.000000e+00
    outer loop
      vertex 2.972604e+01 -7.189719e+00 2.619288e-13
      vertex 3.053929e+01 -7.410949e+00 2.608682e-13
      vertex 2.970681e+01 -8.169358e+00 2.619746e-13
    endloop
  endfacet
  facet normal -1.294655e-15 3.463905e-17 -1.000000e+00
    outer loop
      vertex 2.891280e+01 -6.968490e+00 2.629893e-13
      vertex 2.779131e+01 -8.324849e+00 2.643943e-13
      vertex 2.809955e+01 -6.747270e+00 2.640498e-13
    endloop
  endfacet
  facet normal -1.391787e-15 -3.223693e-16 -1.000000e+00
    outer loop
      vertex 2.891280e+01 -6.968490e+00 2.629893e-13
      vertex 2.972604e+01 -7.189719e+00 2.619288e-13
      vertex 2.922754e+01 -7.413810e+00 2.626948e-13
    endloop
  endfacet
  facet normal -1.529147e-15 -1.679253e-17 -1.000000e+00
    outer loop
      vertex 2.970681e+01 -8.169358e+00 2.619746e-13
      vertex 2.922754e+01 -7.413810e+00 2.626948e-13
      vertex 2.972604e+01 -7.189719e+00 2.619288e-13
    endloop
  endfacet
  facet normal -1.106630e-15 -1.208276e-16 -1.000000e+00
    outer loop
      vertex 2.779131e+01 -8.324849e+00 2.643943e-13
      vertex 2.891280e+01 -6.968490e+00 2.629893e-13
      vertex 2.922754e+01 -7.413810e+00 2.626948e-13
    endloop
  endfacet
  facet normal -1.274918e-15 1.444734e-16 -1.000000e+00
    outer loop
      vertex 2.970840e+01 -1.134706e+01 2.615135e-13
      vertex 3.018609e+01 -8.924918e+00 2.612544e-13
      vertex 3.258085e+01 -9.524968e+00 2.581146e-13
    endloop
  endfacet
  facet normal -1.275658e-15 1.567470e-16 -1.000000e+00
    outer loop
      vertex 3.832895e+01 -1.223620e+01 2.503946e-13
      vertex 3.972378e+01 -1.558971e+01 2.480896e-13
      vertex 3.763472e+01 -1.691487e+01 2.505468e-13
    endloop
  endfacet
  facet normal -1.283436e-15 1.579012e-16 -1.000000e+00
    outer loop
      vertex 3.832895e+01 -1.223620e+01 2.503946e-13
      vertex 3.763472e+01 -1.691487e+01 2.505468e-13
      vertex 3.545650e+01 -1.405830e+01 2.537935e-13
    endloop
  endfacet
  facet normal -1.274148e-15 1.543595e-16 -1.000000e+00
    outer loop
      vertex 3.976517e+01 -1.132516e+01 2.486951e-13
      vertex 4.181283e+01 -1.426455e+01 2.456324e-13
      vertex 3.972378e+01 -1.558971e+01 2.480896e-13
    endloop
  endfacet
  facet normal -1.281233e-15 1.544283e-16 -1.000000e+00
    outer loop
      vertex 3.976517e+01 -1.132516e+01 2.486951e-13
      vertex 3.972378e+01 -1.558971e+01 2.480896e-13
      vertex 3.832895e+01 -1.223620e+01 2.503946e-13
    endloop
  endfacet
  facet normal -1.287824e-15 5.979877e-17 -1.000000e+00
    outer loop
      vertex 3.948498e+01 -9.844430e+00 2.492023e-13
      vertex 4.029822e+01 -1.006565e+01 2.481418e-13
      vertex 3.928589e+01 -1.056961e+01 2.494153e-13
    endloop
  endfacet
  facet normal -1.316758e-15 1.179204e-16 -1.000000e+00
    outer loop
      vertex 3.976517e+01 -1.132516e+01 2.486951e-13
      vertex 3.928589e+01 -1.056961e+01 2.494153e-13
      vertex 4.029822e+01 -1.006565e+01 2.481418e-13
    endloop
  endfacet
  facet normal -1.276622e-15 1.009342e-16 -1.000000e+00
    outer loop
      vertex 4.111147e+01 -1.028688e+01 2.470812e-13
      vertex 3.976517e+01 -1.132516e+01 2.486951e-13
      vertex 4.029822e+01 -1.006565e+01 2.481418e-13
    endloop
  endfacet
  facet normal -1.274919e-15 1.444734e-16 -1.000000e+00
    outer loop
      vertex 3.737040e+01 -1.072510e+01 2.518350e-13
      vertex 3.928589e+01 -1.056961e+01 2.494153e-13
      vertex 3.784967e+01 -1.148066e+01 2.511148e-13
    endloop
  endfacet
  facet normal -1.285718e-15 1.462994e-16 -1.000000e+00
    outer loop
      vertex 4.273796e+01 -1.072934e+01 2.449601e-13
      vertex 4.181283e+01 -1.426455e+01 2.456324e-13
      vertex 3.976517e+01 -1.132516e+01 2.486951e-13
    endloop
  endfacet
  facet normal -1.265705e-15 1.410650e-16 -1.000000e+00
    outer loop
      vertex 4.355121e+01 -1.095056e+01 2.438996e-13
      vertex 4.436445e+01 -1.117179e+01 2.428391e-13
      vertex 4.390188e+01 -1.293940e+01 2.431752e-13
    endloop
  endfacet
  facet normal -1.265717e-15 1.410681e-16 -1.000000e+00
    outer loop
      vertex 4.517769e+01 -1.139301e+01 2.417785e-13
      vertex 4.390188e+01 -1.293940e+01 2.431752e-13
      vertex 4.436445e+01 -1.117179e+01 2.428391e-13
    endloop
  endfacet
  facet normal -1.265706e-15 1.410593e-16 -1.000000e+00
    outer loop
      vertex 4.390188e+01 -1.293940e+01 2.431752e-13
      vertex 4.517769e+01 -1.139301e+01 2.417785e-13
      vertex 4.599094e+01 -1.161424e+01 2.407180e-13
    endloop
  endfacet
  facet normal -1.276623e-15 1.009351e-16 -1.000000e+00
    outer loop
      vertex 4.192472e+01 -1.050811e+01 2.460207e-13
      vertex 3.976517e+01 -1.132516e+01 2.486951e-13
      vertex 4.111147e+01 -1.028688e+01 2.470812e-13
    endloop
  endfacet
  facet normal -1.265707e-15 1.410626e-16 -1.000000e+00
    outer loop
      vertex 4.355121e+01 -1.095056e+01 2.438996e-13
      vertex 4.181283e+01 -1.426455e+01 2.456324e-13
      vertex 4.273796e+01 -1.072934e+01 2.449601e-13
    endloop
  endfacet
  facet normal -1.276629e-15 1.009520e-16 -1.000000e+00
    outer loop
      vertex 4.192472e+01 -1.050811e+01 2.460207e-13
      vertex 4.273796e+01 -1.072934e+01 2.449601e-13
      vertex 3.976517e+01 -1.132516e+01 2.486951e-13
    endloop
  endfacet
  facet normal -1.265709e-15 1.410642e-16 -1.000000e+00
    outer loop
      vertex 4.181283e+01 -1.426455e+01 2.456324e-13
      vertex 4.355121e+01 -1.095056e+01 2.438996e-13
      vertex 4.390188e+01 -1.293940e+01 2.431752e-13
    endloop
  endfacet
  facet normal -1.354423e-15 9.402876e-17 -1.000000e+00
    outer loop
      vertex 3.541876e+01 -8.738299e+00 2.545050e-13
      vertex 3.497563e+01 -1.012503e+01 2.549748e-13
      vertex 3.449635e+01 -9.369479e+00 2.556950e-13
    endloop
  endfacet
  facet normal -1.274919e-15 1.444731e-16 -1.000000e+00
    outer loop
      vertex 3.353940e+01 -1.103608e+01 2.566742e-13
      vertex 3.497563e+01 -1.012503e+01 2.549748e-13
      vertex 3.449795e+01 -1.254719e+01 2.552339e-13
    endloop
  endfacet
  facet normal -1.291512e-15 4.619902e-17 -1.000000e+00
    outer loop
      vertex 3.216578e+01 -7.853398e+00 2.587472e-13
      vertex 3.297902e+01 -8.074630e+00 2.576866e-13
      vertex 3.018609e+01 -8.924918e+00 2.612544e-13
    endloop
  endfacet
  facet normal -1.391194e-15 -3.201901e-16 -1.000000e+00
    outer loop
      vertex 3.460551e+01 -8.517079e+00 2.555655e-13
      vertex 3.401708e+01 -8.613929e+00 2.564152e-13
      vertex 3.379227e+01 -8.295850e+00 2.566261e-13
    endloop
  endfacet
  facet normal -1.288155e-15 5.853865e-17 -1.000000e+00
    outer loop
      vertex 3.258085e+01 -9.524968e+00 2.581146e-13
      vertex 3.297902e+01 -8.074630e+00 2.576866e-13
      vertex 3.379227e+01 -8.295850e+00 2.566261e-13
    endloop
  endfacet
  facet normal -1.107400e-15 -1.196125e-16 -1.000000e+00
    outer loop
      vertex 3.258085e+01 -9.524968e+00 2.581146e-13
      vertex 3.379227e+01 -8.295850e+00 2.566261e-13
      vertex 3.401708e+01 -8.613929e+00 2.564152e-13
    endloop
  endfacet
  facet normal -1.449450e-15 3.376186e-17 -1.000000e+00
    outer loop
      vertex 3.401708e+01 -8.613929e+00 2.564152e-13
      vertex 3.460551e+01 -8.517079e+00 2.555655e-13
      vertex 3.449635e+01 -9.369479e+00 2.556950e-13
    endloop
  endfacet
  facet normal -1.295917e-15 6.066949e-17 -1.000000e+00
    outer loop
      vertex 3.258085e+01 -9.524968e+00 2.581146e-13
      vertex 3.018609e+01 -8.924918e+00 2.612544e-13
      vertex 3.297902e+01 -8.074630e+00 2.576866e-13
    endloop
  endfacet
  facet normal -1.280736e-15 8.581148e-17 -1.000000e+00
    outer loop
      vertex 3.704525e+01 -9.180749e+00 2.523839e-13
      vertex 3.785850e+01 -9.401978e+00 2.513234e-13
      vertex 3.737040e+01 -1.072510e+01 2.518350e-13
    endloop
  endfacet
  facet normal -1.280747e-15 8.581578e-17 -1.000000e+00
    outer loop
      vertex 3.867174e+01 -9.623199e+00 2.502628e-13
      vertex 3.737040e+01 -1.072510e+01 2.518350e-13
      vertex 3.785850e+01 -9.401978e+00 2.513234e-13
    endloop
  endfacet
  facet normal -1.280738e-15 8.580432e-17 -1.000000e+00
    outer loop
      vertex 3.737040e+01 -1.072510e+01 2.518350e-13
      vertex 3.867174e+01 -9.623199e+00 2.502628e-13
      vertex 3.948498e+01 -9.844430e+00 2.492023e-13
    endloop
  endfacet
  facet normal -1.267594e-15 5.424494e-17 -1.000000e+00
    outer loop
      vertex 3.948498e+01 -9.844430e+00 2.492023e-13
      vertex 3.928589e+01 -1.056961e+01 2.494153e-13
      vertex 3.737040e+01 -1.072510e+01 2.518350e-13
    endloop
  endfacet
  facet normal -1.300096e-15 1.463513e-17 -1.000000e+00
    outer loop
      vertex 3.460551e+01 -8.517079e+00 2.555655e-13
      vertex 3.541876e+01 -8.738299e+00 2.545050e-13
      vertex 3.449635e+01 -9.369479e+00 2.556950e-13
    endloop
  endfacet
  facet normal -1.284575e-15 7.170207e-17 -1.000000e+00
    outer loop
      vertex 3.704525e+01 -9.180749e+00 2.523839e-13
      vertex 3.497563e+01 -1.012503e+01 2.549748e-13
      vertex 3.623200e+01 -8.959529e+00 2.534445e-13
    endloop
  endfacet
  facet normal -1.284583e-15 7.171155e-17 -1.000000e+00
    outer loop
      vertex 3.497563e+01 -1.012503e+01 2.549748e-13
      vertex 3.541876e+01 -8.738299e+00 2.545050e-13
      vertex 3.623200e+01 -8.959529e+00 2.534445e-13
    endloop
  endfacet
  facet normal -1.290112e-15 8.383749e-17 -1.000000e+00
    outer loop
      vertex 3.497563e+01 -1.012503e+01 2.549748e-13
      vertex 3.704525e+01 -9.180749e+00 2.523839e-13
      vertex 3.737040e+01 -1.072510e+01 2.518350e-13
    endloop
  endfacet
  facet normal -1.274918e-15 1.444729e-16 -1.000000e+00
    outer loop
      vertex 3.449795e+01 -1.254719e+01 2.552339e-13
      vertex 3.497563e+01 -1.012503e+01 2.549748e-13
      vertex 3.737040e+01 -1.072510e+01 2.518350e-13
    endloop
  endfacet
  facet normal 2.624942e-01 9.649336e-01 0.000000e+00
    outer loop
      vertex 2.728631e+01 -6.526038e+00 2.651104e-13
      vertex 2.728631e+01 -6.526038e+00 1.978710e-01
      vertex 2.809955e+01 -6.747270e+00 1.978710e-01
    endloop
  endfacet
  facet normal 2.624942e-01 9.649336e-01 0.000000e+00
    outer loop
      vertex 2.728631e+01 -6.526038e+00 2.651104e-13
      vertex 2.809955e+01 -6.747270e+00 1.978710e-01
      vertex 2.809955e+01 -6.747270e+00 2.640498e-13
    endloop
  endfacet
  facet normal 2.624846e-01 9.649362e-01 0.000000e+00
    outer loop
      vertex 2.809955e+01 -6.747270e+00 2.640498e-13
      vertex 2.809955e+01 -6.747270e+00 1.978710e-01
      vertex 2.891280e+01 -6.968490e+00 1.978710e-01
    endloop
  endfacet
  facet normal 2.624846e-01 9.649362e-01 0.000000e+00
    outer loop
      vertex 2.809955e+01 -6.747270e+00 2.640498e-13
      vertex 2.891280e+01 -6.968490e+00 1.978710e-01
      vertex 2.891280e+01 -6.968490e+00 2.629893e-13
    endloop
  endfacet
  facet normal 2.624846e-01 9.649362e-01 0.000000e+00
    outer loop
      vertex 2.972604e+01 -7.189719e+00 2.619288e-13
      vertex 2.972604e+01 -7.189719e+00 1.978710e-01
      vertex 3.053929e+01 -7.410949e+00 1.978710e-01
    endloop
  endfacet
  facet normal 2.624846e-01 9.649362e-01 0.000000e+00
    outer loop
      vertex 2.972604e+01 -7.189719e+00 2.619288e-13
      vertex 3.053929e+01 -7.410949e+00 1.978710e-01
      vertex 3.053929e+01 -7.410949e+00 2.608682e-13
    endloop
  endfacet
  facet normal 2.624931e-01 9.649339e-01 0.000000e+00
    outer loop
      vertex 3.053929e+01 -7.410949e+00 2.608682e-13
      vertex 3.053929e+01 -7.410949e+00 1.978710e-01
      vertex 3.135254e+01 -7.632169e+00 1.978710e-01
    endloop
  endfacet
  facet normal 2.624931e-01 9.649339e-01 0.000000e+00
    outer loop
      vertex 3.053929e+01 -7.410949e+00 2.608682e-13
      vertex 3.135254e+01 -7.632169e+00 1.978710e-01
      vertex 3.135254e+01 -7.632169e+00 2.598077e-13
    endloop
  endfacet
  facet normal 2.624953e-01 9.649332e-01 0.000000e+00
    outer loop
      vertex 2.891280e+01 -6.968490e+00 2.629893e-13
      vertex 2.891280e+01 -6.968490e+00 1.978710e-01
      vertex 2.972604e+01 -7.189719e+00 1.978710e-01
    endloop
  endfacet
  facet normal 2.624953e-01 9.649332e-01 0.000000e+00
    outer loop
      vertex 2.891280e+01 -6.968490e+00 2.629893e-13
      vertex 2.972604e+01 -7.189719e+00 1.978710e-01
      vertex 2.972604e+01 -7.189719e+00 2.619288e-13
    endloop
  endfacet
  facet normal 2.624931e-01 9.649339e-01 0.000000e+00
    outer loop
      vertex 3.216578e+01 -7.853398e+00 2.587472e-13
      vertex 3.216578e+01 -7.853398e+00 1.978710e-01
      vertex 3.297902e+01 -8.074630e+00 1.978710e-01
    endloop
  endfacet
  facet normal 2.624931e-01 9.649339e-01 0.000000e+00
    outer loop
      vertex 3.216578e+01 -7.853398e+00 2.587472e-13
      vertex 3.297902e+01 -8.074630e+00 1.978710e-01
      vertex 3.297902e+01 -8.074630e+00 2.576866e-13
    endloop
  endfacet
  facet normal 2.624846e-01 9.649362e-01 0.000000e+00
    outer loop
      vertex 3.297902e+01 -8.074630e+00 2.576866e-13
      vertex 3.297902e+01 -8.074630e+00 1.978710e-01
      vertex 3.379227e+01 -8.295850e+00 1.978710e-01
    endloop
  endfacet
  facet normal 2.624846e-01 9.649362e-01 0.000000e+00
    outer loop
      vertex 3.297902e+01 -8.074630e+00 2.576866e-13
      vertex 3.379227e+01 -8.295850e+00 1.978710e-01
      vertex 3.379227e+01 -8.295850e+00 2.566261e-13
    endloop
  endfacet
  facet normal 2.624846e-01 9.649362e-01 0.000000e+00
    outer loop
      vertex 3.460551e+01 -8.517079e+00 2.555655e-13
      vertex 3.460551e+01 -8.517079e+00 1.978710e-01
      vertex 3.541876e+01 -8.738299e+00 1.978710e-01
    endloop
  endfacet
  facet normal 2.624846e-01 9.649362e-01 0.000000e+00
    outer loop
      vertex 3.460551e+01 -8.517079e+00 2.555655e-13
      vertex 3.541876e+01 -8.738299e+00 1.978710e-01
      vertex 3.541876e+01 -8.738299e+00 2.545050e-13
    endloop
  endfacet
  facet normal 2.624953e-01 9.649332e-01 0.000000e+00
    outer loop
      vertex 3.541876e+01 -8.738299e+00 2.545050e-13
      vertex 3.541876e+01 -8.738299e+00 1.978710e-01
      vertex 3.623200e+01 -8.959529e+00 1.978710e-01
    endloop
  endfacet
  facet normal 2.624953e-01 9.649332e-01 0.000000e+00
    outer loop
      vertex 3.541876e+01 -8.738299e+00 2.545050e-13
      vertex 3.623200e+01 -8.959529e+00 1.978710e-01
      vertex 3.623200e+01 -8.959529e+00 2.534445e-13
    endloop
  endfacet
  facet normal 2.624953e-01 9.649332e-01 0.000000e+00
    outer loop
      vertex 3.379227e+01 -8.295850e+00 2.566261e-13
      vertex 3.379227e+01 -8.295850e+00 1.978710e-01
      vertex 3.460551e+01 -8.517079e+00 1.978710e-01
    endloop
  endfacet
  facet normal 2.624953e-01 9.649332e-01 0.000000e+00
    outer loop
      vertex 3.379227e+01 -8.295850e+00 2.566261e-13
      vertex 3.460551e+01 -8.517079e+00 1.978710e-01
      vertex 3.460551e+01 -8.517079e+00 2.555655e-13
    endloop
  endfacet
  facet normal 2.624869e-01 9.649355e-01 0.000000e+00
    outer loop
      vertex 3.135254e+01 -7.632169e+00 2.598077e-13
      vertex 3.135254e+01 -7.632169e+00 1.978710e-01
      vertex 3.216578e+01 -7.853398e+00 1.978710e-01
    endloop
  endfacet
  facet normal 2.624869e-01 9.649355e-01 0.000000e+00
    outer loop
      vertex 3.135254e+01 -7.632169e+00 2.598077e-13
      vertex 3.216578e+01 -7.853398e+00 1.978710e-01
      vertex 3.216578e+01 -7.853398e+00 2.587472e-13
    endloop
  endfacet
  facet normal 2.624846e-01 9.649362e-01 0.000000e+00
    outer loop
      vertex 3.623200e+01 -8.959529e+00 2.534445e-13
      vertex 3.623200e+01 -8.959529e+00 1.978710e-01
      vertex 3.704525e+01 -9.180749e+00 1.978710e-01
    endloop
  endfacet
  facet normal 2.624846e-01 9.649362e-01 0.000000e+00
    outer loop
      vertex 3.623200e+01 -8.959529e+00 2.534445e-13
      vertex 3.704525e+01 -9.180749e+00 1.978710e-01
      vertex 3.704525e+01 -9.180749e+00 2.523839e-13
    endloop
  endfacet
  facet normal 2.624931e-01 9.649339e-01 0.000000e+00
    outer loop
      vertex 3.704525e+01 -9.180749e+00 2.523839e-13
      vertex 3.704525e+01 -9.180749e+00 1.978710e-01
      vertex 3.785850e+01 -9.401978e+00 1.978710e-01
    endloop
  endfacet
  facet normal 2.624931e-01 9.649339e-01 0.000000e+00
    outer loop
      vertex 3.704525e+01 -9.180749e+00 2.523839e-13
      vertex 3.785850e+01 -9.401978e+00 1.978710e-01
      vertex 3.785850e+01 -9.401978e+00 2.513234e-13
    endloop
  endfacet
  facet normal 2.624869e-01 9.649355e-01 0.000000e+00
    outer loop
      vertex 3.785850e+01 -9.401978e+00 2.513234e-13
      vertex 3.785850e+01 -9.401978e+00 1.978710e-01
      vertex 3.867174e+01 -9.623199e+00 1.978710e-01
    endloop
  endfacet
  facet normal 2.624869e-01 9.649355e-01 0.000000e+00
    outer loop
      vertex 3.785850e+01 -9.401978e+00 2.513234e-13
      vertex 3.867174e+01 -9.623199e+00 1.978710e-01
      vertex 3.867174e+01 -9.623199e+00 2.502628e-13
    endloop
  endfacet
  facet normal 2.624869e-01 9.649355e-01 0.000000e+00
    outer loop
      vertex 3.948498e+01 -9.844430e+00 2.492023e-13
      vertex 3.948498e+01 -9.844430e+00 1.978710e-01
      vertex 4.029822e+01 -1.006565e+01 1.978710e-01
    endloop
  endfacet
  facet normal 2.624869e-01 9.649355e-01 0.000000e+00
    outer loop
      vertex 3.948498e+01 -9.844430e+00 2.492023e-13
      vertex 4.029822e+01 -1.006565e+01 1.978710e-01
      vertex 4.029822e+01 -1.006565e+01 2.481418e-13
    endloop
  endfacet
  facet normal 2.624931e-01 9.649339e-01 0.000000e+00
    outer loop
      vertex 4.029822e+01 -1.006565e+01 2.481418e-13
      vertex 4.029822e+01 -1.006565e+01 1.978710e-01
      vertex 4.111147e+01 -1.028688e+01 1.978710e-01
    endloop
  endfacet
  facet normal 2.624931e-01 9.649339e-01 0.000000e+00
    outer loop
      vertex 4.029822e+01 -1.006565e+01 2.481418e-13
      vertex 4.111147e+01 -1.028688e+01 1.978710e-01
      vertex 4.111147e+01 -1.028688e+01 2.470812e-13
    endloop
  endfacet
  facet normal 2.624931e-01 9.649339e-01 0.000000e+00
    outer loop
      vertex 3.867174e+01 -9.623199e+00 2.502628e-13
      vertex 3.867174e+01 -9.623199e+00 1.978710e-01
      vertex 3.948498e+01 -9.844430e+00 1.978710e-01
    endloop
  endfacet
  facet normal 2.624931e-01 9.649339e-01 0.000000e+00
    outer loop
      vertex 3.867174e+01 -9.623199e+00 2.502628e-13
      vertex 3.948498e+01 -9.844430e+00 1.978710e-01
      vertex 3.948498e+01 -9.844430e+00 2.492023e-13
    endloop
  endfacet
  facet normal 2.624953e-01 9.649332e-01 0.000000e+00
    outer loop
      vertex 4.192472e+01 -1.050811e+01 2.460207e-13
      vertex 4.192472e+01 -1.050811e+01 1.978710e-01
      vertex 4.273796e+01 -1.072934e+01 1.978710e-01
    endloop
  endfacet
  facet normal 2.624953e-01 9.649332e-01 0.000000e+00
    outer loop
      vertex 4.192472e+01 -1.050811e+01 2.460207e-13
      vertex 4.273796e+01 -1.072934e+01 1.978710e-01
      vertex 4.273796e+01 -1.072934e+01 2.449601e-13
    endloop
  endfacet
  facet normal 2.624846e-01 9.649362e-01 0.000000e+00
    outer loop
      vertex 4.273796e+01 -1.072934e+01 2.449601e-13
      vertex 4.273796e+01 -1.072934e+01 1.978710e-01
      vertex 4.355121e+01 -1.095056e+01 1.978710e-01
    endloop
  endfacet
  facet normal 2.624846e-01 9.649362e-01 0.000000e+00
    outer loop
      vertex 4.273796e+01 -1.072934e+01 2.449601e-13
      vertex 4.355121e+01 -1.095056e+01 1.978710e-01
      vertex 4.355121e+01 -1.095056e+01 2.438996e-13
    endloop
  endfacet
  facet normal 2.624869e-01 9.649355e-01 0.000000e+00
    outer loop
      vertex 4.436445e+01 -1.117179e+01 2.428391e-13
      vertex 4.436445e+01 -1.117179e+01 1.978710e-01
      vertex 4.517769e+01 -1.139301e+01 1.978710e-01
    endloop
  endfacet
  facet normal 2.624869e-01 9.649355e-01 0.000000e+00
    outer loop
      vertex 4.436445e+01 -1.117179e+01 2.428391e-13
      vertex 4.517769e+01 -1.139301e+01 1.978710e-01
      vertex 4.517769e+01 -1.139301e+01 2.417785e-13
    endloop
  endfacet
  facet normal 2.624931e-01 9.649339e-01 0.000000e+00
    outer loop
      vertex 4.517769e+01 -1.139301e+01 2.417785e-13
      vertex 4.517769e+01 -1.139301e+01 1.978710e-01
      vertex 4.599094e+01 -1.161424e+01 1.978710e-01
    endloop
  endfacet
  facet normal 2.624931e-01 9.649339e-01 0.000000e+00
    outer loop
      vertex 4.517769e+01 -1.139301e+01 2.417785e-13
      vertex 4.599094e+01 -1.161424e+01 1.978710e-01
      vertex 4.599094e+01 -1.161424e+01 2.407180e-13
    endloop
  endfacet
  facet normal 2.624931e-01 9.649339e-01 0.000000e+00
    outer loop
      vertex 4.355121e+01 -1.095056e+01 2.438996e-13
      vertex 4.355121e+01 -1.095056e+01 1.978710e-01
      vertex 4.436445e+01 -1.117179e+01 1.978710e-01
    endloop
  endfacet
  facet normal 2.624931e-01 9.649339e-01 0.000000e+00
    outer loop
      vertex 4.355121e+01 -1.095056e+01 2.438996e-13
      vertex 4.436445e+01 -1.117179e+01 1.978710e-01
      vertex 4.436445e+01 -1.117179e+01 2.428391e-13
    endloop
  endfacet
  facet normal 2.624846e-01 9.649362e-01 0.000000e+00
    outer loop
      vertex 4.111147e+01 -1.028688e+01 2.470812e-13
      vertex 4.111147e+01 -1.028688e+01 1.978710e-01
      vertex 4.192472e+01 -1.050811e+01 1.978710e-01
    endloop
  endfacet
  facet normal 2.624846e-01 9.649362e-01 0.000000e+00
    outer loop
      vertex 4.111147e+01 -1.028688e+01 2.470812e-13
      vertex 4.192472e+01 -1.050811e+01 1.978710e-01
      vertex 4.192472e+01 -1.050811e+01 2.460207e-13
    endloop
  endfacet
  facet normal 5.356610e-01 -8.444331e-01 0.000000e+00
    outer loop
      vertex 4.455472e+01 -1.252529e+01 4.500000e-01
      vertex 4.455472e+01 -1.252529e+01 3.000000e-01
      vertex 4.527283e+01 -1.206976e+01 3.000000e-01
    endloop
  endfacet
  facet normal 5.356610e-01 -8.444331e-01 0.000000e+00
    outer loop
      vertex 4.455472e+01 -1.252529e+01 4.500000e-01
      vertex 4.527283e+01 -1.206976e+01 3.000000e-01
      vertex 4.527283e+01 -1.206976e+01 4.500000e-01
    endloop
  endfacet
  facet normal 5.356610e-01 -8.444331e-01 0.000000e+00
    outer loop
      vertex 4.527283e+01 -1.206976e+01 2.250000e-01
      vertex 4.455472e+01 -1.252529e+01 1.500000e-01
      vertex 4.527283e+01 -1.206976e+01 1.500000e-01
    endloop
  endfacet
  facet normal 5.356610e-01 -8.444331e-01 0.000000e+00
    outer loop
      vertex 4.455472e+01 -1.252529e+01 3.000000e-01
      vertex 4.527283e+01 -1.206976e+01 2.250000e-01
      vertex 4.527283e+01 -1.206976e+01 3.000000e-01
    endloop
  endfacet
  facet normal 5.356610e-01 -8.444331e-01 0.000000e+00
    outer loop
      vertex 4.455472e+01 -1.252529e+01 1.500000e-01
      vertex 4.527283e+01 -1.206976e+01 2.250000e-01
      vertex 4.455472e+01 -1.252529e+01 3.000000e-01
    endloop
  endfacet
  facet normal 5.356547e-01 -8.444371e-01 0.000000e+00
    outer loop
      vertex 4.527283e+01 -1.206976e+01 3.000000e-01
      vertex 4.527283e+01 -1.206976e+01 2.250000e-01
      vertex 4.563188e+01 -1.184200e+01 2.250000e-01
    endloop
  endfacet
  facet normal 5.356547e-01 -8.444371e-01 0.000000e+00
    outer loop
      vertex 4.527283e+01 -1.206976e+01 3.000000e-01
      vertex 4.563188e+01 -1.184200e+01 2.250000e-01
      vertex 4.563188e+01 -1.184200e+01 3.000000e-01
    endloop
  endfacet
  facet normal 5.356547e-01 -8.444371e-01 0.000000e+00
    outer loop
      vertex 4.527283e+01 -1.206976e+01 2.250000e-01
      vertex 4.527283e+01 -1.206976e+01 1.500000e-01
      vertex 4.563188e+01 -1.184200e+01 1.500000e-01
    endloop
  endfacet
  facet normal 5.356547e-01 -8.444371e-01 0.000000e+00
    outer loop
      vertex 4.527283e+01 -1.206976e+01 2.250000e-01
      vertex 4.563188e+01 -1.184200e+01 1.500000e-01
      vertex 4.563188e+01 -1.184200e+01 2.250000e-01
    endloop
  endfacet
  facet normal 5.356547e-01 -8.444371e-01 0.000000e+00
    outer loop
      vertex 4.527283e+01 -1.206976e+01 1.500000e-01
      vertex 4.527283e+01 -1.206976e+01 7.500000e-02
      vertex 4.563188e+01 -1.184200e+01 7.500000e-02
    endloop
  endfacet
  facet normal 5.356547e-01 -8.444371e-01 0.000000e+00
    outer loop
      vertex 4.527283e+01 -1.206976e+01 1.500000e-01
      vertex 4.563188e+01 -1.184200e+01 7.500000e-02
      vertex 4.563188e+01 -1.184200e+01 1.500000e-01
    endloop
  endfacet
  facet normal 5.356466e-01 -8.444422e-01 0.000000e+00
    outer loop
      vertex 4.599094e+01 -1.161424e+01 1.978710e-01
      vertex 4.563188e+01 -1.184200e+01 1.500000e-01
      vertex 4.563188e+01 -1.184200e+01 7.500000e-02
    endloop
  endfacet
  facet normal 5.356466e-01 -8.444422e-01 0.000000e+00
    outer loop
      vertex 4.599094e+01 -1.161424e+01 1.978710e-01
      vertex 4.563188e+01 -1.184200e+01 7.500000e-02
      vertex 4.599094e+01 -1.161424e+01 2.407180e-13
    endloop
  endfacet
  facet normal 5.356547e-01 -8.444371e-01 5.448961e-05
    outer loop
      vertex 4.527283e+01 -1.206976e+01 7.500000e-02
      vertex 4.599094e+01 -1.161424e+01 2.407180e-13
      vertex 4.563188e+01 -1.184200e+01 7.500000e-02
    endloop
  endfacet
  facet normal 5.356466e-01 -8.444422e-01 0.000000e+00
    outer loop
      vertex 4.563188e+01 -1.184200e+01 1.500000e-01
      vertex 4.599094e+01 -1.161424e+01 1.978710e-01
      vertex 4.563188e+01 -1.184200e+01 2.250000e-01
    endloop
  endfacet
  facet normal 5.356541e-01 -8.444375e-01 4.629593e-05
    outer loop
      vertex 4.527283e+01 -1.206976e+01 7.500000e-02
      vertex 4.390188e+01 -1.293940e+01 2.431752e-13
      vertex 4.599094e+01 -1.161424e+01 2.407180e-13
    endloop
  endfacet
  facet normal 5.356502e-01 -8.444400e-01 0.000000e+00
    outer loop
      vertex 4.455472e+01 -1.252529e+01 3.000000e-01
      vertex 4.390188e+01 -1.293940e+01 2.431752e-13
      vertex 4.455472e+01 -1.252529e+01 1.500000e-01
    endloop
  endfacet
  facet normal 5.356610e-01 -8.444331e-01 0.000000e+00
    outer loop
      vertex 4.527283e+01 -1.206976e+01 7.500000e-02
      vertex 4.527283e+01 -1.206976e+01 1.500000e-01
      vertex 4.455472e+01 -1.252529e+01 1.500000e-01
    endloop
  endfacet
  facet normal 5.356541e-01 -8.444375e-01 -4.534953e-06
    outer loop
      vertex 4.390188e+01 -1.293940e+01 2.431752e-13
      vertex 4.250816e+01 -1.382348e+01 6.000000e-01
      vertex 4.181283e+01 -1.426455e+01 2.456324e-13
    endloop
  endfacet
  facet normal 5.356577e-01 -8.444352e-01 -4.583512e-05
    outer loop
      vertex 4.390188e+01 -1.293940e+01 2.431752e-13
      vertex 4.527283e+01 -1.206976e+01 7.500000e-02
      vertex 4.455472e+01 -1.252529e+01 1.500000e-01
    endloop
  endfacet
  facet normal 5.356567e-01 -8.444359e-01 1.946190e-06
    outer loop
      vertex 4.181283e+01 -1.426455e+01 2.456324e-13
      vertex 4.128961e+01 -1.459645e+01 6.000000e-01
      vertex 4.007106e+01 -1.536942e+01 6.000000e-01
    endloop
  endfacet
  facet normal 5.356555e-01 -8.444366e-01 -3.036969e-06
    outer loop
      vertex 4.181283e+01 -1.426455e+01 2.456324e-13
      vertex 4.007106e+01 -1.536942e+01 6.000000e-01
      vertex 3.972378e+01 -1.558971e+01 2.480896e-13
    endloop
  endfacet
  facet normal 5.356466e-01 -8.444422e-01 0.000000e+00
    outer loop
      vertex 4.599094e+01 -1.161424e+01 1.978710e-01
      vertex 4.563188e+01 -1.184200e+01 3.000000e-01
      vertex 4.563188e+01 -1.184200e+01 2.250000e-01
    endloop
  endfacet
  facet normal 5.356610e-01 -8.444331e-01 -3.103846e-06
    outer loop
      vertex 4.494526e+01 -1.227755e+01 6.000000e-01
      vertex 4.455472e+01 -1.252529e+01 4.500000e-01
      vertex 4.527283e+01 -1.206976e+01 4.500000e-01
    endloop
  endfacet
  facet normal 5.356128e-01 -8.444636e-01 -1.505547e-04
    outer loop
      vertex 4.527283e+01 -1.206976e+01 4.500000e-01
      vertex 4.599094e+01 -1.161424e+01 1.978710e-01
      vertex 4.494526e+01 -1.227755e+01 6.000000e-01
    endloop
  endfacet
  facet normal 5.356547e-01 -8.444371e-01 0.000000e+00
    outer loop
      vertex 4.563188e+01 -1.184200e+01 3.000000e-01
      vertex 4.527283e+01 -1.206976e+01 4.500000e-01
      vertex 4.527283e+01 -1.206976e+01 3.000000e-01
    endloop
  endfacet
  facet normal 5.356293e-01 -8.444533e-01 -8.536538e-05
    outer loop
      vertex 4.563188e+01 -1.184200e+01 3.000000e-01
      vertex 4.599094e+01 -1.161424e+01 1.978710e-01
      vertex 4.527283e+01 -1.206976e+01 4.500000e-01
    endloop
  endfacet
  facet normal 5.356495e-01 -8.444404e-01 0.000000e+00
    outer loop
      vertex 4.455472e+01 -1.252529e+01 4.500000e-01
      vertex 4.372671e+01 -1.305051e+01 6.000000e-01
      vertex 4.455472e+01 -1.252529e+01 3.000000e-01
    endloop
  endfacet
  facet normal 5.356567e-01 -8.444359e-01 2.793521e-05
    outer loop
      vertex 4.250816e+01 -1.382348e+01 6.000000e-01
      vertex 4.455472e+01 -1.252529e+01 3.000000e-01
      vertex 4.372671e+01 -1.305051e+01 6.000000e-01
    endloop
  endfacet
  facet normal 5.356529e-01 -8.444383e-01 2.668591e-05
    outer loop
      vertex 4.494526e+01 -1.227755e+01 6.000000e-01
      vertex 4.372671e+01 -1.305051e+01 6.000000e-01
      vertex 4.455472e+01 -1.252529e+01 4.500000e-01
    endloop
  endfacet
  facet normal 5.356529e-01 -8.444383e-01 -8.363211e-06
    outer loop
      vertex 4.390188e+01 -1.293940e+01 2.431752e-13
      vertex 4.455472e+01 -1.252529e+01 3.000000e-01
      vertex 4.250816e+01 -1.382348e+01 6.000000e-01
    endloop
  endfacet
  facet normal 5.356529e-01 -8.444383e-01 -2.664262e-06
    outer loop
      vertex 4.128961e+01 -1.459645e+01 6.000000e-01
      vertex 4.181283e+01 -1.426455e+01 2.456324e-13
      vertex 4.250816e+01 -1.382348e+01 6.000000e-01
    endloop
  endfacet
  facet normal 5.356529e-01 -8.444383e-01 -9.703748e-07
    outer loop
      vertex 4.007106e+01 -1.536942e+01 6.000000e-01
      vertex 3.885251e+01 -1.614238e+01 6.000000e-01
      vertex 3.972378e+01 -1.558971e+01 2.480896e-13
    endloop
  endfacet
  facet normal 5.356529e-01 -8.444383e-01 -6.087667e-06
    outer loop
      vertex 3.763472e+01 -1.691487e+01 2.505468e-13
      vertex 3.763396e+01 -1.691536e+01 6.000000e-01
      vertex 3.641540e+01 -1.768832e+01 6.000000e-01
    endloop
  endfacet
  facet normal 5.356541e-01 -8.444375e-01 -2.807283e-06
    outer loop
      vertex 3.763472e+01 -1.691487e+01 2.505468e-13
      vertex 3.641540e+01 -1.768832e+01 6.000000e-01
      vertex 3.554566e+01 -1.824002e+01 2.530040e-13
    endloop
  endfacet
  facet normal 5.356567e-01 -8.444359e-01 -6.080927e-06
    outer loop
      vertex 3.763472e+01 -1.691487e+01 2.505468e-13
      vertex 3.885251e+01 -1.614238e+01 6.000000e-01
      vertex 3.763396e+01 -1.691536e+01 6.000000e-01
    endloop
  endfacet
  facet normal 5.356567e-01 -8.444359e-01 -8.131320e-06
    outer loop
      vertex 3.519685e+01 -1.846129e+01 6.000000e-01
      vertex 3.554566e+01 -1.824002e+01 2.530040e-13
      vertex 3.641540e+01 -1.768832e+01 6.000000e-01
    endloop
  endfacet
  facet normal 5.356541e-01 -8.444375e-01 1.373642e-06
    outer loop
      vertex 3.972378e+01 -1.558971e+01 2.480896e-13
      vertex 3.885251e+01 -1.614238e+01 6.000000e-01
      vertex 3.763472e+01 -1.691487e+01 2.505468e-13
    endloop
  endfacet
  facet normal 5.356529e-01 -8.444383e-01 -1.120496e-05
    outer loop
      vertex 3.554566e+01 -1.824002e+01 2.530040e-13
      vertex 3.519685e+01 -1.846129e+01 6.000000e-01
      vertex 3.397830e+01 -1.923426e+01 6.000000e-01
    endloop
  endfacet
  facet normal 5.356541e-01 -8.444375e-01 -6.988208e-06
    outer loop
      vertex 3.554566e+01 -1.824002e+01 2.530040e-13
      vertex 3.397830e+01 -1.923426e+01 6.000000e-01
      vertex 3.345660e+01 -1.956518e+01 2.554612e-13
    endloop
  endfacet
  facet normal 5.356529e-01 -8.444383e-01 -9.511072e-06
    outer loop
      vertex 3.345660e+01 -1.956518e+01 2.554612e-13
      vertex 3.275974e+01 -2.000723e+01 6.000000e-01
      vertex 3.154119e+01 -2.078019e+01 6.000000e-01
    endloop
  endfacet
  facet normal 5.356555e-01 -8.444366e-01 1.887121e-06
    outer loop
      vertex 3.345660e+01 -1.956518e+01 2.554612e-13
      vertex 3.154119e+01 -2.078019e+01 6.000000e-01
      vertex 3.136755e+01 -2.089034e+01 2.579184e-13
    endloop
  endfacet
  facet normal 5.356567e-01 -8.444359e-01 -6.600466e-07
    outer loop
      vertex 2.927849e+01 -2.221550e+01 2.603756e-13
      vertex 2.910409e+01 -2.232613e+01 6.000000e-01
      vertex 2.788553e+01 -2.309910e+01 6.000000e-01
    endloop
  endfacet
  facet normal 5.356547e-01 -8.444371e-01 -6.916101e-06
    outer loop
      vertex 2.927849e+01 -2.221550e+01 2.603756e-13
      vertex 2.788553e+01 -2.309910e+01 6.000000e-01
      vertex 2.718944e+01 -2.354065e+01 2.628329e-13
    endloop
  endfacet
  facet normal 5.356529e-01 -8.444383e-01 -3.908593e-06
    outer loop
      vertex 2.718944e+01 -2.354065e+01 2.628329e-13
      vertex 2.666698e+01 -2.387207e+01 6.000000e-01
      vertex 2.544843e+01 -2.464503e+01 6.000000e-01
    endloop
  endfacet
  facet normal 5.356541e-01 -8.444375e-01 7.753281e-07
    outer loop
      vertex 2.718944e+01 -2.354065e+01 2.628329e-13
      vertex 2.544843e+01 -2.464503e+01 6.000000e-01
      vertex 2.510038e+01 -2.486581e+01 2.652901e-13
    endloop
  endfacet
  facet normal 5.356567e-01 -8.444359e-01 1.390347e-06
    outer loop
      vertex 3.136755e+01 -2.089034e+01 2.579184e-13
      vertex 3.154119e+01 -2.078019e+01 6.000000e-01
      vertex 3.032264e+01 -2.155317e+01 6.000000e-01
    endloop
  endfacet
  facet normal 5.356541e-01 -8.444375e-01 -5.005997e-06
    outer loop
      vertex 3.136755e+01 -2.089034e+01 2.579184e-13
      vertex 3.032264e+01 -2.155317e+01 6.000000e-01
      vertex 2.927849e+01 -2.221550e+01 2.603756e-13
    endloop
  endfacet
  facet normal 5.356529e-01 -8.444383e-01 -9.025885e-06
    outer loop
      vertex 2.510038e+01 -2.486581e+01 2.652901e-13
      vertex 2.422988e+01 -2.541800e+01 6.000000e-01
      vertex 2.301133e+01 -2.619097e+01 6.000000e-01
    endloop
  endfacet
  facet normal 5.356547e-01 -8.444371e-01 0.000000e+00
    outer loop
      vertex 2.510038e+01 -2.486581e+01 2.652901e-13
      vertex 2.301133e+01 -2.619097e+01 6.000000e-01
      vertex 2.301133e+01 -2.619097e+01 2.677473e-13
    endloop
  endfacet
  facet normal 5.356542e-01 -8.444374e-01 -7.265657e-06
    outer loop
      vertex 3.275974e+01 -2.000723e+01 6.000000e-01
      vertex 3.345660e+01 -1.956518e+01 2.554612e-13
      vertex 3.397830e+01 -1.923426e+01 6.000000e-01
    endloop
  endfacet
  facet normal 5.356529e-01 -8.444383e-01 -3.908593e-06
    outer loop
      vertex 2.718944e+01 -2.354065e+01 2.628329e-13
      vertex 2.788553e+01 -2.309910e+01 6.000000e-01
      vertex 2.666698e+01 -2.387207e+01 6.000000e-01
    endloop
  endfacet
  facet normal 5.356567e-01 -8.444359e-01 -1.355220e-06
    outer loop
      vertex 2.510038e+01 -2.486581e+01 2.652901e-13
      vertex 2.544843e+01 -2.464503e+01 6.000000e-01
      vertex 2.422988e+01 -2.541800e+01 6.000000e-01
    endloop
  endfacet
  facet normal 5.356529e-01 -8.444383e-01 -2.196890e-06
    outer loop
      vertex 2.910409e+01 -2.232613e+01 6.000000e-01
      vertex 2.927849e+01 -2.221550e+01 2.603756e-13
      vertex 3.032264e+01 -2.155317e+01 6.000000e-01
    endloop
  endfacet
  facet normal -9.771767e-01 2.124281e-01 0.000000e+00
    outer loop
      vertex 2.710819e+01 -7.345420e+00 4.500000e-01
      vertex 2.710819e+01 -7.345420e+00 3.000000e-01
      vertex 2.693006e+01 -8.164788e+00 3.000000e-01
    endloop
  endfacet
  facet normal -9.771767e-01 2.124281e-01 0.000000e+00
    outer loop
      vertex 2.710819e+01 -7.345420e+00 4.500000e-01
      vertex 2.693006e+01 -8.164788e+00 3.000000e-01
      vertex 2.693006e+01 -8.164788e+00 4.500000e-01
    endloop
  endfacet
  facet normal -9.771771e-01 2.124262e-01 0.000000e+00
    outer loop
      vertex 2.719725e+01 -6.935729e+00 3.000000e-01
      vertex 2.719725e+01 -6.935729e+00 2.250000e-01
      vertex 2.710819e+01 -7.345420e+00 2.250000e-01
    endloop
  endfacet
  facet normal -9.771771e-01 2.124262e-01 0.000000e+00
    outer loop
      vertex 2.719725e+01 -6.935729e+00 3.000000e-01
      vertex 2.710819e+01 -7.345420e+00 2.250000e-01
      vertex 2.710819e+01 -7.345420e+00 3.000000e-01
    endloop
  endfacet
  facet normal -9.771771e-01 2.124262e-01 0.000000e+00
    outer loop
      vertex 2.719725e+01 -6.935729e+00 2.250000e-01
      vertex 2.719725e+01 -6.935729e+00 1.500000e-01
      vertex 2.710819e+01 -7.345420e+00 1.500000e-01
    endloop
  endfacet
  facet normal -9.771771e-01 2.124262e-01 0.000000e+00
    outer loop
      vertex 2.719725e+01 -6.935729e+00 2.250000e-01
      vertex 2.710819e+01 -7.345420e+00 1.500000e-01
      vertex 2.710819e+01 -7.345420e+00 2.250000e-01
    endloop
  endfacet
  facet normal -9.771767e-01 2.124281e-01 0.000000e+00
    outer loop
      vertex 2.710819e+01 -7.345420e+00 2.250000e-01
      vertex 2.693006e+01 -8.164788e+00 3.000000e-01
      vertex 2.710819e+01 -7.345420e+00 3.000000e-01
    endloop
  endfacet
  facet normal -9.771767e-01 2.124281e-01 0.000000e+00
    outer loop
      vertex 2.693006e+01 -8.164788e+00 1.500000e-01
      vertex 2.710819e+01 -7.345420e+00 2.250000e-01
      vertex 2.710819e+01 -7.345420e+00 1.500000e-01
    endloop
  endfacet
  facet normal -9.771767e-01 2.124281e-01 0.000000e+00
    outer loop
      vertex 2.693006e+01 -8.164788e+00 3.000000e-01
      vertex 2.710819e+01 -7.345420e+00 2.250000e-01
      vertex 2.693006e+01 -8.164788e+00 1.500000e-01
    endloop
  endfacet
  facet normal -9.771771e-01 2.124262e-01 0.000000e+00
    outer loop
      vertex 2.719725e+01 -6.935729e+00 1.500000e-01
      vertex 2.719725e+01 -6.935729e+00 7.500000e-02
      vertex 2.710819e+01 -7.345420e+00 7.500000e-02
    endloop
  endfacet
  facet normal -9.771771e-01 2.124262e-01 0.000000e+00
    outer loop
      vertex 2.719725e+01 -6.935729e+00 1.500000e-01
      vertex 2.710819e+01 -7.345420e+00 7.500000e-02
      vertex 2.710819e+01 -7.345420e+00 1.500000e-01
    endloop
  endfacet
  facet normal -9.771762e-01 2.124303e-01 0.000000e+00
    outer loop
      vertex 2.301133e+01 -2.619097e+01 2.677473e-13
      vertex 2.301133e+01 -2.619097e+01 6.000000e-01
      vertex 2.332521e+01 -2.474712e+01 6.000000e-01
    endloop
  endfacet
  facet normal -9.771765e-01 2.124288e-01 3.841978e-06
    outer loop
      vertex 2.301133e+01 -2.619097e+01 2.677473e-13
      vertex 2.332521e+01 -2.474712e+01 6.000000e-01
      vertex 2.354570e+01 -2.373285e+01 2.674177e-13
    endloop
  endfacet
  facet normal -9.771764e-01 2.124292e-01 4.643364e-06
    outer loop
      vertex 2.363909e+01 -2.330326e+01 6.000000e-01
      vertex 2.354570e+01 -2.373285e+01 2.674177e-13
      vertex 2.332521e+01 -2.474712e+01 6.000000e-01
    endloop
  endfacet
  facet normal -9.771764e-01 2.124292e-01 4.643364e-06
    outer loop
      vertex 2.354570e+01 -2.373285e+01 2.674177e-13
      vertex 2.363909e+01 -2.330326e+01 6.000000e-01
      vertex 2.395297e+01 -2.185941e+01 6.000000e-01
    endloop
  endfacet
  facet normal -9.771762e-01 2.124302e-01 1.388592e-06
    outer loop
      vertex 2.354570e+01 -2.373285e+01 2.674177e-13
      vertex 2.395297e+01 -2.185941e+01 6.000000e-01
      vertex 2.408007e+01 -2.127474e+01 2.670881e-13
    endloop
  endfacet
  facet normal -9.771764e-01 2.124292e-01 -1.196525e-06
    outer loop
      vertex 2.461445e+01 -1.881662e+01 2.667584e-13
      vertex 2.458073e+01 -1.897171e+01 6.000000e-01
      vertex 2.489461e+01 -1.752785e+01 6.000000e-01
    endloop
  endfacet
  facet normal -9.771765e-01 2.124288e-01 -1.782501e-07
    outer loop
      vertex 2.461445e+01 -1.881662e+01 2.667584e-13
      vertex 2.489461e+01 -1.752785e+01 6.000000e-01
      vertex 2.514882e+01 -1.635851e+01 2.664288e-13
    endloop
  endfacet
  facet normal -9.771764e-01 2.124292e-01 3.074008e-06
    outer loop
      vertex 2.408007e+01 -2.127474e+01 2.670881e-13
      vertex 2.426685e+01 -2.041556e+01 6.000000e-01
      vertex 2.458073e+01 -1.897171e+01 6.000000e-01
    endloop
  endfacet
  facet normal -9.771762e-01 2.124302e-01 -9.270968e-07
    outer loop
      vertex 2.408007e+01 -2.127474e+01 2.670881e-13
      vertex 2.458073e+01 -1.897171e+01 6.000000e-01
      vertex 2.461445e+01 -1.881662e+01 2.667584e-13
    endloop
  endfacet
  facet normal -9.771764e-01 2.124292e-01 3.446839e-06
    outer loop
      vertex 2.514882e+01 -1.635851e+01 2.664288e-13
      vertex 2.520849e+01 -1.608400e+01 6.000000e-01
      vertex 2.552238e+01 -1.464015e+01 6.000000e-01
    endloop
  endfacet
  facet normal -9.771762e-01 2.124302e-01 4.614949e-07
    outer loop
      vertex 2.514882e+01 -1.635851e+01 2.664288e-13
      vertex 2.552238e+01 -1.464015e+01 6.000000e-01
      vertex 2.568319e+01 -1.390039e+01 2.660992e-13
    endloop
  endfacet
  facet normal -9.771762e-01 2.124303e-01 1.466644e-06
    outer loop
      vertex 2.426685e+01 -2.041556e+01 6.000000e-01
      vertex 2.408007e+01 -2.127474e+01 2.670881e-13
      vertex 2.395297e+01 -2.185941e+01 6.000000e-01
    endloop
  endfacet
  facet normal -9.771762e-01 2.124303e-01 2.933288e-06
    outer loop
      vertex 2.514882e+01 -1.635851e+01 2.664288e-13
      vertex 2.489461e+01 -1.752785e+01 6.000000e-01
      vertex 2.520849e+01 -1.608400e+01 6.000000e-01
    endloop
  endfacet
  facet normal -9.771764e-01 2.124292e-01 -8.236945e-07
    outer loop
      vertex 2.568319e+01 -1.390039e+01 2.660992e-13
      vertex 2.552238e+01 -1.464015e+01 6.000000e-01
      vertex 2.583626e+01 -1.319629e+01 6.000000e-01
    endloop
  endfacet
  facet normal -9.771764e-01 2.124296e-01 5.061522e-07
    outer loop
      vertex 2.615014e+01 -1.175245e+01 6.000000e-01
      vertex 2.621757e+01 -1.144227e+01 2.657696e-13
      vertex 2.568319e+01 -1.390039e+01 2.660992e-13
    endloop
  endfacet
  facet normal -9.771762e-01 2.124303e-01 -2.140940e-06
    outer loop
      vertex 2.615014e+01 -1.175245e+01 6.000000e-01
      vertex 2.568319e+01 -1.390039e+01 2.660992e-13
      vertex 2.583626e+01 -1.319629e+01 6.000000e-01
    endloop
  endfacet
  facet normal -9.771765e-01 2.124288e-01 1.203863e-06
    outer loop
      vertex 2.675194e+01 -8.984159e+00 2.654400e-13
      vertex 2.621757e+01 -1.144227e+01 2.657696e-13
      vertex 2.646402e+01 -1.030859e+01 6.000000e-01
    endloop
  endfacet
  facet normal -9.771767e-01 2.124281e-01 0.000000e+00
    outer loop
      vertex 2.710819e+01 -7.345420e+00 1.500000e-01
      vertex 2.710819e+01 -7.345420e+00 7.500000e-02
      vertex 2.693006e+01 -8.164788e+00 1.500000e-01
    endloop
  endfacet
  facet normal -9.771762e-01 2.124302e-01 2.377042e-05
    outer loop
      vertex 2.675194e+01 -8.984159e+00 2.654400e-13
      vertex 2.693006e+01 -8.164788e+00 1.500000e-01
      vertex 2.710819e+01 -7.345420e+00 7.500000e-02
    endloop
  endfacet
  facet normal -9.771762e-01 2.124302e-01 2.377042e-05
    outer loop
      vertex 2.710819e+01 -7.345420e+00 7.500000e-02
      vertex 2.728631e+01 -6.526038e+00 2.651104e-13
      vertex 2.675194e+01 -8.984159e+00 2.654400e-13
    endloop
  endfacet
  facet normal -9.771754e-01 2.124344e-01 0.000000e+00
    outer loop
      vertex 2.693006e+01 -8.164788e+00 1.500000e-01
      vertex 2.675194e+01 -8.984159e+00 2.654400e-13
      vertex 2.693006e+01 -8.164788e+00 3.000000e-01
    endloop
  endfacet
  facet normal -9.771762e-01 2.124300e-01 0.000000e+00
    outer loop
      vertex 2.728631e+01 -6.526038e+00 2.651104e-13
      vertex 2.719725e+01 -6.935729e+00 7.500000e-02
      vertex 2.719725e+01 -6.935729e+00 1.500000e-01
    endloop
  endfacet
  facet normal -9.771762e-01 2.124300e-01 0.000000e+00
    outer loop
      vertex 2.728631e+01 -6.526038e+00 2.651104e-13
      vertex 2.719725e+01 -6.935729e+00 1.500000e-01
      vertex 2.728631e+01 -6.526038e+00 1.978710e-01
    endloop
  endfacet
  facet normal -9.771771e-01 2.124262e-01 -2.160911e-05
    outer loop
      vertex 2.710819e+01 -7.345420e+00 7.500000e-02
      vertex 2.719725e+01 -6.935729e+00 7.500000e-02
      vertex 2.728631e+01 -6.526038e+00 2.651104e-13
    endloop
  endfacet
  facet normal -9.771762e-01 2.124300e-01 0.000000e+00
    outer loop
      vertex 2.719725e+01 -6.935729e+00 1.500000e-01
      vertex 2.719725e+01 -6.935729e+00 2.250000e-01
      vertex 2.728631e+01 -6.526038e+00 1.978710e-01
    endloop
  endfacet
  facet normal -9.771755e-01 2.124334e-01 0.000000e+00
    outer loop
      vertex 2.677790e+01 -8.864730e+00 6.000000e-01
      vertex 2.693006e+01 -8.164788e+00 4.500000e-01
      vertex 2.693006e+01 -8.164788e+00 3.000000e-01
    endloop
  endfacet
  facet normal -9.771764e-01 2.124292e-01 -1.023159e-05
    outer loop
      vertex 2.693006e+01 -8.164788e+00 3.000000e-01
      vertex 2.646402e+01 -1.030859e+01 6.000000e-01
      vertex 2.677790e+01 -8.864730e+00 6.000000e-01
    endloop
  endfacet
  facet normal -9.771767e-01 2.124281e-01 -4.037571e-06
    outer loop
      vertex 2.709178e+01 -7.420890e+00 6.000000e-01
      vertex 2.710819e+01 -7.345420e+00 4.500000e-01
      vertex 2.693006e+01 -8.164788e+00 4.500000e-01
    endloop
  endfacet
  facet normal -9.771762e-01 2.124303e-01 -1.522531e-05
    outer loop
      vertex 2.709178e+01 -7.420890e+00 6.000000e-01
      vertex 2.693006e+01 -8.164788e+00 4.500000e-01
      vertex 2.677790e+01 -8.864730e+00 6.000000e-01
    endloop
  endfacet
  facet normal -9.771760e-01 2.124316e-01 7.829287e-06
    outer loop
      vertex 2.675194e+01 -8.984159e+00 2.654400e-13
      vertex 2.646402e+01 -1.030859e+01 6.000000e-01
      vertex 2.693006e+01 -8.164788e+00 3.000000e-01
    endloop
  endfacet
  facet normal -9.771776e-01 2.124241e-01 -6.169187e-06
    outer loop
      vertex 2.719725e+01 -6.935729e+00 3.000000e-01
      vertex 2.710819e+01 -7.345420e+00 4.500000e-01
      vertex 2.709178e+01 -7.420890e+00 6.000000e-01
    endloop
  endfacet
  facet normal -9.771771e-01 2.124262e-01 0.000000e+00
    outer loop
      vertex 2.710819e+01 -7.345420e+00 3.000000e-01
      vertex 2.710819e+01 -7.345420e+00 4.500000e-01
      vertex 2.719725e+01 -6.935729e+00 3.000000e-01
    endloop
  endfacet
  facet normal -9.771760e-01 2.124316e-01 6.502763e-06
    outer loop
      vertex 2.728631e+01 -6.526038e+00 1.978710e-01
      vertex 2.719725e+01 -6.935729e+00 3.000000e-01
      vertex 2.709178e+01 -7.420890e+00 6.000000e-01
    endloop
  endfacet
  facet normal -9.771762e-01 2.124300e-01 0.000000e+00
    outer loop
      vertex 2.719725e+01 -6.935729e+00 3.000000e-01
      vertex 2.728631e+01 -6.526038e+00 1.978710e-01
      vertex 2.719725e+01 -6.935729e+00 2.250000e-01
    endloop
  endfacet
  facet normal -9.771764e-01 2.124292e-01 3.081263e-07
    outer loop
      vertex 2.615014e+01 -1.175245e+01 6.000000e-01
      vertex 2.646402e+01 -1.030859e+01 6.000000e-01
      vertex 2.621757e+01 -1.144227e+01 2.657696e-13
    endloop
  endfacet
  facet normal 1.157489e-01 4.319761e-01 8.944265e-01
    outer loop
      vertex 1.405783e+01 -1.124284e+01 2.250000e-01
      vertex 1.319558e+01 -1.101180e+01 2.250000e-01
      vertex 1.300147e+01 -1.173624e+01 6.000000e-01
    endloop
  endfacet
  facet normal 1.157497e-01 4.319748e-01 8.944271e-01
    outer loop
      vertex 1.405783e+01 -1.124284e+01 2.250000e-01
      vertex 1.300147e+01 -1.173624e+01 6.000000e-01
      vertex 1.416916e+01 -1.204913e+01 6.000000e-01
    endloop
  endfacet
  facet normal 1.157466e-01 4.319737e-01 8.944280e-01
    outer loop
      vertex 1.416916e+01 -1.204913e+01 6.000000e-01
      vertex 1.533685e+01 -1.236201e+01 6.000000e-01
      vertex 1.578233e+01 -1.170491e+01 2.250000e-01
    endloop
  endfacet
  facet normal 1.157475e-01 4.319709e-01 8.944293e-01
    outer loop
      vertex 1.416916e+01 -1.204913e+01 6.000000e-01
      vertex 1.578233e+01 -1.170491e+01 2.250000e-01
      vertex 1.492008e+01 -1.147387e+01 2.250000e-01
    endloop
  endfacet
  facet normal 1.157470e-01 4.319752e-01 8.944272e-01
    outer loop
      vertex 1.533685e+01 -1.236201e+01 6.000000e-01
      vertex 1.650455e+01 -1.267489e+01 6.000000e-01
      vertex 1.664458e+01 -1.193596e+01 2.250000e-01
    endloop
  endfacet
  facet normal 1.157480e-01 4.319729e-01 8.944282e-01
    outer loop
      vertex 1.533685e+01 -1.236201e+01 6.000000e-01
      vertex 1.664458e+01 -1.193596e+01 2.250000e-01
      vertex 1.578233e+01 -1.170491e+01 2.250000e-01
    endloop
  endfacet
  facet normal 1.157441e-01 4.319744e-01 8.944280e-01
    outer loop
      vertex 1.416916e+01 -1.204913e+01 6.000000e-01
      vertex 1.492008e+01 -1.147387e+01 2.250000e-01
      vertex 1.405783e+01 -1.124284e+01 2.250000e-01
    endloop
  endfacet
  facet normal 1.157481e-01 4.319750e-01 8.944272e-01
    outer loop
      vertex 1.750683e+01 -1.216700e+01 2.250000e-01
      vertex 1.664458e+01 -1.193596e+01 2.250000e-01
      vertex 1.650455e+01 -1.267489e+01 6.000000e-01
    endloop
  endfacet
  facet normal 1.157472e-01 4.319763e-01 8.944267e-01
    outer loop
      vertex 1.750683e+01 -1.216700e+01 2.250000e-01
      vertex 1.650455e+01 -1.267489e+01 6.000000e-01
      vertex 1.767224e+01 -1.298777e+01 6.000000e-01
    endloop
  endfacet
  facet normal 1.157469e-01 4.319765e-01 8.944266e-01
    outer loop
      vertex 1.767224e+01 -1.298777e+01 6.000000e-01
      vertex 1.883994e+01 -1.330066e+01 6.000000e-01
      vertex 1.923132e+01 -1.262907e+01 2.250000e-01
    endloop
  endfacet
  facet normal 1.157481e-01 4.319731e-01 8.944281e-01
    outer loop
      vertex 1.767224e+01 -1.298777e+01 6.000000e-01
      vertex 1.923132e+01 -1.262907e+01 2.250000e-01
      vertex 1.836907e+01 -1.239803e+01 2.250000e-01
    endloop
  endfacet
  facet normal 1.157500e-01 4.319759e-01 8.944265e-01
    outer loop
      vertex 2.000764e+01 -1.361354e+01 6.000000e-01
      vertex 2.117533e+01 -1.392643e+01 6.000000e-01
      vertex 2.095582e+01 -1.309115e+01 2.250000e-01
    endloop
  endfacet
  facet normal 1.157491e-01 4.319771e-01 8.944260e-01
    outer loop
      vertex 2.000764e+01 -1.361354e+01 6.000000e-01
      vertex 2.095582e+01 -1.309115e+01 2.250000e-01
      vertex 2.009357e+01 -1.286011e+01 2.250000e-01
    endloop
  endfacet
  facet normal 1.157468e-01 4.319745e-01 8.944276e-01
    outer loop
      vertex 2.117533e+01 -1.392643e+01 6.000000e-01
      vertex 2.234302e+01 -1.423931e+01 6.000000e-01
      vertex 2.268032e+01 -1.355323e+01 2.250000e-01
    endloop
  endfacet
  facet normal 1.157477e-01 4.319718e-01 8.944288e-01
    outer loop
      vertex 2.117533e+01 -1.392643e+01 6.000000e-01
      vertex 2.268032e+01 -1.355323e+01 2.250000e-01
      vertex 2.181807e+01 -1.332219e+01 2.250000e-01
    endloop
  endfacet
  facet normal 1.157475e-01 4.319773e-01 8.944261e-01
    outer loop
      vertex 1.883994e+01 -1.330066e+01 6.000000e-01
      vertex 2.000764e+01 -1.361354e+01 6.000000e-01
      vertex 2.009357e+01 -1.286011e+01 2.250000e-01
    endloop
  endfacet
  facet normal 1.157483e-01 4.319758e-01 8.944268e-01
    outer loop
      vertex 1.883994e+01 -1.330066e+01 6.000000e-01
      vertex 2.009357e+01 -1.286011e+01 2.250000e-01
      vertex 1.923132e+01 -1.262907e+01 2.250000e-01
    endloop
  endfacet
  facet normal 1.157442e-01 4.319749e-01 8.944277e-01
    outer loop
      vertex 2.117533e+01 -1.392643e+01 6.000000e-01
      vertex 2.181807e+01 -1.332219e+01 2.250000e-01
      vertex 2.095582e+01 -1.309115e+01 2.250000e-01
    endloop
  endfacet
  facet normal 1.157450e-01 4.319760e-01 8.944271e-01
    outer loop
      vertex 1.750683e+01 -1.216700e+01 2.250000e-01
      vertex 1.767224e+01 -1.298777e+01 6.000000e-01
      vertex 1.836907e+01 -1.239803e+01 2.250000e-01
    endloop
  endfacet
  facet normal 0.000000e+00 0.000000e+00 1.000000e+00
    outer loop
      vertex 1.555247e+01 -1.622808e+01 6.000000e-01
      vertex 1.602851e+01 -1.445149e+01 6.000000e-01
      vertex 1.486082e+01 -1.413861e+01 6.000000e-01
    endloop
  endfacet
  facet normal 0.000000e+00 0.000000e+00 1.000000e+00
    outer loop
      vertex 1.555247e+01 -1.622808e+01 6.000000e-01
      vertex 1.486082e+01 -1.413861e+01 6.000000e-01
      vertex 1.438478e+01 -1.591520e+01 6.000000e-01
    endloop
  endfacet
  facet normal 0.000000e+00 0.000000e+00 1.000000e+00
    outer loop
      vertex 1.507644e+01 -1.800468e+01 6.000000e-01
      vertex 1.555247e+01 -1.622808e+01 6.000000e-01
      vertex 1.438478e+01 -1.591520e+01 6.000000e-01
    endloop
  endfacet
  facet normal 0.000000e+00 0.000000e+00 1.000000e+00
    outer loop
      vertex 1.507644e+01 -1.800468e+01 6.000000e-01
      vertex 1.438478e+01 -1.591520e+01 6.000000e-01
      vertex 1.390874e+01 -1.769180e+01 6.000000e-01
    endloop
  endfacet
  facet normal 0.000000e+00 0.000000e+00 1.000000e+00
    outer loop
      vertex 1.460040e+01 -1.978128e+01 6.000000e-01
      vertex 1.507644e+01 -1.800468e+01 6.000000e-01
      vertex 1.390874e+01 -1.769180e+01 6.000000e-01
    endloop
  endfacet
  facet normal 0.000000e+00 0.000000e+00 1.000000e+00
    outer loop
      vertex 1.460040e+01 -1.978128e+01 6.000000e-01
      vertex 1.390874e+01 -1.769180e+01 6.000000e-01
      vertex 1.343270e+01 -1.946840e+01 6.000000e-01
    endloop
  endfacet
  facet normal 0.000000e+00 0.000000e+00 1.000000e+00
    outer loop
      vertex 1.412436e+01 -2.155788e+01 6.000000e-01
      vertex 1.460040e+01 -1.978128e+01 6.000000e-01
      vertex 1.343270e+01 -1.946840e+01 6.000000e-01
    endloop
  endfacet
  facet normal 0.000000e+00 0.000000e+00 1.000000e+00
    outer loop
      vertex 1.412436e+01 -2.155788e+01 6.000000e-01
      vertex 1.343270e+01 -1.946840e+01 6.000000e-01
      vertex 1.295667e+01 -2.124500e+01 6.000000e-01
    endloop
  endfacet
  facet normal 0.000000e+00 0.000000e+00 1.000000e+00
    outer loop
      vertex 1.364832e+01 -2.333448e+01 6.000000e-01
      vertex 1.412436e+01 -2.155788e+01 6.000000e-01
      vertex 1.295667e+01 -2.124500e+01 6.000000e-01
    endloop
  endfacet
  facet normal 0.000000e+00 0.000000e+00 1.000000e+00
    outer loop
      vertex 1.364832e+01 -2.333448e+01 6.000000e-01
      vertex 1.295667e+01 -2.124500e+01 6.000000e-01
      vertex 1.248063e+01 -2.302160e+01 6.000000e-01
    endloop
  endfacet
  facet normal 0.000000e+00 0.000000e+00 1.000000e+00
    outer loop
      vertex 1.317229e+01 -2.511107e+01 6.000000e-01
      vertex 1.364832e+01 -2.333448e+01 6.000000e-01
      vertex 1.248063e+01 -2.302160e+01 6.000000e-01
    endloop
  endfacet
  facet normal 0.000000e+00 0.000000e+00 1.000000e+00
    outer loop
      vertex 1.317229e+01 -2.511107e+01 6.000000e-01
      vertex 1.248063e+01 -2.302160e+01 6.000000e-01
      vertex 1.200459e+01 -2.479819e+01 6.000000e-01
    endloop
  endfacet
  facet normal 0.000000e+00 0.000000e+00 1.000000e+00
    outer loop
      vertex 1.269625e+01 -2.688767e+01 6.000000e-01
      vertex 1.317229e+01 -2.511107e+01 6.000000e-01
      vertex 1.200459e+01 -2.479819e+01 6.000000e-01
    endloop
  endfacet
  facet normal 0.000000e+00 0.000000e+00 1.000000e+00
    outer loop
      vertex 1.269625e+01 -2.688767e+01 6.000000e-01
      vertex 1.200459e+01 -2.479819e+01 6.000000e-01
      vertex 1.152855e+01 -2.657479e+01 6.000000e-01
    endloop
  endfacet
  facet normal 0.000000e+00 0.000000e+00 1.000000e+00
    outer loop
      vertex 1.222021e+01 -2.866426e+01 6.000000e-01
      vertex 1.269625e+01 -2.688767e+01 6.000000e-01
      vertex 1.152855e+01 -2.657479e+01 6.000000e-01
    endloop
  endfacet
  facet normal 0.000000e+00 0.000000e+00 1.000000e+00
    outer loop
      vertex 1.222021e+01 -2.866426e+01 6.000000e-01
      vertex 1.152855e+01 -2.657479e+01 6.000000e-01
      vertex 1.105252e+01 -2.835138e+01 6.000000e-01
    endloop
  endfacet
  facet normal 0.000000e+00 0.000000e+00 1.000000e+00
    outer loop
      vertex 1.174417e+01 -3.044086e+01 6.000000e-01
      vertex 1.222021e+01 -2.866426e+01 6.000000e-01
      vertex 1.105252e+01 -2.835138e+01 6.000000e-01
    endloop
  endfacet
  facet normal 0.000000e+00 0.000000e+00 1.000000e+00
    outer loop
      vertex 1.174417e+01 -3.044086e+01 6.000000e-01
      vertex 1.105252e+01 -2.835138e+01 6.000000e-01
      vertex 1.057648e+01 -3.012798e+01 6.000000e-01
    endloop
  endfacet
  facet normal 0.000000e+00 0.000000e+00 1.000000e+00
    outer loop
      vertex 1.126813e+01 -3.221747e+01 6.000000e-01
      vertex 1.174417e+01 -3.044086e+01 6.000000e-01
      vertex 1.057648e+01 -3.012798e+01 6.000000e-01
    endloop
  endfacet
  facet normal 0.000000e+00 0.000000e+00 1.000000e+00
    outer loop
      vertex 1.126813e+01 -3.221747e+01 6.000000e-01
      vertex 1.057648e+01 -3.012798e+01 6.000000e-01
      vertex 1.010044e+01 -3.190458e+01 6.000000e-01
    endloop
  endfacet
  facet normal 0.000000e+00 0.000000e+00 1.000000e+00
    outer loop
      vertex 1.079210e+01 -3.399407e+01 6.000000e-01
      vertex 1.126813e+01 -3.221747e+01 6.000000e-01
      vertex 1.010044e+01 -3.190458e+01 6.000000e-01
    endloop
  endfacet
  facet normal 0.000000e+00 0.000000e+00 1.000000e+00
    outer loop
      vertex 1.079210e+01 -3.399407e+01 6.000000e-01
      vertex 1.010044e+01 -3.190458e+01 6.000000e-01
      vertex 9.624401e+00 -3.368119e+01 6.000000e-01
    endloop
  endfacet
  facet normal 0.000000e+00 0.000000e+00 1.000000e+00
    outer loop
      vertex 1.243583e+01 -3.253035e+01 6.000000e-01
      vertex 1.291187e+01 -3.075376e+01 6.000000e-01
      vertex 1.174417e+01 -3.044086e+01 6.000000e-01
    endloop
  endfacet
  facet normal 0.000000e+00 0.000000e+00 1.000000e+00
    outer loop
      vertex 1.243583e+01 -3.253035e+01 6.000000e-01
      vertex 1.174417e+01 -3.044086e+01 6.000000e-01
      vertex 1.126813e+01 -3.221747e+01 6.000000e-01
    endloop
  endfacet
  facet normal 0.000000e+00 0.000000e+00 1.000000e+00
    outer loop
      vertex 1.195979e+01 -3.430695e+01 6.000000e-01
      vertex 1.243583e+01 -3.253035e+01 6.000000e-01
      vertex 1.126813e+01 -3.221747e+01 6.000000e-01
    endloop
  endfacet
  facet normal 0.000000e+00 0.000000e+00 1.000000e+00
    outer loop
      vertex 1.195979e+01 -3.430695e+01 6.000000e-01
      vertex 1.126813e+01 -3.221747e+01 6.000000e-01
      vertex 1.079210e+01 -3.399407e+01 6.000000e-01
    endloop
  endfacet
  facet normal 0.000000e+00 0.000000e+00 1.000000e+00
    outer loop
      vertex 1.905556e+01 -1.716674e+01 6.000000e-01
      vertex 1.953160e+01 -1.539014e+01 6.000000e-01
      vertex 1.836390e+01 -1.507725e+01 6.000000e-01
    endloop
  endfacet
  facet normal 0.000000e+00 0.000000e+00 1.000000e+00
    outer loop
      vertex 1.905556e+01 -1.716674e+01 6.000000e-01
      vertex 1.836390e+01 -1.507725e+01 6.000000e-01
      vertex 1.788787e+01 -1.685386e+01 6.000000e-01
    endloop
  endfacet
  facet normal 0.000000e+00 0.000000e+00 1.000000e+00
    outer loop
      vertex 1.857952e+01 -1.894333e+01 6.000000e-01
      vertex 1.905556e+01 -1.716674e+01 6.000000e-01
      vertex 1.788787e+01 -1.685386e+01 6.000000e-01
    endloop
  endfacet
  facet normal 0.000000e+00 0.000000e+00 1.000000e+00
    outer loop
      vertex 1.857952e+01 -1.894333e+01 6.000000e-01
      vertex 1.788787e+01 -1.685386e+01 6.000000e-01
      vertex 1.741183e+01 -1.863045e+01 6.000000e-01
    endloop
  endfacet
  facet normal 0.000000e+00 0.000000e+00 1.000000e+00
    outer loop
      vertex 1.810348e+01 -2.071993e+01 6.000000e-01
      vertex 1.857952e+01 -1.894333e+01 6.000000e-01
      vertex 1.741183e+01 -1.863045e+01 6.000000e-01
    endloop
  endfacet
  facet normal 0.000000e+00 0.000000e+00 1.000000e+00
    outer loop
      vertex 1.810348e+01 -2.071993e+01 6.000000e-01
      vertex 1.741183e+01 -1.863045e+01 6.000000e-01
      vertex 1.693579e+01 -2.040705e+01 6.000000e-01
    endloop
  endfacet
  facet normal 0.000000e+00 0.000000e+00 1.000000e+00
    outer loop
      vertex 1.762744e+01 -2.249652e+01 6.000000e-01
      vertex 1.810348e+01 -2.071993e+01 6.000000e-01
      vertex 1.693579e+01 -2.040705e+01 6.000000e-01
    endloop
  endfacet
  facet normal 0.000000e+00 0.000000e+00 1.000000e+00
    outer loop
      vertex 1.762744e+01 -2.249652e+01 6.000000e-01
      vertex 1.693579e+01 -2.040705e+01 6.000000e-01
      vertex 1.645975e+01 -2.218364e+01 6.000000e-01
    endloop
  endfacet
  facet normal 0.000000e+00 0.000000e+00 1.000000e+00
    outer loop
      vertex 1.715141e+01 -2.427313e+01 6.000000e-01
      vertex 1.762744e+01 -2.249652e+01 6.000000e-01
      vertex 1.645975e+01 -2.218364e+01 6.000000e-01
    endloop
  endfacet
  facet normal 0.000000e+00 0.000000e+00 1.000000e+00
    outer loop
      vertex 1.715141e+01 -2.427313e+01 6.000000e-01
      vertex 1.645975e+01 -2.218364e+01 6.000000e-01
      vertex 1.598371e+01 -2.396024e+01 6.000000e-01
    endloop
  endfacet
  facet normal 0.000000e+00 0.000000e+00 1.000000e+00
    outer loop
      vertex 2.022325e+01 -1.747962e+01 6.000000e-01
      vertex 2.069929e+01 -1.570302e+01 6.000000e-01
      vertex 1.953160e+01 -1.539014e+01 6.000000e-01
    endloop
  endfacet
  facet normal 0.000000e+00 0.000000e+00 1.000000e+00
    outer loop
      vertex 2.022325e+01 -1.747962e+01 6.000000e-01
      vertex 1.953160e+01 -1.539014e+01 6.000000e-01
      vertex 1.905556e+01 -1.716674e+01 6.000000e-01
    endloop
  endfacet
  facet normal 0.000000e+00 0.000000e+00 1.000000e+00
    outer loop
      vertex 1.416916e+01 -1.204913e+01 6.000000e-01
      vertex 1.300147e+01 -1.173624e+01 6.000000e-01
      vertex 1.265910e+01 -1.301397e+01 6.000000e-01
    endloop
  endfacet
  facet normal 0.000000e+00 0.000000e+00 1.000000e+00
    outer loop
      vertex 1.333929e+01 -1.472554e+01 6.000000e-01
      vertex 1.231673e+01 -1.429171e+01 6.000000e-01
      vertex 1.197436e+01 -1.556944e+01 6.000000e-01
    endloop
  endfacet
  facet normal 0.000000e+00 0.000000e+00 1.000000e+00
    outer loop
      vertex 1.231673e+01 -1.429171e+01 6.000000e-01
      vertex 1.369312e+01 -1.382573e+01 6.000000e-01
      vertex 1.265910e+01 -1.301397e+01 6.000000e-01
    endloop
  endfacet
  facet normal 0.000000e+00 0.000000e+00 1.000000e+00
    outer loop
      vertex 1.486082e+01 -1.413861e+01 6.000000e-01
      vertex 1.533685e+01 -1.236201e+01 6.000000e-01
      vertex 1.416916e+01 -1.204913e+01 6.000000e-01
    endloop
  endfacet
  facet normal 0.000000e+00 0.000000e+00 1.000000e+00
    outer loop
      vertex 1.486082e+01 -1.413861e+01 6.000000e-01
      vertex 1.416916e+01 -1.204913e+01 6.000000e-01
      vertex 1.369312e+01 -1.382573e+01 6.000000e-01
    endloop
  endfacet
  facet normal 0.000000e+00 0.000000e+00 1.000000e+00
    outer loop
      vertex 1.369312e+01 -1.382573e+01 6.000000e-01
      vertex 1.231673e+01 -1.429171e+01 6.000000e-01
      vertex 1.333929e+01 -1.472554e+01 6.000000e-01
    endloop
  endfacet
  facet normal 0.000000e+00 0.000000e+00 1.000000e+00
    outer loop
      vertex 1.163200e+01 -1.684717e+01 6.000000e-01
      vertex 1.299816e+01 -1.599866e+01 6.000000e-01
      vertex 1.197436e+01 -1.556944e+01 6.000000e-01
    endloop
  endfacet
  facet normal 0.000000e+00 0.000000e+00 1.000000e+00
    outer loop
      vertex 1.299816e+01 -1.599866e+01 6.000000e-01
      vertex 1.333929e+01 -1.472554e+01 6.000000e-01
      vertex 1.197436e+01 -1.556944e+01 6.000000e-01
    endloop
  endfacet
  facet normal 0.000000e+00 0.000000e+00 1.000000e+00
    outer loop
      vertex 1.265702e+01 -1.727179e+01 6.000000e-01
      vertex 1.299816e+01 -1.599866e+01 6.000000e-01
      vertex 1.163200e+01 -1.684717e+01 6.000000e-01
    endloop
  endfacet
  facet normal 0.000000e+00 0.000000e+00 1.000000e+00
    outer loop
      vertex 1.416916e+01 -1.204913e+01 6.000000e-01
      vertex 1.265910e+01 -1.301397e+01 6.000000e-01
      vertex 1.369312e+01 -1.382573e+01 6.000000e-01
    endloop
  endfacet
  facet normal 0.000000e+00 0.000000e+00 1.000000e+00
    outer loop
      vertex 1.231589e+01 -1.854492e+01 6.000000e-01
      vertex 1.128963e+01 -1.812490e+01 6.000000e-01
      vertex 1.094726e+01 -1.940264e+01 6.000000e-01
    endloop
  endfacet
  facet normal 0.000000e+00 0.000000e+00 1.000000e+00
    outer loop
      vertex 1.163362e+01 -2.109118e+01 6.000000e-01
      vertex 1.060489e+01 -2.068037e+01 6.000000e-01
      vertex 1.026253e+01 -2.195810e+01 6.000000e-01
    endloop
  endfacet
  facet normal 0.000000e+00 0.000000e+00 1.000000e+00
    outer loop
      vertex 1.060489e+01 -2.068037e+01 6.000000e-01
      vertex 1.163362e+01 -2.109118e+01 6.000000e-01
      vertex 1.197476e+01 -1.981805e+01 6.000000e-01
    endloop
  endfacet
  facet normal 0.000000e+00 0.000000e+00 1.000000e+00
    outer loop
      vertex 1.060489e+01 -2.068037e+01 6.000000e-01
      vertex 1.197476e+01 -1.981805e+01 6.000000e-01
      vertex 1.094726e+01 -1.940264e+01 6.000000e-01
    endloop
  endfacet
  facet normal 0.000000e+00 0.000000e+00 1.000000e+00
    outer loop
      vertex 1.231589e+01 -1.854492e+01 6.000000e-01
      vertex 1.094726e+01 -1.940264e+01 6.000000e-01
      vertex 1.197476e+01 -1.981805e+01 6.000000e-01
    endloop
  endfacet
  facet normal 0.000000e+00 0.000000e+00 1.000000e+00
    outer loop
      vertex 1.026253e+01 -2.195810e+01 6.000000e-01
      vertex 1.129249e+01 -2.236430e+01 6.000000e-01
      vertex 1.163362e+01 -2.109118e+01 6.000000e-01
    endloop
  endfacet
  facet normal 0.000000e+00 0.000000e+00 1.000000e+00
    outer loop
      vertex 1.265702e+01 -1.727179e+01 6.000000e-01
      vertex 1.128963e+01 -1.812490e+01 6.000000e-01
      vertex 1.231589e+01 -1.854492e+01 6.000000e-01
    endloop
  endfacet
  facet normal 0.000000e+00 0.000000e+00 1.000000e+00
    outer loop
      vertex 1.265702e+01 -1.727179e+01 6.000000e-01
      vertex 1.163200e+01 -1.684717e+01 6.000000e-01
      vertex 1.128963e+01 -1.812490e+01 6.000000e-01
    endloop
  endfacet
  facet normal 0.000000e+00 0.000000e+00 1.000000e+00
    outer loop
      vertex 9.920158e+00 -2.323583e+01 6.000000e-01
      vertex 1.129249e+01 -2.236430e+01 6.000000e-01
      vertex 1.026253e+01 -2.195810e+01 6.000000e-01
    endloop
  endfacet
  facet normal 0.000000e+00 0.000000e+00 1.000000e+00
    outer loop
      vertex 1.333929e+01 -1.472554e+01 6.000000e-01
      vertex 1.411203e+01 -1.493259e+01 6.000000e-01
      vertex 1.369312e+01 -1.382573e+01 6.000000e-01
    endloop
  endfacet
  facet normal 0.000000e+00 0.000000e+00 1.000000e+00
    outer loop
      vertex 1.438478e+01 -1.591520e+01 6.000000e-01
      vertex 1.411203e+01 -1.493259e+01 6.000000e-01
      vertex 1.377090e+01 -1.620572e+01 6.000000e-01
    endloop
  endfacet
  facet normal 0.000000e+00 0.000000e+00 1.000000e+00
    outer loop
      vertex 1.486082e+01 -1.413861e+01 6.000000e-01
      vertex 1.369312e+01 -1.382573e+01 6.000000e-01
      vertex 1.411203e+01 -1.493259e+01 6.000000e-01
    endloop
  endfacet
  facet normal 0.000000e+00 0.000000e+00 1.000000e+00
    outer loop
      vertex 1.342977e+01 -1.747885e+01 6.000000e-01
      vertex 1.390874e+01 -1.769180e+01 6.000000e-01
      vertex 1.438478e+01 -1.591520e+01 6.000000e-01
    endloop
  endfacet
  facet normal 0.000000e+00 0.000000e+00 1.000000e+00
    outer loop
      vertex 1.342977e+01 -1.747885e+01 6.000000e-01
      vertex 1.438478e+01 -1.591520e+01 6.000000e-01
      vertex 1.377090e+01 -1.620572e+01 6.000000e-01
    endloop
  endfacet
  facet normal 0.000000e+00 0.000000e+00 1.000000e+00
    outer loop
      vertex 1.486082e+01 -1.413861e+01 6.000000e-01
      vertex 1.411203e+01 -1.493259e+01 6.000000e-01
      vertex 1.438478e+01 -1.591520e+01 6.000000e-01
    endloop
  endfacet
  facet normal 0.000000e+00 0.000000e+00 1.000000e+00
    outer loop
      vertex 1.533685e+01 -1.236201e+01 6.000000e-01
      vertex 1.486082e+01 -1.413861e+01 6.000000e-01
      vertex 1.602851e+01 -1.445149e+01 6.000000e-01
    endloop
  endfacet
  facet normal 0.000000e+00 0.000000e+00 1.000000e+00
    outer loop
      vertex 1.533685e+01 -1.236201e+01 6.000000e-01
      vertex 1.602851e+01 -1.445149e+01 6.000000e-01
      vertex 1.650455e+01 -1.267489e+01 6.000000e-01
    endloop
  endfacet
  facet normal 0.000000e+00 0.000000e+00 1.000000e+00
    outer loop
      vertex 1.555247e+01 -1.622808e+01 6.000000e-01
      vertex 1.623707e+01 -1.550200e+01 6.000000e-01
      vertex 1.602851e+01 -1.445149e+01 6.000000e-01
    endloop
  endfacet
  facet normal 0.000000e+00 0.000000e+00 1.000000e+00
    outer loop
      vertex 1.308863e+01 -1.875197e+01 6.000000e-01
      vertex 1.390874e+01 -1.769180e+01 6.000000e-01
      vertex 1.342977e+01 -1.747885e+01 6.000000e-01
    endloop
  endfacet
  facet normal 0.000000e+00 0.000000e+00 1.000000e+00
    outer loop
      vertex 1.295667e+01 -2.124500e+01 6.000000e-01
      vertex 1.274750e+01 -2.002510e+01 6.000000e-01
      vertex 1.240636e+01 -2.129823e+01 6.000000e-01
    endloop
  endfacet
  facet normal 0.000000e+00 0.000000e+00 1.000000e+00
    outer loop
      vertex 1.295667e+01 -2.124500e+01 6.000000e-01
      vertex 1.240636e+01 -2.129823e+01 6.000000e-01
      vertex 1.206523e+01 -2.257136e+01 6.000000e-01
    endloop
  endfacet
  facet normal 0.000000e+00 0.000000e+00 1.000000e+00
    outer loop
      vertex 1.343270e+01 -1.946840e+01 6.000000e-01
      vertex 1.308863e+01 -1.875197e+01 6.000000e-01
      vertex 1.274750e+01 -2.002510e+01 6.000000e-01
    endloop
  endfacet
  facet normal 0.000000e+00 0.000000e+00 1.000000e+00
    outer loop
      vertex 1.390874e+01 -1.769180e+01 6.000000e-01
      vertex 1.308863e+01 -1.875197e+01 6.000000e-01
      vertex 1.343270e+01 -1.946840e+01 6.000000e-01
    endloop
  endfacet
  facet normal 0.000000e+00 0.000000e+00 1.000000e+00
    outer loop
      vertex 1.412436e+01 -2.155788e+01 6.000000e-01
      vertex 1.458967e+01 -2.165019e+01 6.000000e-01
      vertex 1.491915e+01 -2.042055e+01 6.000000e-01
    endloop
  endfacet
  facet normal 0.000000e+00 0.000000e+00 1.000000e+00
    outer loop
      vertex 1.412436e+01 -2.155788e+01 6.000000e-01
      vertex 1.491915e+01 -2.042055e+01 6.000000e-01
      vertex 1.460040e+01 -1.978128e+01 6.000000e-01
    endloop
  endfacet
  facet normal 0.000000e+00 0.000000e+00 1.000000e+00
    outer loop
      vertex 1.248063e+01 -2.302160e+01 6.000000e-01
      vertex 1.295667e+01 -2.124500e+01 6.000000e-01
      vertex 1.206523e+01 -2.257136e+01 6.000000e-01
    endloop
  endfacet
  facet normal 0.000000e+00 0.000000e+00 1.000000e+00
    outer loop
      vertex 1.460040e+01 -1.978128e+01 6.000000e-01
      vertex 1.524863e+01 -1.919091e+01 6.000000e-01
      vertex 1.557811e+01 -1.796127e+01 6.000000e-01
    endloop
  endfacet
  facet normal 0.000000e+00 0.000000e+00 1.000000e+00
    outer loop
      vertex 1.460040e+01 -1.978128e+01 6.000000e-01
      vertex 1.557811e+01 -1.796127e+01 6.000000e-01
      vertex 1.507644e+01 -1.800468e+01 6.000000e-01
    endloop
  endfacet
  facet normal 0.000000e+00 0.000000e+00 1.000000e+00
    outer loop
      vertex 1.274750e+01 -2.002510e+01 6.000000e-01
      vertex 1.295667e+01 -2.124500e+01 6.000000e-01
      vertex 1.343270e+01 -1.946840e+01 6.000000e-01
    endloop
  endfacet
  facet normal 0.000000e+00 0.000000e+00 1.000000e+00
    outer loop
      vertex 1.507644e+01 -1.800468e+01 6.000000e-01
      vertex 1.557811e+01 -1.796127e+01 6.000000e-01
      vertex 1.590759e+01 -1.673163e+01 6.000000e-01
    endloop
  endfacet
  facet normal 0.000000e+00 0.000000e+00 1.000000e+00
    outer loop
      vertex 1.507644e+01 -1.800468e+01 6.000000e-01
      vertex 1.590759e+01 -1.673163e+01 6.000000e-01
      vertex 1.555247e+01 -1.622808e+01 6.000000e-01
    endloop
  endfacet
  facet normal 0.000000e+00 0.000000e+00 1.000000e+00
    outer loop
      vertex 9.577801e+00 -2.451356e+01 6.000000e-01
      vertex 1.061022e+01 -2.491056e+01 6.000000e-01
      vertex 1.095136e+01 -2.363743e+01 6.000000e-01
    endloop
  endfacet
  facet normal 0.000000e+00 0.000000e+00 1.000000e+00
    outer loop
      vertex 9.577801e+00 -2.451356e+01 6.000000e-01
      vertex 1.095136e+01 -2.363743e+01 6.000000e-01
      vertex 9.920158e+00 -2.323583e+01 6.000000e-01
    endloop
  endfacet
  facet normal 0.000000e+00 0.000000e+00 1.000000e+00
    outer loop
      vertex 8.893059e+00 -2.706903e+01 6.000000e-01
      vertex 9.927959e+00 -2.745681e+01 6.000000e-01
      vertex 1.026909e+01 -2.618369e+01 6.000000e-01
    endloop
  endfacet
  facet normal 0.000000e+00 0.000000e+00 1.000000e+00
    outer loop
      vertex 8.893059e+00 -2.706903e+01 6.000000e-01
      vertex 1.026909e+01 -2.618369e+01 6.000000e-01
      vertex 9.235432e+00 -2.579129e+01 6.000000e-01
    endloop
  endfacet
  facet normal 0.000000e+00 0.000000e+00 1.000000e+00
    outer loop
      vertex 9.235432e+00 -2.579129e+01 6.000000e-01
      vertex 1.061022e+01 -2.491056e+01 6.000000e-01
      vertex 9.577801e+00 -2.451356e+01 6.000000e-01
    endloop
  endfacet
  facet normal 0.000000e+00 0.000000e+00 1.000000e+00
    outer loop
      vertex 1.061022e+01 -2.491056e+01 6.000000e-01
      vertex 9.235432e+00 -2.579129e+01 6.000000e-01
      vertex 1.026909e+01 -2.618369e+01 6.000000e-01
    endloop
  endfacet
  facet normal 0.000000e+00 0.000000e+00 1.000000e+00
    outer loop
      vertex 8.550690e+00 -2.834676e+01 6.000000e-01
      vertex 9.927959e+00 -2.745681e+01 6.000000e-01
      vertex 8.893059e+00 -2.706903e+01 6.000000e-01
    endloop
  endfacet
  facet normal 0.000000e+00 0.000000e+00 1.000000e+00
    outer loop
      vertex 9.586819e+00 -2.872994e+01 6.000000e-01
      vertex 9.927959e+00 -2.745681e+01 6.000000e-01
      vertex 8.550690e+00 -2.834676e+01 6.000000e-01
    endloop
  endfacet
  facet normal 0.000000e+00 0.000000e+00 1.000000e+00
    outer loop
      vertex 9.920158e+00 -2.323583e+01 6.000000e-01
      vertex 1.095136e+01 -2.363743e+01 6.000000e-01
      vertex 1.129249e+01 -2.236430e+01 6.000000e-01
    endloop
  endfacet
  facet normal 0.000000e+00 0.000000e+00 1.000000e+00
    outer loop
      vertex 9.245689e+00 -3.000307e+01 6.000000e-01
      vertex 8.208328e+00 -2.962449e+01 6.000000e-01
      vertex 7.865959e+00 -3.090223e+01 6.000000e-01
    endloop
  endfacet
  facet normal 0.000000e+00 0.000000e+00 1.000000e+00
    outer loop
      vertex 7.523590e+00 -3.217995e+01 6.000000e-01
      vertex 7.181221e+00 -3.345769e+01 6.000000e-01
      vertex 8.456711e+00 -3.336829e+01 6.000000e-01
    endloop
  endfacet
  facet normal 0.000000e+00 0.000000e+00 1.000000e+00
    outer loop
      vertex 7.523590e+00 -3.217995e+01 6.000000e-01
      vertex 8.904549e+00 -3.127620e+01 6.000000e-01
      vertex 7.865959e+00 -3.090223e+01 6.000000e-01
    endloop
  endfacet
  facet normal 0.000000e+00 0.000000e+00 1.000000e+00
    outer loop
      vertex 9.245689e+00 -3.000307e+01 6.000000e-01
      vertex 7.865959e+00 -3.090223e+01 6.000000e-01
      vertex 8.904549e+00 -3.127620e+01 6.000000e-01
    endloop
  endfacet
  facet normal 0.000000e+00 0.000000e+00 1.000000e+00
    outer loop
      vertex 8.037842e+00 -3.505669e+01 6.000000e-01
      vertex 7.181221e+00 -3.345769e+01 6.000000e-01
      vertex 6.838848e+00 -3.473542e+01 6.000000e-01
    endloop
  endfacet
  facet normal 0.000000e+00 0.000000e+00 1.000000e+00
    outer loop
      vertex 8.932739e+00 -3.159169e+01 6.000000e-01
      vertex 8.904549e+00 -3.127620e+01 6.000000e-01
      vertex 7.523590e+00 -3.217995e+01 6.000000e-01
    endloop
  endfacet
  facet normal 0.000000e+00 0.000000e+00 1.000000e+00
    outer loop
      vertex 8.904549e+00 -3.127620e+01 6.000000e-01
      vertex 8.932739e+00 -3.159169e+01 6.000000e-01
      vertex 9.677299e+00 -3.148325e+01 6.000000e-01
    endloop
  endfacet
  facet normal 0.000000e+00 0.000000e+00 1.000000e+00
    outer loop
      vertex 7.523590e+00 -3.217995e+01 6.000000e-01
      vertex 8.456711e+00 -3.336829e+01 6.000000e-01
      vertex 8.932739e+00 -3.159169e+01 6.000000e-01
    endloop
  endfacet
  facet normal 0.000000e+00 0.000000e+00 1.000000e+00
    outer loop
      vertex 9.586819e+00 -2.872994e+01 6.000000e-01
      vertex 8.208328e+00 -2.962449e+01 6.000000e-01
      vertex 9.245689e+00 -3.000307e+01 6.000000e-01
    endloop
  endfacet
  facet normal 0.000000e+00 0.000000e+00 1.000000e+00
    outer loop
      vertex 9.586819e+00 -2.872994e+01 6.000000e-01
      vertex 8.550690e+00 -2.834676e+01 6.000000e-01
      vertex 8.208328e+00 -2.962449e+01 6.000000e-01
    endloop
  endfacet
  facet normal 0.000000e+00 0.000000e+00 1.000000e+00
    outer loop
      vertex 1.200459e+01 -2.479819e+01 6.000000e-01
      vertex 1.172410e+01 -2.384449e+01 6.000000e-01
      vertex 1.138296e+01 -2.511761e+01 6.000000e-01
    endloop
  endfacet
  facet normal 0.000000e+00 0.000000e+00 1.000000e+00
    outer loop
      vertex 1.070070e+01 -2.766387e+01 6.000000e-01
      vertex 1.105252e+01 -2.835138e+01 6.000000e-01
      vertex 1.152855e+01 -2.657479e+01 6.000000e-01
    endloop
  endfacet
  facet normal 0.000000e+00 0.000000e+00 1.000000e+00
    outer loop
      vertex 1.070070e+01 -2.766387e+01 6.000000e-01
      vertex 1.152855e+01 -2.657479e+01 6.000000e-01
      vertex 1.104183e+01 -2.639074e+01 6.000000e-01
    endloop
  endfacet
  facet normal 0.000000e+00 0.000000e+00 1.000000e+00
    outer loop
      vertex 1.152855e+01 -2.657479e+01 6.000000e-01
      vertex 1.138296e+01 -2.511761e+01 6.000000e-01
      vertex 1.104183e+01 -2.639074e+01 6.000000e-01
    endloop
  endfacet
  facet normal 0.000000e+00 0.000000e+00 1.000000e+00
    outer loop
      vertex 1.138296e+01 -2.511761e+01 6.000000e-01
      vertex 1.152855e+01 -2.657479e+01 6.000000e-01
      vertex 1.200459e+01 -2.479819e+01 6.000000e-01
    endloop
  endfacet
  facet normal 0.000000e+00 0.000000e+00 1.000000e+00
    outer loop
      vertex 1.248063e+01 -2.302160e+01 6.000000e-01
      vertex 1.206523e+01 -2.257136e+01 6.000000e-01
      vertex 1.172410e+01 -2.384449e+01 6.000000e-01
    endloop
  endfacet
  facet normal 0.000000e+00 0.000000e+00 1.000000e+00
    outer loop
      vertex 1.248063e+01 -2.302160e+01 6.000000e-01
      vertex 1.172410e+01 -2.384449e+01 6.000000e-01
      vertex 1.200459e+01 -2.479819e+01 6.000000e-01
    endloop
  endfacet
  facet normal 0.000000e+00 0.000000e+00 1.000000e+00
    outer loop
      vertex 1.035956e+01 -2.893700e+01 6.000000e-01
      vertex 1.105252e+01 -2.835138e+01 6.000000e-01
      vertex 1.070070e+01 -2.766387e+01 6.000000e-01
    endloop
  endfacet
  facet normal 0.000000e+00 0.000000e+00 1.000000e+00
    outer loop
      vertex 9.677299e+00 -3.148325e+01 6.000000e-01
      vertex 8.932739e+00 -3.159169e+01 6.000000e-01
      vertex 1.010044e+01 -3.190458e+01 6.000000e-01
    endloop
  endfacet
  facet normal 0.000000e+00 0.000000e+00 1.000000e+00
    outer loop
      vertex 7.181221e+00 -3.345769e+01 6.000000e-01
      vertex 8.037842e+00 -3.505669e+01 6.000000e-01
      vertex 8.456711e+00 -3.336829e+01 6.000000e-01
    endloop
  endfacet
  facet normal 0.000000e+00 0.000000e+00 1.000000e+00
    outer loop
      vertex 8.456711e+00 -3.336829e+01 6.000000e-01
      vertex 8.037842e+00 -3.505669e+01 6.000000e-01
      vertex 9.624401e+00 -3.368119e+01 6.000000e-01
    endloop
  endfacet
  facet normal 0.000000e+00 0.000000e+00 1.000000e+00
    outer loop
      vertex 8.456711e+00 -3.336829e+01 6.000000e-01
      vertex 9.624401e+00 -3.368119e+01 6.000000e-01
      vertex 1.010044e+01 -3.190458e+01 6.000000e-01
    endloop
  endfacet
  facet normal 0.000000e+00 0.000000e+00 1.000000e+00
    outer loop
      vertex 8.456711e+00 -3.336829e+01 6.000000e-01
      vertex 1.010044e+01 -3.190458e+01 6.000000e-01
      vertex 8.932739e+00 -3.159169e+01 6.000000e-01
    endloop
  endfacet
  facet normal 0.000000e+00 0.000000e+00 1.000000e+00
    outer loop
      vertex 9.677299e+00 -3.148325e+01 6.000000e-01
      vertex 1.010044e+01 -3.190458e+01 6.000000e-01
      vertex 1.057648e+01 -3.012798e+01 6.000000e-01
    endloop
  endfacet
  facet normal 0.000000e+00 0.000000e+00 1.000000e+00
    outer loop
      vertex 1.035956e+01 -2.893700e+01 6.000000e-01
      vertex 1.001843e+01 -3.021012e+01 6.000000e-01
      vertex 1.057648e+01 -3.012798e+01 6.000000e-01
    endloop
  endfacet
  facet normal 0.000000e+00 0.000000e+00 1.000000e+00
    outer loop
      vertex 9.624401e+00 -3.368119e+01 6.000000e-01
      vertex 8.037842e+00 -3.505669e+01 6.000000e-01
      vertex 9.236832e+00 -3.537795e+01 6.000000e-01
    endloop
  endfacet
  facet normal 0.000000e+00 0.000000e+00 1.000000e+00
    outer loop
      vertex 9.624401e+00 -3.368119e+01 6.000000e-01
      vertex 9.236832e+00 -3.537795e+01 6.000000e-01
      vertex 1.079210e+01 -3.399407e+01 6.000000e-01
    endloop
  endfacet
  facet normal 0.000000e+00 0.000000e+00 1.000000e+00
    outer loop
      vertex 9.677299e+00 -3.148325e+01 6.000000e-01
      vertex 1.057648e+01 -3.012798e+01 6.000000e-01
      vertex 1.001843e+01 -3.021012e+01 6.000000e-01
    endloop
  endfacet
  facet normal 0.000000e+00 0.000000e+00 1.000000e+00
    outer loop
      vertex 1.057648e+01 -3.012798e+01 6.000000e-01
      vertex 1.105252e+01 -2.835138e+01 6.000000e-01
      vertex 1.035956e+01 -2.893700e+01 6.000000e-01
    endloop
  endfacet
  facet normal 0.000000e+00 0.000000e+00 1.000000e+00
    outer loop
      vertex 1.364832e+01 -2.333448e+01 6.000000e-01
      vertex 1.426018e+01 -2.287983e+01 6.000000e-01
      vertex 1.458967e+01 -2.165019e+01 6.000000e-01
    endloop
  endfacet
  facet normal 0.000000e+00 0.000000e+00 1.000000e+00
    outer loop
      vertex 1.364832e+01 -2.333448e+01 6.000000e-01
      vertex 1.458967e+01 -2.165019e+01 6.000000e-01
      vertex 1.412436e+01 -2.155788e+01 6.000000e-01
    endloop
  endfacet
  facet normal 0.000000e+00 0.000000e+00 1.000000e+00
    outer loop
      vertex 1.836390e+01 -1.507725e+01 6.000000e-01
      vertex 1.767224e+01 -1.298777e+01 6.000000e-01
      vertex 1.650455e+01 -1.267489e+01 6.000000e-01
    endloop
  endfacet
  facet normal 0.000000e+00 0.000000e+00 1.000000e+00
    outer loop
      vertex 1.836390e+01 -1.507725e+01 6.000000e-01
      vertex 1.650455e+01 -1.267489e+01 6.000000e-01
      vertex 1.602851e+01 -1.445149e+01 6.000000e-01
    endloop
  endfacet
  facet normal 0.000000e+00 0.000000e+00 1.000000e+00
    outer loop
      vertex 1.623707e+01 -1.550200e+01 6.000000e-01
      vertex 1.555247e+01 -1.622808e+01 6.000000e-01
      vertex 1.590759e+01 -1.673163e+01 6.000000e-01
    endloop
  endfacet
  facet normal 0.000000e+00 0.000000e+00 1.000000e+00
    outer loop
      vertex 1.623707e+01 -1.550200e+01 6.000000e-01
      vertex 1.700981e+01 -1.570905e+01 6.000000e-01
      vertex 1.602851e+01 -1.445149e+01 6.000000e-01
    endloop
  endfacet
  facet normal 0.000000e+00 0.000000e+00 1.000000e+00
    outer loop
      vertex 1.788787e+01 -1.685386e+01 6.000000e-01
      vertex 1.836390e+01 -1.507725e+01 6.000000e-01
      vertex 1.700981e+01 -1.570905e+01 6.000000e-01
    endloop
  endfacet
  facet normal 0.000000e+00 0.000000e+00 1.000000e+00
    outer loop
      vertex 1.836390e+01 -1.507725e+01 6.000000e-01
      vertex 1.602851e+01 -1.445149e+01 6.000000e-01
      vertex 1.700981e+01 -1.570905e+01 6.000000e-01
    endloop
  endfacet
  facet normal 0.000000e+00 0.000000e+00 1.000000e+00
    outer loop
      vertex 1.668033e+01 -1.693869e+01 6.000000e-01
      vertex 1.635085e+01 -1.816832e+01 6.000000e-01
      vertex 1.741183e+01 -1.863045e+01 6.000000e-01
    endloop
  endfacet
  facet normal 0.000000e+00 0.000000e+00 1.000000e+00
    outer loop
      vertex 1.700981e+01 -1.570905e+01 6.000000e-01
      vertex 1.668033e+01 -1.693869e+01 6.000000e-01
      vertex 1.788787e+01 -1.685386e+01 6.000000e-01
    endloop
  endfacet
  facet normal 0.000000e+00 0.000000e+00 1.000000e+00
    outer loop
      vertex 1.788787e+01 -1.685386e+01 6.000000e-01
      vertex 1.668033e+01 -1.693869e+01 6.000000e-01
      vertex 1.741183e+01 -1.863045e+01 6.000000e-01
    endloop
  endfacet
  facet normal 0.000000e+00 0.000000e+00 1.000000e+00
    outer loop
      vertex 1.836390e+01 -1.507725e+01 6.000000e-01
      vertex 1.883994e+01 -1.330066e+01 6.000000e-01
      vertex 1.767224e+01 -1.298777e+01 6.000000e-01
    endloop
  endfacet
  facet normal 0.000000e+00 0.000000e+00 1.000000e+00
    outer loop
      vertex 1.524863e+01 -1.919091e+01 6.000000e-01
      vertex 1.460040e+01 -1.978128e+01 6.000000e-01
      vertex 1.491915e+01 -2.042055e+01 6.000000e-01
    endloop
  endfacet
  facet normal 0.000000e+00 0.000000e+00 1.000000e+00
    outer loop
      vertex 1.741183e+01 -1.863045e+01 6.000000e-01
      vertex 1.635085e+01 -1.816832e+01 6.000000e-01
      vertex 1.602137e+01 -1.939797e+01 6.000000e-01
    endloop
  endfacet
  facet normal 0.000000e+00 0.000000e+00 1.000000e+00
    outer loop
      vertex 1.741183e+01 -1.863045e+01 6.000000e-01
      vertex 1.602137e+01 -1.939797e+01 6.000000e-01
      vertex 1.693579e+01 -2.040705e+01 6.000000e-01
    endloop
  endfacet
  facet normal 0.000000e+00 0.000000e+00 1.000000e+00
    outer loop
      vertex 1.569188e+01 -2.062761e+01 6.000000e-01
      vertex 1.536241e+01 -2.185724e+01 6.000000e-01
      vertex 1.645975e+01 -2.218364e+01 6.000000e-01
    endloop
  endfacet
  facet normal 0.000000e+00 0.000000e+00 1.000000e+00
    outer loop
      vertex 1.602137e+01 -1.939797e+01 6.000000e-01
      vertex 1.569188e+01 -2.062761e+01 6.000000e-01
      vertex 1.693579e+01 -2.040705e+01 6.000000e-01
    endloop
  endfacet
  facet normal 0.000000e+00 0.000000e+00 1.000000e+00
    outer loop
      vertex 1.693579e+01 -2.040705e+01 6.000000e-01
      vertex 1.569188e+01 -2.062761e+01 6.000000e-01
      vertex 1.645975e+01 -2.218364e+01 6.000000e-01
    endloop
  endfacet
  facet normal 0.000000e+00 0.000000e+00 1.000000e+00
    outer loop
      vertex 1.883994e+01 -1.330066e+01 6.000000e-01
      vertex 1.836390e+01 -1.507725e+01 6.000000e-01
      vertex 1.953160e+01 -1.539014e+01 6.000000e-01
    endloop
  endfacet
  facet normal 0.000000e+00 0.000000e+00 1.000000e+00
    outer loop
      vertex 1.883994e+01 -1.330066e+01 6.000000e-01
      vertex 1.953160e+01 -1.539014e+01 6.000000e-01
      vertex 2.000764e+01 -1.361354e+01 6.000000e-01
    endloop
  endfacet
  facet normal 0.000000e+00 0.000000e+00 1.000000e+00
    outer loop
      vertex 2.069929e+01 -1.570302e+01 6.000000e-01
      vertex 2.117533e+01 -1.392643e+01 6.000000e-01
      vertex 2.000764e+01 -1.361354e+01 6.000000e-01
    endloop
  endfacet
  facet normal 0.000000e+00 0.000000e+00 1.000000e+00
    outer loop
      vertex 2.069929e+01 -1.570302e+01 6.000000e-01
      vertex 2.000764e+01 -1.361354e+01 6.000000e-01
      vertex 1.953160e+01 -1.539014e+01 6.000000e-01
    endloop
  endfacet
  facet normal 0.000000e+00 0.000000e+00 1.000000e+00
    outer loop
      vertex 2.174812e+01 -1.544938e+01 6.000000e-01
      vertex 2.234302e+01 -1.423931e+01 6.000000e-01
      vertex 2.117533e+01 -1.392643e+01 6.000000e-01
    endloop
  endfacet
  facet normal 0.000000e+00 0.000000e+00 1.000000e+00
    outer loop
      vertex 2.115322e+01 -1.665944e+01 6.000000e-01
      vertex 2.174812e+01 -1.544938e+01 6.000000e-01
      vertex 2.069929e+01 -1.570302e+01 6.000000e-01
    endloop
  endfacet
  facet normal 0.000000e+00 0.000000e+00 1.000000e+00
    outer loop
      vertex 2.117533e+01 -1.392643e+01 6.000000e-01
      vertex 2.069929e+01 -1.570302e+01 6.000000e-01
      vertex 2.174812e+01 -1.544938e+01 6.000000e-01
    endloop
  endfacet
  facet normal 0.000000e+00 0.000000e+00 1.000000e+00
    outer loop
      vertex 2.115322e+01 -1.665944e+01 6.000000e-01
      vertex 2.069929e+01 -1.570302e+01 6.000000e-01
      vertex 2.022325e+01 -1.747962e+01 6.000000e-01
    endloop
  endfacet
  facet normal 0.000000e+00 0.000000e+00 1.000000e+00
    outer loop
      vertex 1.936852e+01 -2.028963e+01 6.000000e-01
      vertex 1.857952e+01 -1.894333e+01 6.000000e-01
      vertex 1.810348e+01 -2.071993e+01 6.000000e-01
    endloop
  endfacet
  facet normal 0.000000e+00 0.000000e+00 1.000000e+00
    outer loop
      vertex 1.762744e+01 -2.249652e+01 6.000000e-01
      vertex 1.877361e+01 -2.149970e+01 6.000000e-01
      vertex 1.810348e+01 -2.071993e+01 6.000000e-01
    endloop
  endfacet
  facet normal 0.000000e+00 0.000000e+00 1.000000e+00
    outer loop
      vertex 1.996342e+01 -1.907957e+01 6.000000e-01
      vertex 2.055832e+01 -1.786950e+01 6.000000e-01
      vertex 2.022325e+01 -1.747962e+01 6.000000e-01
    endloop
  endfacet
  facet normal 0.000000e+00 0.000000e+00 1.000000e+00
    outer loop
      vertex 2.115322e+01 -1.665944e+01 6.000000e-01
      vertex 2.022325e+01 -1.747962e+01 6.000000e-01
      vertex 2.055832e+01 -1.786950e+01 6.000000e-01
    endloop
  endfacet
  facet normal 0.000000e+00 0.000000e+00 1.000000e+00
    outer loop
      vertex 1.936852e+01 -2.028963e+01 6.000000e-01
      vertex 1.810348e+01 -2.071993e+01 6.000000e-01
      vertex 1.877361e+01 -2.149970e+01 6.000000e-01
    endloop
  endfacet
  facet normal 0.000000e+00 0.000000e+00 1.000000e+00
    outer loop
      vertex 1.996342e+01 -1.907957e+01 6.000000e-01
      vertex 1.857952e+01 -1.894333e+01 6.000000e-01
      vertex 1.936852e+01 -2.028963e+01 6.000000e-01
    endloop
  endfacet
  facet normal 0.000000e+00 0.000000e+00 1.000000e+00
    outer loop
      vertex 1.996342e+01 -1.907957e+01 6.000000e-01
      vertex 2.022325e+01 -1.747962e+01 6.000000e-01
      vertex 1.857952e+01 -1.894333e+01 6.000000e-01
    endloop
  endfacet
  facet normal 0.000000e+00 0.000000e+00 1.000000e+00
    outer loop
      vertex 2.022325e+01 -1.747962e+01 6.000000e-01
      vertex 1.905556e+01 -1.716674e+01 6.000000e-01
      vertex 1.857952e+01 -1.894333e+01 6.000000e-01
    endloop
  endfacet
  facet normal 0.000000e+00 0.000000e+00 1.000000e+00
    outer loop
      vertex 1.817872e+01 -2.270977e+01 6.000000e-01
      vertex 1.877361e+01 -2.149970e+01 6.000000e-01
      vertex 1.762744e+01 -2.249652e+01 6.000000e-01
    endloop
  endfacet
  facet normal 0.000000e+00 0.000000e+00 1.000000e+00
    outer loop
      vertex 1.503293e+01 -2.308688e+01 6.000000e-01
      vertex 1.598371e+01 -2.396024e+01 6.000000e-01
      vertex 1.645975e+01 -2.218364e+01 6.000000e-01
    endloop
  endfacet
  facet normal 0.000000e+00 0.000000e+00 1.000000e+00
    outer loop
      vertex 1.503293e+01 -2.308688e+01 6.000000e-01
      vertex 1.645975e+01 -2.218364e+01 6.000000e-01
      vertex 1.536241e+01 -2.185724e+01 6.000000e-01
    endloop
  endfacet
  facet normal 0.000000e+00 0.000000e+00 1.000000e+00
    outer loop
      vertex 1.317229e+01 -2.511107e+01 6.000000e-01
      vertex 1.360122e+01 -2.533910e+01 6.000000e-01
      vertex 1.393070e+01 -2.410946e+01 6.000000e-01
    endloop
  endfacet
  facet normal 0.000000e+00 0.000000e+00 1.000000e+00
    outer loop
      vertex 1.317229e+01 -2.511107e+01 6.000000e-01
      vertex 1.393070e+01 -2.410946e+01 6.000000e-01
      vertex 1.364832e+01 -2.333448e+01 6.000000e-01
    endloop
  endfacet
  facet normal 0.000000e+00 0.000000e+00 1.000000e+00
    outer loop
      vertex 1.269625e+01 -2.688767e+01 6.000000e-01
      vertex 1.327174e+01 -2.656874e+01 6.000000e-01
      vertex 1.360122e+01 -2.533910e+01 6.000000e-01
    endloop
  endfacet
  facet normal 0.000000e+00 0.000000e+00 1.000000e+00
    outer loop
      vertex 1.269625e+01 -2.688767e+01 6.000000e-01
      vertex 1.360122e+01 -2.533910e+01 6.000000e-01
      vertex 1.317229e+01 -2.511107e+01 6.000000e-01
    endloop
  endfacet
  facet normal 0.000000e+00 0.000000e+00 1.000000e+00
    outer loop
      vertex 1.393070e+01 -2.410946e+01 6.000000e-01
      vertex 1.426018e+01 -2.287983e+01 6.000000e-01
      vertex 1.364832e+01 -2.333448e+01 6.000000e-01
    endloop
  endfacet
  facet normal 0.000000e+00 0.000000e+00 1.000000e+00
    outer loop
      vertex 1.503164e+01 -2.751344e+01 6.000000e-01
      vertex 1.404449e+01 -2.677580e+01 6.000000e-01
      vertex 1.371500e+01 -2.800544e+01 6.000000e-01
    endloop
  endfacet
  facet normal 0.000000e+00 0.000000e+00 1.000000e+00
    outer loop
      vertex 1.269625e+01 -2.688767e+01 6.000000e-01
      vertex 1.294226e+01 -2.779838e+01 6.000000e-01
      vertex 1.327174e+01 -2.656874e+01 6.000000e-01
    endloop
  endfacet
  facet normal 0.000000e+00 0.000000e+00 1.000000e+00
    outer loop
      vertex 1.222021e+01 -2.866426e+01 6.000000e-01
      vertex 1.261278e+01 -2.902802e+01 6.000000e-01
      vertex 1.294226e+01 -2.779838e+01 6.000000e-01
    endloop
  endfacet
  facet normal 0.000000e+00 0.000000e+00 1.000000e+00
    outer loop
      vertex 1.222021e+01 -2.866426e+01 6.000000e-01
      vertex 1.294226e+01 -2.779838e+01 6.000000e-01
      vertex 1.269625e+01 -2.688767e+01 6.000000e-01
    endloop
  endfacet
  facet normal 0.000000e+00 0.000000e+00 1.000000e+00
    outer loop
      vertex 9.236832e+00 -3.537795e+01 6.000000e-01
      vertex 1.043582e+01 -3.569922e+01 6.000000e-01
      vertex 1.079210e+01 -3.399407e+01 6.000000e-01
    endloop
  endfacet
  facet normal 0.000000e+00 0.000000e+00 1.000000e+00
    outer loop
      vertex 1.079210e+01 -3.399407e+01 6.000000e-01
      vertex 1.043582e+01 -3.569922e+01 6.000000e-01
      vertex 1.195979e+01 -3.430695e+01 6.000000e-01
    endloop
  endfacet
  facet normal 0.000000e+00 0.000000e+00 1.000000e+00
    outer loop
      vertex 1.261278e+01 -2.902802e+01 6.000000e-01
      vertex 1.222021e+01 -2.866426e+01 6.000000e-01
      vertex 1.174417e+01 -3.044086e+01 6.000000e-01
    endloop
  endfacet
  facet normal 0.000000e+00 0.000000e+00 1.000000e+00
    outer loop
      vertex 1.291187e+01 -3.075376e+01 6.000000e-01
      vertex 1.338552e+01 -2.923508e+01 6.000000e-01
      vertex 1.261278e+01 -2.902802e+01 6.000000e-01
    endloop
  endfacet
  facet normal 0.000000e+00 0.000000e+00 1.000000e+00
    outer loop
      vertex 1.291187e+01 -3.075376e+01 6.000000e-01
      vertex 1.243583e+01 -3.253035e+01 6.000000e-01
      vertex 1.341950e+01 -3.239029e+01 6.000000e-01
    endloop
  endfacet
  facet normal 0.000000e+00 0.000000e+00 1.000000e+00
    outer loop
      vertex 1.243583e+01 -3.253035e+01 6.000000e-01
      vertex 1.195979e+01 -3.430695e+01 6.000000e-01
      vertex 1.282461e+01 -3.360036e+01 6.000000e-01
    endloop
  endfacet
  facet normal 0.000000e+00 0.000000e+00 1.000000e+00
    outer loop
      vertex 1.338552e+01 -2.923508e+01 6.000000e-01
      vertex 1.291187e+01 -3.075376e+01 6.000000e-01
      vertex 1.401441e+01 -3.118023e+01 6.000000e-01
    endloop
  endfacet
  facet normal 0.000000e+00 0.000000e+00 1.000000e+00
    outer loop
      vertex 1.291187e+01 -3.075376e+01 6.000000e-01
      vertex 1.261278e+01 -2.902802e+01 6.000000e-01
      vertex 1.174417e+01 -3.044086e+01 6.000000e-01
    endloop
  endfacet
  facet normal 0.000000e+00 0.000000e+00 1.000000e+00
    outer loop
      vertex 1.163480e+01 -3.602048e+01 6.000000e-01
      vertex 1.195979e+01 -3.430695e+01 6.000000e-01
      vertex 1.043582e+01 -3.569922e+01 6.000000e-01
    endloop
  endfacet
  facet normal 0.000000e+00 0.000000e+00 1.000000e+00
    outer loop
      vertex 1.338552e+01 -2.923508e+01 6.000000e-01
      vertex 1.455560e+01 -2.929004e+01 6.000000e-01
      vertex 1.371500e+01 -2.800544e+01 6.000000e-01
    endloop
  endfacet
  facet normal 0.000000e+00 0.000000e+00 1.000000e+00
    outer loop
      vertex 1.470344e+01 -2.431652e+01 6.000000e-01
      vertex 1.598371e+01 -2.396024e+01 6.000000e-01
      vertex 1.503293e+01 -2.308688e+01 6.000000e-01
    endloop
  endfacet
  facet normal 0.000000e+00 0.000000e+00 1.000000e+00
    outer loop
      vertex 1.598371e+01 -2.396024e+01 6.000000e-01
      vertex 1.470344e+01 -2.431652e+01 6.000000e-01
      vertex 1.437396e+01 -2.554616e+01 6.000000e-01
    endloop
  endfacet
  facet normal 0.000000e+00 0.000000e+00 1.000000e+00
    outer loop
      vertex 1.598371e+01 -2.396024e+01 6.000000e-01
      vertex 1.503164e+01 -2.751344e+01 6.000000e-01
      vertex 1.639401e+01 -2.633996e+01 6.000000e-01
    endloop
  endfacet
  facet normal 0.000000e+00 0.000000e+00 1.000000e+00
    outer loop
      vertex 1.639401e+01 -2.633996e+01 6.000000e-01
      vertex 1.698891e+01 -2.512989e+01 6.000000e-01
      vertex 1.598371e+01 -2.396024e+01 6.000000e-01
    endloop
  endfacet
  facet normal 0.000000e+00 0.000000e+00 1.000000e+00
    outer loop
      vertex 1.715141e+01 -2.427313e+01 6.000000e-01
      vertex 1.598371e+01 -2.396024e+01 6.000000e-01
      vertex 1.698891e+01 -2.512989e+01 6.000000e-01
    endloop
  endfacet
  facet normal 0.000000e+00 0.000000e+00 1.000000e+00
    outer loop
      vertex 1.758381e+01 -2.391983e+01 6.000000e-01
      vertex 1.715141e+01 -2.427313e+01 6.000000e-01
      vertex 1.698891e+01 -2.512989e+01 6.000000e-01
    endloop
  endfacet
  facet normal 0.000000e+00 0.000000e+00 1.000000e+00
    outer loop
      vertex 1.715141e+01 -2.427313e+01 6.000000e-01
      vertex 1.758381e+01 -2.391983e+01 6.000000e-01
      vertex 1.762744e+01 -2.249652e+01 6.000000e-01
    endloop
  endfacet
  facet normal 0.000000e+00 0.000000e+00 1.000000e+00
    outer loop
      vertex 1.437396e+01 -2.554616e+01 6.000000e-01
      vertex 1.503164e+01 -2.751344e+01 6.000000e-01
      vertex 1.598371e+01 -2.396024e+01 6.000000e-01
    endloop
  endfacet
  facet normal 0.000000e+00 0.000000e+00 1.000000e+00
    outer loop
      vertex 1.341950e+01 -3.239029e+01 6.000000e-01
      vertex 1.401441e+01 -3.118023e+01 6.000000e-01
      vertex 1.291187e+01 -3.075376e+01 6.000000e-01
    endloop
  endfacet
  facet normal 0.000000e+00 0.000000e+00 1.000000e+00
    outer loop
      vertex 1.195979e+01 -3.430695e+01 6.000000e-01
      vertex 1.222970e+01 -3.481043e+01 6.000000e-01
      vertex 1.282461e+01 -3.360036e+01 6.000000e-01
    endloop
  endfacet
  facet normal 0.000000e+00 0.000000e+00 1.000000e+00
    outer loop
      vertex 1.222970e+01 -3.481043e+01 6.000000e-01
      vertex 1.195979e+01 -3.430695e+01 6.000000e-01
      vertex 1.163480e+01 -3.602048e+01 6.000000e-01
    endloop
  endfacet
  facet normal 0.000000e+00 0.000000e+00 1.000000e+00
    outer loop
      vertex 1.282461e+01 -3.360036e+01 6.000000e-01
      vertex 1.341950e+01 -3.239029e+01 6.000000e-01
      vertex 1.243583e+01 -3.253035e+01 6.000000e-01
    endloop
  endfacet
  facet normal 0.000000e+00 0.000000e+00 1.000000e+00
    outer loop
      vertex 1.520421e+01 -2.876009e+01 6.000000e-01
      vertex 1.579911e+01 -2.755003e+01 6.000000e-01
      vertex 1.503164e+01 -2.751344e+01 6.000000e-01
    endloop
  endfacet
  facet normal 0.000000e+00 0.000000e+00 1.000000e+00
    outer loop
      vertex 1.639401e+01 -2.633996e+01 6.000000e-01
      vertex 1.503164e+01 -2.751344e+01 6.000000e-01
      vertex 1.579911e+01 -2.755003e+01 6.000000e-01
    endloop
  endfacet
  facet normal 0.000000e+00 0.000000e+00 1.000000e+00
    outer loop
      vertex 1.460931e+01 -2.997016e+01 6.000000e-01
      vertex 1.520421e+01 -2.876009e+01 6.000000e-01
      vertex 1.455560e+01 -2.929004e+01 6.000000e-01
    endloop
  endfacet
  facet normal 0.000000e+00 0.000000e+00 1.000000e+00
    outer loop
      vertex 1.503164e+01 -2.751344e+01 6.000000e-01
      vertex 1.455560e+01 -2.929004e+01 6.000000e-01
      vertex 1.520421e+01 -2.876009e+01 6.000000e-01
    endloop
  endfacet
  facet normal 0.000000e+00 0.000000e+00 1.000000e+00
    outer loop
      vertex 1.338552e+01 -2.923508e+01 6.000000e-01
      vertex 1.401441e+01 -3.118023e+01 6.000000e-01
      vertex 1.460931e+01 -2.997016e+01 6.000000e-01
    endloop
  endfacet
  facet normal 0.000000e+00 0.000000e+00 1.000000e+00
    outer loop
      vertex 1.455560e+01 -2.929004e+01 6.000000e-01
      vertex 1.338552e+01 -2.923508e+01 6.000000e-01
      vertex 1.460931e+01 -2.997016e+01 6.000000e-01
    endloop
  endfacet
  facet normal 0.000000e+00 0.000000e+00 1.000000e+00
    outer loop
      vertex 1.455560e+01 -2.929004e+01 6.000000e-01
      vertex 1.503164e+01 -2.751344e+01 6.000000e-01
      vertex 1.371500e+01 -2.800544e+01 6.000000e-01
    endloop
  endfacet
  facet normal 0.000000e+00 0.000000e+00 1.000000e+00
    outer loop
      vertex 1.404449e+01 -2.677580e+01 6.000000e-01
      vertex 1.503164e+01 -2.751344e+01 6.000000e-01
      vertex 1.437396e+01 -2.554616e+01 6.000000e-01
    endloop
  endfacet
  facet normal 0.000000e+00 0.000000e+00 1.000000e+00
    outer loop
      vertex 1.817872e+01 -2.270977e+01 6.000000e-01
      vertex 1.762744e+01 -2.249652e+01 6.000000e-01
      vertex 1.758381e+01 -2.391983e+01 6.000000e-01
    endloop
  endfacet
  facet normal 9.659258e-01 -2.588192e-01 0.000000e+00
    outer loop
      vertex 1.300335e+01 -1.907026e+01 2.850000e+00
      vertex 1.189466e+01 -2.320792e+01 2.850000e+00
      vertex 1.189466e+01 -2.320792e+01 2.100000e+00
    endloop
  endfacet
  facet normal 9.659258e-01 -2.588192e-01 0.000000e+00
    outer loop
      vertex 1.300335e+01 -1.907026e+01 2.850000e+00
      vertex 1.189466e+01 -2.320792e+01 2.100000e+00
      vertex 1.300335e+01 -1.907026e+01 2.100000e+00
    endloop
  endfacet
  facet normal 9.659260e-01 -2.588184e-01 0.000000e+00
    outer loop
      vertex 1.078598e+01 -2.734558e+01 3.225000e+00
      vertex 1.023164e+01 -2.941442e+01 3.225000e+00
      vertex 1.023164e+01 -2.941442e+01 2.850000e+00
    endloop
  endfacet
  facet normal 9.659260e-01 -2.588184e-01 0.000000e+00
    outer loop
      vertex 1.078598e+01 -2.734558e+01 3.225000e+00
      vertex 1.023164e+01 -2.941442e+01 2.850000e+00
      vertex 1.078598e+01 -2.734558e+01 2.850000e+00
    endloop
  endfacet
  facet normal 9.659260e-01 -2.588184e-01 0.000000e+00
    outer loop
      vertex 1.078598e+01 -2.734558e+01 2.850000e+00
      vertex 1.023164e+01 -2.941442e+01 2.850000e+00
      vertex 1.023164e+01 -2.941442e+01 2.475000e+00
    endloop
  endfacet
  facet normal 9.659260e-01 -2.588184e-01 0.000000e+00
    outer loop
      vertex 1.078598e+01 -2.734558e+01 2.850000e+00
      vertex 1.023164e+01 -2.941442e+01 2.475000e+00
      vertex 1.078598e+01 -2.734558e+01 2.475000e+00
    endloop
  endfacet
  facet normal 9.659260e-01 -2.588184e-01 0.000000e+00
    outer loop
      vertex 1.078598e+01 -2.734558e+01 2.475000e+00
      vertex 1.023164e+01 -2.941442e+01 2.475000e+00
      vertex 1.023164e+01 -2.941442e+01 2.100000e+00
    endloop
  endfacet
  facet normal 9.659260e-01 -2.588184e-01 0.000000e+00
    outer loop
      vertex 1.078598e+01 -2.734558e+01 2.475000e+00
      vertex 1.023164e+01 -2.941442e+01 2.100000e+00
      vertex 1.078598e+01 -2.734558e+01 2.100000e+00
    endloop
  endfacet
  facet normal 9.659258e-01 -2.588192e-01 0.000000e+00
    outer loop
      vertex 1.078598e+01 -2.734558e+01 2.475000e+00
      vertex 1.078598e+01 -2.734558e+01 2.100000e+00
      vertex 1.189466e+01 -2.320792e+01 2.100000e+00
    endloop
  endfacet
  facet normal 9.659258e-01 -2.588192e-01 0.000000e+00
    outer loop
      vertex 1.189466e+01 -2.320792e+01 2.850000e+00
      vertex 1.078598e+01 -2.734558e+01 2.850000e+00
      vertex 1.078598e+01 -2.734558e+01 2.475000e+00
    endloop
  endfacet
  facet normal 9.659258e-01 -2.588192e-01 0.000000e+00
    outer loop
      vertex 1.189466e+01 -2.320792e+01 2.100000e+00
      vertex 1.189466e+01 -2.320792e+01 2.850000e+00
      vertex 1.078598e+01 -2.734558e+01 2.475000e+00
    endloop
  endfacet
  facet normal 9.659258e-01 -2.588192e-01 0.000000e+00
    outer loop
      vertex 1.078598e+01 -2.734558e+01 1.725000e+00
      vertex 1.078598e+01 -2.734558e+01 1.350000e+00
      vertex 1.189466e+01 -2.320792e+01 1.350000e+00
    endloop
  endfacet
  facet normal 9.659258e-01 -2.588192e-01 0.000000e+00
    outer loop
      vertex 1.189466e+01 -2.320792e+01 2.100000e+00
      vertex 1.078598e+01 -2.734558e+01 2.100000e+00
      vertex 1.078598e+01 -2.734558e+01 1.725000e+00
    endloop
  endfacet
  facet normal 9.659258e-01 -2.588192e-01 0.000000e+00
    outer loop
      vertex 1.189466e+01 -2.320792e+01 1.350000e+00
      vertex 1.189466e+01 -2.320792e+01 2.100000e+00
      vertex 1.078598e+01 -2.734558e+01 1.725000e+00
    endloop
  endfacet
  facet normal 9.659260e-01 -2.588184e-01 0.000000e+00
    outer loop
      vertex 1.078598e+01 -2.734558e+01 2.100000e+00
      vertex 1.023164e+01 -2.941442e+01 2.100000e+00
      vertex 1.023164e+01 -2.941442e+01 1.725000e+00
    endloop
  endfacet
  facet normal 9.659260e-01 -2.588184e-01 0.000000e+00
    outer loop
      vertex 1.078598e+01 -2.734558e+01 2.100000e+00
      vertex 1.023164e+01 -2.941442e+01 1.725000e+00
      vertex 1.078598e+01 -2.734558e+01 1.725000e+00
    endloop
  endfacet
  facet normal 9.659260e-01 -2.588184e-01 0.000000e+00
    outer loop
      vertex 1.078598e+01 -2.734558e+01 1.725000e+00
      vertex 1.023164e+01 -2.941442e+01 1.725000e+00
      vertex 1.023164e+01 -2.941442e+01 1.350000e+00
    endloop
  endfacet
  facet normal 9.659260e-01 -2.588184e-01 0.000000e+00
    outer loop
      vertex 1.078598e+01 -2.734558e+01 1.725000e+00
      vertex 1.023164e+01 -2.941442e+01 1.350000e+00
      vertex 1.078598e+01 -2.734558e+01 1.350000e+00
    endloop
  endfacet
  facet normal 9.659260e-01 -2.588184e-01 0.000000e+00
    outer loop
      vertex 1.078598e+01 -2.734558e+01 1.350000e+00
      vertex 1.023164e+01 -2.941442e+01 1.350000e+00
      vertex 1.023164e+01 -2.941442e+01 9.750000e-01
    endloop
  endfacet
  facet normal 9.659260e-01 -2.588184e-01 0.000000e+00
    outer loop
      vertex 1.078598e+01 -2.734558e+01 1.350000e+00
      vertex 1.023164e+01 -2.941442e+01 9.750000e-01
      vertex 1.078598e+01 -2.734558e+01 9.750000e-01
    endloop
  endfacet
  facet normal 9.659258e-01 -2.588192e-01 0.000000e+00
    outer loop
      vertex 1.300335e+01 -1.907026e+01 2.100000e+00
      vertex 1.189466e+01 -2.320792e+01 2.100000e+00
      vertex 1.189466e+01 -2.320792e+01 1.350000e+00
    endloop
  endfacet
  facet normal 9.659258e-01 -2.588192e-01 0.000000e+00
    outer loop
      vertex 1.300335e+01 -1.907026e+01 2.100000e+00
      vertex 1.189466e+01 -2.320792e+01 1.350000e+00
      vertex 1.300335e+01 -1.907026e+01 1.350000e+00
    endloop
  endfacet
  facet normal 9.659261e-01 -2.588179e-01 -2.809186e-06
    outer loop
      vertex 1.023164e+01 -2.941442e+01 9.750000e-01
      vertex 9.677299e+00 -3.148325e+01 6.000000e-01
      vertex 1.001843e+01 -3.021012e+01 6.000000e-01
    endloop
  endfacet
  facet normal 9.659260e-01 -2.588184e-01 0.000000e+00
    outer loop
      vertex 1.023164e+01 -2.941442e+01 1.350000e+00
      vertex 9.677299e+00 -3.148325e+01 1.600000e+00
      vertex 1.023164e+01 -2.941442e+01 9.750000e-01
    endloop
  endfacet
  facet normal 9.659260e-01 -2.588184e-01 0.000000e+00
    outer loop
      vertex 9.677299e+00 -3.148325e+01 6.000000e-01
      vertex 1.023164e+01 -2.941442e+01 9.750000e-01
      vertex 9.677299e+00 -3.148325e+01 1.600000e+00
    endloop
  endfacet
  facet normal 9.659260e-01 -2.588184e-01 0.000000e+00
    outer loop
      vertex 1.023164e+01 -2.941442e+01 1.350000e+00
      vertex 1.023164e+01 -2.941442e+01 1.725000e+00
      vertex 9.677299e+00 -3.148325e+01 1.600000e+00
    endloop
  endfacet
  facet normal 9.659254e-01 -2.588207e-01 3.772906e-06
    outer loop
      vertex 1.023164e+01 -2.941442e+01 9.750000e-01
      vertex 1.001843e+01 -3.021012e+01 6.000000e-01
      vertex 1.035956e+01 -2.893700e+01 6.000000e-01
    endloop
  endfacet
  facet normal 9.659261e-01 -2.588179e-01 4.912954e-06
    outer loop
      vertex 1.035956e+01 -2.893700e+01 6.000000e-01
      vertex 1.070070e+01 -2.766387e+01 6.000000e-01
      vertex 1.078598e+01 -2.734558e+01 9.750000e-01
    endloop
  endfacet
  facet normal 9.659260e-01 -2.588184e-01 7.073874e-06
    outer loop
      vertex 1.035956e+01 -2.893700e+01 6.000000e-01
      vertex 1.078598e+01 -2.734558e+01 9.750000e-01
      vertex 1.023164e+01 -2.941442e+01 9.750000e-01
    endloop
  endfacet
  facet normal 9.659258e-01 -2.588192e-01 0.000000e+00
    outer loop
      vertex 1.189466e+01 -2.320792e+01 1.350000e+00
      vertex 1.078598e+01 -2.734558e+01 1.350000e+00
      vertex 1.078598e+01 -2.734558e+01 9.750000e-01
    endloop
  endfacet
  facet normal 9.659258e-01 -2.588193e-01 6.229376e-06
    outer loop
      vertex 1.070070e+01 -2.766387e+01 6.000000e-01
      vertex 1.104183e+01 -2.639074e+01 6.000000e-01
      vertex 1.078598e+01 -2.734558e+01 9.750000e-01
    endloop
  endfacet
  facet normal 9.659260e-01 -2.588184e-01 0.000000e+00
    outer loop
      vertex 9.677299e+00 -3.148325e+01 2.600000e+00
      vertex 9.677299e+00 -3.148325e+01 1.600000e+00
      vertex 1.023164e+01 -2.941442e+01 1.725000e+00
    endloop
  endfacet
  facet normal 9.659260e-01 -2.588184e-01 0.000000e+00
    outer loop
      vertex 9.677299e+00 -3.148325e+01 2.600000e+00
      vertex 1.023164e+01 -2.941442e+01 1.725000e+00
      vertex 1.023164e+01 -2.941442e+01 2.100000e+00
    endloop
  endfacet
  facet normal 9.659260e-01 -2.588184e-01 0.000000e+00
    outer loop
      vertex 9.677299e+00 -3.148325e+01 3.600000e+00
      vertex 9.677299e+00 -3.148325e+01 2.600000e+00
      vertex 1.023164e+01 -2.941442e+01 2.850000e+00
    endloop
  endfacet
  facet normal 9.659260e-01 -2.588184e-01 0.000000e+00
    outer loop
      vertex 9.677299e+00 -3.148325e+01 3.600000e+00
      vertex 1.023164e+01 -2.941442e+01 2.850000e+00
      vertex 1.023164e+01 -2.941442e+01 3.225000e+00
    endloop
  endfacet
  facet normal 9.659260e-01 -2.588184e-01 0.000000e+00
    outer loop
      vertex 1.023164e+01 -2.941442e+01 2.100000e+00
      vertex 1.023164e+01 -2.941442e+01 2.475000e+00
      vertex 9.677299e+00 -3.148325e+01 2.600000e+00
    endloop
  endfacet
  facet normal 9.659260e-01 -2.588184e-01 0.000000e+00
    outer loop
      vertex 1.023164e+01 -2.941442e+01 2.475000e+00
      vertex 1.023164e+01 -2.941442e+01 2.850000e+00
      vertex 9.677299e+00 -3.148325e+01 2.600000e+00
    endloop
  endfacet
  facet normal 9.659260e-01 -2.588184e-01 -3.510449e-06
    outer loop
      vertex 1.041642e+01 -2.872481e+01 3.600000e+00
      vertex 1.023164e+01 -2.941442e+01 3.225000e+00
      vertex 1.078598e+01 -2.734558e+01 3.225000e+00
    endloop
  endfacet
  facet normal 9.659258e-01 -2.588194e-01 -7.545797e-06
    outer loop
      vertex 1.115554e+01 -2.596637e+01 3.600000e+00
      vertex 1.041642e+01 -2.872481e+01 3.600000e+00
      vertex 1.078598e+01 -2.734558e+01 3.225000e+00
    endloop
  endfacet
  facet normal 9.659259e-01 -2.588188e-01 -2.632841e-06
    outer loop
      vertex 9.677299e+00 -3.148325e+01 3.600000e+00
      vertex 1.023164e+01 -2.941442e+01 3.225000e+00
      vertex 1.041642e+01 -2.872481e+01 3.600000e+00
    endloop
  endfacet
  facet normal 9.659258e-01 -2.588192e-01 0.000000e+00
    outer loop
      vertex 1.189466e+01 -2.320792e+01 2.850000e+00
      vertex 1.078598e+01 -2.734558e+01 3.225000e+00
      vertex 1.078598e+01 -2.734558e+01 2.850000e+00
    endloop
  endfacet
  facet normal 9.659261e-01 -2.588179e-01 1.017862e-05
    outer loop
      vertex 1.078598e+01 -2.734558e+01 9.750000e-01
      vertex 1.104183e+01 -2.639074e+01 6.000000e-01
      vertex 1.138296e+01 -2.511761e+01 6.000000e-01
    endloop
  endfacet
  facet normal 9.659258e-01 -2.588193e-01 1.316423e-06
    outer loop
      vertex 1.189466e+01 -2.320792e+01 1.350000e+00
      vertex 1.138296e+01 -2.511761e+01 6.000000e-01
      vertex 1.172410e+01 -2.384449e+01 6.000000e-01
    endloop
  endfacet
  facet normal 9.659261e-01 -2.588179e-01 2.632831e-06
    outer loop
      vertex 1.240636e+01 -2.129823e+01 6.000000e-01
      vertex 1.189466e+01 -2.320792e+01 1.350000e+00
      vertex 1.206523e+01 -2.257136e+01 6.000000e-01
    endloop
  endfacet
  facet normal 9.659258e-01 -2.588193e-01 1.316423e-06
    outer loop
      vertex 1.172410e+01 -2.384449e+01 6.000000e-01
      vertex 1.206523e+01 -2.257136e+01 6.000000e-01
      vertex 1.189466e+01 -2.320792e+01 1.350000e+00
    endloop
  endfacet
  facet normal 9.659258e-01 -2.588192e-01 -9.312318e-07
    outer loop
      vertex 1.300335e+01 -1.907026e+01 1.350000e+00
      vertex 1.189466e+01 -2.320792e+01 1.350000e+00
      vertex 1.240636e+01 -2.129823e+01 6.000000e-01
    endloop
  endfacet
  facet normal 9.659250e-01 -2.588220e-01 8.115841e-06
    outer loop
      vertex 1.300335e+01 -1.907026e+01 1.350000e+00
      vertex 1.240636e+01 -2.129823e+01 6.000000e-01
      vertex 1.274750e+01 -2.002510e+01 6.000000e-01
    endloop
  endfacet
  facet normal 9.659258e-01 -2.588193e-01 1.798265e-06
    outer loop
      vertex 1.342977e+01 -1.747885e+01 6.000000e-01
      vertex 1.300335e+01 -1.907026e+01 1.350000e+00
      vertex 1.308863e+01 -1.875197e+01 6.000000e-01
    endloop
  endfacet
  facet normal 9.659258e-01 -2.588193e-01 1.798265e-06
    outer loop
      vertex 1.377090e+01 -1.620572e+01 6.000000e-01
      vertex 1.300335e+01 -1.907026e+01 1.350000e+00
      vertex 1.342977e+01 -1.747885e+01 6.000000e-01
    endloop
  endfacet
  facet normal 9.659261e-01 -2.588179e-01 2.456477e-06
    outer loop
      vertex 1.308863e+01 -1.875197e+01 6.000000e-01
      vertex 1.300335e+01 -1.907026e+01 1.350000e+00
      vertex 1.274750e+01 -2.002510e+01 6.000000e-01
    endloop
  endfacet
  facet normal 9.659261e-01 -2.588179e-01 7.722139e-06
    outer loop
      vertex 1.411203e+01 -1.493259e+01 6.000000e-01
      vertex 1.300335e+01 -1.907026e+01 1.350000e+00
      vertex 1.377090e+01 -1.620572e+01 6.000000e-01
    endloop
  endfacet
  facet normal 9.659258e-01 -2.588192e-01 -3.392881e-06
    outer loop
      vertex 1.189466e+01 -2.320792e+01 2.850000e+00
      vertex 1.300335e+01 -1.907026e+01 2.850000e+00
      vertex 1.263379e+01 -2.044948e+01 3.600000e+00
    endloop
  endfacet
  facet normal 9.659256e-01 -2.588200e-01 0.000000e+00
    outer loop
      vertex 1.189466e+01 -2.320792e+01 2.850000e+00
      vertex 1.263379e+01 -2.044948e+01 3.600000e+00
      vertex 1.189466e+01 -2.320792e+01 3.600000e+00
    endloop
  endfacet
  facet normal 9.659257e-01 -2.588197e-01 -6.229378e-06
    outer loop
      vertex 1.189466e+01 -2.320792e+01 2.850000e+00
      vertex 1.115554e+01 -2.596637e+01 3.600000e+00
      vertex 1.078598e+01 -2.734558e+01 3.225000e+00
    endloop
  endfacet
  facet normal 9.659261e-01 -2.588181e-01 0.000000e+00
    outer loop
      vertex 1.189466e+01 -2.320792e+01 2.850000e+00
      vertex 1.189466e+01 -2.320792e+01 3.600000e+00
      vertex 1.115554e+01 -2.596637e+01 3.600000e+00
    endloop
  endfacet
  facet normal 9.659258e-01 -2.588192e-01 0.000000e+00
    outer loop
      vertex 1.300335e+01 -1.907026e+01 2.850000e+00
      vertex 1.300335e+01 -1.907026e+01 2.100000e+00
      vertex 1.411203e+01 -1.493259e+01 2.100000e+00
    endloop
  endfacet
  facet normal 9.659258e-01 -2.588192e-01 0.000000e+00
    outer loop
      vertex 1.300335e+01 -1.907026e+01 1.350000e+00
      vertex 1.411203e+01 -1.493259e+01 2.100000e+00
      vertex 1.300335e+01 -1.907026e+01 2.100000e+00
    endloop
  endfacet
  facet normal 9.659258e-01 -2.588194e-01 1.140053e-06
    outer loop
      vertex 1.337291e+01 -1.769104e+01 3.600000e+00
      vertex 1.300335e+01 -1.907026e+01 2.850000e+00
      vertex 1.411203e+01 -1.493259e+01 3.600000e+00
    endloop
  endfacet
  facet normal 9.659258e-01 -2.588192e-01 0.000000e+00
    outer loop
      vertex 1.411203e+01 -1.493259e+01 2.100000e+00
      vertex 1.411203e+01 -1.493259e+01 3.600000e+00
      vertex 1.300335e+01 -1.907026e+01 2.850000e+00
    endloop
  endfacet
  facet normal 9.659261e-01 -2.588181e-01 -1.316417e-06
    outer loop
      vertex 1.263379e+01 -2.044948e+01 3.600000e+00
      vertex 1.300335e+01 -1.907026e+01 2.850000e+00
      vertex 1.337291e+01 -1.769104e+01 3.600000e+00
    endloop
  endfacet
  facet normal 9.659258e-01 -2.588192e-01 0.000000e+00
    outer loop
      vertex 1.411203e+01 -1.493259e+01 2.100000e+00
      vertex 1.300335e+01 -1.907026e+01 1.350000e+00
      vertex 1.411203e+01 -1.493259e+01 6.000000e-01
    endloop
  endfacet
  facet normal 9.659258e-01 -2.588193e-01 1.210601e-06
    outer loop
      vertex 1.138296e+01 -2.511761e+01 6.000000e-01
      vertex 1.189466e+01 -2.320792e+01 1.350000e+00
      vertex 1.078598e+01 -2.734558e+01 9.750000e-01
    endloop
  endfacet
  facet normal 2.588181e-01 9.659261e-01 0.000000e+00
    outer loop
      vertex 1.411203e+01 -1.493259e+01 2.100000e+00
      vertex 1.411203e+01 -1.493259e+01 6.000000e-01
      vertex 1.333929e+01 -1.472554e+01 6.000000e-01
    endloop
  endfacet
  facet normal 2.588181e-01 9.659261e-01 0.000000e+00
    outer loop
      vertex 1.411203e+01 -1.493259e+01 2.100000e+00
      vertex 1.333929e+01 -1.472554e+01 6.000000e-01
      vertex 1.333929e+01 -1.472554e+01 2.100000e+00
    endloop
  endfacet
  facet normal 2.588181e-01 9.659261e-01 0.000000e+00
    outer loop
      vertex 1.411203e+01 -1.493259e+01 3.600000e+00
      vertex 1.411203e+01 -1.493259e+01 2.100000e+00
      vertex 1.333929e+01 -1.472554e+01 2.100000e+00
    endloop
  endfacet
  facet normal 2.588181e-01 9.659261e-01 0.000000e+00
    outer loop
      vertex 1.411203e+01 -1.493259e+01 3.600000e+00
      vertex 1.333929e+01 -1.472554e+01 2.100000e+00
      vertex 1.333929e+01 -1.472554e+01 3.600000e+00
    endloop
  endfacet
  facet normal -9.659262e-01 2.588175e-01 0.000000e+00
    outer loop
      vertex 9.458900e+00 -2.920737e+01 2.850000e+00
      vertex 1.001324e+01 -2.713853e+01 2.850000e+00
      vertex 1.001324e+01 -2.713853e+01 2.100000e+00
    endloop
  endfacet
  facet normal -9.659262e-01 2.588175e-01 0.000000e+00
    outer loop
      vertex 9.458900e+00 -2.920737e+01 2.850000e+00
      vertex 1.001324e+01 -2.713853e+01 2.100000e+00
      vertex 9.458900e+00 -2.920737e+01 2.100000e+00
    endloop
  endfacet
  facet normal -9.659262e-01 2.588175e-01 0.000000e+00
    outer loop
      vertex 9.458900e+00 -2.920737e+01 2.100000e+00
      vertex 1.001324e+01 -2.713853e+01 2.100000e+00
      vertex 1.001324e+01 -2.713853e+01 1.350000e+00
    endloop
  endfacet
  facet normal -9.659262e-01 2.588175e-01 0.000000e+00
    outer loop
      vertex 9.458900e+00 -2.920737e+01 2.100000e+00
      vertex 1.001324e+01 -2.713853e+01 1.350000e+00
      vertex 9.458900e+00 -2.920737e+01 1.350000e+00
    endloop
  endfacet
  facet normal -9.659258e-01 2.588193e-01 0.000000e+00
    outer loop
      vertex 1.333929e+01 -1.472554e+01 2.100000e+00
      vertex 1.333929e+01 -1.472554e+01 6.000000e-01
      vertex 1.299816e+01 -1.599866e+01 6.000000e-01
    endloop
  endfacet
  facet normal -9.659254e-01 2.588206e-01 -1.140046e-06
    outer loop
      vertex 1.333929e+01 -1.472554e+01 2.100000e+00
      vertex 1.299816e+01 -1.599866e+01 6.000000e-01
      vertex 1.265702e+01 -1.727179e+01 6.000000e-01
    endloop
  endfacet
  facet normal -9.659261e-01 2.588179e-01 1.606178e-07
    outer loop
      vertex 1.186105e+01 -2.024242e+01 3.600000e+00
      vertex 1.231589e+01 -1.854492e+01 6.000000e-01
      vertex 1.197476e+01 -1.981805e+01 6.000000e-01
    endloop
  endfacet
  facet normal -9.659258e-01 2.588193e-01 3.291058e-07
    outer loop
      vertex 1.112192e+01 -2.300087e+01 3.600000e+00
      vertex 1.163362e+01 -2.109118e+01 6.000000e-01
      vertex 1.129249e+01 -2.236430e+01 6.000000e-01
    endloop
  endfacet
  facet normal -9.659258e-01 2.588193e-01 3.800177e-07
    outer loop
      vertex 1.186105e+01 -2.024242e+01 3.600000e+00
      vertex 1.197476e+01 -1.981805e+01 6.000000e-01
      vertex 1.163362e+01 -2.109118e+01 6.000000e-01
    endloop
  endfacet
  facet normal -9.659258e-01 2.588193e-01 1.140053e-06
    outer loop
      vertex 1.333929e+01 -1.472554e+01 2.100000e+00
      vertex 1.265702e+01 -1.727179e+01 6.000000e-01
      vertex 1.231589e+01 -1.854492e+01 6.000000e-01
    endloop
  endfacet
  facet normal -9.659258e-01 2.588194e-01 0.000000e+00
    outer loop
      vertex 1.260017e+01 -1.748398e+01 3.600000e+00
      vertex 1.333929e+01 -1.472554e+01 3.600000e+00
      vertex 1.333929e+01 -1.472554e+01 2.100000e+00
    endloop
  endfacet
  facet normal -9.659259e-01 2.588188e-01 -1.140056e-06
    outer loop
      vertex 1.333929e+01 -1.472554e+01 2.100000e+00
      vertex 1.186105e+01 -2.024242e+01 3.600000e+00
      vertex 1.260017e+01 -1.748398e+01 3.600000e+00
    endloop
  endfacet
  facet normal -9.659258e-01 2.588193e-01 1.056743e-06
    outer loop
      vertex 1.333929e+01 -1.472554e+01 2.100000e+00
      vertex 1.231589e+01 -1.854492e+01 6.000000e-01
      vertex 1.186105e+01 -2.024242e+01 3.600000e+00
    endloop
  endfacet
  facet normal -9.659261e-01 2.588179e-01 -3.861070e-06
    outer loop
      vertex 1.095136e+01 -2.363743e+01 6.000000e-01
      vertex 1.001324e+01 -2.713853e+01 2.100000e+00
      vertex 1.129249e+01 -2.236430e+01 6.000000e-01
    endloop
  endfacet
  facet normal -9.659258e-01 2.588194e-01 -1.140053e-06
    outer loop
      vertex 1.112192e+01 -2.300087e+01 3.600000e+00
      vertex 1.001324e+01 -2.713853e+01 2.850000e+00
      vertex 1.038280e+01 -2.575931e+01 3.600000e+00
    endloop
  endfacet
  facet normal -9.659258e-01 2.588193e-01 -4.818414e-07
    outer loop
      vertex 1.061022e+01 -2.491056e+01 6.000000e-01
      vertex 1.001324e+01 -2.713853e+01 1.350000e+00
      vertex 1.095136e+01 -2.363743e+01 6.000000e-01
    endloop
  endfacet
  facet normal -9.659258e-01 2.588194e-01 3.643525e-07
    outer loop
      vertex 1.163362e+01 -2.109118e+01 6.000000e-01
      vertex 1.112192e+01 -2.300087e+01 3.600000e+00
      vertex 1.186105e+01 -2.024242e+01 3.600000e+00
    endloop
  endfacet
  facet normal -9.659258e-01 2.588191e-01 2.757916e-07
    outer loop
      vertex 1.112192e+01 -2.300087e+01 3.600000e+00
      vertex 1.129249e+01 -2.236430e+01 6.000000e-01
      vertex 1.001324e+01 -2.713853e+01 2.100000e+00
    endloop
  endfacet
  facet normal -9.659258e-01 2.588193e-01 -3.114688e-06
    outer loop
      vertex 1.001324e+01 -2.713853e+01 1.350000e+00
      vertex 1.026909e+01 -2.618369e+01 6.000000e-01
      vertex 9.927959e+00 -2.745681e+01 6.000000e-01
    endloop
  endfacet
  facet normal -9.659250e-01 2.588220e-01 9.147268e-06
    outer loop
      vertex 9.927959e+00 -2.745681e+01 6.000000e-01
      vertex 9.586819e+00 -2.872994e+01 6.000000e-01
      vertex 9.458900e+00 -2.920737e+01 1.350000e+00
    endloop
  endfacet
  facet normal -9.659262e-01 2.588175e-01 -2.267518e-06
    outer loop
      vertex 9.927959e+00 -2.745681e+01 6.000000e-01
      vertex 9.458900e+00 -2.920737e+01 1.350000e+00
      vertex 1.001324e+01 -2.713853e+01 1.350000e+00
    endloop
  endfacet
  facet normal -9.659258e-01 2.588194e-01 0.000000e+00
    outer loop
      vertex 1.095136e+01 -2.363743e+01 6.000000e-01
      vertex 1.001324e+01 -2.713853e+01 1.350000e+00
      vertex 1.001324e+01 -2.713853e+01 2.100000e+00
    endloop
  endfacet
  facet normal -9.659261e-01 2.588179e-01 6.317547e-06
    outer loop
      vertex 9.458900e+00 -2.920737e+01 1.350000e+00
      vertex 9.586819e+00 -2.872994e+01 6.000000e-01
      vertex 9.245689e+00 -3.000307e+01 6.000000e-01
    endloop
  endfacet
  facet normal -9.659261e-01 2.588179e-01 0.000000e+00
    outer loop
      vertex 8.904549e+00 -3.127620e+01 6.000000e-01
      vertex 8.904549e+00 -3.127620e+01 1.600000e+00
      vertex 9.245689e+00 -3.000307e+01 6.000000e-01
    endloop
  endfacet
  facet normal -9.659255e-01 2.588204e-01 3.445947e-06
    outer loop
      vertex 9.458900e+00 -2.920737e+01 1.350000e+00
      vertex 9.245689e+00 -3.000307e+01 6.000000e-01
      vertex 8.904549e+00 -3.127620e+01 1.600000e+00
    endloop
  endfacet
  facet normal -9.659259e-01 2.588188e-01 0.000000e+00
    outer loop
      vertex 9.643681e+00 -2.851775e+01 3.600000e+00
      vertex 1.038280e+01 -2.575931e+01 3.600000e+00
      vertex 1.001324e+01 -2.713853e+01 2.850000e+00
    endloop
  endfacet
  facet normal -9.659262e-01 2.588175e-01 -2.632827e-06
    outer loop
      vertex 9.643681e+00 -2.851775e+01 3.600000e+00
      vertex 1.001324e+01 -2.713853e+01 2.850000e+00
      vertex 9.458900e+00 -2.920737e+01 2.850000e+00
    endloop
  endfacet
  facet normal -9.659258e-01 2.588192e-01 0.000000e+00
    outer loop
      vertex 1.001324e+01 -2.713853e+01 2.100000e+00
      vertex 1.001324e+01 -2.713853e+01 2.850000e+00
      vertex 1.112192e+01 -2.300087e+01 3.600000e+00
    endloop
  endfacet
  facet normal -9.659256e-01 2.588200e-01 0.000000e+00
    outer loop
      vertex 9.458900e+00 -2.920737e+01 2.100000e+00
      vertex 8.904549e+00 -3.127620e+01 2.600000e+00
      vertex 9.458900e+00 -2.920737e+01 2.850000e+00
    endloop
  endfacet
  facet normal -9.659259e-01 2.588187e-01 -3.861077e-06
    outer loop
      vertex 9.643681e+00 -2.851775e+01 3.600000e+00
      vertex 9.458900e+00 -2.920737e+01 2.850000e+00
      vertex 8.904549e+00 -3.127620e+01 3.600000e+00
    endloop
  endfacet
  facet normal -9.659256e-01 2.588200e-01 0.000000e+00
    outer loop
      vertex 8.904549e+00 -3.127620e+01 2.600000e+00
      vertex 8.904549e+00 -3.127620e+01 3.600000e+00
      vertex 9.458900e+00 -2.920737e+01 2.850000e+00
    endloop
  endfacet
  facet normal -9.659256e-01 2.588200e-01 0.000000e+00
    outer loop
      vertex 8.904549e+00 -3.127620e+01 1.600000e+00
      vertex 8.904549e+00 -3.127620e+01 2.600000e+00
      vertex 9.458900e+00 -2.920737e+01 2.100000e+00
    endloop
  endfacet
  facet normal -9.659256e-01 2.588200e-01 0.000000e+00
    outer loop
      vertex 9.458900e+00 -2.920737e+01 2.100000e+00
      vertex 9.458900e+00 -2.920737e+01 1.350000e+00
      vertex 8.904549e+00 -3.127620e+01 1.600000e+00
    endloop
  endfacet
  facet normal -9.659261e-01 2.588179e-01 -5.089308e-06
    outer loop
      vertex 1.001324e+01 -2.713853e+01 1.350000e+00
      vertex 1.061022e+01 -2.491056e+01 6.000000e-01
      vertex 1.026909e+01 -2.618369e+01 6.000000e-01
    endloop
  endfacet
  facet normal -2.588080e-01 -9.659288e-01 -0.000000e+00
    outer loop
      vertex 8.904549e+00 -3.127620e+01 1.600000e+00
      vertex 8.904549e+00 -3.127620e+01 6.000000e-01
      vertex 9.677299e+00 -3.148325e+01 6.000000e-01
    endloop
  endfacet
  facet normal -2.588080e-01 -9.659288e-01 0.000000e+00
    outer loop
      vertex 8.904549e+00 -3.127620e+01 1.600000e+00
      vertex 9.677299e+00 -3.148325e+01 6.000000e-01
      vertex 9.677299e+00 -3.148325e+01 1.600000e+00
    endloop
  endfacet
  facet normal -2.588080e-01 -9.659288e-01 -0.000000e+00
    outer loop
      vertex 8.904549e+00 -3.127620e+01 3.600000e+00
      vertex 8.904549e+00 -3.127620e+01 2.600000e+00
      vertex 9.677299e+00 -3.148325e+01 2.600000e+00
    endloop
  endfacet
  facet normal -2.588080e-01 -9.659288e-01 0.000000e+00
    outer loop
      vertex 8.904549e+00 -3.127620e+01 3.600000e+00
      vertex 9.677299e+00 -3.148325e+01 2.600000e+00
      vertex 9.677299e+00 -3.148325e+01 3.600000e+00
    endloop
  endfacet
  facet normal -2.588080e-01 -9.659288e-01 -0.000000e+00
    outer loop
      vertex 8.904549e+00 -3.127620e+01 2.600000e+00
      vertex 8.904549e+00 -3.127620e+01 1.600000e+00
      vertex 9.677299e+00 -3.148325e+01 1.600000e+00
    endloop
  endfacet
  facet normal -2.588080e-01 -9.659288e-01 0.000000e+00
    outer loop
      vertex 8.904549e+00 -3.127620e+01 2.600000e+00
      vertex 9.677299e+00 -3.148325e+01 1.600000e+00
      vertex 9.677299e+00 -3.148325e+01 2.600000e+00
    endloop
  endfacet
  facet normal 0.000000e+00 0.000000e+00 1.000000e+00
    outer loop
      vertex 9.643681e+00 -2.851775e+01 3.600000e+00
      vertex 8.904549e+00 -3.127620e+01 3.600000e+00
      vertex 9.677299e+00 -3.148325e+01 3.600000e+00
    endloop
  endfacet
  facet normal 0.000000e+00 0.000000e+00 1.000000e+00
    outer loop
      vertex 9.643681e+00 -2.851775e+01 3.600000e+00
      vertex 9.677299e+00 -3.148325e+01 3.600000e+00
      vertex 1.041642e+01 -2.872481e+01 3.600000e+00
    endloop
  endfacet
  facet normal 0.000000e+00 0.000000e+00 1.000000e+00
    outer loop
      vertex 1.038280e+01 -2.575931e+01 3.600000e+00
      vertex 9.643681e+00 -2.851775e+01 3.600000e+00
      vertex 1.041642e+01 -2.872481e+01 3.600000e+00
    endloop
  endfacet
  facet normal 0.000000e+00 0.000000e+00 1.000000e+00
    outer loop
      vertex 1.038280e+01 -2.575931e+01 3.600000e+00
      vertex 1.041642e+01 -2.872481e+01 3.600000e+00
      vertex 1.115554e+01 -2.596637e+01 3.600000e+00
    endloop
  endfacet
  facet normal 0.000000e+00 0.000000e+00 1.000000e+00
    outer loop
      vertex 1.186105e+01 -2.024242e+01 3.600000e+00
      vertex 1.112192e+01 -2.300087e+01 3.600000e+00
      vertex 1.189466e+01 -2.320792e+01 3.600000e+00
    endloop
  endfacet
  facet normal 0.000000e+00 0.000000e+00 1.000000e+00
    outer loop
      vertex 1.186105e+01 -2.024242e+01 3.600000e+00
      vertex 1.189466e+01 -2.320792e+01 3.600000e+00
      vertex 1.263379e+01 -2.044948e+01 3.600000e+00
    endloop
  endfacet
  facet normal 0.000000e+00 0.000000e+00 1.000000e+00
    outer loop
      vertex 1.333929e+01 -1.472554e+01 3.600000e+00
      vertex 1.260017e+01 -1.748398e+01 3.600000e+00
      vertex 1.337291e+01 -1.769104e+01 3.600000e+00
    endloop
  endfacet
  facet normal 0.000000e+00 0.000000e+00 1.000000e+00
    outer loop
      vertex 1.333929e+01 -1.472554e+01 3.600000e+00
      vertex 1.337291e+01 -1.769104e+01 3.600000e+00
      vertex 1.411203e+01 -1.493259e+01 3.600000e+00
    endloop
  endfacet
  facet normal 0.000000e+00 0.000000e+00 1.000000e+00
    outer loop
      vertex 1.260017e+01 -1.748398e+01 3.600000e+00
      vertex 1.186105e+01 -2.024242e+01 3.600000e+00
      vertex 1.263379e+01 -2.044948e+01 3.600000e+00
    endloop
  endfacet
  facet normal 0.000000e+00 0.000000e+00 1.000000e+00
    outer loop
      vertex 1.260017e+01 -1.748398e+01 3.600000e+00
      vertex 1.263379e+01 -2.044948e+01 3.600000e+00
      vertex 1.337291e+01 -1.769104e+01 3.600000e+00
    endloop
  endfacet
  facet normal 0.000000e+00 0.000000e+00 1.000000e+00
    outer loop
      vertex 1.112192e+01 -2.300087e+01 3.600000e+00
      vertex 1.038280e+01 -2.575931e+01 3.600000e+00
      vertex 1.115554e+01 -2.596637e+01 3.600000e+00
    endloop
  endfacet
  facet normal 0.000000e+00 0.000000e+00 1.000000e+00
    outer loop
      vertex 1.112192e+01 -2.300087e+01 3.600000e+00
      vertex 1.115554e+01 -2.596637e+01 3.600000e+00
      vertex 1.189466e+01 -2.320792e+01 3.600000e+00
    endloop
  endfacet
  facet normal 9.659257e-01 -2.588196e-01 0.000000e+00
    outer loop
      vertex 1.610374e+01 -1.909056e+01 2.850000e+00
      vertex 1.519766e+01 -2.247206e+01 2.850000e+00
      vertex 1.519766e+01 -2.247206e+01 2.100000e+00
    endloop
  endfacet
  facet normal 9.659257e-01 -2.588196e-01 0.000000e+00
    outer loop
      vertex 1.610374e+01 -1.909056e+01 2.850000e+00
      vertex 1.519766e+01 -2.247206e+01 2.100000e+00
      vertex 1.610374e+01 -1.909056e+01 2.100000e+00
    endloop
  endfacet
  facet normal 9.659258e-01 -2.588192e-01 0.000000e+00
    outer loop
      vertex 1.519766e+01 -2.247206e+01 2.850000e+00
      vertex 1.429159e+01 -2.585357e+01 2.850000e+00
      vertex 1.429159e+01 -2.585357e+01 2.100000e+00
    endloop
  endfacet
  facet normal 9.659258e-01 -2.588192e-01 0.000000e+00
    outer loop
      vertex 1.519766e+01 -2.247206e+01 2.850000e+00
      vertex 1.429159e+01 -2.585357e+01 2.100000e+00
      vertex 1.519766e+01 -2.247206e+01 2.100000e+00
    endloop
  endfacet
  facet normal 9.659258e-01 -2.588192e-01 0.000000e+00
    outer loop
      vertex 1.519766e+01 -2.247206e+01 2.100000e+00
      vertex 1.429159e+01 -2.585357e+01 2.100000e+00
      vertex 1.429159e+01 -2.585357e+01 1.350000e+00
    endloop
  endfacet
  facet normal 9.659258e-01 -2.588192e-01 0.000000e+00
    outer loop
      vertex 1.519766e+01 -2.247206e+01 2.100000e+00
      vertex 1.429159e+01 -2.585357e+01 1.350000e+00
      vertex 1.519766e+01 -2.247206e+01 1.350000e+00
    endloop
  endfacet
  facet normal 9.659257e-01 -2.588196e-01 0.000000e+00
    outer loop
      vertex 1.610374e+01 -1.909056e+01 2.100000e+00
      vertex 1.519766e+01 -2.247206e+01 2.100000e+00
      vertex 1.519766e+01 -2.247206e+01 1.350000e+00
    endloop
  endfacet
  facet normal 9.659257e-01 -2.588196e-01 0.000000e+00
    outer loop
      vertex 1.610374e+01 -1.909056e+01 2.100000e+00
      vertex 1.519766e+01 -2.247206e+01 1.350000e+00
      vertex 1.610374e+01 -1.909056e+01 1.350000e+00
    endloop
  endfacet
  facet normal 9.659264e-01 -2.588168e-01 0.000000e+00
    outer loop
      vertex 1.371500e+01 -2.800544e+01 6.000000e-01
      vertex 1.338552e+01 -2.923508e+01 1.600000e+00
      vertex 1.338552e+01 -2.923508e+01 6.000000e-01
    endloop
  endfacet
  facet normal 9.659253e-01 -2.588211e-01 6.887598e-06
    outer loop
      vertex 1.429159e+01 -2.585357e+01 1.350000e+00
      vertex 1.371500e+01 -2.800544e+01 6.000000e-01
      vertex 1.404449e+01 -2.677580e+01 6.000000e-01
    endloop
  endfacet
  facet normal 9.659264e-01 -2.588168e-01 3.861059e-06
    outer loop
      vertex 1.429159e+01 -2.585357e+01 1.350000e+00
      vertex 1.437396e+01 -2.554616e+01 6.000000e-01
      vertex 1.470344e+01 -2.431652e+01 6.000000e-01
    endloop
  endfacet
  facet normal 9.659253e-01 -2.588211e-01 3.596518e-06
    outer loop
      vertex 1.503293e+01 -2.308688e+01 6.000000e-01
      vertex 1.519766e+01 -2.247206e+01 1.350000e+00
      vertex 1.470344e+01 -2.431652e+01 6.000000e-01
    endloop
  endfacet
  facet normal 9.659258e-01 -2.588192e-01 -1.404030e-06
    outer loop
      vertex 1.429159e+01 -2.585357e+01 1.350000e+00
      vertex 1.470344e+01 -2.431652e+01 6.000000e-01
      vertex 1.519766e+01 -2.247206e+01 1.350000e+00
    endloop
  endfacet
  facet normal 9.659261e-01 -2.588183e-01 3.202865e-06
    outer loop
      vertex 1.404449e+01 -2.677580e+01 6.000000e-01
      vertex 1.437396e+01 -2.554616e+01 6.000000e-01
      vertex 1.429159e+01 -2.585357e+01 1.350000e+00
    endloop
  endfacet
  facet normal 9.659261e-01 -2.588182e-01 -1.895265e-06
    outer loop
      vertex 1.429159e+01 -2.585357e+01 1.350000e+00
      vertex 1.338552e+01 -2.923508e+01 1.600000e+00
      vertex 1.371500e+01 -2.800544e+01 6.000000e-01
    endloop
  endfacet
  facet normal 9.659261e-01 -2.588181e-01 0.000000e+00
    outer loop
      vertex 1.429159e+01 -2.585357e+01 2.100000e+00
      vertex 1.338552e+01 -2.923508e+01 2.600000e+00
      vertex 1.338552e+01 -2.923508e+01 1.600000e+00
    endloop
  endfacet
  facet normal 9.659261e-01 -2.588181e-01 0.000000e+00
    outer loop
      vertex 1.338552e+01 -2.923508e+01 3.600000e+00
      vertex 1.338552e+01 -2.923508e+01 2.600000e+00
      vertex 1.429159e+01 -2.585357e+01 2.850000e+00
    endloop
  endfacet
  facet normal 9.659261e-01 -2.588181e-01 0.000000e+00
    outer loop
      vertex 1.338552e+01 -2.923508e+01 3.600000e+00
      vertex 1.429159e+01 -2.585357e+01 2.850000e+00
      vertex 1.429159e+01 -2.585357e+01 3.600000e+00
    endloop
  endfacet
  facet normal 9.659261e-01 -2.588181e-01 0.000000e+00
    outer loop
      vertex 1.429159e+01 -2.585357e+01 1.350000e+00
      vertex 1.429159e+01 -2.585357e+01 2.100000e+00
      vertex 1.338552e+01 -2.923508e+01 1.600000e+00
    endloop
  endfacet
  facet normal 9.659258e-01 -2.588192e-01 0.000000e+00
    outer loop
      vertex 1.429159e+01 -2.585357e+01 3.600000e+00
      vertex 1.429159e+01 -2.585357e+01 2.850000e+00
      vertex 1.519766e+01 -2.247206e+01 2.850000e+00
    endloop
  endfacet
  facet normal 9.659258e-01 -2.588192e-01 0.000000e+00
    outer loop
      vertex 1.429159e+01 -2.585357e+01 3.600000e+00
      vertex 1.519766e+01 -2.247206e+01 2.850000e+00
      vertex 1.519766e+01 -2.247206e+01 3.600000e+00
    endloop
  endfacet
  facet normal 9.659261e-01 -2.588181e-01 0.000000e+00
    outer loop
      vertex 1.338552e+01 -2.923508e+01 2.600000e+00
      vertex 1.429159e+01 -2.585357e+01 2.100000e+00
      vertex 1.429159e+01 -2.585357e+01 2.850000e+00
    endloop
  endfacet
  facet normal 9.659261e-01 -2.588183e-01 1.140059e-06
    outer loop
      vertex 1.519766e+01 -2.247206e+01 1.350000e+00
      vertex 1.503293e+01 -2.308688e+01 6.000000e-01
      vertex 1.536241e+01 -2.185724e+01 6.000000e-01
    endloop
  endfacet
  facet normal 9.659257e-01 -2.588196e-01 -6.413582e-08
    outer loop
      vertex 1.610374e+01 -1.909056e+01 1.350000e+00
      vertex 1.519766e+01 -2.247206e+01 1.350000e+00
      vertex 1.536241e+01 -2.185724e+01 6.000000e-01
    endloop
  endfacet
  facet normal 9.659261e-01 -2.588183e-01 -5.482982e-06
    outer loop
      vertex 1.610374e+01 -1.909056e+01 1.350000e+00
      vertex 1.536241e+01 -2.185724e+01 6.000000e-01
      vertex 1.569188e+01 -2.062761e+01 6.000000e-01
    endloop
  endfacet
  facet normal 9.659253e-01 -2.588211e-01 6.582160e-07
    outer loop
      vertex 1.610374e+01 -1.909056e+01 1.350000e+00
      vertex 1.569188e+01 -2.062761e+01 6.000000e-01
      vertex 1.602137e+01 -1.939797e+01 6.000000e-01
    endloop
  endfacet
  facet normal 9.659253e-01 -2.588211e-01 -6.887598e-06
    outer loop
      vertex 1.610374e+01 -1.909056e+01 1.350000e+00
      vertex 1.635085e+01 -1.816832e+01 6.000000e-01
      vertex 1.668033e+01 -1.693869e+01 6.000000e-01
    endloop
  endfacet
  facet normal 9.659259e-01 -2.588186e-01 0.000000e+00
    outer loop
      vertex 1.700981e+01 -1.570905e+01 2.100000e+00
      vertex 1.610374e+01 -1.909056e+01 1.350000e+00
      vertex 1.700981e+01 -1.570905e+01 6.000000e-01
    endloop
  endfacet
  facet normal 9.659261e-01 -2.588183e-01 1.710089e-06
    outer loop
      vertex 1.668033e+01 -1.693869e+01 6.000000e-01
      vertex 1.700981e+01 -1.570905e+01 6.000000e-01
      vertex 1.610374e+01 -1.909056e+01 1.350000e+00
    endloop
  endfacet
  facet normal 9.659264e-01 -2.588168e-01 -1.228239e-06
    outer loop
      vertex 1.602137e+01 -1.939797e+01 6.000000e-01
      vertex 1.635085e+01 -1.816832e+01 6.000000e-01
      vertex 1.610374e+01 -1.909056e+01 1.350000e+00
    endloop
  endfacet
  facet normal 9.659257e-01 -2.588196e-01 0.000000e+00
    outer loop
      vertex 1.519766e+01 -2.247206e+01 3.600000e+00
      vertex 1.519766e+01 -2.247206e+01 2.850000e+00
      vertex 1.610374e+01 -1.909056e+01 2.850000e+00
    endloop
  endfacet
  facet normal 9.659257e-01 -2.588196e-01 0.000000e+00
    outer loop
      vertex 1.519766e+01 -2.247206e+01 3.600000e+00
      vertex 1.610374e+01 -1.909056e+01 2.850000e+00
      vertex 1.610374e+01 -1.909056e+01 3.600000e+00
    endloop
  endfacet
  facet normal 9.659259e-01 -2.588186e-01 0.000000e+00
    outer loop
      vertex 1.700981e+01 -1.570905e+01 3.600000e+00
      vertex 1.610374e+01 -1.909056e+01 2.850000e+00
      vertex 1.700981e+01 -1.570905e+01 2.100000e+00
    endloop
  endfacet
  facet normal 9.659259e-01 -2.588186e-01 0.000000e+00
    outer loop
      vertex 1.610374e+01 -1.909056e+01 2.100000e+00
      vertex 1.700981e+01 -1.570905e+01 2.100000e+00
      vertex 1.610374e+01 -1.909056e+01 2.850000e+00
    endloop
  endfacet
  facet normal 9.659259e-01 -2.588186e-01 0.000000e+00
    outer loop
      vertex 1.610374e+01 -1.909056e+01 2.850000e+00
      vertex 1.700981e+01 -1.570905e+01 3.600000e+00
      vertex 1.610374e+01 -1.909056e+01 3.600000e+00
    endloop
  endfacet
  facet normal 9.659259e-01 -2.588186e-01 0.000000e+00
    outer loop
      vertex 1.700981e+01 -1.570905e+01 2.100000e+00
      vertex 1.610374e+01 -1.909056e+01 2.100000e+00
      vertex 1.610374e+01 -1.909056e+01 1.350000e+00
    endloop
  endfacet
  facet normal 2.588181e-01 9.659261e-01 0.000000e+00
    outer loop
      vertex 1.700981e+01 -1.570905e+01 2.100000e+00
      vertex 1.700981e+01 -1.570905e+01 6.000000e-01
      vertex 1.623707e+01 -1.550200e+01 6.000000e-01
    endloop
  endfacet
  facet normal 2.588181e-01 9.659261e-01 0.000000e+00
    outer loop
      vertex 1.700981e+01 -1.570905e+01 2.100000e+00
      vertex 1.623707e+01 -1.550200e+01 6.000000e-01
      vertex 1.623707e+01 -1.550200e+01 2.100000e+00
    endloop
  endfacet
  facet normal 2.588181e-01 9.659261e-01 0.000000e+00
    outer loop
      vertex 1.700981e+01 -1.570905e+01 3.600000e+00
      vertex 1.700981e+01 -1.570905e+01 2.100000e+00
      vertex 1.623707e+01 -1.550200e+01 2.100000e+00
    endloop
  endfacet
  facet normal 2.588181e-01 9.659261e-01 0.000000e+00
    outer loop
      vertex 1.700981e+01 -1.570905e+01 3.600000e+00
      vertex 1.623707e+01 -1.550200e+01 2.100000e+00
      vertex 1.623707e+01 -1.550200e+01 3.600000e+00
    endloop
  endfacet
  facet normal -9.659253e-01 2.588211e-01 0.000000e+00
    outer loop
      vertex 1.623707e+01 -1.550200e+01 2.100000e+00
      vertex 1.623707e+01 -1.550200e+01 6.000000e-01
      vertex 1.590759e+01 -1.673163e+01 6.000000e-01
    endloop
  endfacet
  facet normal -9.659261e-01 2.588183e-01 2.456477e-06
    outer loop
      vertex 1.623707e+01 -1.550200e+01 2.100000e+00
      vertex 1.557811e+01 -1.796127e+01 6.000000e-01
      vertex 1.524863e+01 -1.919091e+01 6.000000e-01
    endloop
  endfacet
  facet normal -9.659257e-01 2.588196e-01 4.560207e-07
    outer loop
      vertex 1.478736e+01 -2.091240e+01 3.600000e+00
      vertex 1.524863e+01 -1.919091e+01 6.000000e-01
      vertex 1.491915e+01 -2.042055e+01 6.000000e-01
    endloop
  endfacet
  facet normal -9.659261e-01 2.588183e-01 2.456477e-06
    outer loop
      vertex 1.623707e+01 -1.550200e+01 2.100000e+00
      vertex 1.590759e+01 -1.673163e+01 6.000000e-01
      vertex 1.557811e+01 -1.796127e+01 6.000000e-01
    endloop
  endfacet
  facet normal -9.659258e-01 2.588194e-01 0.000000e+00
    outer loop
      vertex 1.551221e+01 -1.820720e+01 3.600000e+00
      vertex 1.623707e+01 -1.550200e+01 3.600000e+00
      vertex 1.623707e+01 -1.550200e+01 2.100000e+00
    endloop
  endfacet
  facet normal -9.659259e-01 2.588187e-01 -5.182076e-08
    outer loop
      vertex 1.551221e+01 -1.820720e+01 3.600000e+00
      vertex 1.524863e+01 -1.919091e+01 6.000000e-01
      vertex 1.478736e+01 -2.091240e+01 3.600000e+00
    endloop
  endfacet
  facet normal -9.659258e-01 2.588193e-01 -2.463748e-07
    outer loop
      vertex 1.524863e+01 -1.919091e+01 6.000000e-01
      vertex 1.551221e+01 -1.820720e+01 3.600000e+00
      vertex 1.623707e+01 -1.550200e+01 2.100000e+00
    endloop
  endfacet
  facet normal -9.659253e-01 2.588211e-01 -5.089339e-07
    outer loop
      vertex 1.426018e+01 -2.287983e+01 6.000000e-01
      vertex 1.478736e+01 -2.091240e+01 3.600000e+00
      vertex 1.458967e+01 -2.165019e+01 6.000000e-01
    endloop
  endfacet
  facet normal -9.659261e-01 2.588183e-01 2.280118e-07
    outer loop
      vertex 1.491915e+01 -2.042055e+01 6.000000e-01
      vertex 1.458967e+01 -2.165019e+01 6.000000e-01
      vertex 1.478736e+01 -2.091240e+01 3.600000e+00
    endloop
  endfacet
  facet normal -9.659261e-01 2.588183e-01 1.000227e-06
    outer loop
      vertex 1.406250e+01 -2.361761e+01 3.600000e+00
      vertex 1.426018e+01 -2.287983e+01 6.000000e-01
      vertex 1.393070e+01 -2.410946e+01 6.000000e-01
    endloop
  endfacet
  facet normal -9.659257e-01 2.588196e-01 -2.645590e-07
    outer loop
      vertex 1.261278e+01 -2.902802e+01 1.600000e+00
      vertex 1.360122e+01 -2.533910e+01 6.000000e-01
      vertex 1.327174e+01 -2.656874e+01 6.000000e-01
    endloop
  endfacet
  facet normal -9.659261e-01 2.588183e-01 -3.684715e-06
    outer loop
      vertex 1.261278e+01 -2.902802e+01 1.600000e+00
      vertex 1.327174e+01 -2.656874e+01 6.000000e-01
      vertex 1.294226e+01 -2.779838e+01 6.000000e-01
    endloop
  endfacet
  facet normal -9.659261e-01 2.588183e-01 1.000227e-06
    outer loop
      vertex 1.406250e+01 -2.361761e+01 3.600000e+00
      vertex 1.393070e+01 -2.410946e+01 6.000000e-01
      vertex 1.360122e+01 -2.533910e+01 6.000000e-01
    endloop
  endfacet
  facet normal -9.659254e-01 2.588207e-01 -4.904346e-07
    outer loop
      vertex 1.333764e+01 -2.632281e+01 3.600000e+00
      vertex 1.406250e+01 -2.361761e+01 3.600000e+00
      vertex 1.360122e+01 -2.533910e+01 6.000000e-01
    endloop
  endfacet
  facet normal -9.659253e-01 2.588211e-01 0.000000e+00
    outer loop
      vertex 1.261278e+01 -2.902802e+01 6.000000e-01
      vertex 1.261278e+01 -2.902802e+01 1.600000e+00
      vertex 1.294226e+01 -2.779838e+01 6.000000e-01
    endloop
  endfacet
  facet normal -9.659257e-01 2.588196e-01 0.000000e+00
    outer loop
      vertex 1.360122e+01 -2.533910e+01 6.000000e-01
      vertex 1.261278e+01 -2.902802e+01 1.600000e+00
      vertex 1.261278e+01 -2.902802e+01 2.600000e+00
    endloop
  endfacet
  facet normal -9.659258e-01 2.588191e-01 -1.049237e-06
    outer loop
      vertex 1.360122e+01 -2.533910e+01 6.000000e-01
      vertex 1.261278e+01 -2.902802e+01 2.600000e+00
      vertex 1.333764e+01 -2.632281e+01 3.600000e+00
    endloop
  endfacet
  facet normal -9.659259e-01 2.588187e-01 0.000000e+00
    outer loop
      vertex 1.333764e+01 -2.632281e+01 3.600000e+00
      vertex 1.261278e+01 -2.902802e+01 2.600000e+00
      vertex 1.261278e+01 -2.902802e+01 3.600000e+00
    endloop
  endfacet
  facet normal -9.659259e-01 2.588187e-01 1.124597e-06
    outer loop
      vertex 1.478736e+01 -2.091240e+01 3.600000e+00
      vertex 1.426018e+01 -2.287983e+01 6.000000e-01
      vertex 1.406250e+01 -2.361761e+01 3.600000e+00
    endloop
  endfacet
  facet normal -2.588259e-01 -9.659240e-01 -0.000000e+00
    outer loop
      vertex 1.261278e+01 -2.902802e+01 1.600000e+00
      vertex 1.261278e+01 -2.902802e+01 6.000000e-01
      vertex 1.338552e+01 -2.923508e+01 6.000000e-01
    endloop
  endfacet
  facet normal -2.588259e-01 -9.659240e-01 0.000000e+00
    outer loop
      vertex 1.261278e+01 -2.902802e+01 1.600000e+00
      vertex 1.338552e+01 -2.923508e+01 6.000000e-01
      vertex 1.338552e+01 -2.923508e+01 1.600000e+00
    endloop
  endfacet
  facet normal -2.588259e-01 -9.659240e-01 -0.000000e+00
    outer loop
      vertex 1.261278e+01 -2.902802e+01 3.600000e+00
      vertex 1.261278e+01 -2.902802e+01 2.600000e+00
      vertex 1.338552e+01 -2.923508e+01 2.600000e+00
    endloop
  endfacet
  facet normal -2.588259e-01 -9.659240e-01 0.000000e+00
    outer loop
      vertex 1.261278e+01 -2.902802e+01 3.600000e+00
      vertex 1.338552e+01 -2.923508e+01 2.600000e+00
      vertex 1.338552e+01 -2.923508e+01 3.600000e+00
    endloop
  endfacet
  facet normal -2.588259e-01 -9.659240e-01 -0.000000e+00
    outer loop
      vertex 1.261278e+01 -2.902802e+01 2.600000e+00
      vertex 1.261278e+01 -2.902802e+01 1.600000e+00
      vertex 1.338552e+01 -2.923508e+01 1.600000e+00
    endloop
  endfacet
  facet normal -2.588259e-01 -9.659240e-01 0.000000e+00
    outer loop
      vertex 1.261278e+01 -2.902802e+01 2.600000e+00
      vertex 1.338552e+01 -2.923508e+01 1.600000e+00
      vertex 1.338552e+01 -2.923508e+01 2.600000e+00
    endloop
  endfacet
  facet normal 0.000000e+00 0.000000e+00 1.000000e+00
    outer loop
      vertex 1.333764e+01 -2.632281e+01 3.600000e+00
      vertex 1.261278e+01 -2.902802e+01 3.600000e+00
      vertex 1.338552e+01 -2.923508e+01 3.600000e+00
    endloop
  endfacet
  facet normal 0.000000e+00 0.000000e+00 1.000000e+00
    outer loop
      vertex 1.333764e+01 -2.632281e+01 3.600000e+00
      vertex 1.338552e+01 -2.923508e+01 3.600000e+00
      vertex 1.429159e+01 -2.585357e+01 3.600000e+00
    endloop
  endfacet
  facet normal 0.000000e+00 0.000000e+00 1.000000e+00
    outer loop
      vertex 1.519766e+01 -2.247206e+01 3.600000e+00
      vertex 1.478736e+01 -2.091240e+01 3.600000e+00
      vertex 1.406250e+01 -2.361761e+01 3.600000e+00
    endloop
  endfacet
  facet normal 0.000000e+00 0.000000e+00 1.000000e+00
    outer loop
      vertex 1.610374e+01 -1.909056e+01 3.600000e+00
      vertex 1.551221e+01 -1.820720e+01 3.600000e+00
      vertex 1.478736e+01 -2.091240e+01 3.600000e+00
    endloop
  endfacet
  facet normal 0.000000e+00 0.000000e+00 1.000000e+00
    outer loop
      vertex 1.406250e+01 -2.361761e+01 3.600000e+00
      vertex 1.333764e+01 -2.632281e+01 3.600000e+00
      vertex 1.429159e+01 -2.585357e+01 3.600000e+00
    endloop
  endfacet
  facet normal 0.000000e+00 0.000000e+00 1.000000e+00
    outer loop
      vertex 1.429159e+01 -2.585357e+01 3.600000e+00
      vertex 1.519766e+01 -2.247206e+01 3.600000e+00
      vertex 1.406250e+01 -2.361761e+01 3.600000e+00
    endloop
  endfacet
  facet normal 0.000000e+00 0.000000e+00 1.000000e+00
    outer loop
      vertex 1.519766e+01 -2.247206e+01 3.600000e+00
      vertex 1.610374e+01 -1.909056e+01 3.600000e+00
      vertex 1.478736e+01 -2.091240e+01 3.600000e+00
    endloop
  endfacet
  facet normal 0.000000e+00 0.000000e+00 1.000000e+00
    outer loop
      vertex 1.623707e+01 -1.550200e+01 3.600000e+00
      vertex 1.551221e+01 -1.820720e+01 3.600000e+00
      vertex 1.610374e+01 -1.909056e+01 3.600000e+00
    endloop
  endfacet
  facet normal 0.000000e+00 0.000000e+00 1.000000e+00
    outer loop
      vertex 1.623707e+01 -1.550200e+01 3.600000e+00
      vertex 1.610374e+01 -1.909056e+01 3.600000e+00
      vertex 1.700981e+01 -1.570905e+01 3.600000e+00
    endloop
  endfacet
  facet normal -2.399310e-15 -8.954511e-15 -1.000000e+00
    outer loop
      vertex 1.832895e+01 -1.556565e+01 2.843698e-14
      vertex 1.753436e+01 -1.853109e+01 5.689757e-14
      vertex 1.634877e+01 -1.821342e+01 5.689757e-14
    endloop
  endfacet
  facet normal -2.399358e-15 -8.954476e-15 -1.000000e+00
    outer loop
      vertex 1.832895e+01 -1.556565e+01 2.843698e-14
      vertex 1.634877e+01 -1.821342e+01 5.689757e-14
      vertex 1.714336e+01 -1.524797e+01 2.843698e-14
    endloop
  endfacet
  facet normal -2.399358e-15 -8.954476e-15 -1.000000e+00
    outer loop
      vertex 1.951454e+01 -1.588332e+01 2.843698e-14
      vertex 1.871995e+01 -1.884877e+01 5.689757e-14
      vertex 1.753436e+01 -1.853109e+01 5.689757e-14
    endloop
  endfacet
  facet normal -2.399310e-15 -8.954511e-15 -1.000000e+00
    outer loop
      vertex 1.951454e+01 -1.588332e+01 2.843698e-14
      vertex 1.753436e+01 -1.853109e+01 5.689757e-14
      vertex 1.832895e+01 -1.556565e+01 2.843698e-14
    endloop
  endfacet
  facet normal -2.399358e-15 -8.954476e-15 -1.000000e+00
    outer loop
      vertex 1.595777e+01 -1.493029e+01 2.843698e-14
      vertex 1.516318e+01 -1.789574e+01 5.689757e-14
      vertex 1.397758e+01 -1.757806e+01 5.689757e-14
    endloop
  endfacet
  facet normal -2.399358e-15 -8.954476e-15 -1.000000e+00
    outer loop
      vertex 1.595777e+01 -1.493029e+01 2.843698e-14
      vertex 1.397758e+01 -1.757806e+01 5.689757e-14
      vertex 1.477217e+01 -1.461261e+01 2.843698e-14
    endloop
  endfacet
  facet normal -2.399358e-15 -8.954476e-15 -1.000000e+00
    outer loop
      vertex 1.714336e+01 -1.524797e+01 2.843698e-14
      vertex 1.634877e+01 -1.821342e+01 5.689757e-14
      vertex 1.516318e+01 -1.789574e+01 5.689757e-14
    endloop
  endfacet
  facet normal -2.399358e-15 -8.954476e-15 -1.000000e+00
    outer loop
      vertex 1.714336e+01 -1.524797e+01 2.843698e-14
      vertex 1.516318e+01 -1.789574e+01 5.689757e-14
      vertex 1.595777e+01 -1.493029e+01 2.843698e-14
    endloop
  endfacet
  facet normal -2.399358e-15 -8.954476e-15 -1.000000e+00
    outer loop
      vertex 1.477217e+01 -1.461261e+01 2.843698e-14
      vertex 1.397758e+01 -1.757806e+01 5.689757e-14
      vertex 1.279199e+01 -1.726038e+01 5.689757e-14
    endloop
  endfacet
  facet normal -2.399316e-15 -8.954506e-15 -1.000000e+00
    outer loop
      vertex 1.477217e+01 -1.461261e+01 2.843698e-14
      vertex 1.279199e+01 -1.726038e+01 5.689757e-14
      vertex 1.358658e+01 -1.429493e+01 2.843698e-14
    endloop
  endfacet
  facet normal -2.399358e-15 -8.954476e-15 -1.000000e+00
    outer loop
      vertex 1.516318e+01 -1.789574e+01 5.689757e-14
      vertex 1.238840e+01 -2.350897e+01 1.138188e-13
      vertex 1.397758e+01 -1.757806e+01 5.689757e-14
    endloop
  endfacet
  facet normal -2.399361e-15 -8.954486e-15 -1.000000e+00
    outer loop
      vertex 1.475959e+01 -2.414432e+01 1.138188e-13
      vertex 1.516318e+01 -1.789574e+01 5.689757e-14
      vertex 1.634877e+01 -1.821342e+01 5.689757e-14
    endloop
  endfacet
  facet normal -2.399332e-15 -8.954488e-15 -1.000000e+00
    outer loop
      vertex 1.238840e+01 -2.350897e+01 1.138188e-13
      vertex 1.516318e+01 -1.789574e+01 5.689757e-14
      vertex 1.475959e+01 -2.414432e+01 1.138188e-13
    endloop
  endfacet
  facet normal -2.399361e-15 -8.954473e-15 -1.000000e+00
    outer loop
      vertex 1.475959e+01 -2.414432e+01 1.138188e-13
      vertex 1.317040e+01 -3.007523e+01 1.707399e-13
      vertex 1.079922e+01 -2.943987e+01 1.707399e-13
    endloop
  endfacet
  facet normal -2.399334e-15 -8.954494e-15 -1.000000e+00
    outer loop
      vertex 1.475959e+01 -2.414432e+01 1.138188e-13
      vertex 1.079922e+01 -2.943987e+01 1.707399e-13
      vertex 1.238840e+01 -2.350897e+01 1.138188e-13
    endloop
  endfacet
  facet normal -2.398892e-15 -8.952733e-15 -1.000000e+00
    outer loop
      vertex 8.437511e+00 -3.516378e+01 2.276402e-13
      vertex 6.838848e+00 -3.473542e+01 2.276402e-13
      vertex 7.474529e+00 -3.236306e+01 2.048762e-13
    endloop
  endfacet
  facet normal -2.395013e-15 -8.953774e-15 -1.000000e+00
    outer loop
      vertex 1.079922e+01 -2.943987e+01 1.707399e-13
      vertex 7.474529e+00 -3.236306e+01 2.048762e-13
      vertex 8.110199e+00 -2.999070e+01 1.821122e-13
    endloop
  endfacet
  facet normal -2.394993e-15 -8.953752e-15 -1.000000e+00
    outer loop
      vertex 1.079922e+01 -2.943987e+01 1.707399e-13
      vertex 8.745869e+00 -2.761834e+01 1.593481e-13
      vertex 9.381538e+00 -2.524597e+01 1.365841e-13
    endloop
  endfacet
  facet normal -2.399419e-15 -8.952594e-15 -1.000000e+00
    outer loop
      vertex 1.238840e+01 -2.350897e+01 1.138188e-13
      vertex 9.381538e+00 -2.524597e+01 1.365841e-13
      vertex 1.001722e+01 -2.287361e+01 1.138201e-13
    endloop
  endfacet
  facet normal -2.395013e-15 -8.953774e-15 -1.000000e+00
    outer loop
      vertex 8.745869e+00 -2.761834e+01 1.593481e-13
      vertex 1.079922e+01 -2.943987e+01 1.707399e-13
      vertex 8.110199e+00 -2.999070e+01 1.821122e-13
    endloop
  endfacet
  facet normal -2.398482e-15 -8.951182e-15 -1.000000e+00
    outer loop
      vertex 1.079922e+01 -2.943987e+01 1.707399e-13
      vertex 1.003615e+01 -3.559214e+01 2.276402e-13
      vertex 8.437511e+00 -3.516378e+01 2.276402e-13
    endloop
  endfacet
  facet normal -2.398136e-15 -8.954815e-15 -1.000000e+00
    outer loop
      vertex 1.079922e+01 -2.943987e+01 1.707399e-13
      vertex 9.381538e+00 -2.524597e+01 1.365841e-13
      vertex 1.238840e+01 -2.350897e+01 1.138188e-13
    endloop
  endfacet
  facet normal -2.408652e-15 -8.950122e-15 -1.000000e+00
    outer loop
      vertex 1.279199e+01 -1.726038e+01 5.689757e-14
      vertex 1.065289e+01 -2.050125e+01 9.105608e-14
      vertex 1.128856e+01 -1.812889e+01 6.829205e-14
    endloop
  endfacet
  facet normal -2.399419e-15 -8.952591e-15 -1.000000e+00
    outer loop
      vertex 1.238840e+01 -2.350897e+01 1.138188e-13
      vertex 1.001722e+01 -2.287361e+01 1.138201e-13
      vertex 1.065289e+01 -2.050125e+01 9.105608e-14
    endloop
  endfacet
  facet normal -2.402350e-15 -8.954283e-15 -1.000000e+00
    outer loop
      vertex 1.238840e+01 -2.350897e+01 1.138188e-13
      vertex 1.065289e+01 -2.050125e+01 9.105608e-14
      vertex 1.279199e+01 -1.726038e+01 5.689757e-14
    endloop
  endfacet
  facet normal -2.396616e-15 -8.951952e-15 -1.000000e+00
    outer loop
      vertex 8.437511e+00 -3.516378e+01 2.276402e-13
      vertex 7.474529e+00 -3.236306e+01 2.048762e-13
      vertex 1.079922e+01 -2.943987e+01 1.707399e-13
    endloop
  endfacet
  facet normal -2.408703e-15 -8.950103e-15 -1.000000e+00
    outer loop
      vertex 1.279199e+01 -1.726038e+01 5.689757e-14
      vertex 1.192423e+01 -1.575652e+01 4.552803e-14
      vertex 1.255991e+01 -1.338416e+01 2.276402e-14
    endloop
  endfacet
  facet normal -2.414463e-15 -8.950448e-15 -1.000000e+00
    outer loop
      vertex 1.279199e+01 -1.726038e+01 5.689757e-14
      vertex 1.255991e+01 -1.338416e+01 2.276402e-14
      vertex 1.358658e+01 -1.429493e+01 2.843698e-14
    endloop
  endfacet
  facet normal -2.408673e-15 -8.950086e-15 -1.000000e+00
    outer loop
      vertex 1.128856e+01 -1.812889e+01 6.829205e-14
      vertex 1.192423e+01 -1.575652e+01 4.552803e-14
      vertex 1.279199e+01 -1.726038e+01 5.689757e-14
    endloop
  endfacet
  facet normal -2.398902e-15 -8.952729e-15 -1.000000e+00
    outer loop
      vertex 1.319558e+01 -1.101180e+01 0.000000e+00
      vertex 1.405783e+01 -1.124284e+01 0.000000e+00
      vertex 1.255991e+01 -1.338416e+01 2.276402e-14
    endloop
  endfacet
  facet normal -2.409753e-15 -8.945139e-15 -1.000000e+00
    outer loop
      vertex 1.358658e+01 -1.429493e+01 2.843698e-14
      vertex 1.255991e+01 -1.338416e+01 2.276402e-14
      vertex 1.405783e+01 -1.124284e+01 0.000000e+00
    endloop
  endfacet
  facet normal -2.397294e-15 -8.947062e-15 -1.000000e+00
    outer loop
      vertex 1.405783e+01 -1.124284e+01 0.000000e+00
      vertex 1.492008e+01 -1.147387e+01 0.000000e+00
      vertex 1.358658e+01 -1.429493e+01 2.843698e-14
    endloop
  endfacet
  facet normal -2.397380e-15 -8.947048e-15 -1.000000e+00
    outer loop
      vertex 1.477217e+01 -1.461261e+01 2.843698e-14
      vertex 1.578233e+01 -1.170491e+01 0.000000e+00
      vertex 1.664458e+01 -1.193596e+01 0.000000e+00
    endloop
  endfacet
  facet normal -2.397369e-15 -8.947055e-15 -1.000000e+00
    outer loop
      vertex 1.477217e+01 -1.461261e+01 2.843698e-14
      vertex 1.664458e+01 -1.193596e+01 0.000000e+00
      vertex 1.595777e+01 -1.493029e+01 2.843698e-14
    endloop
  endfacet
  facet normal -2.397373e-15 -8.947024e-15 -1.000000e+00
    outer loop
      vertex 1.358658e+01 -1.429493e+01 2.843698e-14
      vertex 1.492008e+01 -1.147387e+01 0.000000e+00
      vertex 1.578233e+01 -1.170491e+01 0.000000e+00
    endloop
  endfacet
  facet normal -2.397323e-15 -8.947068e-15 -1.000000e+00
    outer loop
      vertex 1.358658e+01 -1.429493e+01 2.843698e-14
      vertex 1.578233e+01 -1.170491e+01 0.000000e+00
      vertex 1.477217e+01 -1.461261e+01 2.843698e-14
    endloop
  endfacet
  facet normal -2.397371e-15 -8.947055e-15 -1.000000e+00
    outer loop
      vertex 1.664458e+01 -1.193596e+01 0.000000e+00
      vertex 1.750683e+01 -1.216700e+01 0.000000e+00
      vertex 1.595777e+01 -1.493029e+01 2.843698e-14
    endloop
  endfacet
  facet normal -2.399358e-15 -8.954476e-15 -1.000000e+00
    outer loop
      vertex 1.397758e+01 -1.757806e+01 5.689757e-14
      vertex 1.238840e+01 -2.350897e+01 1.138188e-13
      vertex 1.279199e+01 -1.726038e+01 5.689757e-14
    endloop
  endfacet
  facet normal -2.398479e-15 -8.951182e-15 -1.000000e+00
    outer loop
      vertex 1.003615e+01 -3.559214e+01 2.276402e-13
      vertex 1.079922e+01 -2.943987e+01 1.707399e-13
      vertex 1.317040e+01 -3.007523e+01 1.707399e-13
    endloop
  endfacet
  facet normal -2.400783e-15 -8.949873e-15 -1.000000e+00
    outer loop
      vertex 1.317040e+01 -3.007523e+01 1.707399e-13
      vertex 1.273936e+01 -3.377376e+01 2.048762e-13
      vertex 1.003615e+01 -3.559214e+01 2.276402e-13
    endloop
  endfacet
  facet normal -2.405990e-15 -8.949266e-15 -1.000000e+00
    outer loop
      vertex 1.384390e+01 -3.152704e+01 1.821122e-13
      vertex 1.273936e+01 -3.377376e+01 2.048762e-13
      vertex 1.317040e+01 -3.007523e+01 1.707399e-13
    endloop
  endfacet
  facet normal -2.404155e-15 -8.953188e-15 -1.000000e+00
    outer loop
      vertex 1.317040e+01 -3.007523e+01 1.707399e-13
      vertex 1.475959e+01 -2.414432e+01 1.138188e-13
      vertex 1.494846e+01 -2.928031e+01 1.593481e-13
    endloop
  endfacet
  facet normal -2.399307e-15 -8.954500e-15 -1.000000e+00
    outer loop
      vertex 1.475959e+01 -2.414432e+01 1.138188e-13
      vertex 1.634877e+01 -1.821342e+01 5.689757e-14
      vertex 1.753436e+01 -1.853109e+01 5.689757e-14
    endloop
  endfacet
  facet normal -2.405922e-15 -8.949234e-15 -1.000000e+00
    outer loop
      vertex 1.384390e+01 -3.152704e+01 1.821122e-13
      vertex 1.317040e+01 -3.007523e+01 1.707399e-13
      vertex 1.494846e+01 -2.928031e+01 1.593481e-13
    endloop
  endfacet
  facet normal -2.398407e-15 -8.952990e-15 -1.000000e+00
    outer loop
      vertex 1.475959e+01 -2.414432e+01 1.138188e-13
      vertex 1.715756e+01 -2.478686e+01 1.138201e-13
      vertex 1.605301e+01 -2.703358e+01 1.365841e-13
    endloop
  endfacet
  facet normal -2.398869e-15 -8.954717e-15 -1.000000e+00
    outer loop
      vertex 1.753436e+01 -1.853109e+01 5.689757e-14
      vertex 1.715756e+01 -2.478686e+01 1.138201e-13
      vertex 1.475959e+01 -2.414432e+01 1.138188e-13
    endloop
  endfacet
  facet normal -2.399764e-15 -8.955994e-15 -1.000000e+00
    outer loop
      vertex 1.826211e+01 -2.254013e+01 9.105608e-14
      vertex 1.753436e+01 -1.853109e+01 5.689757e-14
      vertex 1.871995e+01 -1.884877e+01 5.689757e-14
    endloop
  endfacet
  facet normal -2.394262e-15 -8.954994e-15 -1.000000e+00
    outer loop
      vertex 1.715756e+01 -2.478686e+01 1.138201e-13
      vertex 1.753436e+01 -1.853109e+01 5.689757e-14
      vertex 1.826211e+01 -2.254013e+01 9.105608e-14
    endloop
  endfacet
  facet normal -2.389715e-15 -8.957240e-15 -1.000000e+00
    outer loop
      vertex 1.936666e+01 -2.029341e+01 6.829205e-14
      vertex 1.826211e+01 -2.254013e+01 9.105608e-14
      vertex 1.871995e+01 -1.884877e+01 5.689757e-14
    endloop
  endfacet
  facet normal -2.398375e-15 -8.952976e-15 -1.000000e+00
    outer loop
      vertex 1.494846e+01 -2.928031e+01 1.593481e-13
      vertex 1.475959e+01 -2.414432e+01 1.138188e-13
      vertex 1.605301e+01 -2.703358e+01 1.365841e-13
    endloop
  endfacet
  facet normal -2.397304e-15 -8.947063e-15 -1.000000e+00
    outer loop
      vertex 1.714336e+01 -1.524797e+01 2.843698e-14
      vertex 1.750683e+01 -1.216700e+01 0.000000e+00
      vertex 1.836907e+01 -1.239803e+01 0.000000e+00
    endloop
  endfacet
  facet normal -2.397370e-15 -8.947055e-15 -1.000000e+00
    outer loop
      vertex 1.714336e+01 -1.524797e+01 2.843698e-14
      vertex 1.595777e+01 -1.493029e+01 2.843698e-14
      vertex 1.750683e+01 -1.216700e+01 0.000000e+00
    endloop
  endfacet
  facet normal -2.397375e-15 -8.947032e-15 -1.000000e+00
    outer loop
      vertex 1.714336e+01 -1.524797e+01 2.843698e-14
      vertex 1.836907e+01 -1.239803e+01 0.000000e+00
      vertex 1.923132e+01 -1.262907e+01 0.000000e+00
    endloop
  endfacet
  facet normal -2.397366e-15 -8.947040e-15 -1.000000e+00
    outer loop
      vertex 1.714336e+01 -1.524797e+01 2.843698e-14
      vertex 1.923132e+01 -1.262907e+01 0.000000e+00
      vertex 1.832895e+01 -1.556565e+01 2.843698e-14
    endloop
  endfacet
  facet normal -2.397317e-15 -8.947073e-15 -1.000000e+00
    outer loop
      vertex 2.009357e+01 -1.286011e+01 0.000000e+00
      vertex 1.951454e+01 -1.588332e+01 2.843698e-14
      vertex 1.832895e+01 -1.556565e+01 2.843698e-14
    endloop
  endfacet
  facet normal -2.397367e-15 -8.947040e-15 -1.000000e+00
    outer loop
      vertex 2.009357e+01 -1.286011e+01 0.000000e+00
      vertex 1.832895e+01 -1.556565e+01 2.843698e-14
      vertex 1.923132e+01 -1.262907e+01 0.000000e+00
    endloop
  endfacet
  facet normal -2.389795e-15 -8.957038e-15 -1.000000e+00
    outer loop
      vertex 1.951454e+01 -1.588332e+01 2.843698e-14
      vertex 2.047122e+01 -1.804668e+01 4.552803e-14
      vertex 1.871995e+01 -1.884877e+01 5.689757e-14
    endloop
  endfacet
  facet normal -2.389705e-15 -8.957235e-15 -1.000000e+00
    outer loop
      vertex 1.936666e+01 -2.029341e+01 6.829205e-14
      vertex 1.871995e+01 -1.884877e+01 5.689757e-14
      vertex 2.047122e+01 -1.804668e+01 4.552803e-14
    endloop
  endfacet
  facet normal -2.389963e-15 -8.957112e-15 -1.000000e+00
    outer loop
      vertex 2.157577e+01 -1.579995e+01 2.276402e-14
      vertex 2.047122e+01 -1.804668e+01 4.552803e-14
      vertex 1.951454e+01 -1.588332e+01 2.843698e-14
    endloop
  endfacet
  facet normal -2.398811e-15 -8.952723e-15 -1.000000e+00
    outer loop
      vertex 2.157577e+01 -1.579995e+01 2.276402e-14
      vertex 2.095582e+01 -1.309115e+01 0.000000e+00
      vertex 2.181807e+01 -1.332219e+01 0.000000e+00
    endloop
  endfacet
  facet normal -2.398898e-15 -8.952715e-15 -1.000000e+00
    outer loop
      vertex 2.181807e+01 -1.332219e+01 0.000000e+00
      vertex 2.268032e+01 -1.355323e+01 0.000000e+00
      vertex 2.157577e+01 -1.579995e+01 2.276402e-14
    endloop
  endfacet
  facet normal -2.390220e-15 -8.950757e-15 -1.000000e+00
    outer loop
      vertex 2.157577e+01 -1.579995e+01 2.276402e-14
      vertex 1.951454e+01 -1.588332e+01 2.843698e-14
      vertex 2.095582e+01 -1.309115e+01 0.000000e+00
    endloop
  endfacet
  facet normal -2.397383e-15 -8.947060e-15 -1.000000e+00
    outer loop
      vertex 2.009357e+01 -1.286011e+01 0.000000e+00
      vertex 2.095582e+01 -1.309115e+01 0.000000e+00
      vertex 1.951454e+01 -1.588332e+01 2.843698e-14
    endloop
  endfacet
  facet normal -2.398825e-15 -8.952783e-15 -1.000000e+00
    outer loop
      vertex 1.273936e+01 -3.377376e+01 2.048762e-13
      vertex 1.163480e+01 -3.602048e+01 2.276402e-13
      vertex 1.003615e+01 -3.559214e+01 2.276402e-13
    endloop
  endfacet
  facet normal -2.588124e-01 -9.659276e-01 -0.000000e+00
    outer loop
      vertex 1.163480e+01 -3.602048e+01 2.276402e-13
      vertex 1.163480e+01 -3.602048e+01 6.000000e-01
      vertex 1.043582e+01 -3.569922e+01 6.000000e-01
    endloop
  endfacet
  facet normal -2.588124e-01 -9.659276e-01 0.000000e+00
    outer loop
      vertex 1.163480e+01 -3.602048e+01 2.276402e-13
      vertex 1.043582e+01 -3.569922e+01 6.000000e-01
      vertex 1.003615e+01 -3.559214e+01 2.276402e-13
    endloop
  endfacet
  facet normal -2.588239e-01 -9.659245e-01 8.188244e-06
    outer loop
      vertex 1.043582e+01 -3.569922e+01 6.000000e-01
      vertex 9.236832e+00 -3.537795e+01 6.000000e-01
      vertex 1.003615e+01 -3.559214e+01 2.276402e-13
    endloop
  endfacet
  facet normal -2.588231e-01 -9.659247e-01 -7.639727e-06
    outer loop
      vertex 8.437511e+00 -3.516378e+01 2.276402e-13
      vertex 8.037842e+00 -3.505669e+01 6.000000e-01
      vertex 6.838848e+00 -3.473542e+01 6.000000e-01
    endloop
  endfacet
  facet normal -2.588204e-01 -9.659255e-01 0.000000e+00
    outer loop
      vertex 8.437511e+00 -3.516378e+01 2.276402e-13
      vertex 6.838848e+00 -3.473542e+01 6.000000e-01
      vertex 6.838848e+00 -3.473542e+01 2.276402e-13
    endloop
  endfacet
  facet normal -2.588124e-01 -9.659276e-01 2.234156e-17
    outer loop
      vertex 8.437511e+00 -3.516378e+01 2.276402e-13
      vertex 9.236832e+00 -3.537795e+01 6.000000e-01
      vertex 8.037842e+00 -3.505669e+01 6.000000e-01
    endloop
  endfacet
  facet normal -2.588210e-01 -9.659253e-01 1.228237e-05
    outer loop
      vertex 1.003615e+01 -3.559214e+01 2.276402e-13
      vertex 9.236832e+00 -3.537795e+01 6.000000e-01
      vertex 8.437511e+00 -3.516378e+01 2.276402e-13
    endloop
  endfacet
  facet normal -9.659260e-01 2.588185e-01 0.000000e+00
    outer loop
      vertex 1.296855e+01 -1.185907e+01 3.000000e-01
      vertex 1.296855e+01 -1.185907e+01 1.500000e-01
      vertex 1.274153e+01 -1.270634e+01 1.500000e-01
    endloop
  endfacet
  facet normal -9.659260e-01 2.588185e-01 0.000000e+00
    outer loop
      vertex 1.296855e+01 -1.185907e+01 3.000000e-01
      vertex 1.274153e+01 -1.270634e+01 1.500000e-01
      vertex 1.274153e+01 -1.270634e+01 3.000000e-01
    endloop
  endfacet
  facet normal -9.659252e-01 2.588216e-01 0.000000e+00
    outer loop
      vertex 6.838848e+00 -3.473542e+01 2.276402e-13
      vertex 6.838848e+00 -3.473542e+01 6.000000e-01
      vertex 7.181221e+00 -3.345769e+01 6.000000e-01
    endloop
  endfacet
  facet normal -9.659257e-01 2.588196e-01 4.544184e-06
    outer loop
      vertex 6.838848e+00 -3.473542e+01 2.276402e-13
      vertex 7.181221e+00 -3.345769e+01 6.000000e-01
      vertex 7.474529e+00 -3.236306e+01 2.048762e-13
    endloop
  endfacet
  facet normal -9.659259e-01 2.588187e-01 2.798291e-06
    outer loop
      vertex 7.523590e+00 -3.217995e+01 6.000000e-01
      vertex 7.474529e+00 -3.236306e+01 2.048762e-13
      vertex 7.181221e+00 -3.345769e+01 6.000000e-01
    endloop
  endfacet
  facet normal -9.659259e-01 2.588189e-01 2.735106e-06
    outer loop
      vertex 7.474529e+00 -3.236306e+01 2.048762e-13
      vertex 7.523590e+00 -3.217995e+01 6.000000e-01
      vertex 7.865959e+00 -3.090223e+01 6.000000e-01
    endloop
  endfacet
  facet normal -9.659257e-01 2.588196e-01 9.092398e-07
    outer loop
      vertex 7.474529e+00 -3.236306e+01 2.048762e-13
      vertex 7.865959e+00 -3.090223e+01 6.000000e-01
      vertex 8.110199e+00 -2.999070e+01 1.821122e-13
    endloop
  endfacet
  facet normal -9.659262e-01 2.588175e-01 6.288420e-07
    outer loop
      vertex 8.745869e+00 -2.761834e+01 1.593481e-13
      vertex 8.893059e+00 -2.706903e+01 6.000000e-01
      vertex 9.235432e+00 -2.579129e+01 6.000000e-01
    endloop
  endfacet
  facet normal -9.659262e-01 2.588174e-01 9.034508e-07
    outer loop
      vertex 8.745869e+00 -2.761834e+01 1.593481e-13
      vertex 9.235432e+00 -2.579129e+01 6.000000e-01
      vertex 9.381538e+00 -2.524597e+01 1.365841e-13
    endloop
  endfacet
  facet normal -9.659259e-01 2.588189e-01 -6.709789e-07
    outer loop
      vertex 8.110199e+00 -2.999070e+01 1.821122e-13
      vertex 8.208328e+00 -2.962449e+01 6.000000e-01
      vertex 8.550690e+00 -2.834676e+01 6.000000e-01
    endloop
  endfacet
  facet normal -9.659257e-01 2.588196e-01 -2.725705e-06
    outer loop
      vertex 8.110199e+00 -2.999070e+01 1.821122e-13
      vertex 8.550690e+00 -2.834676e+01 6.000000e-01
      vertex 8.745869e+00 -2.761834e+01 1.593481e-13
    endloop
  endfacet
  facet normal -9.659262e-01 2.588175e-01 7.126609e-06
    outer loop
      vertex 9.381538e+00 -2.524597e+01 1.365841e-13
      vertex 9.577801e+00 -2.451356e+01 6.000000e-01
      vertex 9.920158e+00 -2.323583e+01 6.000000e-01
    endloop
  endfacet
  facet normal -9.659257e-01 2.588196e-01 -5.633423e-07
    outer loop
      vertex 9.381538e+00 -2.524597e+01 1.365841e-13
      vertex 9.920158e+00 -2.323583e+01 6.000000e-01
      vertex 1.001722e+01 -2.287361e+01 1.138201e-13
    endloop
  endfacet
  facet normal -9.659259e-01 2.588187e-01 -5.446091e-07
    outer loop
      vertex 8.208328e+00 -2.962449e+01 6.000000e-01
      vertex 8.110199e+00 -2.999070e+01 1.821122e-13
      vertex 7.865959e+00 -3.090223e+01 6.000000e-01
    endloop
  endfacet
  facet normal -9.659255e-01 2.588202e-01 -2.080982e-07
    outer loop
      vertex 1.001722e+01 -2.287361e+01 1.138201e-13
      vertex 9.920158e+00 -2.323583e+01 6.000000e-01
      vertex 1.026253e+01 -2.195810e+01 6.000000e-01
    endloop
  endfacet
  facet normal -9.659255e-01 2.588202e-01 3.606424e-06
    outer loop
      vertex 9.577801e+00 -2.451356e+01 6.000000e-01
      vertex 9.381538e+00 -2.524597e+01 1.365841e-13
      vertex 9.235432e+00 -2.579129e+01 6.000000e-01
    endloop
  endfacet
  facet normal -9.659255e-01 2.588202e-01 -2.011310e-06
    outer loop
      vertex 8.893059e+00 -2.706903e+01 6.000000e-01
      vertex 8.745869e+00 -2.761834e+01 1.593481e-13
      vertex 8.550690e+00 -2.834676e+01 6.000000e-01
    endloop
  endfacet
  facet normal -9.659259e-01 2.588189e-01 1.834063e-06
    outer loop
      vertex 1.001722e+01 -2.287361e+01 1.138201e-13
      vertex 1.026253e+01 -2.195810e+01 6.000000e-01
      vertex 1.060489e+01 -2.068037e+01 6.000000e-01
    endloop
  endfacet
  facet normal -9.659257e-01 2.588196e-01 -9.072253e-07
    outer loop
      vertex 1.001722e+01 -2.287361e+01 1.138201e-13
      vertex 1.060489e+01 -2.068037e+01 6.000000e-01
      vertex 1.065289e+01 -2.050125e+01 9.105608e-14
    endloop
  endfacet
  facet normal -9.659262e-01 2.588175e-01 4.548720e-06
    outer loop
      vertex 1.065289e+01 -2.050125e+01 9.105608e-14
      vertex 1.094726e+01 -1.940264e+01 6.000000e-01
      vertex 1.128963e+01 -1.812490e+01 6.000000e-01
    endloop
  endfacet
  facet normal -9.659257e-01 2.588196e-01 -4.542170e-06
    outer loop
      vertex 1.065289e+01 -2.050125e+01 9.105608e-14
      vertex 1.128963e+01 -1.812490e+01 6.000000e-01
      vertex 1.128856e+01 -1.812889e+01 6.829205e-14
    endloop
  endfacet
  facet normal -9.659257e-01 2.588196e-01 8.143223e-07
    outer loop
      vertex 1.274153e+01 -1.270634e+01 3.000000e-01
      vertex 1.255991e+01 -1.338416e+01 2.276402e-14
      vertex 1.192423e+01 -1.575652e+01 4.552803e-14
    endloop
  endfacet
  facet normal -9.659255e-01 2.588202e-01 -4.546075e-06
    outer loop
      vertex 1.128856e+01 -1.812889e+01 6.829205e-14
      vertex 1.128963e+01 -1.812490e+01 6.000000e-01
      vertex 1.163200e+01 -1.684717e+01 6.000000e-01
    endloop
  endfacet
  facet normal -9.659262e-01 2.588174e-01 1.806901e-06
    outer loop
      vertex 1.128856e+01 -1.812889e+01 6.829205e-14
      vertex 1.163200e+01 -1.684717e+01 6.000000e-01
      vertex 1.192423e+01 -1.575652e+01 4.552803e-14
    endloop
  endfacet
  facet normal -9.659260e-01 2.588185e-01 6.840346e-06
    outer loop
      vertex 1.274153e+01 -1.270634e+01 1.500000e-01
      vertex 1.296855e+01 -1.185907e+01 1.500000e-01
      vertex 1.255991e+01 -1.338416e+01 2.276402e-14
    endloop
  endfacet
  facet normal -9.659257e-01 2.588196e-01 -4.885934e-06
    outer loop
      vertex 1.319558e+01 -1.101180e+01 0.000000e+00
      vertex 1.255991e+01 -1.338416e+01 2.276402e-14
      vertex 1.296855e+01 -1.185907e+01 1.500000e-01
    endloop
  endfacet
  facet normal -9.659255e-01 2.588204e-01 0.000000e+00
    outer loop
      vertex 1.319558e+01 -1.101180e+01 0.000000e+00
      vertex 1.296855e+01 -1.185907e+01 1.500000e-01
      vertex 1.319558e+01 -1.101180e+01 2.250000e-01
    endloop
  endfacet
  facet normal -9.659255e-01 2.588204e-01 0.000000e+00
    outer loop
      vertex 1.319558e+01 -1.101180e+01 2.250000e-01
      vertex 1.296855e+01 -1.185907e+01 1.500000e-01
      vertex 1.296855e+01 -1.185907e+01 3.000000e-01
    endloop
  endfacet
  facet normal -9.659256e-01 2.588200e-01 0.000000e+00
    outer loop
      vertex 1.255991e+01 -1.338416e+01 2.276402e-14
      vertex 1.274153e+01 -1.270634e+01 3.000000e-01
      vertex 1.274153e+01 -1.270634e+01 1.500000e-01
    endloop
  endfacet
  facet normal -9.659258e-01 2.588194e-01 3.043537e-06
    outer loop
      vertex 1.192423e+01 -1.575652e+01 4.552803e-14
      vertex 1.231673e+01 -1.429171e+01 6.000000e-01
      vertex 1.274153e+01 -1.270634e+01 3.000000e-01
    endloop
  endfacet
  facet normal -9.659255e-01 2.588202e-01 -7.315523e-07
    outer loop
      vertex 1.094726e+01 -1.940264e+01 6.000000e-01
      vertex 1.065289e+01 -2.050125e+01 9.105608e-14
      vertex 1.060489e+01 -2.068037e+01 6.000000e-01
    endloop
  endfacet
  facet normal -9.659255e-01 2.588202e-01 1.071660e-06
    outer loop
      vertex 1.197436e+01 -1.556944e+01 6.000000e-01
      vertex 1.231673e+01 -1.429171e+01 6.000000e-01
      vertex 1.192423e+01 -1.575652e+01 4.552803e-14
    endloop
  endfacet
  facet normal -9.659262e-01 2.588175e-01 1.970829e-06
    outer loop
      vertex 1.192423e+01 -1.575652e+01 4.552803e-14
      vertex 1.163200e+01 -1.684717e+01 6.000000e-01
      vertex 1.197436e+01 -1.556944e+01 6.000000e-01
    endloop
  endfacet
  facet normal -9.659262e-01 2.588175e-01 -7.927686e-06
    outer loop
      vertex 1.265910e+01 -1.301397e+01 6.000000e-01
      vertex 1.274153e+01 -1.270634e+01 3.000000e-01
      vertex 1.231673e+01 -1.429171e+01 6.000000e-01
    endloop
  endfacet
  facet normal -9.659260e-01 2.588185e-01 6.618263e-07
    outer loop
      vertex 1.300147e+01 -1.173624e+01 6.000000e-01
      vertex 1.296855e+01 -1.185907e+01 3.000000e-01
      vertex 1.274153e+01 -1.270634e+01 3.000000e-01
    endloop
  endfacet
  facet normal -9.659255e-01 2.588202e-01 -4.970522e-06
    outer loop
      vertex 1.300147e+01 -1.173624e+01 6.000000e-01
      vertex 1.274153e+01 -1.270634e+01 3.000000e-01
      vertex 1.265910e+01 -1.301397e+01 6.000000e-01
    endloop
  endfacet
  facet normal -9.659255e-01 2.588204e-01 -1.588142e-07
    outer loop
      vertex 1.300147e+01 -1.173624e+01 6.000000e-01
      vertex 1.319558e+01 -1.101180e+01 2.250000e-01
      vertex 1.296855e+01 -1.185907e+01 3.000000e-01
    endloop
  endfacet
  facet normal 2.588216e-01 9.659252e-01 0.000000e+00
    outer loop
      vertex 1.319558e+01 -1.101180e+01 0.000000e+00
      vertex 1.319558e+01 -1.101180e+01 2.250000e-01
      vertex 1.405783e+01 -1.124284e+01 2.250000e-01
    endloop
  endfacet
  facet normal 2.588216e-01 9.659252e-01 0.000000e+00
    outer loop
      vertex 1.319558e+01 -1.101180e+01 0.000000e+00
      vertex 1.405783e+01 -1.124284e+01 2.250000e-01
      vertex 1.405783e+01 -1.124284e+01 0.000000e+00
    endloop
  endfacet
  facet normal 2.588125e-01 9.659276e-01 0.000000e+00
    outer loop
      vertex 1.405783e+01 -1.124284e+01 0.000000e+00
      vertex 1.405783e+01 -1.124284e+01 2.250000e-01
      vertex 1.492008e+01 -1.147387e+01 2.250000e-01
    endloop
  endfacet
  facet normal 2.588125e-01 9.659276e-01 0.000000e+00
    outer loop
      vertex 1.405783e+01 -1.124284e+01 0.000000e+00
      vertex 1.492008e+01 -1.147387e+01 2.250000e-01
      vertex 1.492008e+01 -1.147387e+01 0.000000e+00
    endloop
  endfacet
  facet normal 2.588216e-01 9.659252e-01 0.000000e+00
    outer loop
      vertex 1.578233e+01 -1.170491e+01 0.000000e+00
      vertex 1.578233e+01 -1.170491e+01 2.250000e-01
      vertex 1.664458e+01 -1.193596e+01 2.250000e-01
    endloop
  endfacet
  facet normal 2.588216e-01 9.659252e-01 0.000000e+00
    outer loop
      vertex 1.578233e+01 -1.170491e+01 0.000000e+00
      vertex 1.664458e+01 -1.193596e+01 2.250000e-01
      vertex 1.664458e+01 -1.193596e+01 0.000000e+00
    endloop
  endfacet
  facet normal 2.588205e-01 9.659254e-01 0.000000e+00
    outer loop
      vertex 1.664458e+01 -1.193596e+01 0.000000e+00
      vertex 1.664458e+01 -1.193596e+01 2.250000e-01
      vertex 1.750683e+01 -1.216700e+01 2.250000e-01
    endloop
  endfacet
  facet normal 2.588205e-01 9.659254e-01 0.000000e+00
    outer loop
      vertex 1.664458e+01 -1.193596e+01 0.000000e+00
      vertex 1.750683e+01 -1.216700e+01 2.250000e-01
      vertex 1.750683e+01 -1.216700e+01 0.000000e+00
    endloop
  endfacet
  facet normal 2.588216e-01 9.659252e-01 0.000000e+00
    outer loop
      vertex 1.492008e+01 -1.147387e+01 0.000000e+00
      vertex 1.492008e+01 -1.147387e+01 2.250000e-01
      vertex 1.578233e+01 -1.170491e+01 2.250000e-01
    endloop
  endfacet
  facet normal 2.588216e-01 9.659252e-01 0.000000e+00
    outer loop
      vertex 1.492008e+01 -1.147387e+01 0.000000e+00
      vertex 1.578233e+01 -1.170491e+01 2.250000e-01
      vertex 1.578233e+01 -1.170491e+01 0.000000e+00
    endloop
  endfacet
  facet normal 2.588136e-01 9.659273e-01 0.000000e+00
    outer loop
      vertex 1.750683e+01 -1.216700e+01 0.000000e+00
      vertex 1.750683e+01 -1.216700e+01 2.250000e-01
      vertex 1.836907e+01 -1.239803e+01 2.250000e-01
    endloop
  endfacet
  facet normal 2.588136e-01 9.659273e-01 0.000000e+00
    outer loop
      vertex 1.750683e+01 -1.216700e+01 0.000000e+00
      vertex 1.836907e+01 -1.239803e+01 2.250000e-01
      vertex 1.836907e+01 -1.239803e+01 0.000000e+00
    endloop
  endfacet
  facet normal 2.588216e-01 9.659252e-01 0.000000e+00
    outer loop
      vertex 1.836907e+01 -1.239803e+01 0.000000e+00
      vertex 1.836907e+01 -1.239803e+01 2.250000e-01
      vertex 1.923132e+01 -1.262907e+01 2.250000e-01
    endloop
  endfacet
  facet normal 2.588216e-01 9.659252e-01 0.000000e+00
    outer loop
      vertex 1.836907e+01 -1.239803e+01 0.000000e+00
      vertex 1.923132e+01 -1.262907e+01 2.250000e-01
      vertex 1.923132e+01 -1.262907e+01 0.000000e+00
    endloop
  endfacet
  facet normal 2.588205e-01 9.659254e-01 0.000000e+00
    outer loop
      vertex 1.923132e+01 -1.262907e+01 0.000000e+00
      vertex 1.923132e+01 -1.262907e+01 2.250000e-01
      vertex 2.009357e+01 -1.286011e+01 2.250000e-01
    endloop
  endfacet
  facet normal 2.588205e-01 9.659254e-01 0.000000e+00
    outer loop
      vertex 1.923132e+01 -1.262907e+01 0.000000e+00
      vertex 2.009357e+01 -1.286011e+01 2.250000e-01
      vertex 2.009357e+01 -1.286011e+01 0.000000e+00
    endloop
  endfacet
  facet normal 2.588125e-01 9.659276e-01 0.000000e+00
    outer loop
      vertex 2.095582e+01 -1.309115e+01 0.000000e+00
      vertex 2.095582e+01 -1.309115e+01 2.250000e-01
      vertex 2.181807e+01 -1.332219e+01 2.250000e-01
    endloop
  endfacet
  facet normal 2.588125e-01 9.659276e-01 0.000000e+00
    outer loop
      vertex 2.095582e+01 -1.309115e+01 0.000000e+00
      vertex 2.181807e+01 -1.332219e+01 2.250000e-01
      vertex 2.181807e+01 -1.332219e+01 0.000000e+00
    endloop
  endfacet
  facet normal 2.588216e-01 9.659252e-01 0.000000e+00
    outer loop
      vertex 2.181807e+01 -1.332219e+01 0.000000e+00
      vertex 2.181807e+01 -1.332219e+01 2.250000e-01
      vertex 2.268032e+01 -1.355323e+01 2.250000e-01
    endloop
  endfacet
  facet normal 2.588216e-01 9.659252e-01 0.000000e+00
    outer loop
      vertex 2.181807e+01 -1.332219e+01 0.000000e+00
      vertex 2.268032e+01 -1.355323e+01 2.250000e-01
      vertex 2.268032e+01 -1.355323e+01 0.000000e+00
    endloop
  endfacet
  facet normal 2.588216e-01 9.659252e-01 0.000000e+00
    outer loop
      vertex 2.009357e+01 -1.286011e+01 0.000000e+00
      vertex 2.009357e+01 -1.286011e+01 2.250000e-01
      vertex 2.095582e+01 -1.309115e+01 2.250000e-01
    endloop
  endfacet
  facet normal 2.588216e-01 9.659252e-01 0.000000e+00
    outer loop
      vertex 2.009357e+01 -1.286011e+01 0.000000e+00
      vertex 2.095582e+01 -1.309115e+01 2.250000e-01
      vertex 2.095582e+01 -1.309115e+01 0.000000e+00
    endloop
  endfacet
  facet normal 8.974122e-01 -4.411931e-01 0.000000e+00
    outer loop
      vertex 2.189135e+01 -1.515803e+01 3.000000e-01
      vertex 2.189135e+01 -1.515803e+01 1.500000e-01
      vertex 2.228584e+01 -1.435563e+01 1.500000e-01
    endloop
  endfacet
  facet normal 8.974122e-01 -4.411931e-01 0.000000e+00
    outer loop
      vertex 2.189135e+01 -1.515803e+01 3.000000e-01
      vertex 2.228584e+01 -1.435563e+01 1.500000e-01
      vertex 2.228584e+01 -1.435563e+01 3.000000e-01
    endloop
  endfacet
  facet normal 8.974122e-01 -4.411931e-01 0.000000e+00
    outer loop
      vertex 2.268032e+01 -1.355323e+01 2.250000e-01
      vertex 2.228584e+01 -1.435563e+01 1.500000e-01
      vertex 2.268032e+01 -1.355323e+01 0.000000e+00
    endloop
  endfacet
  facet normal 8.974122e-01 -4.411931e-01 4.717328e-06
    outer loop
      vertex 2.157577e+01 -1.579995e+01 2.276402e-14
      vertex 2.228584e+01 -1.435563e+01 1.500000e-01
      vertex 2.189135e+01 -1.515803e+01 1.500000e-01
    endloop
  endfacet
  facet normal 8.974122e-01 -4.411931e-01 0.000000e+00
    outer loop
      vertex 2.268032e+01 -1.355323e+01 2.250000e-01
      vertex 2.228584e+01 -1.435563e+01 3.000000e-01
      vertex 2.228584e+01 -1.435563e+01 1.500000e-01
    endloop
  endfacet
  facet normal 8.974124e-01 -4.411928e-01 1.439094e-06
    outer loop
      vertex 2.157577e+01 -1.579995e+01 2.276402e-14
      vertex 2.268032e+01 -1.355323e+01 0.000000e+00
      vertex 2.228584e+01 -1.435563e+01 1.500000e-01
    endloop
  endfacet
  facet normal 8.974127e-01 -4.411922e-01 0.000000e+00
    outer loop
      vertex 2.189135e+01 -1.515803e+01 3.000000e-01
      vertex 2.157577e+01 -1.579995e+01 2.276402e-14
      vertex 2.189135e+01 -1.515803e+01 1.500000e-01
    endloop
  endfacet
  facet normal 8.974115e-01 -4.411945e-01 -4.161063e-06
    outer loop
      vertex 2.047122e+01 -1.804668e+01 4.552803e-14
      vertex 1.996342e+01 -1.907957e+01 6.000000e-01
      vertex 1.936852e+01 -2.028963e+01 6.000000e-01
    endloop
  endfacet
  facet normal 8.974124e-01 -4.411928e-01 4.059091e-06
    outer loop
      vertex 2.047122e+01 -1.804668e+01 4.552803e-14
      vertex 1.936852e+01 -2.028963e+01 6.000000e-01
      vertex 1.936666e+01 -2.029341e+01 6.829205e-14
    endloop
  endfacet
  facet normal 8.974130e-01 -4.411916e-01 -1.630171e-06
    outer loop
      vertex 2.047122e+01 -1.804668e+01 4.552803e-14
      vertex 2.157577e+01 -1.579995e+01 2.276402e-14
      vertex 2.189135e+01 -1.515803e+01 3.000000e-01
    endloop
  endfacet
  facet normal 8.974126e-01 -4.411923e-01 4.055424e-06
    outer loop
      vertex 1.936666e+01 -2.029341e+01 6.829205e-14
      vertex 1.936852e+01 -2.028963e+01 6.000000e-01
      vertex 1.877361e+01 -2.149970e+01 6.000000e-01
    endloop
  endfacet
  facet normal 8.974130e-01 -4.411916e-01 5.947164e-06
    outer loop
      vertex 1.936666e+01 -2.029341e+01 6.829205e-14
      vertex 1.877361e+01 -2.149970e+01 6.000000e-01
      vertex 1.826211e+01 -2.254013e+01 9.105608e-14
    endloop
  endfacet
  facet normal 8.974126e-01 -4.411923e-01 -3.514312e-06
    outer loop
      vertex 2.228584e+01 -1.435563e+01 3.000000e-01
      vertex 2.234302e+01 -1.423931e+01 6.000000e-01
      vertex 2.174812e+01 -1.544938e+01 6.000000e-01
    endloop
  endfacet
  facet normal 8.974122e-01 -4.411931e-01 -6.880261e-06
    outer loop
      vertex 2.228584e+01 -1.435563e+01 3.000000e-01
      vertex 2.174812e+01 -1.544938e+01 6.000000e-01
      vertex 2.189135e+01 -1.515803e+01 3.000000e-01
    endloop
  endfacet
  facet normal 8.974126e-01 -4.411923e-01 -5.937661e-06
    outer loop
      vertex 2.174812e+01 -1.544938e+01 6.000000e-01
      vertex 2.115322e+01 -1.665944e+01 6.000000e-01
      vertex 2.189135e+01 -1.515803e+01 3.000000e-01
    endloop
  endfacet
  facet normal 8.974121e-01 -4.411932e-01 -3.072691e-06
    outer loop
      vertex 2.268032e+01 -1.355323e+01 2.250000e-01
      vertex 2.234302e+01 -1.423931e+01 6.000000e-01
      vertex 2.228584e+01 -1.435563e+01 3.000000e-01
    endloop
  endfacet
  facet normal 8.974130e-01 -4.411916e-01 -1.521934e-06
    outer loop
      vertex 2.047122e+01 -1.804668e+01 4.552803e-14
      vertex 2.189135e+01 -1.515803e+01 3.000000e-01
      vertex 2.115322e+01 -1.665944e+01 6.000000e-01
    endloop
  endfacet
  facet normal 8.974126e-01 -4.411923e-01 6.275918e-07
    outer loop
      vertex 1.996342e+01 -1.907957e+01 6.000000e-01
      vertex 2.047122e+01 -1.804668e+01 4.552803e-14
      vertex 2.055832e+01 -1.786950e+01 6.000000e-01
    endloop
  endfacet
  facet normal 8.974126e-01 -4.411923e-01 6.275918e-07
    outer loop
      vertex 2.115322e+01 -1.665944e+01 6.000000e-01
      vertex 2.055832e+01 -1.786950e+01 6.000000e-01
      vertex 2.047122e+01 -1.804668e+01 4.552803e-14
    endloop
  endfacet
  facet normal 8.974137e-01 -4.411900e-01 2.673042e-06
    outer loop
      vertex 1.877361e+01 -2.149970e+01 6.000000e-01
      vertex 1.817872e+01 -2.270977e+01 6.000000e-01
      vertex 1.826211e+01 -2.254013e+01 9.105608e-14
    endloop
  endfacet
  facet normal 8.974126e-01 -4.411923e-01 1.873206e-06
    outer loop
      vertex 1.817872e+01 -2.270977e+01 6.000000e-01
      vertex 1.758381e+01 -2.391983e+01 6.000000e-01
      vertex 1.826211e+01 -2.254013e+01 9.105608e-14
    endloop
  endfacet
  facet normal 8.974124e-01 -4.411928e-01 5.331211e-07
    outer loop
      vertex 1.715756e+01 -2.478686e+01 1.138201e-13
      vertex 1.826211e+01 -2.254013e+01 9.105608e-14
      vertex 1.758381e+01 -2.391983e+01 6.000000e-01
    endloop
  endfacet
  facet normal 8.974115e-01 -4.411945e-01 3.710674e-06
    outer loop
      vertex 1.715756e+01 -2.478686e+01 1.138201e-13
      vertex 1.758381e+01 -2.391983e+01 6.000000e-01
      vertex 1.698891e+01 -2.512989e+01 6.000000e-01
    endloop
  endfacet
  facet normal 8.974126e-01 -4.411923e-01 5.301039e-06
    outer loop
      vertex 1.639401e+01 -2.633996e+01 6.000000e-01
      vertex 1.715756e+01 -2.478686e+01 1.138201e-13
      vertex 1.698891e+01 -2.512989e+01 6.000000e-01
    endloop
  endfacet
  facet normal 8.974118e-01 -4.411940e-01 -8.556000e-08
    outer loop
      vertex 1.605301e+01 -2.703358e+01 1.365841e-13
      vertex 1.715756e+01 -2.478686e+01 1.138201e-13
      vertex 1.639401e+01 -2.633996e+01 6.000000e-01
    endloop
  endfacet
  facet normal 8.974126e-01 -4.411923e-01 9.366032e-07
    outer loop
      vertex 1.494846e+01 -2.928031e+01 1.593481e-13
      vertex 1.460931e+01 -2.997016e+01 6.000000e-01
      vertex 1.401441e+01 -3.118023e+01 6.000000e-01
    endloop
  endfacet
  facet normal 8.974130e-01 -4.411916e-01 3.835300e-06
    outer loop
      vertex 1.494846e+01 -2.928031e+01 1.593481e-13
      vertex 1.401441e+01 -3.118023e+01 6.000000e-01
      vertex 1.384390e+01 -3.152704e+01 1.821122e-13
    endloop
  endfacet
  facet normal 8.974137e-01 -4.411900e-01 8.434763e-06
    outer loop
      vertex 1.384390e+01 -3.152704e+01 1.821122e-13
      vertex 1.341950e+01 -3.239029e+01 6.000000e-01
      vertex 1.282461e+01 -3.360036e+01 6.000000e-01
    endloop
  endfacet
  facet normal 8.974124e-01 -4.411927e-01 -3.266783e-06
    outer loop
      vertex 1.384390e+01 -3.152704e+01 1.821122e-13
      vertex 1.282461e+01 -3.360036e+01 6.000000e-01
      vertex 1.273936e+01 -3.377376e+01 2.048762e-13
    endloop
  endfacet
  facet normal 8.974126e-01 -4.411923e-01 -2.450451e-06
    outer loop
      vertex 1.605301e+01 -2.703358e+01 1.365841e-13
      vertex 1.579911e+01 -2.755003e+01 6.000000e-01
      vertex 1.520421e+01 -2.876009e+01 6.000000e-01
    endloop
  endfacet
  facet normal 8.974130e-01 -4.411916e-01 1.207835e-07
    outer loop
      vertex 1.605301e+01 -2.703358e+01 1.365841e-13
      vertex 1.520421e+01 -2.876009e+01 6.000000e-01
      vertex 1.494846e+01 -2.928031e+01 1.593481e-13
    endloop
  endfacet
  facet normal 8.974104e-01 -4.411968e-01 -1.304020e-05
    outer loop
      vertex 1.273936e+01 -3.377376e+01 2.048762e-13
      vertex 1.222970e+01 -3.481043e+01 6.000000e-01
      vertex 1.163480e+01 -3.602048e+01 6.000000e-01
    endloop
  endfacet
  facet normal 8.974118e-01 -4.411940e-01 0.000000e+00
    outer loop
      vertex 1.273936e+01 -3.377376e+01 2.048762e-13
      vertex 1.163480e+01 -3.602048e+01 6.000000e-01
      vertex 1.163480e+01 -3.602048e+01 2.276402e-13
    endloop
  endfacet
  facet normal 8.974126e-01 -4.411923e-01 -2.491229e-06
    outer loop
      vertex 1.605301e+01 -2.703358e+01 1.365841e-13
      vertex 1.639401e+01 -2.633996e+01 6.000000e-01
      vertex 1.579911e+01 -2.755003e+01 6.000000e-01
    endloop
  endfacet
  facet normal 8.974126e-01 -4.411923e-01 9.366032e-07
    outer loop
      vertex 1.494846e+01 -2.928031e+01 1.593481e-13
      vertex 1.520421e+01 -2.876009e+01 6.000000e-01
      vertex 1.460931e+01 -2.997016e+01 6.000000e-01
    endloop
  endfacet
  facet normal 8.974126e-01 -4.411923e-01 4.364435e-06
    outer loop
      vertex 1.384390e+01 -3.152704e+01 1.821122e-13
      vertex 1.401441e+01 -3.118023e+01 6.000000e-01
      vertex 1.341950e+01 -3.239029e+01 6.000000e-01
    endloop
  endfacet
  facet normal 8.974126e-01 -4.411923e-01 -3.427832e-06
    outer loop
      vertex 1.273936e+01 -3.377376e+01 2.048762e-13
      vertex 1.282461e+01 -3.360036e+01 6.000000e-01
      vertex 1.222970e+01 -3.481043e+01 6.000000e-01
    endloop
  endfacet
endsolid Default
