solid Default
  facet normal 0.000000e+00 0.000000e+00 1.000000e+00
    outer loop
      vertex 1.999955e+01 -3.684838e+01 3.600000e+00
      vertex 1.999955e+01 -3.584838e+01 3.600000e+00
      vertex 1.744899e+01 -3.584838e+01 3.600000e+00
    endloop
  endfacet
  facet normal 0.000000e+00 0.000000e+00 1.000000e+00
    outer loop
      vertex 1.999955e+01 -3.684838e+01 3.600000e+00
      vertex 1.744899e+01 -3.584838e+01 3.600000e+00
      vertex 1.744899e+01 -3.684838e+01 3.600000e+00
    endloop
  endfacet
  facet normal 0.000000e+00 0.000000e+00 1.000000e+00
    outer loop
      vertex 1.999955e+01 -3.584838e+01 3.600000e+00
      vertex 1.999955e+01 -3.684838e+01 3.600000e+00
      vertex 2.255011e+01 -3.684838e+01 3.600000e+00
    endloop
  endfacet
  facet normal 0.000000e+00 0.000000e+00 1.000000e+00
    outer loop
      vertex 1.999955e+01 -3.584838e+01 3.600000e+00
      vertex 2.255011e+01 -3.684838e+01 3.600000e+00
      vertex 2.255011e+01 -3.584838e+01 3.600000e+00
    endloop
  endfacet
  facet normal -9.984337e-01 5.594789e-02 0.000000e+00
    outer loop
      vertex 1.489872e+01 -3.765998e+01 3.000000e-01
      vertex 1.491394e+01 -3.738835e+01 5.697758e-14
      vertex 1.489872e+01 -3.765998e+01 5.134564e-14
    endloop
  endfacet
  facet normal -9.840791e-01 1.777311e-01 0.000000e+00
    outer loop
      vertex 1.496172e+01 -3.712380e+01 5.702230e-14
      vertex 1.491394e+01 -3.738835e+01 5.697758e-14
      vertex 1.491394e+01 -3.738835e+01 6.000000e-01
    endloop
  endfacet
  facet normal -9.840791e-01 1.777311e-01 0.000000e+00
    outer loop
      vertex 1.496172e+01 -3.712380e+01 5.702230e-14
      vertex 1.491394e+01 -3.738835e+01 6.000000e-01
      vertex 1.496172e+01 -3.712380e+01 6.000000e-01
    endloop
  endfacet
  facet normal -8.929681e-01 4.501199e-01 0.000000e+00
    outer loop
      vertex 1.516910e+01 -3.661915e+01 5.709474e-14
      vertex 1.505104e+01 -3.685337e+01 5.988332e-14
      vertex 1.505104e+01 -3.685337e+01 6.000000e-01
    endloop
  endfacet
  facet normal -8.929681e-01 4.501199e-01 0.000000e+00
    outer loop
      vertex 1.516910e+01 -3.661915e+01 5.709474e-14
      vertex 1.505104e+01 -3.685337e+01 6.000000e-01
      vertex 1.516910e+01 -3.661915e+01 6.000000e-01
    endloop
  endfacet
  facet normal -7.385905e-01 6.741543e-01 0.000000e+00
    outer loop
      vertex 1.532137e+01 -3.640010e+01 6.000000e-01
      vertex 1.550930e+01 -3.619421e+01 6.000000e-01
      vertex 1.550930e+01 -3.619421e+01 5.483024e-14
    endloop
  endfacet
  facet normal -7.385905e-01 6.741543e-01 0.000000e+00
    outer loop
      vertex 1.532137e+01 -3.640010e+01 6.000000e-01
      vertex 1.550930e+01 -3.619421e+01 5.483024e-14
      vertex 1.532137e+01 -3.640010e+01 5.681100e-14
    endloop
  endfacet
  facet normal -8.211050e-01 5.707771e-01 0.000000e+00
    outer loop
      vertex 1.532137e+01 -3.640010e+01 5.681100e-14
      vertex 1.516910e+01 -3.661915e+01 5.709474e-14
      vertex 1.516910e+01 -3.661915e+01 6.000000e-01
    endloop
  endfacet
  facet normal -8.211050e-01 5.707771e-01 0.000000e+00
    outer loop
      vertex 1.532137e+01 -3.640010e+01 5.681100e-14
      vertex 1.516910e+01 -3.661915e+01 6.000000e-01
      vertex 1.532137e+01 -3.640010e+01 6.000000e-01
    endloop
  endfacet
  facet normal -9.495492e-01 3.136181e-01 0.000000e+00
    outer loop
      vertex 1.505104e+01 -3.685337e+01 5.988332e-14
      vertex 1.496172e+01 -3.712380e+01 5.702230e-14
      vertex 1.496172e+01 -3.712380e+01 6.000000e-01
    endloop
  endfacet
  facet normal -9.495492e-01 3.136181e-01 0.000000e+00
    outer loop
      vertex 1.505104e+01 -3.685337e+01 5.988332e-14
      vertex 1.496172e+01 -3.712380e+01 6.000000e-01
      vertex 1.505104e+01 -3.685337e+01 6.000000e-01
    endloop
  endfacet
  facet normal -9.984337e-01 5.594789e-02 0.000000e+00
    outer loop
      vertex 1.489872e+01 -3.765998e+01 6.000000e-01
      vertex 1.491394e+01 -3.738835e+01 6.000000e-01
      vertex 1.489872e+01 -3.765998e+01 3.000000e-01
    endloop
  endfacet
  facet normal -9.984337e-01 5.594789e-02 0.000000e+00
    outer loop
      vertex 1.491394e+01 -3.738835e+01 6.000000e-01
      vertex 1.491394e+01 -3.738835e+01 5.697758e-14
      vertex 1.489872e+01 -3.765998e+01 3.000000e-01
    endloop
  endfacet
  facet normal -5.594785e-01 8.288448e-01 0.000000e+00
    outer loop
      vertex 1.593190e+01 -3.586998e+01 5.646659e-14
      vertex 1.571383e+01 -3.601718e+01 5.797445e-14
      vertex 1.571383e+01 -3.601718e+01 6.000000e-01
    endloop
  endfacet
  facet normal -5.594785e-01 8.288448e-01 0.000000e+00
    outer loop
      vertex 1.593190e+01 -3.586998e+01 5.646659e-14
      vertex 1.571383e+01 -3.601718e+01 6.000000e-01
      vertex 1.593190e+01 -3.586998e+01 6.000000e-01
    endloop
  endfacet
  facet normal -4.450535e-01 8.955040e-01 0.000000e+00
    outer loop
      vertex 1.618354e+01 -3.574492e+01 6.073800e-14
      vertex 1.593190e+01 -3.586998e+01 5.646659e-14
      vertex 1.593190e+01 -3.586998e+01 6.000000e-01
    endloop
  endfacet
  facet normal -4.450535e-01 8.955040e-01 2.485523e-17
    outer loop
      vertex 1.618354e+01 -3.574492e+01 6.073800e-14
      vertex 1.593190e+01 -3.586998e+01 6.000000e-01
      vertex 1.618354e+01 -3.574492e+01 6.000000e-01
    endloop
  endfacet
  facet normal -1.849986e-01 9.827388e-01 0.000000e+00
    outer loop
      vertex 1.669967e+01 -3.561105e+01 5.871988e-14
      vertex 1.644167e+01 -3.565962e+01 5.810802e-14
      vertex 1.644167e+01 -3.565962e+01 6.000000e-01
    endloop
  endfacet
  facet normal -1.849986e-01 9.827388e-01 0.000000e+00
    outer loop
      vertex 1.669967e+01 -3.561105e+01 5.871988e-14
      vertex 1.644167e+01 -3.565962e+01 6.000000e-01
      vertex 1.669967e+01 -3.561105e+01 6.000000e-01
    endloop
  endfacet
  facet normal -6.046448e-02 9.981704e-01 0.000000e+00
    outer loop
      vertex 1.669967e+01 -3.561105e+01 5.871988e-14
      vertex 1.698066e+01 -3.559403e+01 3.000000e-01
      vertex 1.698066e+01 -3.559403e+01 5.948402e-14
    endloop
  endfacet
  facet normal -3.137536e-01 9.495044e-01 2.635404e-17
    outer loop
      vertex 1.644167e+01 -3.565962e+01 5.810802e-14
      vertex 1.618354e+01 -3.574492e+01 6.073800e-14
      vertex 1.618354e+01 -3.574492e+01 6.000000e-01
    endloop
  endfacet
  facet normal -3.137536e-01 9.495044e-01 0.000000e+00
    outer loop
      vertex 1.644167e+01 -3.565962e+01 5.810802e-14
      vertex 1.618354e+01 -3.574492e+01 6.000000e-01
      vertex 1.644167e+01 -3.565962e+01 6.000000e-01
    endloop
  endfacet
  facet normal -6.046448e-02 9.981704e-01 0.000000e+00
    outer loop
      vertex 1.698066e+01 -3.559403e+01 3.000000e-01
      vertex 1.669967e+01 -3.561105e+01 5.871988e-14
      vertex 1.669967e+01 -3.561105e+01 6.000000e-01
    endloop
  endfacet
  facet normal -6.544580e-01 7.560984e-01 0.000000e+00
    outer loop
      vertex 1.571383e+01 -3.601718e+01 5.797445e-14
      vertex 1.550930e+01 -3.619421e+01 5.483024e-14
      vertex 1.550930e+01 -3.619421e+01 6.000000e-01
    endloop
  endfacet
  facet normal -6.544580e-01 7.560984e-01 0.000000e+00
    outer loop
      vertex 1.571383e+01 -3.601718e+01 5.797445e-14
      vertex 1.550930e+01 -3.619421e+01 6.000000e-01
      vertex 1.571383e+01 -3.601718e+01 6.000000e-01
    endloop
  endfacet
  facet normal -6.046448e-02 9.981704e-01 0.000000e+00
    outer loop
      vertex 1.698066e+01 -3.559403e+01 3.000000e-01
      vertex 1.669967e+01 -3.561105e+01 6.000000e-01
      vertex 1.698066e+01 -3.559403e+01 6.000000e-01
    endloop
  endfacet
  facet normal -4.673289e-05 1.000000e+00 0.000000e+00
    outer loop
      vertex 1.698066e+01 -3.559403e+01 3.000000e-01
      vertex 1.942949e+01 -3.559391e+01 5.016444e-14
      vertex 1.698066e+01 -3.559403e+01 5.948402e-14
    endloop
  endfacet
  facet normal -4.673289e-05 1.000000e+00 0.000000e+00
    outer loop
      vertex 1.698066e+01 -3.559403e+01 6.000000e-01
      vertex 1.942949e+01 -3.559391e+01 6.000000e-01
      vertex 1.698066e+01 -3.559403e+01 3.000000e-01
    endloop
  endfacet
  facet normal -4.673289e-05 1.000000e+00 0.000000e+00
    outer loop
      vertex 1.942949e+01 -3.559391e+01 5.016444e-14
      vertex 1.698066e+01 -3.559403e+01 3.000000e-01
      vertex 1.942949e+01 -3.559391e+01 6.000000e-01
    endloop
  endfacet
  facet normal -4.984842e-05 1.000000e+00 0.000000e+00
    outer loop
      vertex 1.942949e+01 -3.559391e+01 6.000000e-01
      vertex 2.187832e+01 -3.559379e+01 6.000000e-01
      vertex 2.187832e+01 -3.559379e+01 4.321332e-14
    endloop
  endfacet
  facet normal -4.984842e-05 1.000000e+00 0.000000e+00
    outer loop
      vertex 1.942949e+01 -3.559391e+01 6.000000e-01
      vertex 2.187832e+01 -3.559379e+01 4.321332e-14
      vertex 1.942949e+01 -3.559391e+01 5.016444e-14
    endloop
  endfacet
  facet normal -4.984843e-05 1.000000e+00 0.000000e+00
    outer loop
      vertex 2.432715e+01 -3.559367e+01 3.000000e-01
      vertex 2.432715e+01 -3.559367e+01 3.626221e-14
      vertex 2.187832e+01 -3.559379e+01 4.321332e-14
    endloop
  endfacet
  facet normal -4.984843e-05 1.000000e+00 0.000000e+00
    outer loop
      vertex 2.432715e+01 -3.559367e+01 6.000000e-01
      vertex 2.432715e+01 -3.559367e+01 3.000000e-01
      vertex 2.187832e+01 -3.559379e+01 6.000000e-01
    endloop
  endfacet
  facet normal -4.984843e-05 1.000000e+00 0.000000e+00
    outer loop
      vertex 2.187832e+01 -3.559379e+01 4.321332e-14
      vertex 2.187832e+01 -3.559379e+01 6.000000e-01
      vertex 2.432715e+01 -3.559367e+01 3.000000e-01
    endloop
  endfacet
  facet normal 7.067814e-02 9.974992e-01 0.000000e+00
    outer loop
      vertex 2.432715e+01 -3.559367e+01 3.000000e-01
      vertex 2.447962e+01 -3.560447e+01 3.665126e-14
      vertex 2.432715e+01 -3.559367e+01 3.626221e-14
    endloop
  endfacet
  facet normal 4.075142e-01 9.131989e-01 0.000000e+00
    outer loop
      vertex 2.476779e+01 -3.570163e+01 3.467218e-14
      vertex 2.462828e+01 -3.563938e+01 3.699946e-14
      vertex 2.462828e+01 -3.563938e+01 6.000000e-01
    endloop
  endfacet
  facet normal 4.075142e-01 9.131989e-01 0.000000e+00
    outer loop
      vertex 2.476779e+01 -3.570163e+01 3.467218e-14
      vertex 2.462828e+01 -3.563938e+01 6.000000e-01
      vertex 2.476779e+01 -3.570163e+01 6.000000e-01
    endloop
  endfacet
  facet normal 2.285881e-01 9.735232e-01 0.000000e+00
    outer loop
      vertex 2.462828e+01 -3.563938e+01 3.699946e-14
      vertex 2.447962e+01 -3.560447e+01 3.665126e-14
      vertex 2.447962e+01 -3.560447e+01 6.000000e-01
    endloop
  endfacet
  facet normal 2.285881e-01 9.735232e-01 0.000000e+00
    outer loop
      vertex 2.462828e+01 -3.563938e+01 3.699946e-14
      vertex 2.447962e+01 -3.560447e+01 6.000000e-01
      vertex 2.462828e+01 -3.563938e+01 6.000000e-01
    endloop
  endfacet
  facet normal 7.771553e-01 6.293088e-01 0.000000e+00
    outer loop
      vertex 2.498680e+01 -3.591066e+01 3.384165e-14
      vertex 2.489438e+01 -3.579652e+01 3.750192e-14
      vertex 2.489438e+01 -3.579652e+01 6.000000e-01
    endloop
  endfacet
  facet normal 7.771553e-01 6.293088e-01 0.000000e+00
    outer loop
      vertex 2.498680e+01 -3.591066e+01 3.384165e-14
      vertex 2.489438e+01 -3.579652e+01 6.000000e-01
      vertex 2.498680e+01 -3.591066e+01 6.000000e-01
    endloop
  endfacet
  facet normal 9.705164e-01 2.410349e-01 0.000000e+00
    outer loop
      vertex 2.509046e+01 -3.619590e+01 3.040463e-14
      vertex 2.505369e+01 -3.604786e+01 3.049649e-14
      vertex 2.505369e+01 -3.604786e+01 6.000000e-01
    endloop
  endfacet
  facet normal 9.705164e-01 2.410349e-01 0.000000e+00
    outer loop
      vertex 2.509046e+01 -3.619590e+01 3.040463e-14
      vertex 2.505369e+01 -3.604786e+01 6.000000e-01
      vertex 2.509046e+01 -3.619590e+01 6.000000e-01
    endloop
  endfacet
  facet normal 9.977019e-01 6.775589e-02 0.000000e+00
    outer loop
      vertex 2.509046e+01 -3.619590e+01 6.000000e-01
      vertex 2.510082e+01 -3.634851e+01 6.000000e-01
      vertex 2.510082e+01 -3.634851e+01 3.024853e-14
    endloop
  endfacet
  facet normal 9.977019e-01 6.775589e-02 0.000000e+00
    outer loop
      vertex 2.509046e+01 -3.619590e+01 6.000000e-01
      vertex 2.510082e+01 -3.634851e+01 3.024853e-14
      vertex 2.509046e+01 -3.619590e+01 3.040463e-14
    endloop
  endfacet
  facet normal 8.988878e-01 4.381790e-01 0.000000e+00
    outer loop
      vertex 2.505369e+01 -3.604786e+01 3.049649e-14
      vertex 2.498680e+01 -3.591066e+01 3.384165e-14
      vertex 2.498680e+01 -3.591066e+01 6.000000e-01
    endloop
  endfacet
  facet normal 8.988878e-01 4.381790e-01 0.000000e+00
    outer loop
      vertex 2.505369e+01 -3.604786e+01 3.049649e-14
      vertex 2.498680e+01 -3.591066e+01 6.000000e-01
      vertex 2.505369e+01 -3.604786e+01 6.000000e-01
    endloop
  endfacet
  facet normal 5.997550e-01 8.001837e-01 0.000000e+00
    outer loop
      vertex 2.489438e+01 -3.579652e+01 3.750192e-14
      vertex 2.476779e+01 -3.570163e+01 3.467218e-14
      vertex 2.476779e+01 -3.570163e+01 6.000000e-01
    endloop
  endfacet
  facet normal 5.997550e-01 8.001837e-01 0.000000e+00
    outer loop
      vertex 2.489438e+01 -3.579652e+01 3.750192e-14
      vertex 2.476779e+01 -3.570163e+01 6.000000e-01
      vertex 2.489438e+01 -3.579652e+01 6.000000e-01
    endloop
  endfacet
  facet normal 7.067814e-02 9.974992e-01 0.000000e+00
    outer loop
      vertex 2.447962e+01 -3.560447e+01 6.000000e-01
      vertex 2.432715e+01 -3.559367e+01 3.000000e-01
      vertex 2.432715e+01 -3.559367e+01 6.000000e-01
    endloop
  endfacet
  facet normal 7.067814e-02 9.974992e-01 0.000000e+00
    outer loop
      vertex 2.447962e+01 -3.560447e+01 3.665126e-14
      vertex 2.432715e+01 -3.559367e+01 3.000000e-01
      vertex 2.447962e+01 -3.560447e+01 6.000000e-01
    endloop
  endfacet
  facet normal 9.673344e-01 -2.535036e-01 0.000000e+00
    outer loop
      vertex 2.504908e+01 -3.664846e+01 3.019085e-14
      vertex 2.508778e+01 -3.650079e+01 3.131783e-14
      vertex 2.508778e+01 -3.650079e+01 6.000000e-01
    endloop
  endfacet
  facet normal 9.673344e-01 -2.535036e-01 0.000000e+00
    outer loop
      vertex 2.504908e+01 -3.664846e+01 3.019085e-14
      vertex 2.508778e+01 -3.650079e+01 6.000000e-01
      vertex 2.504908e+01 -3.664846e+01 6.000000e-01
    endloop
  endfacet
  facet normal 7.846365e-01 -6.199561e-01 0.000000e+00
    outer loop
      vertex 2.489120e+01 -3.690107e+01 3.253061e-14
      vertex 2.498224e+01 -3.678585e+01 3.242154e-14
      vertex 2.498224e+01 -3.678585e+01 6.000000e-01
    endloop
  endfacet
  facet normal 7.846365e-01 -6.199561e-01 0.000000e+00
    outer loop
      vertex 2.489120e+01 -3.690107e+01 3.253061e-14
      vertex 2.498224e+01 -3.678585e+01 6.000000e-01
      vertex 2.489120e+01 -3.690107e+01 6.000000e-01
    endloop
  endfacet
  facet normal 8.992355e-01 -4.374648e-01 0.000000e+00
    outer loop
      vertex 2.498224e+01 -3.678585e+01 3.242154e-14
      vertex 2.504908e+01 -3.664846e+01 3.019085e-14
      vertex 2.504908e+01 -3.664846e+01 6.000000e-01
    endloop
  endfacet
  facet normal 8.992355e-01 -4.374648e-01 0.000000e+00
    outer loop
      vertex 2.498224e+01 -3.678585e+01 3.242154e-14
      vertex 2.504908e+01 -3.664846e+01 6.000000e-01
      vertex 2.498224e+01 -3.678585e+01 6.000000e-01
    endloop
  endfacet
  facet normal 4.228189e-01 -9.062142e-01 0.000000e+00
    outer loop
      vertex 2.462791e+01 -3.706274e+01 3.232289e-14
      vertex 2.476631e+01 -3.699817e+01 2.977446e-14
      vertex 2.476631e+01 -3.699817e+01 6.000000e-01
    endloop
  endfacet
  facet normal 4.228189e-01 -9.062142e-01 0.000000e+00
    outer loop
      vertex 2.462791e+01 -3.706274e+01 3.232289e-14
      vertex 2.476631e+01 -3.699817e+01 6.000000e-01
      vertex 2.462791e+01 -3.706274e+01 6.000000e-01
    endloop
  endfacet
  facet normal 7.441492e-02 -9.972274e-01 0.000000e+00
    outer loop
      vertex 2.432723e+01 -3.711058e+01 3.000000e-01
      vertex 2.432723e+01 -3.711058e+01 3.077302e-14
      vertex 2.447967e+01 -3.709921e+01 3.096176e-14
    endloop
  endfacet
  facet normal 2.388842e-01 -9.710481e-01 0.000000e+00
    outer loop
      vertex 2.447967e+01 -3.709921e+01 3.096176e-14
      vertex 2.462791e+01 -3.706274e+01 3.232289e-14
      vertex 2.462791e+01 -3.706274e+01 6.000000e-01
    endloop
  endfacet
  facet normal 2.388842e-01 -9.710481e-01 0.000000e+00
    outer loop
      vertex 2.447967e+01 -3.709921e+01 3.096176e-14
      vertex 2.462791e+01 -3.706274e+01 6.000000e-01
      vertex 2.447967e+01 -3.709921e+01 6.000000e-01
    endloop
  endfacet
  facet normal 6.137953e-01 -7.894652e-01 0.000000e+00
    outer loop
      vertex 2.476631e+01 -3.699817e+01 2.977446e-14
      vertex 2.489120e+01 -3.690107e+01 3.253061e-14
      vertex 2.489120e+01 -3.690107e+01 6.000000e-01
    endloop
  endfacet
  facet normal 6.137953e-01 -7.894652e-01 0.000000e+00
    outer loop
      vertex 2.476631e+01 -3.699817e+01 2.977446e-14
      vertex 2.489120e+01 -3.690107e+01 6.000000e-01
      vertex 2.476631e+01 -3.699817e+01 6.000000e-01
    endloop
  endfacet
  facet normal 7.441492e-02 -9.972274e-01 0.000000e+00
    outer loop
      vertex 2.447967e+01 -3.709921e+01 6.000000e-01
      vertex 2.432723e+01 -3.711058e+01 3.000000e-01
      vertex 2.447967e+01 -3.709921e+01 3.096176e-14
    endloop
  endfacet
  facet normal 9.963524e-01 -8.533389e-02 0.000000e+00
    outer loop
      vertex 2.508778e+01 -3.650079e+01 3.131783e-14
      vertex 2.510082e+01 -3.634851e+01 3.024853e-14
      vertex 2.510082e+01 -3.634851e+01 6.000000e-01
    endloop
  endfacet
  facet normal 9.963524e-01 -8.533389e-02 3.456792e-18
    outer loop
      vertex 2.508778e+01 -3.650079e+01 3.131783e-14
      vertex 2.510082e+01 -3.634851e+01 6.000000e-01
      vertex 2.508778e+01 -3.650079e+01 6.000000e-01
    endloop
  endfacet
  facet normal 7.441492e-02 -9.972274e-01 0.000000e+00
    outer loop
      vertex 2.432723e+01 -3.711058e+01 3.000000e-01
      vertex 2.447967e+01 -3.709921e+01 6.000000e-01
      vertex 2.432723e+01 -3.711058e+01 6.000000e-01
    endloop
  endfacet
  facet normal 5.797833e-05 -1.000000e+00 0.000000e+00
    outer loop
      vertex 2.301132e+01 -3.711065e+01 4.500000e-01
      vertex 2.301132e+01 -3.711065e+01 3.000000e-01
      vertex 2.366928e+01 -3.711061e+01 3.000000e-01
    endloop
  endfacet
  facet normal 5.797833e-05 -1.000000e+00 0.000000e+00
    outer loop
      vertex 2.301132e+01 -3.711065e+01 4.500000e-01
      vertex 2.366928e+01 -3.711061e+01 3.000000e-01
      vertex 2.366928e+01 -3.711061e+01 4.500000e-01
    endloop
  endfacet
  facet normal 5.797833e-05 -1.000000e+00 0.000000e+00
    outer loop
      vertex 2.301132e+01 -3.711065e+01 3.000000e-01
      vertex 2.301132e+01 -3.711065e+01 1.500000e-01
      vertex 2.366928e+01 -3.711061e+01 1.500000e-01
    endloop
  endfacet
  facet normal 5.797833e-05 -1.000000e+00 0.000000e+00
    outer loop
      vertex 2.301132e+01 -3.711065e+01 3.000000e-01
      vertex 2.366928e+01 -3.711061e+01 1.500000e-01
      vertex 2.366928e+01 -3.711061e+01 3.000000e-01
    endloop
  endfacet
  facet normal 5.797833e-05 -1.000000e+00 5.086263e-05
    outer loop
      vertex 2.366928e+01 -3.711061e+01 1.500000e-01
      vertex 2.301132e+01 -3.711065e+01 1.500000e-01
      vertex 2.432723e+01 -3.711058e+01 3.077302e-14
    endloop
  endfacet
  facet normal 4.928157e-05 -1.000000e+00 -2.543131e-05
    outer loop
      vertex 2.169542e+01 -3.711071e+01 3.803016e-14
      vertex 2.432723e+01 -3.711058e+01 3.077302e-14
      vertex 2.301132e+01 -3.711065e+01 1.500000e-01
    endloop
  endfacet
  facet normal 4.638266e-05 -1.000000e+00 0.000000e+00
    outer loop
      vertex 2.432723e+01 -3.711058e+01 3.000000e-01
      vertex 2.366928e+01 -3.711061e+01 1.500000e-01
      vertex 2.432723e+01 -3.711058e+01 3.077302e-14
    endloop
  endfacet
  facet normal 4.638266e-05 -1.000000e+00 0.000000e+00
    outer loop
      vertex 2.366928e+01 -3.711061e+01 4.500000e-01
      vertex 2.432723e+01 -3.711058e+01 3.000000e-01
      vertex 2.432723e+01 -3.711058e+01 6.000000e-01
    endloop
  endfacet
  facet normal 4.638266e-05 -1.000000e+00 0.000000e+00
    outer loop
      vertex 2.432723e+01 -3.711058e+01 3.000000e-01
      vertex 2.366928e+01 -3.711061e+01 4.500000e-01
      vertex 2.366928e+01 -3.711061e+01 3.000000e-01
    endloop
  endfacet
  facet normal 4.638266e-05 -1.000000e+00 0.000000e+00
    outer loop
      vertex 2.366928e+01 -3.711061e+01 3.000000e-01
      vertex 2.366928e+01 -3.711061e+01 1.500000e-01
      vertex 2.432723e+01 -3.711058e+01 3.000000e-01
    endloop
  endfacet
  facet normal 5.797833e-05 -1.000000e+00 -5.086262e-05
    outer loop
      vertex 2.301132e+01 -3.711065e+01 4.500000e-01
      vertex 2.366928e+01 -3.711061e+01 4.500000e-01
      vertex 2.432723e+01 -3.711058e+01 6.000000e-01
    endloop
  endfacet
  facet normal 4.638266e-05 -1.000000e+00 0.000000e+00
    outer loop
      vertex 2.169542e+01 -3.711071e+01 3.803016e-14
      vertex 2.301132e+01 -3.711065e+01 3.000000e-01
      vertex 2.169542e+01 -3.711071e+01 6.000000e-01
    endloop
  endfacet
  facet normal 4.638266e-05 -1.000000e+00 0.000000e+00
    outer loop
      vertex 2.301132e+01 -3.711065e+01 1.500000e-01
      vertex 2.301132e+01 -3.711065e+01 3.000000e-01
      vertex 2.169542e+01 -3.711071e+01 3.803016e-14
    endloop
  endfacet
  facet normal 4.928157e-05 -1.000000e+00 0.000000e+00
    outer loop
      vertex 1.906361e+01 -3.711084e+01 4.528730e-14
      vertex 2.169542e+01 -3.711071e+01 3.803016e-14
      vertex 2.169542e+01 -3.711071e+01 6.000000e-01
    endloop
  endfacet
  facet normal 4.928157e-05 -1.000000e+00 0.000000e+00
    outer loop
      vertex 1.906361e+01 -3.711084e+01 4.528730e-14
      vertex 2.169542e+01 -3.711071e+01 6.000000e-01
      vertex 1.906361e+01 -3.711084e+01 6.000000e-01
    endloop
  endfacet
  facet normal 4.928158e-05 -1.000000e+00 0.000000e+00
    outer loop
      vertex 1.643180e+01 -3.711097e+01 5.254444e-14
      vertex 1.906361e+01 -3.711084e+01 4.528730e-14
      vertex 1.906361e+01 -3.711084e+01 6.000000e-01
    endloop
  endfacet
  facet normal 4.928158e-05 -1.000000e+00 0.000000e+00
    outer loop
      vertex 1.643180e+01 -3.711097e+01 5.254444e-14
      vertex 1.906361e+01 -3.711084e+01 6.000000e-01
      vertex 1.643180e+01 -3.711097e+01 6.000000e-01
    endloop
  endfacet
  facet normal 4.928157e-05 -1.000000e+00 2.543131e-05
    outer loop
      vertex 2.432723e+01 -3.711058e+01 6.000000e-01
      vertex 2.169542e+01 -3.711071e+01 6.000000e-01
      vertex 2.301132e+01 -3.711065e+01 4.500000e-01
    endloop
  endfacet
  facet normal 4.638266e-05 -1.000000e+00 0.000000e+00
    outer loop
      vertex 2.169542e+01 -3.711071e+01 6.000000e-01
      vertex 2.301132e+01 -3.711065e+01 3.000000e-01
      vertex 2.301132e+01 -3.711065e+01 4.500000e-01
    endloop
  endfacet
  facet normal 1.000000e+00 4.887597e-05 0.000000e+00
    outer loop
      vertex 1.643180e+01 -3.711097e+01 6.000000e-01
      vertex 1.643191e+01 -3.925243e+01 6.000000e-01
      vertex 1.643191e+01 -3.925243e+01 4.625796e-14
    endloop
  endfacet
  facet normal 1.000000e+00 4.887597e-05 0.000000e+00
    outer loop
      vertex 1.643180e+01 -3.711097e+01 6.000000e-01
      vertex 1.643191e+01 -3.925243e+01 4.625796e-14
      vertex 1.643180e+01 -3.711097e+01 5.254444e-14
    endloop
  endfacet
  facet normal -4.638266e-05 1.000000e+00 0.000000e+00
    outer loop
      vertex 2.366938e+01 -3.925207e+01 4.500000e-01
      vertex 2.366938e+01 -3.925207e+01 3.000000e-01
      vertex 2.301143e+01 -3.925210e+01 3.000000e-01
    endloop
  endfacet
  facet normal -4.638266e-05 1.000000e+00 0.000000e+00
    outer loop
      vertex 2.366938e+01 -3.925207e+01 4.500000e-01
      vertex 2.301143e+01 -3.925210e+01 3.000000e-01
      vertex 2.301143e+01 -3.925210e+01 4.500000e-01
    endloop
  endfacet
  facet normal -4.638266e-05 1.000000e+00 0.000000e+00
    outer loop
      vertex 2.366938e+01 -3.925207e+01 3.000000e-01
      vertex 2.366938e+01 -3.925207e+01 1.500000e-01
      vertex 2.301143e+01 -3.925210e+01 1.500000e-01
    endloop
  endfacet
  facet normal -4.638266e-05 1.000000e+00 0.000000e+00
    outer loop
      vertex 2.366938e+01 -3.925207e+01 3.000000e-01
      vertex 2.301143e+01 -3.925210e+01 1.500000e-01
      vertex 2.301143e+01 -3.925210e+01 3.000000e-01
    endloop
  endfacet
  facet normal -4.928157e-05 1.000000e+00 0.000000e+00
    outer loop
      vertex 1.906371e+01 -3.925230e+01 3.807975e-14
      vertex 1.643191e+01 -3.925243e+01 4.625796e-14
      vertex 1.643191e+01 -3.925243e+01 6.000000e-01
    endloop
  endfacet
  facet normal -4.928157e-05 1.000000e+00 0.000000e+00
    outer loop
      vertex 1.906371e+01 -3.925230e+01 3.807975e-14
      vertex 1.643191e+01 -3.925243e+01 6.000000e-01
      vertex 1.906371e+01 -3.925230e+01 6.000000e-01
    endloop
  endfacet
  facet normal -4.928157e-05 1.000000e+00 0.000000e+00
    outer loop
      vertex 2.169552e+01 -3.925217e+01 2.911204e-14
      vertex 1.906371e+01 -3.925230e+01 3.807975e-14
      vertex 1.906371e+01 -3.925230e+01 6.000000e-01
    endloop
  endfacet
  facet normal -4.928157e-05 1.000000e+00 0.000000e+00
    outer loop
      vertex 2.169552e+01 -3.925217e+01 2.911204e-14
      vertex 1.906371e+01 -3.925230e+01 6.000000e-01
      vertex 2.169552e+01 -3.925217e+01 6.000000e-01
    endloop
  endfacet
  facet normal -5.218049e-05 1.000000e+00 0.000000e+00
    outer loop
      vertex 2.301143e+01 -3.925210e+01 1.500000e-01
      vertex 2.169552e+01 -3.925217e+01 2.911204e-14
      vertex 2.301143e+01 -3.925210e+01 3.000000e-01
    endloop
  endfacet
  facet normal -5.218049e-05 1.000000e+00 0.000000e+00
    outer loop
      vertex 2.169552e+01 -3.925217e+01 6.000000e-01
      vertex 2.301143e+01 -3.925210e+01 3.000000e-01
      vertex 2.169552e+01 -3.925217e+01 2.911204e-14
    endloop
  endfacet
  facet normal -4.928157e-05 1.000000e+00 -2.543131e-05
    outer loop
      vertex 2.301143e+01 -3.925210e+01 1.500000e-01
      vertex 2.432733e+01 -3.925204e+01 2.093383e-14
      vertex 2.169552e+01 -3.925217e+01 2.911204e-14
    endloop
  endfacet
  facet normal -4.638266e-05 1.000000e+00 0.000000e+00
    outer loop
      vertex 2.432733e+01 -3.925204e+01 2.093383e-14
      vertex 2.366938e+01 -3.925207e+01 1.500000e-01
      vertex 2.432733e+01 -3.925204e+01 3.000000e-01
    endloop
  endfacet
  facet normal -4.638266e-05 1.000000e+00 0.000000e+00
    outer loop
      vertex 2.366938e+01 -3.925207e+01 3.000000e-01
      vertex 2.432733e+01 -3.925204e+01 3.000000e-01
      vertex 2.366938e+01 -3.925207e+01 1.500000e-01
    endloop
  endfacet
  facet normal -4.638266e-05 1.000000e+00 0.000000e+00
    outer loop
      vertex 2.366938e+01 -3.925207e+01 1.500000e-01
      vertex 2.432733e+01 -3.925204e+01 2.093383e-14
      vertex 2.301143e+01 -3.925210e+01 1.500000e-01
    endloop
  endfacet
  facet normal -4.638266e-05 1.000000e+00 0.000000e+00
    outer loop
      vertex 2.432733e+01 -3.925204e+01 6.000000e-01
      vertex 2.366938e+01 -3.925207e+01 4.500000e-01
      vertex 2.301143e+01 -3.925210e+01 4.500000e-01
    endloop
  endfacet
  facet normal -4.638266e-05 1.000000e+00 0.000000e+00
    outer loop
      vertex 2.432733e+01 -3.925204e+01 3.000000e-01
      vertex 2.366938e+01 -3.925207e+01 3.000000e-01
      vertex 2.366938e+01 -3.925207e+01 4.500000e-01
    endloop
  endfacet
  facet normal -4.638266e-05 1.000000e+00 0.000000e+00
    outer loop
      vertex 2.432733e+01 -3.925204e+01 3.000000e-01
      vertex 2.366938e+01 -3.925207e+01 4.500000e-01
      vertex 2.432733e+01 -3.925204e+01 6.000000e-01
    endloop
  endfacet
  facet normal -4.928157e-05 1.000000e+00 2.543131e-05
    outer loop
      vertex 2.169552e+01 -3.925217e+01 6.000000e-01
      vertex 2.432733e+01 -3.925204e+01 6.000000e-01
      vertex 2.301143e+01 -3.925210e+01 4.500000e-01
    endloop
  endfacet
  facet normal -5.218049e-05 1.000000e+00 0.000000e+00
    outer loop
      vertex 2.169552e+01 -3.925217e+01 6.000000e-01
      vertex 2.301143e+01 -3.925210e+01 4.500000e-01
      vertex 2.301143e+01 -3.925210e+01 3.000000e-01
    endloop
  endfacet
  facet normal 6.762820e-02 9.977106e-01 0.000000e+00
    outer loop
      vertex 2.432733e+01 -3.925204e+01 3.000000e-01
      vertex 2.447883e+01 -3.926231e+01 2.261736e-14
      vertex 2.432733e+01 -3.925204e+01 2.093383e-14
    endloop
  endfacet
  facet normal 3.940407e-01 9.190930e-01 0.000000e+00
    outer loop
      vertex 2.476621e+01 -3.935534e+01 2.454287e-14
      vertex 2.462684e+01 -3.929559e+01 2.491340e-14
      vertex 2.462684e+01 -3.929559e+01 6.000000e-01
    endloop
  endfacet
  facet normal 3.940407e-01 9.190930e-01 0.000000e+00
    outer loop
      vertex 2.476621e+01 -3.935534e+01 2.454287e-14
      vertex 2.462684e+01 -3.929559e+01 6.000000e-01
      vertex 2.476621e+01 -3.935534e+01 6.000000e-01
    endloop
  endfacet
  facet normal 2.193767e-01 9.756402e-01 0.000000e+00
    outer loop
      vertex 2.462684e+01 -3.929559e+01 2.491340e-14
      vertex 2.447883e+01 -3.926231e+01 2.261736e-14
      vertex 2.447883e+01 -3.926231e+01 6.000000e-01
    endloop
  endfacet
  facet normal 2.193767e-01 9.756402e-01 0.000000e+00
    outer loop
      vertex 2.462684e+01 -3.929559e+01 2.491340e-14
      vertex 2.447883e+01 -3.926231e+01 6.000000e-01
      vertex 2.462684e+01 -3.929559e+01 6.000000e-01
    endloop
  endfacet
  facet normal 7.694878e-01 6.386615e-01 0.000000e+00
    outer loop
      vertex 2.498595e+01 -3.956051e+01 1.849648e-14
      vertex 2.488917e+01 -3.944391e+01 2.218794e-14
      vertex 2.488917e+01 -3.944391e+01 6.000000e-01
    endloop
  endfacet
  facet normal 7.694878e-01 6.386615e-01 0.000000e+00
    outer loop
      vertex 2.498595e+01 -3.956051e+01 1.849648e-14
      vertex 2.488917e+01 -3.944391e+01 6.000000e-01
      vertex 2.498595e+01 -3.956051e+01 6.000000e-01
    endloop
  endfacet
  facet normal 9.695047e-01 2.450726e-01 0.000000e+00
    outer loop
      vertex 2.508987e+01 -3.984333e+01 1.864092e-14
      vertex 2.505277e+01 -3.969658e+01 1.873026e-14
      vertex 2.505277e+01 -3.969658e+01 6.000000e-01
    endloop
  endfacet
  facet normal 9.695047e-01 2.450726e-01 0.000000e+00
    outer loop
      vertex 2.508987e+01 -3.984333e+01 1.864092e-14
      vertex 2.505277e+01 -3.969658e+01 6.000000e-01
      vertex 2.508987e+01 -3.984333e+01 6.000000e-01
    endloop
  endfacet
  facet normal 9.972011e-01 7.476623e-02 0.000000e+00
    outer loop
      vertex 2.508987e+01 -3.984333e+01 6.000000e-01
      vertex 2.510123e+01 -3.999484e+01 6.000000e-01
      vertex 2.510123e+01 -3.999484e+01 1.847750e-14
    endloop
  endfacet
  facet normal 9.972011e-01 7.476623e-02 0.000000e+00
    outer loop
      vertex 2.508987e+01 -3.984333e+01 6.000000e-01
      vertex 2.510123e+01 -3.999484e+01 1.847750e-14
      vertex 2.508987e+01 -3.984333e+01 1.864092e-14
    endloop
  endfacet
  facet normal 8.975978e-01 4.408153e-01 0.000000e+00
    outer loop
      vertex 2.505277e+01 -3.969658e+01 1.873026e-14
      vertex 2.498595e+01 -3.956051e+01 1.849648e-14
      vertex 2.498595e+01 -3.956051e+01 6.000000e-01
    endloop
  endfacet
  facet normal 8.975978e-01 4.408153e-01 0.000000e+00
    outer loop
      vertex 2.505277e+01 -3.969658e+01 1.873026e-14
      vertex 2.498595e+01 -3.956051e+01 6.000000e-01
      vertex 2.505277e+01 -3.969658e+01 6.000000e-01
    endloop
  endfacet
  facet normal 5.844625e-01 8.114207e-01 0.000000e+00
    outer loop
      vertex 2.488917e+01 -3.944391e+01 2.218794e-14
      vertex 2.476621e+01 -3.935534e+01 2.454287e-14
      vertex 2.476621e+01 -3.935534e+01 6.000000e-01
    endloop
  endfacet
  facet normal 5.844625e-01 8.114207e-01 0.000000e+00
    outer loop
      vertex 2.488917e+01 -3.944391e+01 2.218794e-14
      vertex 2.476621e+01 -3.935534e+01 6.000000e-01
      vertex 2.488917e+01 -3.944391e+01 6.000000e-01
    endloop
  endfacet
  facet normal 6.762820e-02 9.977106e-01 6.923008e-18
    outer loop
      vertex 2.447883e+01 -3.926231e+01 6.000000e-01
      vertex 2.432733e+01 -3.925204e+01 3.000000e-01
      vertex 2.432733e+01 -3.925204e+01 6.000000e-01
    endloop
  endfacet
  facet normal 6.762820e-02 9.977106e-01 0.000000e+00
    outer loop
      vertex 2.447883e+01 -3.926231e+01 2.261736e-14
      vertex 2.432733e+01 -3.925204e+01 3.000000e-01
      vertex 2.447883e+01 -3.926231e+01 6.000000e-01
    endloop
  endfacet
  facet normal 9.695011e-01 -2.450869e-01 0.000000e+00
    outer loop
      vertex 2.505273e+01 -4.029336e+01 1.462979e-14
      vertex 2.508988e+01 -4.014640e+01 1.687656e-14
      vertex 2.508988e+01 -4.014640e+01 6.000000e-01
    endloop
  endfacet
  facet normal 9.695011e-01 -2.450869e-01 0.000000e+00
    outer loop
      vertex 2.505273e+01 -4.029336e+01 1.462979e-14
      vertex 2.508988e+01 -4.014640e+01 6.000000e-01
      vertex 2.505273e+01 -4.029336e+01 6.000000e-01
    endloop
  endfacet
  facet normal 7.666049e-01 -6.421191e-01 0.000000e+00
    outer loop
      vertex 2.488512e+01 -4.054974e+01 1.776234e-14
      vertex 2.498589e+01 -4.042944e+01 1.688356e-14
      vertex 2.498589e+01 -4.042944e+01 6.000000e-01
    endloop
  endfacet
  facet normal 7.666049e-01 -6.421191e-01 0.000000e+00
    outer loop
      vertex 2.488512e+01 -4.054974e+01 1.776234e-14
      vertex 2.498589e+01 -4.042944e+01 6.000000e-01
      vertex 2.488512e+01 -4.054974e+01 6.000000e-01
    endloop
  endfacet
  facet normal 8.975577e-01 -4.408970e-01 0.000000e+00
    outer loop
      vertex 2.498589e+01 -4.042944e+01 1.688356e-14
      vertex 2.505273e+01 -4.029336e+01 1.462979e-14
      vertex 2.505273e+01 -4.029336e+01 6.000000e-01
    endloop
  endfacet
  facet normal 8.975577e-01 -4.408970e-01 1.245611e-17
    outer loop
      vertex 2.498589e+01 -4.042944e+01 1.688356e-14
      vertex 2.505273e+01 -4.029336e+01 6.000000e-01
      vertex 2.498589e+01 -4.042944e+01 6.000000e-01
    endloop
  endfacet
  facet normal 3.945050e-01 -9.188938e-01 0.000000e+00
    outer loop
      vertex 2.462687e+01 -4.069447e+01 1.495904e-14
      vertex 2.476626e+01 -4.063462e+01 1.660002e-14
      vertex 2.476626e+01 -4.063462e+01 6.000000e-01
    endloop
  endfacet
  facet normal 3.945050e-01 -9.188938e-01 0.000000e+00
    outer loop
      vertex 2.462687e+01 -4.069447e+01 1.495904e-14
      vertex 2.476626e+01 -4.063462e+01 6.000000e-01
      vertex 2.462687e+01 -4.069447e+01 6.000000e-01
    endloop
  endfacet
  facet normal 6.776039e-02 -9.977016e-01 0.000000e+00
    outer loop
      vertex 2.432741e+01 -4.073807e+01 3.000000e-01
      vertex 2.432741e+01 -4.073807e+01 1.548406e-14
      vertex 2.447895e+01 -4.072778e+01 1.869940e-14
    endloop
  endfacet
  facet normal 2.196867e-01 -9.755704e-01 0.000000e+00
    outer loop
      vertex 2.447895e+01 -4.072778e+01 1.869940e-14
      vertex 2.462687e+01 -4.069447e+01 1.495904e-14
      vertex 2.462687e+01 -4.069447e+01 6.000000e-01
    endloop
  endfacet
  facet normal 2.196867e-01 -9.755704e-01 0.000000e+00
    outer loop
      vertex 2.447895e+01 -4.072778e+01 1.869940e-14
      vertex 2.462687e+01 -4.069447e+01 6.000000e-01
      vertex 2.447895e+01 -4.072778e+01 6.000000e-01
    endloop
  endfacet
  facet normal 5.811678e-01 -8.137837e-01 0.000000e+00
    outer loop
      vertex 2.476626e+01 -4.063462e+01 1.660002e-14
      vertex 2.488512e+01 -4.054974e+01 1.776234e-14
      vertex 2.488512e+01 -4.054974e+01 6.000000e-01
    endloop
  endfacet
  facet normal 5.811678e-01 -8.137837e-01 0.000000e+00
    outer loop
      vertex 2.476626e+01 -4.063462e+01 1.660002e-14
      vertex 2.488512e+01 -4.054974e+01 6.000000e-01
      vertex 2.476626e+01 -4.063462e+01 6.000000e-01
    endloop
  endfacet
  facet normal 6.776039e-02 -9.977016e-01 0.000000e+00
    outer loop
      vertex 2.447895e+01 -4.072778e+01 6.000000e-01
      vertex 2.432741e+01 -4.073807e+01 3.000000e-01
      vertex 2.447895e+01 -4.072778e+01 1.869940e-14
    endloop
  endfacet
  facet normal 9.972080e-01 -7.467389e-02 0.000000e+00
    outer loop
      vertex 2.508988e+01 -4.014640e+01 1.687656e-14
      vertex 2.510123e+01 -3.999484e+01 1.847750e-14
      vertex 2.510123e+01 -3.999484e+01 6.000000e-01
    endloop
  endfacet
  facet normal 9.972080e-01 -7.467389e-02 0.000000e+00
    outer loop
      vertex 2.508988e+01 -4.014640e+01 1.687656e-14
      vertex 2.510123e+01 -3.999484e+01 6.000000e-01
      vertex 2.508988e+01 -4.014640e+01 6.000000e-01
    endloop
  endfacet
  facet normal 6.776039e-02 -9.977016e-01 0.000000e+00
    outer loop
      vertex 2.432741e+01 -4.073807e+01 3.000000e-01
      vertex 2.447895e+01 -4.072778e+01 6.000000e-01
      vertex 2.432741e+01 -4.073807e+01 6.000000e-01
    endloop
  endfacet
  facet normal 5.797833e-05 -1.000000e+00 0.000000e+00
    outer loop
      vertex 2.301150e+01 -4.073814e+01 4.500000e-01
      vertex 2.301150e+01 -4.073814e+01 3.000000e-01
      vertex 2.366945e+01 -4.073810e+01 3.000000e-01
    endloop
  endfacet
  facet normal 5.797833e-05 -1.000000e+00 0.000000e+00
    outer loop
      vertex 2.301150e+01 -4.073814e+01 4.500000e-01
      vertex 2.366945e+01 -4.073810e+01 3.000000e-01
      vertex 2.366945e+01 -4.073810e+01 4.500000e-01
    endloop
  endfacet
  facet normal 5.797833e-05 -1.000000e+00 0.000000e+00
    outer loop
      vertex 2.301150e+01 -4.073814e+01 3.000000e-01
      vertex 2.301150e+01 -4.073814e+01 1.500000e-01
      vertex 2.366945e+01 -4.073810e+01 1.500000e-01
    endloop
  endfacet
  facet normal 5.797833e-05 -1.000000e+00 0.000000e+00
    outer loop
      vertex 2.301150e+01 -4.073814e+01 3.000000e-01
      vertex 2.366945e+01 -4.073810e+01 1.500000e-01
      vertex 2.366945e+01 -4.073810e+01 3.000000e-01
    endloop
  endfacet
  facet normal 5.797833e-05 -1.000000e+00 5.086263e-05
    outer loop
      vertex 2.366945e+01 -4.073810e+01 1.500000e-01
      vertex 2.301150e+01 -4.073814e+01 1.500000e-01
      vertex 2.432741e+01 -4.073807e+01 1.548406e-14
    endloop
  endfacet
  facet normal 4.928157e-05 -1.000000e+00 -2.543131e-05
    outer loop
      vertex 2.169560e+01 -4.073820e+01 2.366228e-14
      vertex 2.432741e+01 -4.073807e+01 1.548406e-14
      vertex 2.301150e+01 -4.073814e+01 1.500000e-01
    endloop
  endfacet
  facet normal 4.638266e-05 -1.000000e+00 0.000000e+00
    outer loop
      vertex 2.432741e+01 -4.073807e+01 3.000000e-01
      vertex 2.366945e+01 -4.073810e+01 1.500000e-01
      vertex 2.432741e+01 -4.073807e+01 1.548406e-14
    endloop
  endfacet
  facet normal 4.638266e-05 -1.000000e+00 0.000000e+00
    outer loop
      vertex 2.366945e+01 -4.073810e+01 4.500000e-01
      vertex 2.432741e+01 -4.073807e+01 3.000000e-01
      vertex 2.432741e+01 -4.073807e+01 6.000000e-01
    endloop
  endfacet
  facet normal 4.638266e-05 -1.000000e+00 0.000000e+00
    outer loop
      vertex 2.432741e+01 -4.073807e+01 3.000000e-01
      vertex 2.366945e+01 -4.073810e+01 4.500000e-01
      vertex 2.366945e+01 -4.073810e+01 3.000000e-01
    endloop
  endfacet
  facet normal 4.638266e-05 -1.000000e+00 0.000000e+00
    outer loop
      vertex 2.366945e+01 -4.073810e+01 3.000000e-01
      vertex 2.366945e+01 -4.073810e+01 1.500000e-01
      vertex 2.432741e+01 -4.073807e+01 3.000000e-01
    endloop
  endfacet
  facet normal 5.797833e-05 -1.000000e+00 -5.086262e-05
    outer loop
      vertex 2.301150e+01 -4.073814e+01 4.500000e-01
      vertex 2.366945e+01 -4.073810e+01 4.500000e-01
      vertex 2.432741e+01 -4.073807e+01 6.000000e-01
    endloop
  endfacet
  facet normal 4.638266e-05 -1.000000e+00 0.000000e+00
    outer loop
      vertex 2.169560e+01 -4.073820e+01 2.366228e-14
      vertex 2.301150e+01 -4.073814e+01 3.000000e-01
      vertex 2.169560e+01 -4.073820e+01 6.000000e-01
    endloop
  endfacet
  facet normal 4.638266e-05 -1.000000e+00 0.000000e+00
    outer loop
      vertex 2.301150e+01 -4.073814e+01 1.500000e-01
      vertex 2.301150e+01 -4.073814e+01 3.000000e-01
      vertex 2.169560e+01 -4.073820e+01 2.366228e-14
    endloop
  endfacet
  facet normal 4.928157e-05 -1.000000e+00 0.000000e+00
    outer loop
      vertex 1.906379e+01 -4.073833e+01 3.262998e-14
      vertex 2.169560e+01 -4.073820e+01 2.366228e-14
      vertex 2.169560e+01 -4.073820e+01 6.000000e-01
    endloop
  endfacet
  facet normal 4.928157e-05 -1.000000e+00 0.000000e+00
    outer loop
      vertex 1.906379e+01 -4.073833e+01 3.262998e-14
      vertex 2.169560e+01 -4.073820e+01 6.000000e-01
      vertex 1.906379e+01 -4.073833e+01 6.000000e-01
    endloop
  endfacet
  facet normal 4.928158e-05 -1.000000e+00 0.000000e+00
    outer loop
      vertex 1.643198e+01 -4.073846e+01 4.080819e-14
      vertex 1.906379e+01 -4.073833e+01 3.262998e-14
      vertex 1.906379e+01 -4.073833e+01 6.000000e-01
    endloop
  endfacet
  facet normal 4.928158e-05 -1.000000e+00 0.000000e+00
    outer loop
      vertex 1.643198e+01 -4.073846e+01 4.080819e-14
      vertex 1.906379e+01 -4.073833e+01 6.000000e-01
      vertex 1.643198e+01 -4.073846e+01 6.000000e-01
    endloop
  endfacet
  facet normal 4.928157e-05 -1.000000e+00 2.543131e-05
    outer loop
      vertex 2.432741e+01 -4.073807e+01 6.000000e-01
      vertex 2.169560e+01 -4.073820e+01 6.000000e-01
      vertex 2.301150e+01 -4.073814e+01 4.500000e-01
    endloop
  endfacet
  facet normal 4.638266e-05 -1.000000e+00 0.000000e+00
    outer loop
      vertex 2.169560e+01 -4.073820e+01 6.000000e-01
      vertex 2.301150e+01 -4.073814e+01 3.000000e-01
      vertex 2.301150e+01 -4.073814e+01 4.500000e-01
    endloop
  endfacet
  facet normal 1.000000e+00 4.891047e-05 0.000000e+00
    outer loop
      vertex 1.643198e+01 -4.073846e+01 6.000000e-01
      vertex 1.643208e+01 -4.287841e+01 6.000000e-01
      vertex 1.643208e+01 -4.287841e+01 3.452364e-14
    endloop
  endfacet
  facet normal 1.000000e+00 4.891047e-05 0.000000e+00
    outer loop
      vertex 1.643198e+01 -4.073846e+01 6.000000e-01
      vertex 1.643208e+01 -4.287841e+01 3.452364e-14
      vertex 1.643198e+01 -4.073846e+01 4.080819e-14
    endloop
  endfacet
  facet normal -4.638266e-05 1.000000e+00 0.000000e+00
    outer loop
      vertex 2.366956e+01 -4.287806e+01 4.500000e-01
      vertex 2.366956e+01 -4.287806e+01 3.000000e-01
      vertex 2.301161e+01 -4.287809e+01 3.000000e-01
    endloop
  endfacet
  facet normal -4.638266e-05 1.000000e+00 0.000000e+00
    outer loop
      vertex 2.366956e+01 -4.287806e+01 4.500000e-01
      vertex 2.301161e+01 -4.287809e+01 3.000000e-01
      vertex 2.301161e+01 -4.287809e+01 4.500000e-01
    endloop
  endfacet
  facet normal -4.638266e-05 1.000000e+00 0.000000e+00
    outer loop
      vertex 2.366956e+01 -4.287806e+01 3.000000e-01
      vertex 2.366956e+01 -4.287806e+01 1.500000e-01
      vertex 2.301161e+01 -4.287809e+01 1.500000e-01
    endloop
  endfacet
  facet normal -4.638266e-05 1.000000e+00 0.000000e+00
    outer loop
      vertex 2.366956e+01 -4.287806e+01 3.000000e-01
      vertex 2.301161e+01 -4.287809e+01 1.500000e-01
      vertex 2.301161e+01 -4.287809e+01 3.000000e-01
    endloop
  endfacet
  facet normal -4.928157e-05 1.000000e+00 0.000000e+00
    outer loop
      vertex 1.906389e+01 -4.287828e+01 2.476644e-14
      vertex 1.643208e+01 -4.287841e+01 3.452364e-14
      vertex 1.643208e+01 -4.287841e+01 6.000000e-01
    endloop
  endfacet
  facet normal -4.928157e-05 1.000000e+00 0.000000e+00
    outer loop
      vertex 1.906389e+01 -4.287828e+01 2.476644e-14
      vertex 1.643208e+01 -4.287841e+01 6.000000e-01
      vertex 1.906389e+01 -4.287828e+01 6.000000e-01
    endloop
  endfacet
  facet normal -4.928157e-05 1.000000e+00 0.000000e+00
    outer loop
      vertex 2.169570e+01 -4.287815e+01 1.658823e-14
      vertex 1.906389e+01 -4.287828e+01 2.476644e-14
      vertex 1.906389e+01 -4.287828e+01 6.000000e-01
    endloop
  endfacet
  facet normal -4.928157e-05 1.000000e+00 0.000000e+00
    outer loop
      vertex 2.169570e+01 -4.287815e+01 1.658823e-14
      vertex 1.906389e+01 -4.287828e+01 6.000000e-01
      vertex 2.169570e+01 -4.287815e+01 6.000000e-01
    endloop
  endfacet
  facet normal -4.638266e-05 1.000000e+00 0.000000e+00
    outer loop
      vertex 2.301161e+01 -4.287809e+01 1.500000e-01
      vertex 2.169570e+01 -4.287815e+01 1.658823e-14
      vertex 2.301161e+01 -4.287809e+01 3.000000e-01
    endloop
  endfacet
  facet normal -4.638266e-05 1.000000e+00 0.000000e+00
    outer loop
      vertex 2.169570e+01 -4.287815e+01 6.000000e-01
      vertex 2.301161e+01 -4.287809e+01 3.000000e-01
      vertex 2.169570e+01 -4.287815e+01 1.658823e-14
    endloop
  endfacet
  facet normal -4.638266e-05 1.000000e+00 0.000000e+00
    outer loop
      vertex 2.301161e+01 -4.287809e+01 1.500000e-01
      vertex 2.432751e+01 -4.287803e+01 9.199503e-15
      vertex 2.169570e+01 -4.287815e+01 1.658823e-14
    endloop
  endfacet
  facet normal -4.638266e-05 1.000000e+00 0.000000e+00
    outer loop
      vertex 2.432751e+01 -4.287803e+01 9.199503e-15
      vertex 2.366956e+01 -4.287806e+01 1.500000e-01
      vertex 2.432751e+01 -4.287803e+01 3.000000e-01
    endloop
  endfacet
  facet normal -4.638266e-05 1.000000e+00 0.000000e+00
    outer loop
      vertex 2.366956e+01 -4.287806e+01 3.000000e-01
      vertex 2.432751e+01 -4.287803e+01 3.000000e-01
      vertex 2.366956e+01 -4.287806e+01 1.500000e-01
    endloop
  endfacet
  facet normal -4.638266e-05 1.000000e+00 0.000000e+00
    outer loop
      vertex 2.432751e+01 -4.287803e+01 9.199503e-15
      vertex 2.301161e+01 -4.287809e+01 1.500000e-01
      vertex 2.366956e+01 -4.287806e+01 1.500000e-01
    endloop
  endfacet
  facet normal -4.638266e-05 1.000000e+00 0.000000e+00
    outer loop
      vertex 2.432751e+01 -4.287803e+01 6.000000e-01
      vertex 2.366956e+01 -4.287806e+01 4.500000e-01
      vertex 2.301161e+01 -4.287809e+01 4.500000e-01
    endloop
  endfacet
  facet normal -4.638266e-05 1.000000e+00 0.000000e+00
    outer loop
      vertex 2.366956e+01 -4.287806e+01 4.500000e-01
      vertex 2.432751e+01 -4.287803e+01 6.000000e-01
      vertex 2.432751e+01 -4.287803e+01 3.000000e-01
    endloop
  endfacet
  facet normal -4.638266e-05 1.000000e+00 0.000000e+00
    outer loop
      vertex 2.366956e+01 -4.287806e+01 4.500000e-01
      vertex 2.432751e+01 -4.287803e+01 3.000000e-01
      vertex 2.366956e+01 -4.287806e+01 3.000000e-01
    endloop
  endfacet
  facet normal -4.638266e-05 1.000000e+00 0.000000e+00
    outer loop
      vertex 2.169570e+01 -4.287815e+01 6.000000e-01
      vertex 2.432751e+01 -4.287803e+01 6.000000e-01
      vertex 2.301161e+01 -4.287809e+01 4.500000e-01
    endloop
  endfacet
  facet normal -4.638266e-05 1.000000e+00 0.000000e+00
    outer loop
      vertex 2.169570e+01 -4.287815e+01 6.000000e-01
      vertex 2.301161e+01 -4.287809e+01 4.500000e-01
      vertex 2.301161e+01 -4.287809e+01 3.000000e-01
    endloop
  endfacet
  facet normal 7.437754e-02 9.972302e-01 0.000000e+00
    outer loop
      vertex 2.432751e+01 -4.287803e+01 3.000000e-01
      vertex 2.447972e+01 -4.288938e+01 9.818481e-15
      vertex 2.432751e+01 -4.287803e+01 9.199503e-15
    endloop
  endfacet
  facet normal 4.225161e-01 9.063554e-01 0.000000e+00
    outer loop
      vertex 2.476604e+01 -4.299025e+01 8.774157e-15
      vertex 2.462778e+01 -4.292579e+01 9.232212e-15
      vertex 2.462778e+01 -4.292579e+01 6.000000e-01
    endloop
  endfacet
  facet normal 4.225161e-01 9.063554e-01 0.000000e+00
    outer loop
      vertex 2.476604e+01 -4.299025e+01 8.774157e-15
      vertex 2.462778e+01 -4.292579e+01 6.000000e-01
      vertex 2.476604e+01 -4.299025e+01 6.000000e-01
    endloop
  endfacet
  facet normal 2.388296e-01 9.710615e-01 0.000000e+00
    outer loop
      vertex 2.462778e+01 -4.292579e+01 9.232212e-15
      vertex 2.447972e+01 -4.288938e+01 9.818481e-15
      vertex 2.447972e+01 -4.288938e+01 6.000000e-01
    endloop
  endfacet
  facet normal 2.388296e-01 9.710615e-01 6.738093e-18
    outer loop
      vertex 2.462778e+01 -4.292579e+01 9.232212e-15
      vertex 2.447972e+01 -4.288938e+01 6.000000e-01
      vertex 2.462778e+01 -4.292579e+01 6.000000e-01
    endloop
  endfacet
  facet normal 7.844529e-01 6.201884e-01 0.000000e+00
    outer loop
      vertex 2.498188e+01 -4.320212e+01 5.591203e-15
      vertex 2.489142e+01 -4.308770e+01 6.868997e-15
      vertex 2.489142e+01 -4.308770e+01 6.000000e-01
    endloop
  endfacet
  facet normal 7.844529e-01 6.201884e-01 0.000000e+00
    outer loop
      vertex 2.498188e+01 -4.320212e+01 5.591203e-15
      vertex 2.489142e+01 -4.308770e+01 6.000000e-01
      vertex 2.498188e+01 -4.320212e+01 6.000000e-01
    endloop
  endfacet
  facet normal 9.673635e-01 2.533926e-01 0.000000e+00
    outer loop
      vertex 2.508794e+01 -4.348645e+01 5.081235e-15
      vertex 2.505064e+01 -4.334405e+01 6.925565e-15
      vertex 2.505064e+01 -4.334405e+01 6.000000e-01
    endloop
  endfacet
  facet normal 9.673635e-01 2.533926e-01 0.000000e+00
    outer loop
      vertex 2.508794e+01 -4.348645e+01 5.081235e-15
      vertex 2.505064e+01 -4.334405e+01 6.000000e-01
      vertex 2.508794e+01 -4.348645e+01 6.000000e-01
    endloop
  endfacet
  facet normal 9.962142e-01 8.693261e-02 0.000000e+00
    outer loop
      vertex 2.508794e+01 -4.348645e+01 6.000000e-01
      vertex 2.510121e+01 -4.363853e+01 6.000000e-01
      vertex 2.510121e+01 -4.363853e+01 3.181293e-15
    endloop
  endfacet
  facet normal 9.962142e-01 8.693261e-02 0.000000e+00
    outer loop
      vertex 2.508794e+01 -4.348645e+01 6.000000e-01
      vertex 2.510121e+01 -4.363853e+01 3.181293e-15
      vertex 2.508794e+01 -4.348645e+01 5.081235e-15
    endloop
  endfacet
  facet normal 8.999353e-01 4.360234e-01 0.000000e+00
    outer loop
      vertex 2.505064e+01 -4.334405e+01 6.925565e-15
      vertex 2.498188e+01 -4.320212e+01 5.591203e-15
      vertex 2.498188e+01 -4.320212e+01 6.000000e-01
    endloop
  endfacet
  facet normal 8.999353e-01 4.360234e-01 -1.248911e-17
    outer loop
      vertex 2.505064e+01 -4.334405e+01 6.925565e-15
      vertex 2.498188e+01 -4.320212e+01 6.000000e-01
      vertex 2.505064e+01 -4.334405e+01 6.000000e-01
    endloop
  endfacet
  facet normal 6.137272e-01 7.895181e-01 0.000000e+00
    outer loop
      vertex 2.489142e+01 -4.308770e+01 6.868997e-15
      vertex 2.476604e+01 -4.299025e+01 8.774157e-15
      vertex 2.476604e+01 -4.299025e+01 6.000000e-01
    endloop
  endfacet
  facet normal 6.137272e-01 7.895181e-01 0.000000e+00
    outer loop
      vertex 2.489142e+01 -4.308770e+01 6.868997e-15
      vertex 2.476604e+01 -4.299025e+01 6.000000e-01
      vertex 2.489142e+01 -4.308770e+01 6.000000e-01
    endloop
  endfacet
  facet normal 7.437754e-02 9.972302e-01 0.000000e+00
    outer loop
      vertex 2.447972e+01 -4.288938e+01 6.000000e-01
      vertex 2.432751e+01 -4.287803e+01 3.000000e-01
      vertex 2.432751e+01 -4.287803e+01 6.000000e-01
    endloop
  endfacet
  facet normal 7.437754e-02 9.972302e-01 0.000000e+00
    outer loop
      vertex 2.447972e+01 -4.288938e+01 9.818481e-15
      vertex 2.432751e+01 -4.287803e+01 3.000000e-01
      vertex 2.447972e+01 -4.288938e+01 6.000000e-01
    endloop
  endfacet
  facet normal 9.692796e-01 -2.459615e-01 0.000000e+00
    outer loop
      vertex 2.505307e+01 -4.393859e+01 0.000000e+00
      vertex 2.509055e+01 -4.379085e+01 4.119955e-15
      vertex 2.509055e+01 -4.379085e+01 6.000000e-01
    endloop
  endfacet
  facet normal 9.692796e-01 -2.459615e-01 0.000000e+00
    outer loop
      vertex 2.505307e+01 -4.393859e+01 0.000000e+00
      vertex 2.509055e+01 -4.379085e+01 6.000000e-01
      vertex 2.505307e+01 -4.393859e+01 6.000000e-01
    endloop
  endfacet
  facet normal 7.731047e-01 -6.342784e-01 0.000000e+00
    outer loop
      vertex 2.489002e+01 -4.419126e+01 5.456383e-15
      vertex 2.498529e+01 -4.407515e+01 3.266186e-15
      vertex 2.498529e+01 -4.407515e+01 6.000000e-01
    endloop
  endfacet
  facet normal 7.731047e-01 -6.342784e-01 0.000000e+00
    outer loop
      vertex 2.489002e+01 -4.419126e+01 5.456383e-15
      vertex 2.498529e+01 -4.407515e+01 6.000000e-01
      vertex 2.489002e+01 -4.419126e+01 6.000000e-01
    endloop
  endfacet
  facet normal 8.957320e-01 -4.445944e-01 0.000000e+00
    outer loop
      vertex 2.498529e+01 -4.407515e+01 3.266186e-15
      vertex 2.505307e+01 -4.393859e+01 0.000000e+00
      vertex 2.505307e+01 -4.393859e+01 6.000000e-01
    endloop
  endfacet
  facet normal 8.957320e-01 -4.445944e-01 0.000000e+00
    outer loop
      vertex 2.498529e+01 -4.407515e+01 3.266186e-15
      vertex 2.505307e+01 -4.393859e+01 6.000000e-01
      vertex 2.498529e+01 -4.407515e+01 6.000000e-01
    endloop
  endfacet
  facet normal 4.193803e-01 -9.078106e-01 0.000000e+00
    outer loop
      vertex 2.463302e+01 -4.434594e+01 4.014794e-15
      vertex 2.476662e+01 -4.428422e+01 2.372499e-15
      vertex 2.476662e+01 -4.428422e+01 6.000000e-01
    endloop
  endfacet
  facet normal 4.193803e-01 -9.078106e-01 0.000000e+00
    outer loop
      vertex 2.463302e+01 -4.434594e+01 4.014794e-15
      vertex 2.476662e+01 -4.428422e+01 6.000000e-01
      vertex 2.463302e+01 -4.434594e+01 6.000000e-01
    endloop
  endfacet
  facet normal 7.477240e-02 -9.972006e-01 -6.919469e-18
    outer loop
      vertex 2.432758e+01 -4.439531e+01 3.000000e-01
      vertex 2.432758e+01 -4.439531e+01 3.709835e-15
      vertex 2.447980e+01 -4.438390e+01 2.903493e-15
    endloop
  endfacet
  facet normal 2.404638e-01 -9.706581e-01 0.000000e+00
    outer loop
      vertex 2.447980e+01 -4.438390e+01 2.903493e-15
      vertex 2.463302e+01 -4.434594e+01 4.014794e-15
      vertex 2.463302e+01 -4.434594e+01 6.000000e-01
    endloop
  endfacet
  facet normal 2.404638e-01 -9.706581e-01 0.000000e+00
    outer loop
      vertex 2.447980e+01 -4.438390e+01 2.903493e-15
      vertex 2.463302e+01 -4.434594e+01 6.000000e-01
      vertex 2.447980e+01 -4.438390e+01 6.000000e-01
    endloop
  endfacet
  facet normal 6.017091e-01 -7.987152e-01 -2.216880e-17
    outer loop
      vertex 2.476662e+01 -4.428422e+01 2.372499e-15
      vertex 2.489002e+01 -4.419126e+01 5.456383e-15
      vertex 2.489002e+01 -4.419126e+01 6.000000e-01
    endloop
  endfacet
  facet normal 6.017091e-01 -7.987152e-01 0.000000e+00
    outer loop
      vertex 2.476662e+01 -4.428422e+01 2.372499e-15
      vertex 2.489002e+01 -4.419126e+01 6.000000e-01
      vertex 2.476662e+01 -4.428422e+01 6.000000e-01
    endloop
  endfacet
  facet normal 7.477240e-02 -9.972006e-01 0.000000e+00
    outer loop
      vertex 2.447980e+01 -4.438390e+01 6.000000e-01
      vertex 2.432758e+01 -4.439531e+01 3.000000e-01
      vertex 2.447980e+01 -4.438390e+01 2.903493e-15
    endloop
  endfacet
  facet normal 9.975613e-01 -6.979556e-02 0.000000e+00
    outer loop
      vertex 2.509055e+01 -4.379085e+01 4.119955e-15
      vertex 2.510121e+01 -4.363853e+01 3.181293e-15
      vertex 2.510121e+01 -4.363853e+01 6.000000e-01
    endloop
  endfacet
  facet normal 9.975613e-01 -6.979556e-02 0.000000e+00
    outer loop
      vertex 2.509055e+01 -4.379085e+01 4.119955e-15
      vertex 2.510121e+01 -4.363853e+01 6.000000e-01
      vertex 2.509055e+01 -4.379085e+01 6.000000e-01
    endloop
  endfacet
  facet normal 7.477240e-02 -9.972006e-01 0.000000e+00
    outer loop
      vertex 2.432758e+01 -4.439531e+01 3.000000e-01
      vertex 2.447980e+01 -4.438390e+01 6.000000e-01
      vertex 2.432758e+01 -4.439531e+01 6.000000e-01
    endloop
  endfacet
  facet normal 4.673290e-05 -1.000000e+00 0.000000e+00
    outer loop
      vertex 2.432758e+01 -4.439531e+01 3.000000e-01
      vertex 2.187876e+01 -4.439543e+01 1.118727e-14
      vertex 2.432758e+01 -4.439531e+01 3.709835e-15
    endloop
  endfacet
  facet normal 4.673290e-05 -1.000000e+00 0.000000e+00
    outer loop
      vertex 2.432758e+01 -4.439531e+01 6.000000e-01
      vertex 2.187876e+01 -4.439543e+01 6.000000e-01
      vertex 2.432758e+01 -4.439531e+01 3.000000e-01
    endloop
  endfacet
  facet normal 4.673290e-05 -1.000000e+00 0.000000e+00
    outer loop
      vertex 2.187876e+01 -4.439543e+01 1.118727e-14
      vertex 2.432758e+01 -4.439531e+01 3.000000e-01
      vertex 2.187876e+01 -4.439543e+01 6.000000e-01
    endloop
  endfacet
  facet normal 4.984842e-05 -1.000000e+00 0.000000e+00
    outer loop
      vertex 2.187876e+01 -4.439543e+01 6.000000e-01
      vertex 1.942992e+01 -4.439555e+01 6.000000e-01
      vertex 1.942992e+01 -4.439555e+01 1.708573e-14
    endloop
  endfacet
  facet normal 4.984842e-05 -1.000000e+00 0.000000e+00
    outer loop
      vertex 2.187876e+01 -4.439543e+01 6.000000e-01
      vertex 1.942992e+01 -4.439555e+01 1.708573e-14
      vertex 2.187876e+01 -4.439543e+01 1.118727e-14
    endloop
  endfacet
  facet normal 4.984842e-05 -1.000000e+00 0.000000e+00
    outer loop
      vertex 1.698109e+01 -4.439567e+01 3.000000e-01
      vertex 1.698109e+01 -4.439567e+01 1.982622e-14
      vertex 1.942992e+01 -4.439555e+01 1.708573e-14
    endloop
  endfacet
  facet normal 4.984842e-05 -1.000000e+00 0.000000e+00
    outer loop
      vertex 1.698109e+01 -4.439567e+01 6.000000e-01
      vertex 1.698109e+01 -4.439567e+01 3.000000e-01
      vertex 1.942992e+01 -4.439555e+01 6.000000e-01
    endloop
  endfacet
  facet normal 4.984842e-05 -1.000000e+00 0.000000e+00
    outer loop
      vertex 1.942992e+01 -4.439555e+01 1.708573e-14
      vertex 1.942992e+01 -4.439555e+01 6.000000e-01
      vertex 1.698109e+01 -4.439567e+01 3.000000e-01
    endloop
  endfacet
  facet normal -5.796534e-02 -9.983186e-01 0.000000e+00
    outer loop
      vertex 1.698109e+01 -4.439567e+01 3.000000e-01
      vertex 1.670949e+01 -4.437990e+01 2.544595e-14
      vertex 1.698109e+01 -4.439567e+01 1.982622e-14
    endloop
  endfacet
  facet normal -1.798549e-01 -9.836932e-01 0.000000e+00
    outer loop
      vertex 1.645136e+01 -4.433271e+01 2.688536e-14
      vertex 1.670949e+01 -4.437990e+01 2.544595e-14
      vertex 1.670949e+01 -4.437990e+01 6.000000e-01
    endloop
  endfacet
  facet normal -1.798549e-01 -9.836932e-01 0.000000e+00
    outer loop
      vertex 1.645136e+01 -4.433271e+01 2.688536e-14
      vertex 1.670949e+01 -4.437990e+01 6.000000e-01
      vertex 1.645136e+01 -4.433271e+01 6.000000e-01
    endloop
  endfacet
  facet normal -4.427773e-01 -8.966316e-01 0.000000e+00
    outer loop
      vertex 1.593988e+01 -4.412468e+01 2.729439e-14
      vertex 1.618388e+01 -4.424517e+01 2.857016e-14
      vertex 1.618388e+01 -4.424517e+01 6.000000e-01
    endloop
  endfacet
  facet normal -4.427773e-01 -8.966316e-01 -0.000000e+00
    outer loop
      vertex 1.593988e+01 -4.412468e+01 2.729439e-14
      vertex 1.618388e+01 -4.424517e+01 6.000000e-01
      vertex 1.593988e+01 -4.412468e+01 6.000000e-01
    endloop
  endfacet
  facet normal -6.536747e-01 -7.567756e-01 -0.000000e+00
    outer loop
      vertex 1.572254e+01 -4.397918e+01 6.000000e-01
      vertex 1.550979e+01 -4.379541e+01 6.000000e-01
      vertex 1.550979e+01 -4.379541e+01 3.091606e-14
    endloop
  endfacet
  facet normal -6.536747e-01 -7.567756e-01 0.000000e+00
    outer loop
      vertex 1.572254e+01 -4.397918e+01 6.000000e-01
      vertex 1.550979e+01 -4.379541e+01 3.091606e-14
      vertex 1.572254e+01 -4.397918e+01 2.936973e-14
    endloop
  endfacet
  facet normal -5.563030e-01 -8.309795e-01 0.000000e+00
    outer loop
      vertex 1.572254e+01 -4.397918e+01 2.936973e-14
      vertex 1.593988e+01 -4.412468e+01 2.729439e-14
      vertex 1.593988e+01 -4.412468e+01 6.000000e-01
    endloop
  endfacet
  facet normal -5.563030e-01 -8.309795e-01 -0.000000e+00
    outer loop
      vertex 1.572254e+01 -4.397918e+01 2.936973e-14
      vertex 1.593988e+01 -4.412468e+01 6.000000e-01
      vertex 1.572254e+01 -4.397918e+01 6.000000e-01
    endloop
  endfacet
  facet normal -3.110106e-01 -9.504064e-01 0.000000e+00
    outer loop
      vertex 1.618388e+01 -4.424517e+01 2.857016e-14
      vertex 1.645136e+01 -4.433271e+01 2.688536e-14
      vertex 1.645136e+01 -4.433271e+01 6.000000e-01
    endloop
  endfacet
  facet normal -3.110106e-01 -9.504064e-01 0.000000e+00
    outer loop
      vertex 1.618388e+01 -4.424517e+01 2.857016e-14
      vertex 1.645136e+01 -4.433271e+01 6.000000e-01
      vertex 1.618388e+01 -4.424517e+01 6.000000e-01
    endloop
  endfacet
  facet normal -5.796534e-02 -9.983186e-01 0.000000e+00
    outer loop
      vertex 1.698109e+01 -4.439567e+01 6.000000e-01
      vertex 1.670949e+01 -4.437990e+01 6.000000e-01
      vertex 1.698109e+01 -4.439567e+01 3.000000e-01
    endloop
  endfacet
  facet normal -5.796534e-02 -9.983186e-01 -0.000000e+00
    outer loop
      vertex 1.670949e+01 -4.437990e+01 6.000000e-01
      vertex 1.670949e+01 -4.437990e+01 2.544595e-14
      vertex 1.698109e+01 -4.439567e+01 3.000000e-01
    endloop
  endfacet
  facet normal -8.200351e-01 -5.723132e-01 0.000000e+00
    outer loop
      vertex 1.516951e+01 -4.337070e+01 3.238323e-14
      vertex 1.532515e+01 -4.359371e+01 3.178719e-14
      vertex 1.532515e+01 -4.359371e+01 6.000000e-01
    endloop
  endfacet
  facet normal -8.200351e-01 -5.723132e-01 0.000000e+00
    outer loop
      vertex 1.516951e+01 -4.337070e+01 3.238323e-14
      vertex 1.532515e+01 -4.359371e+01 6.000000e-01
      vertex 1.516951e+01 -4.337070e+01 6.000000e-01
    endloop
  endfacet
  facet normal -8.928834e-01 -4.502880e-01 0.000000e+00
    outer loop
      vertex 1.505136e+01 -4.313642e+01 3.054619e-14
      vertex 1.516951e+01 -4.337070e+01 3.238323e-14
      vertex 1.516951e+01 -4.337070e+01 6.000000e-01
    endloop
  endfacet
  facet normal -8.928834e-01 -4.502880e-01 -2.478249e-17
    outer loop
      vertex 1.505136e+01 -4.313642e+01 3.054619e-14
      vertex 1.516951e+01 -4.337070e+01 6.000000e-01
      vertex 1.505136e+01 -4.313642e+01 6.000000e-01
    endloop
  endfacet
  facet normal -9.839132e-01 -1.786468e-01 0.000000e+00
    outer loop
      vertex 1.491416e+01 -4.260156e+01 3.537731e-14
      vertex 1.496275e+01 -4.286918e+01 3.482645e-14
      vertex 1.496275e+01 -4.286918e+01 6.000000e-01
    endloop
  endfacet
  facet normal -9.839132e-01 -1.786468e-01 -0.000000e+00
    outer loop
      vertex 1.491416e+01 -4.260156e+01 3.537731e-14
      vertex 1.496275e+01 -4.286918e+01 6.000000e-01
      vertex 1.491416e+01 -4.260156e+01 6.000000e-01
    endloop
  endfacet
  facet normal -9.984359e-01 -5.590945e-02 -0.000000e+00
    outer loop
      vertex 1.491416e+01 -4.260156e+01 3.537731e-14
      vertex 1.489895e+01 -4.232992e+01 3.000000e-01
      vertex 1.489895e+01 -4.232992e+01 3.827860e-14
    endloop
  endfacet
  facet normal -9.491860e-01 -3.147158e-01 0.000000e+00
    outer loop
      vertex 1.496275e+01 -4.286918e+01 3.482645e-14
      vertex 1.505136e+01 -4.313642e+01 3.054619e-14
      vertex 1.505136e+01 -4.313642e+01 6.000000e-01
    endloop
  endfacet
  facet normal -9.491860e-01 -3.147158e-01 0.000000e+00
    outer loop
      vertex 1.496275e+01 -4.286918e+01 3.482645e-14
      vertex 1.505136e+01 -4.313642e+01 6.000000e-01
      vertex 1.496275e+01 -4.286918e+01 6.000000e-01
    endloop
  endfacet
  facet normal -9.984359e-01 -5.590945e-02 0.000000e+00
    outer loop
      vertex 1.489895e+01 -4.232992e+01 3.000000e-01
      vertex 1.491416e+01 -4.260156e+01 3.537731e-14
      vertex 1.491416e+01 -4.260156e+01 6.000000e-01
    endloop
  endfacet
  facet normal -7.376250e-01 -6.752106e-01 0.000000e+00
    outer loop
      vertex 1.532515e+01 -4.359371e+01 3.178719e-14
      vertex 1.550979e+01 -4.379541e+01 3.091606e-14
      vertex 1.550979e+01 -4.379541e+01 6.000000e-01
    endloop
  endfacet
  facet normal -7.376250e-01 -6.752106e-01 -0.000000e+00
    outer loop
      vertex 1.532515e+01 -4.359371e+01 3.178719e-14
      vertex 1.550979e+01 -4.379541e+01 6.000000e-01
      vertex 1.532515e+01 -4.359371e+01 6.000000e-01
    endloop
  endfacet
  facet normal -9.984359e-01 -5.590945e-02 0.000000e+00
    outer loop
      vertex 1.489895e+01 -4.232992e+01 3.000000e-01
      vertex 1.491416e+01 -4.260156e+01 6.000000e-01
      vertex 1.489895e+01 -4.232992e+01 6.000000e-01
    endloop
  endfacet
  facet normal -1.000000e+00 -4.890965e-05 0.000000e+00
    outer loop
      vertex 1.489895e+01 -4.232992e+01 3.000000e-01
      vertex 1.489883e+01 -3.999495e+01 4.614439e-14
      vertex 1.489895e+01 -4.232992e+01 3.827860e-14
    endloop
  endfacet
  facet normal -1.000000e+00 -4.890965e-05 0.000000e+00
    outer loop
      vertex 1.489895e+01 -4.232992e+01 3.000000e-01
      vertex 1.489895e+01 -4.232992e+01 6.000000e-01
      vertex 1.489883e+01 -3.999495e+01 6.000000e-01
    endloop
  endfacet
  facet normal -1.000000e+00 -4.890965e-05 0.000000e+00
    outer loop
      vertex 1.489883e+01 -3.999495e+01 6.000000e-01
      vertex 1.489883e+01 -3.999495e+01 4.614439e-14
      vertex 1.489895e+01 -4.232992e+01 3.000000e-01
    endloop
  endfacet
  facet normal -1.000000e+00 -4.890965e-05 -0.000000e+00
    outer loop
      vertex 1.489883e+01 -3.999495e+01 4.614439e-14
      vertex 1.489883e+01 -3.999495e+01 6.000000e-01
      vertex 1.489872e+01 -3.765998e+01 3.000000e-01
    endloop
  endfacet
  facet normal -1.000000e+00 -4.890965e-05 0.000000e+00
    outer loop
      vertex 1.489872e+01 -3.765998e+01 3.000000e-01
      vertex 1.489883e+01 -3.999495e+01 6.000000e-01
      vertex 1.489872e+01 -3.765998e+01 6.000000e-01
    endloop
  endfacet
  facet normal -1.000000e+00 -4.890965e-05 -0.000000e+00
    outer loop
      vertex 1.489872e+01 -3.765998e+01 5.134564e-14
      vertex 1.489883e+01 -3.999495e+01 4.614439e-14
      vertex 1.489872e+01 -3.765998e+01 3.000000e-01
    endloop
  endfacet
  facet normal -2.798118e-15 3.663437e-15 -1.000000e+00
    outer loop
      vertex 2.414494e+01 -4.384522e+01 2.814663e-15
      vertex 2.414492e+01 -4.329512e+01 4.830005e-15
      vertex 2.446376e+01 -4.357015e+01 2.930294e-15
    endloop
  endfacet
  facet normal -2.798092e-15 3.663468e-15 -1.000000e+00
    outer loop
      vertex 2.414492e+01 -4.329512e+01 4.830005e-15
      vertex 2.446374e+01 -4.329510e+01 3.937958e-15
      vertex 2.446376e+01 -4.357015e+01 2.930294e-15
    endloop
  endfacet
  facet normal -2.798079e-15 3.663391e-15 -1.000000e+00
    outer loop
      vertex 2.446376e+01 -4.357015e+01 2.930294e-15
      vertex 2.446377e+01 -4.384520e+01 1.922622e-15
      vertex 2.414494e+01 -4.384522e+01 2.814663e-15
    endloop
  endfacet
  facet normal -2.798100e-15 3.663424e-15 -1.000000e+00
    outer loop
      vertex 2.414494e+01 -4.384522e+01 2.814663e-15
      vertex 2.382612e+01 -4.384523e+01 3.706711e-15
      vertex 2.382609e+01 -4.329513e+01 5.722046e-15
    endloop
  endfacet
  facet normal -2.798079e-15 3.663437e-15 -1.000000e+00
    outer loop
      vertex 2.414494e+01 -4.384522e+01 2.814663e-15
      vertex 2.382609e+01 -4.329513e+01 5.722046e-15
      vertex 2.414492e+01 -4.329512e+01 4.830005e-15
    endloop
  endfacet
  facet normal -2.798079e-15 3.663492e-15 -1.000000e+00
    outer loop
      vertex 2.446374e+01 -4.329510e+01 3.937958e-15
      vertex 2.478257e+01 -4.329509e+01 3.045917e-15
      vertex 2.478258e+01 -4.357013e+01 2.038246e-15
    endloop
  endfacet
  facet normal -2.798100e-15 3.663468e-15 -1.000000e+00
    outer loop
      vertex 2.446374e+01 -4.329510e+01 3.937958e-15
      vertex 2.478258e+01 -4.357013e+01 2.038246e-15
      vertex 2.446376e+01 -4.357015e+01 2.930294e-15
    endloop
  endfacet
  facet normal -2.798100e-15 3.663391e-15 -1.000000e+00
    outer loop
      vertex 2.446376e+01 -4.357015e+01 2.930294e-15
      vertex 2.478258e+01 -4.357013e+01 2.038246e-15
      vertex 2.478259e+01 -4.384519e+01 1.030575e-15
    endloop
  endfacet
  facet normal -2.798100e-15 3.663391e-15 -1.000000e+00
    outer loop
      vertex 2.446376e+01 -4.357015e+01 2.930294e-15
      vertex 2.478259e+01 -4.384519e+01 1.030575e-15
      vertex 2.446377e+01 -4.384520e+01 1.922622e-15
    endloop
  endfacet
  facet normal -2.798100e-15 3.663492e-15 -1.000000e+00
    outer loop
      vertex 2.446377e+01 -4.384520e+01 1.922622e-15
      vertex 2.478259e+01 -4.384519e+01 1.030575e-15
      vertex 2.478261e+01 -4.412024e+01 2.290377e-17
    endloop
  endfacet
  facet normal -2.798100e-15 3.663492e-15 -1.000000e+00
    outer loop
      vertex 2.446377e+01 -4.384520e+01 1.922622e-15
      vertex 2.478261e+01 -4.412024e+01 2.290377e-17
      vertex 2.446378e+01 -4.412025e+01 9.149514e-16
    endloop
  endfacet
  facet normal -2.798100e-15 3.663492e-15 -1.000000e+00
    outer loop
      vertex 2.382612e+01 -4.384523e+01 3.706711e-15
      vertex 2.414494e+01 -4.384522e+01 2.814663e-15
      vertex 2.414496e+01 -4.412027e+01 1.806992e-15
    endloop
  endfacet
  facet normal -2.798100e-15 3.663492e-15 -1.000000e+00
    outer loop
      vertex 2.382612e+01 -4.384523e+01 3.706711e-15
      vertex 2.414496e+01 -4.412027e+01 1.806992e-15
      vertex 2.382613e+01 -4.412028e+01 2.699040e-15
    endloop
  endfacet
  facet normal -2.798079e-15 3.663492e-15 -1.000000e+00
    outer loop
      vertex 2.414494e+01 -4.384522e+01 2.814663e-15
      vertex 2.446377e+01 -4.384520e+01 1.922622e-15
      vertex 2.446378e+01 -4.412025e+01 9.149514e-16
    endloop
  endfacet
  facet normal -2.798079e-15 3.663492e-15 -1.000000e+00
    outer loop
      vertex 2.414494e+01 -4.384522e+01 2.814663e-15
      vertex 2.446378e+01 -4.412025e+01 9.149514e-16
      vertex 2.414496e+01 -4.412027e+01 1.806992e-15
    endloop
  endfacet
  facet normal -2.798100e-15 3.663381e-15 -1.000000e+00
    outer loop
      vertex 2.414490e+01 -4.302006e+01 5.837677e-15
      vertex 2.446373e+01 -4.302005e+01 4.945629e-15
      vertex 2.446374e+01 -4.329510e+01 3.937958e-15
    endloop
  endfacet
  facet normal -2.798092e-15 3.663391e-15 -1.000000e+00
    outer loop
      vertex 2.414490e+01 -4.302006e+01 5.837677e-15
      vertex 2.446374e+01 -4.329510e+01 3.937958e-15
      vertex 2.414492e+01 -4.329512e+01 4.830005e-15
    endloop
  endfacet
  facet normal -2.798079e-15 3.663391e-15 -1.000000e+00
    outer loop
      vertex 2.382608e+01 -4.302008e+01 6.729717e-15
      vertex 2.414490e+01 -4.302006e+01 5.837677e-15
      vertex 2.414492e+01 -4.329512e+01 4.830005e-15
    endloop
  endfacet
  facet normal -2.798079e-15 3.663391e-15 -1.000000e+00
    outer loop
      vertex 2.382608e+01 -4.302008e+01 6.729717e-15
      vertex 2.414492e+01 -4.329512e+01 4.830005e-15
      vertex 2.382609e+01 -4.329513e+01 5.722046e-15
    endloop
  endfacet
  facet normal -2.798100e-15 3.663391e-15 -1.000000e+00
    outer loop
      vertex 2.446359e+01 -4.026954e+01 1.502233e-14
      vertex 2.446361e+01 -4.054459e+01 1.401465e-14
      vertex 2.414478e+01 -4.054461e+01 1.490670e-14
    endloop
  endfacet
  facet normal -2.798079e-15 3.663442e-15 -1.000000e+00
    outer loop
      vertex 2.414478e+01 -4.054461e+01 1.490670e-14
      vertex 2.382596e+01 -4.054462e+01 1.579874e-14
      vertex 2.382593e+01 -3.999452e+01 1.781409e-14
    endloop
  endfacet
  facet normal -2.798089e-15 3.663492e-15 -1.000000e+00
    outer loop
      vertex 2.382593e+01 -3.999452e+01 1.781409e-14
      vertex 2.446358e+01 -3.999449e+01 1.603000e-14
      vertex 2.446359e+01 -4.026954e+01 1.502233e-14
    endloop
  endfacet
  facet normal -2.798122e-15 3.663416e-15 -1.000000e+00
    outer loop
      vertex 2.446359e+01 -4.026954e+01 1.502233e-14
      vertex 2.414478e+01 -4.054461e+01 1.490670e-14
      vertex 2.382593e+01 -3.999452e+01 1.781409e-14
    endloop
  endfacet
  facet normal -2.798100e-15 3.663468e-15 -1.000000e+00
    outer loop
      vertex 2.446358e+01 -3.999449e+01 1.603000e-14
      vertex 2.478240e+01 -3.999447e+01 1.513795e-14
      vertex 2.478242e+01 -4.026952e+01 1.413028e-14
    endloop
  endfacet
  facet normal -2.798079e-15 3.663492e-15 -1.000000e+00
    outer loop
      vertex 2.446358e+01 -3.999449e+01 1.603000e-14
      vertex 2.478242e+01 -4.026952e+01 1.413028e-14
      vertex 2.446359e+01 -4.026954e+01 1.502233e-14
    endloop
  endfacet
  facet normal -2.798079e-15 3.663381e-15 -1.000000e+00
    outer loop
      vertex 2.446359e+01 -4.026954e+01 1.502233e-14
      vertex 2.478242e+01 -4.026952e+01 1.413028e-14
      vertex 2.478243e+01 -4.054457e+01 1.312261e-14
    endloop
  endfacet
  facet normal -2.798070e-15 3.663391e-15 -1.000000e+00
    outer loop
      vertex 2.446359e+01 -4.026954e+01 1.502233e-14
      vertex 2.478243e+01 -4.054457e+01 1.312261e-14
      vertex 2.446361e+01 -4.054459e+01 1.401465e-14
    endloop
  endfacet
  facet normal -2.798100e-15 3.663492e-15 -1.000000e+00
    outer loop
      vertex 2.446355e+01 -3.944439e+01 1.804534e-14
      vertex 2.478238e+01 -3.944437e+01 1.715329e-14
      vertex 2.478239e+01 -3.971942e+01 1.614562e-14
    endloop
  endfacet
  facet normal -2.798100e-15 3.663492e-15 -1.000000e+00
    outer loop
      vertex 2.446355e+01 -3.944439e+01 1.804534e-14
      vertex 2.478239e+01 -3.971942e+01 1.614562e-14
      vertex 2.446357e+01 -3.971943e+01 1.703767e-14
    endloop
  endfacet
  facet normal -2.798100e-15 3.663391e-15 -1.000000e+00
    outer loop
      vertex 2.446357e+01 -3.971943e+01 1.703767e-14
      vertex 2.478239e+01 -3.971942e+01 1.614562e-14
      vertex 2.478240e+01 -3.999447e+01 1.513795e-14
    endloop
  endfacet
  facet normal -2.798100e-15 3.663391e-15 -1.000000e+00
    outer loop
      vertex 2.446357e+01 -3.971943e+01 1.703767e-14
      vertex 2.478240e+01 -3.999447e+01 1.513795e-14
      vertex 2.446358e+01 -3.999449e+01 1.603000e-14
    endloop
  endfacet
  facet normal -2.798079e-15 3.663492e-15 -1.000000e+00
    outer loop
      vertex 2.414473e+01 -3.944440e+01 1.893738e-14
      vertex 2.446355e+01 -3.944439e+01 1.804534e-14
      vertex 2.446357e+01 -3.971943e+01 1.703767e-14
    endloop
  endfacet
  facet normal -2.798089e-15 3.663391e-15 -1.000000e+00
    outer loop
      vertex 2.446357e+01 -3.971943e+01 1.703767e-14
      vertex 2.446358e+01 -3.999449e+01 1.603000e-14
      vertex 2.382593e+01 -3.999452e+01 1.781409e-14
    endloop
  endfacet
  facet normal -2.798079e-15 3.663429e-15 -1.000000e+00
    outer loop
      vertex 2.382593e+01 -3.999452e+01 1.781409e-14
      vertex 2.382590e+01 -3.944442e+01 1.982942e-14
      vertex 2.414473e+01 -3.944440e+01 1.893738e-14
    endloop
  endfacet
  facet normal -2.798115e-15 3.663450e-15 -1.000000e+00
    outer loop
      vertex 2.414473e+01 -3.944440e+01 1.893738e-14
      vertex 2.446357e+01 -3.971943e+01 1.703767e-14
      vertex 2.382593e+01 -3.999452e+01 1.781409e-14
    endloop
  endfacet
  facet normal -2.798089e-15 3.663492e-15 -1.000000e+00
    outer loop
      vertex 2.382577e+01 -3.669390e+01 2.990612e-14
      vertex 2.414459e+01 -3.669389e+01 2.901408e-14
      vertex 2.414461e+01 -3.696894e+01 2.800641e-14
    endloop
  endfacet
  facet normal -2.798089e-15 3.663492e-15 -1.000000e+00
    outer loop
      vertex 2.382577e+01 -3.669390e+01 2.990612e-14
      vertex 2.414461e+01 -3.696894e+01 2.800641e-14
      vertex 2.382578e+01 -3.696895e+01 2.889845e-14
    endloop
  endfacet
  facet normal -2.798177e-15 3.663391e-15 -1.000000e+00
    outer loop
      vertex 2.414459e+01 -3.669389e+01 2.901408e-14
      vertex 2.446342e+01 -3.669387e+01 2.812203e-14
      vertex 2.446343e+01 -3.696892e+01 2.711436e-14
    endloop
  endfacet
  facet normal -2.798089e-15 3.663492e-15 -1.000000e+00
    outer loop
      vertex 2.414459e+01 -3.669389e+01 2.901408e-14
      vertex 2.446343e+01 -3.696892e+01 2.711436e-14
      vertex 2.414461e+01 -3.696894e+01 2.800641e-14
    endloop
  endfacet
  facet normal -2.798089e-15 3.663492e-15 -1.000000e+00
    outer loop
      vertex 2.414455e+01 -3.586873e+01 3.203709e-14
      vertex 2.446338e+01 -3.586872e+01 3.114504e-14
      vertex 2.446339e+01 -3.614376e+01 3.013737e-14
    endloop
  endfacet
  facet normal -2.798089e-15 3.663492e-15 -1.000000e+00
    outer loop
      vertex 2.414455e+01 -3.586873e+01 3.203709e-14
      vertex 2.446339e+01 -3.614376e+01 3.013737e-14
      vertex 2.414457e+01 -3.614378e+01 3.102942e-14
    endloop
  endfacet
  facet normal -2.798089e-15 3.663492e-15 -1.000000e+00
    outer loop
      vertex 2.382573e+01 -3.586875e+01 3.292913e-14
      vertex 2.414455e+01 -3.586873e+01 3.203709e-14
      vertex 2.414457e+01 -3.614378e+01 3.102942e-14
    endloop
  endfacet
  facet normal -2.798177e-15 3.663391e-15 -1.000000e+00
    outer loop
      vertex 2.382573e+01 -3.586875e+01 3.292913e-14
      vertex 2.414457e+01 -3.614378e+01 3.102942e-14
      vertex 2.382574e+01 -3.614380e+01 3.192146e-14
    endloop
  endfacet
  facet normal -2.798089e-15 3.663492e-15 -1.000000e+00
    outer loop
      vertex 2.446338e+01 -3.586872e+01 3.114504e-14
      vertex 2.478220e+01 -3.586870e+01 3.025300e-14
      vertex 2.478222e+01 -3.614375e+01 2.924533e-14
    endloop
  endfacet
  facet normal -2.798089e-15 3.663492e-15 -1.000000e+00
    outer loop
      vertex 2.446338e+01 -3.586872e+01 3.114504e-14
      vertex 2.478222e+01 -3.614375e+01 2.924533e-14
      vertex 2.446339e+01 -3.614376e+01 3.013737e-14
    endloop
  endfacet
  facet normal -2.798089e-15 3.663379e-15 -1.000000e+00
    outer loop
      vertex 2.446339e+01 -3.614376e+01 3.013737e-14
      vertex 2.478222e+01 -3.614375e+01 2.924533e-14
      vertex 2.478223e+01 -3.641880e+01 2.823766e-14
    endloop
  endfacet
  facet normal -2.798089e-15 3.663379e-15 -1.000000e+00
    outer loop
      vertex 2.446339e+01 -3.614376e+01 3.013737e-14
      vertex 2.478223e+01 -3.641880e+01 2.823766e-14
      vertex 2.446341e+01 -3.641882e+01 2.912970e-14
    endloop
  endfacet
  facet normal -2.798089e-15 3.663492e-15 -1.000000e+00
    outer loop
      vertex 2.446341e+01 -3.641882e+01 2.912970e-14
      vertex 2.478223e+01 -3.641880e+01 2.823766e-14
      vertex 2.478224e+01 -3.669385e+01 2.722999e-14
    endloop
  endfacet
  facet normal -2.798089e-15 3.663492e-15 -1.000000e+00
    outer loop
      vertex 2.446341e+01 -3.641882e+01 2.912970e-14
      vertex 2.478224e+01 -3.669385e+01 2.722999e-14
      vertex 2.446342e+01 -3.669387e+01 2.812203e-14
    endloop
  endfacet
  facet normal -2.798084e-15 3.663384e-15 -1.000000e+00
    outer loop
      vertex 2.414459e+01 -3.669389e+01 2.901408e-14
      vertex 2.414457e+01 -3.614378e+01 3.102942e-14
      vertex 2.446341e+01 -3.641882e+01 2.912970e-14
    endloop
  endfacet
  facet normal -2.798089e-15 3.663379e-15 -1.000000e+00
    outer loop
      vertex 2.414457e+01 -3.614378e+01 3.102942e-14
      vertex 2.446339e+01 -3.614376e+01 3.013737e-14
      vertex 2.446341e+01 -3.641882e+01 2.912970e-14
    endloop
  endfacet
  facet normal -2.798177e-15 3.663492e-15 -1.000000e+00
    outer loop
      vertex 2.446341e+01 -3.641882e+01 2.912970e-14
      vertex 2.446342e+01 -3.669387e+01 2.812203e-14
      vertex 2.414459e+01 -3.669389e+01 2.901408e-14
    endloop
  endfacet
  facet normal -2.798089e-15 3.663435e-15 -1.000000e+00
    outer loop
      vertex 2.414459e+01 -3.669389e+01 2.901408e-14
      vertex 2.382577e+01 -3.669390e+01 2.990612e-14
      vertex 2.382574e+01 -3.614380e+01 3.192146e-14
    endloop
  endfacet
  facet normal -2.798177e-15 3.663384e-15 -1.000000e+00
    outer loop
      vertex 2.414459e+01 -3.669389e+01 2.901408e-14
      vertex 2.382574e+01 -3.614380e+01 3.192146e-14
      vertex 2.414457e+01 -3.614378e+01 3.102942e-14
    endloop
  endfacet
  facet normal -2.798089e-15 3.663442e-15 -1.000000e+00
    outer loop
      vertex 2.255079e+01 -4.329519e+01 9.290223e-15
      vertex 2.318844e+01 -4.329516e+01 7.506135e-15
      vertex 2.318847e+01 -4.384526e+01 5.490793e-15
    endloop
  endfacet
  facet normal -2.798089e-15 3.663442e-15 -1.000000e+00
    outer loop
      vertex 2.255079e+01 -4.329519e+01 9.290223e-15
      vertex 2.318847e+01 -4.384526e+01 5.490793e-15
      vertex 2.255082e+01 -4.384529e+01 7.274881e-15
    endloop
  endfacet
  facet normal -2.798089e-15 3.663424e-15 -1.000000e+00
    outer loop
      vertex 2.318844e+01 -4.329516e+01 7.506135e-15
      vertex 2.382609e+01 -4.329513e+01 5.722046e-15
      vertex 2.382612e+01 -4.384523e+01 3.706711e-15
    endloop
  endfacet
  facet normal -2.798074e-15 3.663442e-15 -1.000000e+00
    outer loop
      vertex 2.318844e+01 -4.329516e+01 7.506135e-15
      vertex 2.382612e+01 -4.384523e+01 3.706711e-15
      vertex 2.318847e+01 -4.384526e+01 5.490793e-15
    endloop
  endfacet
  facet normal -2.798084e-15 3.663442e-15 -1.000000e+00
    outer loop
      vertex 2.255063e+01 -3.999458e+01 2.138226e-14
      vertex 2.318828e+01 -3.999455e+01 1.959817e-14
      vertex 2.318831e+01 -4.054465e+01 1.758283e-14
    endloop
  endfacet
  facet normal -2.798089e-15 3.663435e-15 -1.000000e+00
    outer loop
      vertex 2.255063e+01 -3.999458e+01 2.138226e-14
      vertex 2.318831e+01 -4.054465e+01 1.758283e-14
      vertex 2.255066e+01 -4.054468e+01 1.936692e-14
    endloop
  endfacet
  facet normal -2.798089e-15 3.663442e-15 -1.000000e+00
    outer loop
      vertex 2.318828e+01 -3.999455e+01 1.959817e-14
      vertex 2.382593e+01 -3.999452e+01 1.781409e-14
      vertex 2.382596e+01 -4.054462e+01 1.579874e-14
    endloop
  endfacet
  facet normal -2.798089e-15 3.663442e-15 -1.000000e+00
    outer loop
      vertex 2.318828e+01 -3.999455e+01 1.959817e-14
      vertex 2.382596e+01 -4.054462e+01 1.579874e-14
      vertex 2.318831e+01 -4.054465e+01 1.758283e-14
    endloop
  endfacet
  facet normal -2.798095e-15 3.663429e-15 -1.000000e+00
    outer loop
      vertex 2.318825e+01 -3.944445e+01 2.161351e-14
      vertex 2.382590e+01 -3.944442e+01 1.982942e-14
      vertex 2.382593e+01 -3.999452e+01 1.781409e-14
    endloop
  endfacet
  facet normal -2.798089e-15 3.663435e-15 -1.000000e+00
    outer loop
      vertex 2.318825e+01 -3.944445e+01 2.161351e-14
      vertex 2.382593e+01 -3.999452e+01 1.781409e-14
      vertex 2.318828e+01 -3.999455e+01 1.959817e-14
    endloop
  endfacet
  facet normal -2.798084e-15 3.663435e-15 -1.000000e+00
    outer loop
      vertex 2.255060e+01 -3.944448e+01 2.339760e-14
      vertex 2.318825e+01 -3.944445e+01 2.161351e-14
      vertex 2.318828e+01 -3.999455e+01 1.959817e-14
    endloop
  endfacet
  facet normal -2.798084e-15 3.663435e-15 -1.000000e+00
    outer loop
      vertex 2.255060e+01 -3.944448e+01 2.339760e-14
      vertex 2.318828e+01 -3.999455e+01 1.959817e-14
      vertex 2.255063e+01 -3.999458e+01 2.138226e-14
    endloop
  endfacet
  facet normal -2.798089e-15 3.663435e-15 -1.000000e+00
    outer loop
      vertex 2.318809e+01 -3.614383e+01 3.370555e-14
      vertex 2.382574e+01 -3.614380e+01 3.192146e-14
      vertex 2.382577e+01 -3.669390e+01 2.990612e-14
    endloop
  endfacet
  facet normal -2.798089e-15 3.663435e-15 -1.000000e+00
    outer loop
      vertex 2.318809e+01 -3.614383e+01 3.370555e-14
      vertex 2.382577e+01 -3.669390e+01 2.990612e-14
      vertex 2.318812e+01 -3.669394e+01 3.169021e-14
    endloop
  endfacet
  facet normal -2.798080e-15 3.663435e-15 -1.000000e+00
    outer loop
      vertex 2.255044e+01 -3.614386e+01 3.548963e-14
      vertex 2.318809e+01 -3.614383e+01 3.370555e-14
      vertex 2.318812e+01 -3.669394e+01 3.169021e-14
    endloop
  endfacet
  facet normal -2.798084e-15 3.663431e-15 -1.000000e+00
    outer loop
      vertex 2.255044e+01 -3.614386e+01 3.548963e-14
      vertex 2.318812e+01 -3.669394e+01 3.169021e-14
      vertex 2.255047e+01 -3.669397e+01 3.347429e-14
    endloop
  endfacet
  facet normal -2.798088e-15 3.663435e-15 -1.000000e+00
    outer loop
      vertex 1.617430e+01 -4.329551e+01 2.713110e-14
      vertex 1.681195e+01 -4.329548e+01 2.534701e-14
      vertex 1.681197e+01 -4.384558e+01 2.333167e-14
    endloop
  endfacet
  facet normal -2.798089e-15 3.663434e-15 -1.000000e+00
    outer loop
      vertex 1.617430e+01 -4.329551e+01 2.713110e-14
      vertex 1.681197e+01 -4.384558e+01 2.333167e-14
      vertex 1.617432e+01 -4.384561e+01 2.511576e-14
    endloop
  endfacet
  facet normal -2.798084e-15 3.663435e-15 -1.000000e+00
    outer loop
      vertex 1.681195e+01 -4.329548e+01 2.534701e-14
      vertex 1.744959e+01 -4.329544e+01 2.356293e-14
      vertex 1.744962e+01 -4.384555e+01 2.154759e-14
    endloop
  endfacet
  facet normal -2.798084e-15 3.663435e-15 -1.000000e+00
    outer loop
      vertex 1.681195e+01 -4.329548e+01 2.534701e-14
      vertex 1.744962e+01 -4.384555e+01 2.154759e-14
      vertex 1.681197e+01 -4.384558e+01 2.333167e-14
    endloop
  endfacet
  facet normal -2.798130e-15 3.663439e-15 -1.000000e+00
    outer loop
      vertex 1.681160e+01 -3.614415e+01 5.154642e-14
      vertex 1.744925e+01 -3.614411e+01 4.976234e-14
      vertex 1.744927e+01 -3.669421e+01 4.774700e-14
    endloop
  endfacet
  facet normal -2.798133e-15 3.663434e-15 -1.000000e+00
    outer loop
      vertex 1.681160e+01 -3.614415e+01 5.154642e-14
      vertex 1.744927e+01 -3.669421e+01 4.774700e-14
      vertex 1.681162e+01 -3.669425e+01 4.953109e-14
    endloop
  endfacet
  facet normal -2.798088e-15 3.663434e-15 -1.000000e+00
    outer loop
      vertex 1.617395e+01 -3.614418e+01 5.333051e-14
      vertex 1.681160e+01 -3.614415e+01 5.154642e-14
      vertex 1.681162e+01 -3.669425e+01 4.953109e-14
    endloop
  endfacet
  facet normal -2.798086e-15 3.663437e-15 -1.000000e+00
    outer loop
      vertex 1.617395e+01 -3.614418e+01 5.333051e-14
      vertex 1.681162e+01 -3.669425e+01 4.953109e-14
      vertex 1.617397e+01 -3.669428e+01 5.131517e-14
    endloop
  endfacet
  facet normal -2.798084e-15 3.663434e-15 -1.000000e+00
    outer loop
      vertex 1.553662e+01 -4.274543e+01 3.093053e-14
      vertex 1.553659e+01 -4.219533e+01 3.294586e-14
      vertex 1.617424e+01 -4.219530e+01 3.116178e-14
    endloop
  endfacet
  facet normal -2.798088e-15 3.663435e-15 -1.000000e+00
    outer loop
      vertex 1.617430e+01 -4.329551e+01 2.713110e-14
      vertex 1.553665e+01 -4.329554e+01 2.891519e-14
      vertex 1.553662e+01 -4.274543e+01 3.093053e-14
    endloop
  endfacet
  facet normal -2.798088e-15 3.663437e-15 -1.000000e+00
    outer loop
      vertex 1.553635e+01 -3.724441e+01 5.108392e-14
      vertex 1.553632e+01 -3.669431e+01 5.309926e-14
      vertex 1.617397e+01 -3.669428e+01 5.131517e-14
    endloop
  endfacet
  facet normal -2.798088e-15 3.663434e-15 -1.000000e+00
    outer loop
      vertex 1.617403e+01 -3.779448e+01 4.728449e-14
      vertex 1.553638e+01 -3.779451e+01 4.906858e-14
      vertex 1.553635e+01 -3.724441e+01 5.108392e-14
    endloop
  endfacet
  facet normal 5.350853e-15 2.652954e-14 -1.000000e+00
    outer loop
      vertex 2.478259e+01 -4.384519e+01 1.030575e-15
      vertex 2.509055e+01 -4.379085e+01 4.119955e-15
      vertex 2.505307e+01 -4.393859e+01 0.000000e+00
    endloop
  endfacet
  facet normal 2.231030e-15 -6.318494e-15 -1.000000e+00
    outer loop
      vertex 2.478258e+01 -4.357013e+01 2.038246e-15
      vertex 2.510121e+01 -4.363853e+01 3.181293e-15
      vertex 2.509055e+01 -4.379085e+01 4.119955e-15
    endloop
  endfacet
  facet normal 6.388708e-15 1.305019e-14 -1.000000e+00
    outer loop
      vertex 2.478258e+01 -4.357013e+01 2.038246e-15
      vertex 2.508794e+01 -4.348645e+01 5.081235e-15
      vertex 2.510121e+01 -4.363853e+01 3.181293e-15
    endloop
  endfacet
  facet normal -1.030354e-14 -1.880371e-14 -1.000000e+00
    outer loop
      vertex 2.505307e+01 -4.393859e+01 0.000000e+00
      vertex 2.498529e+01 -4.407515e+01 3.266186e-15
      vertex 2.478259e+01 -4.384519e+01 1.030575e-15
    endloop
  endfacet
  facet normal 3.862057e-14 -1.809254e-14 -1.000000e+00
    outer loop
      vertex 2.478261e+01 -4.412024e+01 2.290377e-17
      vertex 2.489002e+01 -4.419126e+01 5.456383e-15
      vertex 2.476662e+01 -4.428422e+01 2.372499e-15
    endloop
  endfacet
  facet normal 1.518688e-14 3.664365e-15 -1.000000e+00
    outer loop
      vertex 2.478261e+01 -4.412024e+01 2.290377e-17
      vertex 2.478259e+01 -4.384519e+01 1.030575e-15
      vertex 2.498529e+01 -4.407515e+01 3.266186e-15
    endloop
  endfacet
  facet normal 9.385239e-15 3.663982e-15 -1.000000e+00
    outer loop
      vertex 2.478259e+01 -4.384519e+01 1.030575e-15
      vertex 2.478258e+01 -4.357013e+01 2.038246e-15
      vertex 2.509055e+01 -4.379085e+01 4.119955e-15
    endloop
  endfacet
  facet normal 2.470824e-14 -3.913422e-14 -1.000000e+00
    outer loop
      vertex 2.478261e+01 -4.412024e+01 2.290377e-17
      vertex 2.498529e+01 -4.407515e+01 3.266186e-15
      vertex 2.489002e+01 -4.419126e+01 5.456383e-15
    endloop
  endfacet
  facet normal 5.985852e-15 1.452015e-14 -1.000000e+00
    outer loop
      vertex 2.505064e+01 -4.334405e+01 6.925565e-15
      vertex 2.508794e+01 -4.348645e+01 5.081235e-15
      vertex 2.478258e+01 -4.357013e+01 2.038246e-15
    endloop
  endfacet
  facet normal 1.399338e-14 -2.621706e-15 -1.000000e+00
    outer loop
      vertex 2.478257e+01 -4.329509e+01 3.045917e-15
      vertex 2.498188e+01 -4.320212e+01 5.591203e-15
      vertex 2.505064e+01 -4.334405e+01 6.925565e-15
    endloop
  endfacet
  facet normal 3.126647e-15 1.449814e-14 -1.000000e+00
    outer loop
      vertex 2.505273e+01 -4.029336e+01 1.462979e-14
      vertex 2.478242e+01 -4.026952e+01 1.413028e-14
      vertex 2.508988e+01 -4.014640e+01 1.687656e-14
    endloop
  endfacet
  facet normal 3.709950e-16 -1.674456e-14 -1.000000e+00
    outer loop
      vertex 2.498589e+01 -4.042944e+01 1.688356e-14
      vertex 2.478242e+01 -4.026952e+01 1.413028e-14
      vertex 2.505273e+01 -4.029336e+01 1.462979e-14
    endloop
  endfacet
  facet normal 5.524367e-15 1.553532e-14 -1.000000e+00
    outer loop
      vertex 2.498188e+01 -4.320212e+01 5.591203e-15
      vertex 2.478257e+01 -4.329509e+01 3.045917e-15
      vertex 2.489142e+01 -4.308770e+01 6.868997e-15
    endloop
  endfacet
  facet normal -6.148039e-16 1.875764e-14 -1.000000e+00
    outer loop
      vertex 2.489142e+01 -4.308770e+01 6.868997e-15
      vertex 2.478257e+01 -4.329509e+01 3.045917e-15
      vertex 2.476604e+01 -4.299025e+01 8.774157e-15
    endloop
  endfacet
  facet normal 1.641186e-14 3.664380e-15 -1.000000e+00
    outer loop
      vertex 2.498589e+01 -4.042944e+01 1.688356e-14
      vertex 2.478243e+01 -4.054457e+01 1.312261e-14
      vertex 2.478242e+01 -4.026952e+01 1.413028e-14
    endloop
  endfacet
  facet normal 4.285335e-14 -4.631275e-14 -1.000000e+00
    outer loop
      vertex 2.476626e+01 -4.063462e+01 1.660002e-14
      vertex 2.478243e+01 -4.054457e+01 1.312261e-14
      vertex 2.488512e+01 -4.054974e+01 1.776234e-14
    endloop
  endfacet
  facet normal 4.300362e-14 -4.332538e-14 -1.000000e+00
    outer loop
      vertex 2.488512e+01 -4.054974e+01 1.776234e-14
      vertex 2.478243e+01 -4.054457e+01 1.312261e-14
      vertex 2.498589e+01 -4.042944e+01 1.688356e-14
    endloop
  endfacet
  facet normal 3.072013e-14 -4.413369e-14 -1.000000e+00
    outer loop
      vertex 2.462687e+01 -4.069447e+01 1.495904e-14
      vertex 2.478243e+01 -4.054457e+01 1.312261e-14
      vertex 2.476626e+01 -4.063462e+01 1.660002e-14
    endloop
  endfacet
  facet normal 1.514157e-14 3.664363e-15 -1.000000e+00
    outer loop
      vertex 2.478257e+01 -4.329509e+01 3.045917e-15
      vertex 2.505064e+01 -4.334405e+01 6.925565e-15
      vertex 2.478258e+01 -4.357013e+01 2.038246e-15
    endloop
  endfacet
  facet normal 7.464927e-15 3.663966e-15 -1.000000e+00
    outer loop
      vertex 2.478242e+01 -4.026952e+01 1.413028e-14
      vertex 2.478240e+01 -3.999447e+01 1.513795e-14
      vertex 2.508988e+01 -4.014640e+01 1.687656e-14
    endloop
  endfacet
  facet normal -2.797252e-15 -1.405534e-14 -1.000000e+00
    outer loop
      vertex 2.446378e+01 -4.412025e+01 9.149514e-16
      vertex 2.478261e+01 -4.412024e+01 2.290377e-17
      vertex 2.476662e+01 -4.428422e+01 2.372499e-15
    endloop
  endfacet
  facet normal 8.986460e-15 -6.996350e-15 -1.000000e+00
    outer loop
      vertex 2.446378e+01 -4.412025e+01 9.149514e-16
      vertex 2.463302e+01 -4.434594e+01 4.014794e-15
      vertex 2.447980e+01 -4.438390e+01 2.903493e-15
    endloop
  endfacet
  facet normal -2.798079e-15 3.663381e-15 -1.000000e+00
    outer loop
      vertex 2.478257e+01 -4.329509e+01 3.045917e-15
      vertex 2.446374e+01 -4.329510e+01 3.937958e-15
      vertex 2.446373e+01 -4.302005e+01 4.945629e-15
    endloop
  endfacet
  facet normal -4.710313e-15 -7.828592e-15 -1.000000e+00
    outer loop
      vertex 2.446378e+01 -4.412025e+01 9.149514e-16
      vertex 2.447980e+01 -4.438390e+01 2.903493e-15
      vertex 2.432758e+01 -4.439531e+01 3.709835e-15
    endloop
  endfacet
  facet normal 1.075422e-14 1.937385e-14 -1.000000e+00
    outer loop
      vertex 2.476604e+01 -4.299025e+01 8.774157e-15
      vertex 2.478257e+01 -4.329509e+01 3.045917e-15
      vertex 2.446373e+01 -4.302005e+01 4.945629e-15
    endloop
  endfacet
  facet normal -2.797505e-15 -8.775742e-15 -1.000000e+00
    outer loop
      vertex 2.414496e+01 -4.412027e+01 1.806992e-15
      vertex 2.432758e+01 -4.439531e+01 3.709835e-15
      vertex 2.382613e+01 -4.412028e+01 2.699040e-15
    endloop
  endfacet
  facet normal -3.053042e-15 -9.241651e-15 -1.000000e+00
    outer loop
      vertex 2.187876e+01 -4.439543e+01 1.118727e-14
      vertex 2.382613e+01 -4.412028e+01 2.699040e-15
      vertex 2.432758e+01 -4.439531e+01 3.709835e-15
    endloop
  endfacet
  facet normal -2.798074e-15 3.663492e-15 -1.000000e+00
    outer loop
      vertex 2.382612e+01 -4.384523e+01 3.706711e-15
      vertex 2.382613e+01 -4.412028e+01 2.699040e-15
      vertex 2.318847e+01 -4.384526e+01 5.490793e-15
    endloop
  endfacet
  facet normal -2.797483e-15 -8.775729e-15 -1.000000e+00
    outer loop
      vertex 2.432758e+01 -4.439531e+01 3.709835e-15
      vertex 2.414496e+01 -4.412027e+01 1.806992e-15
      vertex 2.446378e+01 -4.412025e+01 9.149514e-16
    endloop
  endfacet
  facet normal -2.799230e-15 2.726758e-14 -1.000000e+00
    outer loop
      vertex 2.432751e+01 -4.287803e+01 9.199503e-15
      vertex 2.446373e+01 -4.302005e+01 4.945629e-15
      vertex 2.414490e+01 -4.302006e+01 5.837677e-15
    endloop
  endfacet
  facet normal 9.875262e-15 2.829059e-14 -1.000000e+00
    outer loop
      vertex 2.462778e+01 -4.292579e+01 9.232212e-15
      vertex 2.476604e+01 -4.299025e+01 8.774157e-15
      vertex 2.446373e+01 -4.302005e+01 4.945629e-15
    endloop
  endfacet
  facet normal -1.916609e-14 -2.717814e-14 -1.000000e+00
    outer loop
      vertex 2.446361e+01 -4.054459e+01 1.401465e-14
      vertex 2.462687e+01 -4.069447e+01 1.495904e-14
      vertex 2.447895e+01 -4.072778e+01 1.869940e-14
    endloop
  endfacet
  facet normal 5.059792e-15 3.667231e-14 -1.000000e+00
    outer loop
      vertex 2.446373e+01 -4.302005e+01 4.945629e-15
      vertex 2.447972e+01 -4.288938e+01 9.818481e-15
      vertex 2.462778e+01 -4.292579e+01 9.232212e-15
    endloop
  endfacet
  facet normal -2.808735e-15 2.730118e-14 -1.000000e+00
    outer loop
      vertex 2.432751e+01 -4.287803e+01 9.199503e-15
      vertex 2.382608e+01 -4.302008e+01 6.729717e-15
      vertex 2.169570e+01 -4.287815e+01 1.658823e-14
    endloop
  endfacet
  facet normal 6.785985e-15 3.646100e-14 -1.000000e+00
    outer loop
      vertex 2.432751e+01 -4.287803e+01 9.199503e-15
      vertex 2.447972e+01 -4.288938e+01 9.818481e-15
      vertex 2.446373e+01 -4.302005e+01 4.945629e-15
    endloop
  endfacet
  facet normal -2.797645e-15 -5.625173e-15 -1.000000e+00
    outer loop
      vertex 2.318831e+01 -4.054465e+01 1.758283e-14
      vertex 2.382596e+01 -4.054462e+01 1.579874e-14
      vertex 2.432741e+01 -4.073807e+01 1.548406e-14
    endloop
  endfacet
  facet normal 2.282481e-14 -2.366192e-14 -1.000000e+00
    outer loop
      vertex 2.447895e+01 -4.072778e+01 1.869940e-14
      vertex 2.432741e+01 -4.073807e+01 1.548406e-14
      vertex 2.446361e+01 -4.054459e+01 1.401465e-14
    endloop
  endfacet
  facet normal -2.797655e-15 -5.625165e-15 -1.000000e+00
    outer loop
      vertex 2.432741e+01 -4.073807e+01 1.548406e-14
      vertex 2.414478e+01 -4.054461e+01 1.490670e-14
      vertex 2.446361e+01 -4.054459e+01 1.401465e-14
    endloop
  endfacet
  facet normal -2.797634e-15 -5.625145e-15 -1.000000e+00
    outer loop
      vertex 2.432741e+01 -4.073807e+01 1.548406e-14
      vertex 2.382596e+01 -4.054462e+01 1.579874e-14
      vertex 2.414478e+01 -4.054461e+01 1.490670e-14
    endloop
  endfacet
  facet normal -2.799208e-15 2.726755e-14 -1.000000e+00
    outer loop
      vertex 2.432751e+01 -4.287803e+01 9.199503e-15
      vertex 2.414490e+01 -4.302006e+01 5.837677e-15
      vertex 2.382608e+01 -4.302008e+01 6.729717e-15
    endloop
  endfacet
  facet normal -2.797448e-15 -9.348134e-15 -1.000000e+00
    outer loop
      vertex 2.478243e+01 -4.054457e+01 1.312261e-14
      vertex 2.462687e+01 -4.069447e+01 1.495904e-14
      vertex 2.446361e+01 -4.054459e+01 1.401465e-14
    endloop
  endfacet
  facet normal -2.798089e-15 3.663391e-15 -1.000000e+00
    outer loop
      vertex 2.382608e+01 -4.302008e+01 6.729717e-15
      vertex 2.382609e+01 -4.329513e+01 5.722046e-15
      vertex 2.318844e+01 -4.329516e+01 7.506135e-15
    endloop
  endfacet
  facet normal -4.416975e-15 -1.704683e-14 -1.000000e+00
    outer loop
      vertex 2.463302e+01 -4.434594e+01 4.014794e-15
      vertex 2.446378e+01 -4.412025e+01 9.149514e-16
      vertex 2.476662e+01 -4.428422e+01 2.372499e-15
    endloop
  endfacet
  facet normal 9.309033e-15 2.961936e-15 -1.000000e+00
    outer loop
      vertex 2.508987e+01 -3.984333e+01 1.864092e-14
      vertex 2.478239e+01 -3.971942e+01 1.614562e-14
      vertex 2.505277e+01 -3.969658e+01 1.873026e-14
    endloop
  endfacet
  facet normal 9.317827e-15 2.857848e-15 -1.000000e+00
    outer loop
      vertex 2.505277e+01 -3.969658e+01 1.873026e-14
      vertex 2.478239e+01 -3.971942e+01 1.614562e-14
      vertex 2.498595e+01 -3.956051e+01 1.849648e-14
    endloop
  endfacet
  facet normal 1.047669e-14 1.864170e-15 -1.000000e+00
    outer loop
      vertex 2.478240e+01 -3.999447e+01 1.513795e-14
      vertex 2.508987e+01 -3.984333e+01 1.864092e-14
      vertex 2.510123e+01 -3.999484e+01 1.847750e-14
    endloop
  endfacet
  facet normal 8.688481e-15 3.664050e-15 -1.000000e+00
    outer loop
      vertex 2.478239e+01 -3.971942e+01 1.614562e-14
      vertex 2.478238e+01 -3.944437e+01 1.715329e-14
      vertex 2.498595e+01 -3.956051e+01 1.849648e-14
    endloop
  endfacet
  facet normal 4.683980e-14 7.053537e-14 -1.000000e+00
    outer loop
      vertex 2.478238e+01 -3.944437e+01 1.715329e-14
      vertex 2.488917e+01 -3.944391e+01 2.218794e-14
      vertex 2.498595e+01 -3.956051e+01 1.849648e-14
    endloop
  endfacet
  facet normal 2.978151e-14 -9.920257e-15 -1.000000e+00
    outer loop
      vertex 2.476631e+01 -3.699817e+01 2.977446e-14
      vertex 2.478224e+01 -3.669385e+01 2.722999e-14
      vertex 2.489120e+01 -3.690107e+01 3.253061e-14
    endloop
  endfacet
  facet normal 9.591967e-15 3.663992e-15 -1.000000e+00
    outer loop
      vertex 2.478240e+01 -3.999447e+01 1.513795e-14
      vertex 2.478239e+01 -3.971942e+01 1.614562e-14
      vertex 2.508987e+01 -3.984333e+01 1.864092e-14
    endloop
  endfacet
  facet normal 1.048578e-14 9.777482e-15 -1.000000e+00
    outer loop
      vertex 2.478240e+01 -3.999447e+01 1.513795e-14
      vertex 2.510123e+01 -3.999484e+01 1.847750e-14
      vertex 2.508988e+01 -4.014640e+01 1.687656e-14
    endloop
  endfacet
  facet normal 1.871934e-14 -1.573711e-14 -1.000000e+00
    outer loop
      vertex 2.478224e+01 -3.669385e+01 2.722999e-14
      vertex 2.498224e+01 -3.678585e+01 3.242154e-14
      vertex 2.489120e+01 -3.690107e+01 3.253061e-14
    endloop
  endfacet
  facet normal 8.012591e-15 -7.708109e-15 -1.000000e+00
    outer loop
      vertex 2.478223e+01 -3.641880e+01 2.823766e-14
      vertex 2.510082e+01 -3.634851e+01 3.024853e-14
      vertex 2.508778e+01 -3.650079e+01 3.131783e-14
    endloop
  endfacet
  facet normal 4.035635e-15 1.622800e-15 -1.000000e+00
    outer loop
      vertex 2.505369e+01 -3.604786e+01 3.049649e-14
      vertex 2.509046e+01 -3.619590e+01 3.040463e-14
      vertex 2.478222e+01 -3.614375e+01 2.924533e-14
    endloop
  endfacet
  facet normal 5.996217e-15 1.430161e-15 -1.000000e+00
    outer loop
      vertex 2.509046e+01 -3.619590e+01 3.040463e-14
      vertex 2.510082e+01 -3.634851e+01 3.024853e-14
      vertex 2.478223e+01 -3.641880e+01 2.823766e-14
    endloop
  endfacet
  facet normal 1.133186e-14 4.662261e-15 -1.000000e+00
    outer loop
      vertex 2.504908e+01 -3.664846e+01 3.019085e-14
      vertex 2.478223e+01 -3.641880e+01 2.823766e-14
      vertex 2.508778e+01 -3.650079e+01 3.131783e-14
    endloop
  endfacet
  facet normal 4.380963e-15 3.663727e-15 -1.000000e+00
    outer loop
      vertex 2.478223e+01 -3.641880e+01 2.823766e-14
      vertex 2.478222e+01 -3.614375e+01 2.924533e-14
      vertex 2.509046e+01 -3.619590e+01 3.040463e-14
    endloop
  endfacet
  facet normal -3.414603e-15 2.271582e-14 -1.000000e+00
    outer loop
      vertex 2.505369e+01 -3.604786e+01 3.049649e-14
      vertex 2.478222e+01 -3.614375e+01 2.924533e-14
      vertex 2.498680e+01 -3.591066e+01 3.384165e-14
    endloop
  endfacet
  facet normal 2.891714e-14 5.548537e-14 -1.000000e+00
    outer loop
      vertex 2.489438e+01 -3.579652e+01 3.750192e-14
      vertex 2.498680e+01 -3.591066e+01 3.384165e-14
      vertex 2.478220e+01 -3.586870e+01 3.025300e-14
    endloop
  endfacet
  facet normal 1.829113e-14 3.664516e-15 -1.000000e+00
    outer loop
      vertex 2.478222e+01 -3.614375e+01 2.924533e-14
      vertex 2.478220e+01 -3.586870e+01 3.025300e-14
      vertex 2.498680e+01 -3.591066e+01 3.384165e-14
    endloop
  endfacet
  facet normal 4.509511e-14 3.034291e-14 -1.000000e+00
    outer loop
      vertex 2.476779e+01 -3.570163e+01 3.467218e-14
      vertex 2.489438e+01 -3.579652e+01 3.750192e-14
      vertex 2.478220e+01 -3.586870e+01 3.025300e-14
    endloop
  endfacet
  facet normal 1.047286e-14 3.664137e-15 -1.000000e+00
    outer loop
      vertex 2.478224e+01 -3.669385e+01 2.722999e-14
      vertex 2.478223e+01 -3.641880e+01 2.823766e-14
      vertex 2.504908e+01 -3.664846e+01 3.019085e-14
    endloop
  endfacet
  facet normal 1.510881e-14 -2.358637e-14 -1.000000e+00
    outer loop
      vertex 2.478224e+01 -3.669385e+01 2.722999e-14
      vertex 2.504908e+01 -3.664846e+01 3.019085e-14
      vertex 2.498224e+01 -3.678585e+01 3.242154e-14
    endloop
  endfacet
  facet normal 4.674997e-14 9.149240e-14 -1.000000e+00
    outer loop
      vertex 2.478238e+01 -3.944437e+01 1.715329e-14
      vertex 2.476621e+01 -3.935534e+01 2.454287e-14
      vertex 2.488917e+01 -3.944391e+01 2.218794e-14
    endloop
  endfacet
  facet normal 3.570716e-14 8.948723e-14 -1.000000e+00
    outer loop
      vertex 2.462684e+01 -3.929559e+01 2.491340e-14
      vertex 2.476621e+01 -3.935534e+01 2.454287e-14
      vertex 2.478238e+01 -3.944437e+01 1.715329e-14
    endloop
  endfacet
  facet normal 4.119783e-15 -4.829424e-14 -1.000000e+00
    outer loop
      vertex 2.462791e+01 -3.706274e+01 3.232289e-14
      vertex 2.446343e+01 -3.696892e+01 2.711436e-14
      vertex 2.476631e+01 -3.699817e+01 2.977446e-14
    endloop
  endfacet
  facet normal 1.595711e-14 -2.754138e-14 -1.000000e+00
    outer loop
      vertex 2.462791e+01 -3.706274e+01 3.232289e-14
      vertex 2.447967e+01 -3.709921e+01 3.096176e-14
      vertex 2.446343e+01 -3.696892e+01 2.711436e-14
    endloop
  endfacet
  facet normal 7.935226e-15 -8.776719e-15 -1.000000e+00
    outer loop
      vertex 2.446343e+01 -3.696892e+01 2.711436e-14
      vertex 2.478224e+01 -3.669385e+01 2.722999e-14
      vertex 2.476631e+01 -3.699817e+01 2.977446e-14
    endloop
  endfacet
  facet normal -2.798527e-15 1.303534e-14 -1.000000e+00
    outer loop
      vertex 2.432733e+01 -3.925204e+01 2.093383e-14
      vertex 2.446355e+01 -3.944439e+01 1.804534e-14
      vertex 2.414473e+01 -3.944440e+01 1.893738e-14
    endloop
  endfacet
  facet normal -2.798527e-15 1.303534e-14 -1.000000e+00
    outer loop
      vertex 2.432733e+01 -3.925204e+01 2.093383e-14
      vertex 2.414473e+01 -3.944440e+01 1.893738e-14
      vertex 2.382590e+01 -3.944442e+01 1.982942e-14
    endloop
  endfacet
  facet normal 1.274204e-14 2.404121e-14 -1.000000e+00
    outer loop
      vertex 2.446355e+01 -3.944439e+01 1.804534e-14
      vertex 2.432733e+01 -3.925204e+01 2.093383e-14
      vertex 2.447883e+01 -3.926231e+01 2.261736e-14
    endloop
  endfacet
  facet normal -3.108181e-15 1.486850e-14 -1.000000e+00
    outer loop
      vertex 2.169552e+01 -3.925217e+01 2.911204e-14
      vertex 2.432733e+01 -3.925204e+01 2.093383e-14
      vertex 2.318825e+01 -3.944445e+01 2.161351e-14
    endloop
  endfacet
  facet normal -2.798735e-15 1.727087e-14 -1.000000e+00
    outer loop
      vertex 2.255060e+01 -3.944448e+01 2.339760e-14
      vertex 2.169552e+01 -3.925217e+01 2.911204e-14
      vertex 2.318825e+01 -3.944445e+01 2.161351e-14
    endloop
  endfacet
  facet normal 2.076761e-14 2.336766e-14 -1.000000e+00
    outer loop
      vertex 2.462684e+01 -3.929559e+01 2.491340e-14
      vertex 2.446355e+01 -3.944439e+01 1.804534e-14
      vertex 2.447883e+01 -3.926231e+01 2.261736e-14
    endloop
  endfacet
  facet normal -2.800281e-15 4.923050e-14 -1.000000e+00
    outer loop
      vertex 2.462684e+01 -3.929559e+01 2.491340e-14
      vertex 2.478238e+01 -3.944437e+01 1.715329e-14
      vertex 2.446355e+01 -3.944439e+01 1.804534e-14
    endloop
  endfacet
  facet normal 3.410017e-15 -2.910517e-14 -1.000000e+00
    outer loop
      vertex 2.432723e+01 -3.711058e+01 3.077302e-14
      vertex 2.446343e+01 -3.696892e+01 2.711436e-14
      vertex 2.447967e+01 -3.709921e+01 3.096176e-14
    endloop
  endfacet
  facet normal -5.073452e-15 2.601347e-14 -1.000000e+00
    outer loop
      vertex 2.476779e+01 -3.570163e+01 3.467218e-14
      vertex 2.478220e+01 -3.586870e+01 3.025300e-14
      vertex 2.462828e+01 -3.563938e+01 3.699946e-14
    endloop
  endfacet
  facet normal 7.132201e-15 2.039915e-14 -1.000000e+00
    outer loop
      vertex 2.446338e+01 -3.586872e+01 3.114504e-14
      vertex 2.447962e+01 -3.560447e+01 3.665126e-14
      vertex 2.462828e+01 -3.563938e+01 3.699946e-14
    endloop
  endfacet
  facet normal -2.799232e-15 2.753997e-14 -1.000000e+00
    outer loop
      vertex 2.462828e+01 -3.563938e+01 3.699946e-14
      vertex 2.478220e+01 -3.586870e+01 3.025300e-14
      vertex 2.446338e+01 -3.586872e+01 3.114504e-14
    endloop
  endfacet
  facet normal -2.798089e-15 3.663391e-15 -1.000000e+00
    outer loop
      vertex 2.446342e+01 -3.669387e+01 2.812203e-14
      vertex 2.478224e+01 -3.669385e+01 2.722999e-14
      vertex 2.446343e+01 -3.696892e+01 2.711436e-14
    endloop
  endfacet
  facet normal -2.796807e-15 -2.313757e-14 -1.000000e+00
    outer loop
      vertex 2.432723e+01 -3.711058e+01 3.077302e-14
      vertex 2.382578e+01 -3.696895e+01 2.889845e-14
      vertex 2.414461e+01 -3.696894e+01 2.800641e-14
    endloop
  endfacet
  facet normal -2.798089e-15 3.663492e-15 -1.000000e+00
    outer loop
      vertex 2.318812e+01 -3.669394e+01 3.169021e-14
      vertex 2.382577e+01 -3.669390e+01 2.990612e-14
      vertex 2.382578e+01 -3.696895e+01 2.889845e-14
    endloop
  endfacet
  facet normal -2.798738e-15 1.721855e-14 -1.000000e+00
    outer loop
      vertex 2.432715e+01 -3.559367e+01 3.626221e-14
      vertex 2.446338e+01 -3.586872e+01 3.114504e-14
      vertex 2.414455e+01 -3.586873e+01 3.203709e-14
    endloop
  endfacet
  facet normal -2.798738e-15 1.721855e-14 -1.000000e+00
    outer loop
      vertex 2.382573e+01 -3.586875e+01 3.292913e-14
      vertex 2.432715e+01 -3.559367e+01 3.626221e-14
      vertex 2.414455e+01 -3.586873e+01 3.203709e-14
    endloop
  endfacet
  facet normal 4.010629e-15 2.059105e-14 -1.000000e+00
    outer loop
      vertex 2.447962e+01 -3.560447e+01 3.665126e-14
      vertex 2.446338e+01 -3.586872e+01 3.114504e-14
      vertex 2.432715e+01 -3.559367e+01 3.626221e-14
    endloop
  endfacet
  facet normal -2.796807e-15 -2.313757e-14 -1.000000e+00
    outer loop
      vertex 2.414461e+01 -3.696894e+01 2.800641e-14
      vertex 2.446343e+01 -3.696892e+01 2.711436e-14
      vertex 2.432723e+01 -3.711058e+01 3.077302e-14
    endloop
  endfacet
  facet normal -2.798543e-15 1.303538e-14 -1.000000e+00
    outer loop
      vertex 2.318825e+01 -3.944445e+01 2.161351e-14
      vertex 2.432733e+01 -3.925204e+01 2.093383e-14
      vertex 2.382590e+01 -3.944442e+01 1.982942e-14
    endloop
  endfacet
  facet normal -2.797737e-15 -3.693896e-15 -1.000000e+00
    outer loop
      vertex 2.255082e+01 -4.384529e+01 7.274881e-15
      vertex 2.318847e+01 -4.384526e+01 5.490793e-15
      vertex 2.187876e+01 -4.439543e+01 1.118727e-14
    endloop
  endfacet
  facet normal -4.363563e-15 3.369417e-17 -1.000000e+00
    outer loop
      vertex 2.382613e+01 -4.412028e+01 2.699040e-15
      vertex 2.187876e+01 -4.439543e+01 1.118727e-14
      vertex 2.318847e+01 -4.384526e+01 5.490793e-15
    endloop
  endfacet
  facet normal -8.820009e-15 3.663149e-15 -1.000000e+00
    outer loop
      vertex 2.187876e+01 -4.439543e+01 1.118727e-14
      vertex 2.255079e+01 -4.329519e+01 9.290223e-15
      vertex 2.255082e+01 -4.384529e+01 7.274881e-15
    endloop
  endfacet
  facet normal -4.009438e-15 9.278533e-15 -1.000000e+00
    outer loop
      vertex 2.382608e+01 -4.302008e+01 6.729717e-15
      vertex 2.255079e+01 -4.329519e+01 9.290223e-15
      vertex 2.169570e+01 -4.287815e+01 1.658823e-14
    endloop
  endfacet
  facet normal -2.797910e-15 -1.522350e-17 -1.000000e+00
    outer loop
      vertex 2.000019e+01 -4.329531e+01 1.642657e-14
      vertex 2.255079e+01 -4.329519e+01 9.290223e-15
      vertex 2.187876e+01 -4.439543e+01 1.118727e-14
    endloop
  endfacet
  facet normal -2.408714e-15 6.493703e-16 -1.000000e+00
    outer loop
      vertex 2.000019e+01 -4.329531e+01 1.642657e-14
      vertex 2.187876e+01 -4.439543e+01 1.118727e-14
      vertex 1.942992e+01 -4.439555e+01 1.708573e-14
    endloop
  endfacet
  facet normal -2.798089e-15 3.663391e-15 -1.000000e+00
    outer loop
      vertex 2.382608e+01 -4.302008e+01 6.729717e-15
      vertex 2.318844e+01 -4.329516e+01 7.506135e-15
      vertex 2.255079e+01 -4.329519e+01 9.290223e-15
    endloop
  endfacet
  facet normal -1.119305e-15 4.082336e-15 -1.000000e+00
    outer loop
      vertex 1.744962e+01 -4.384555e+01 2.154759e-14
      vertex 1.942992e+01 -4.439555e+01 1.708573e-14
      vertex 1.698109e+01 -4.439567e+01 1.982622e-14
    endloop
  endfacet
  facet normal -2.797960e-15 8.511222e-16 -1.000000e+00
    outer loop
      vertex 2.000019e+01 -4.329531e+01 1.642657e-14
      vertex 1.942992e+01 -4.439555e+01 1.708573e-14
      vertex 1.872489e+01 -4.329538e+01 1.999475e-14
    endloop
  endfacet
  facet normal -1.847579e-15 1.460164e-15 -1.000000e+00
    outer loop
      vertex 1.744962e+01 -4.384555e+01 2.154759e-14
      vertex 1.872489e+01 -4.329538e+01 1.999475e-14
      vertex 1.942992e+01 -4.439555e+01 1.708573e-14
    endloop
  endfacet
  facet normal -2.798088e-15 3.663435e-15 -1.000000e+00
    outer loop
      vertex 1.744959e+01 -4.329544e+01 2.356293e-14
      vertex 1.872489e+01 -4.329538e+01 1.999475e-14
      vertex 1.744962e+01 -4.384555e+01 2.154759e-14
    endloop
  endfacet
  facet normal -2.798652e-15 1.371455e-14 -1.000000e+00
    outer loop
      vertex 1.906389e+01 -4.287828e+01 2.476644e-14
      vertex 2.000019e+01 -4.329531e+01 1.642657e-14
      vertex 1.872489e+01 -4.329538e+01 1.999475e-14
    endloop
  endfacet
  facet normal -2.798474e-15 1.176144e-14 -1.000000e+00
    outer loop
      vertex 2.169570e+01 -4.287815e+01 1.658823e-14
      vertex 2.255079e+01 -4.329519e+01 9.290223e-15
      vertex 2.000019e+01 -4.329531e+01 1.642657e-14
    endloop
  endfacet
  facet normal -2.797443e-15 -9.835549e-15 -1.000000e+00
    outer loop
      vertex 2.169560e+01 -4.073820e+01 2.366228e-14
      vertex 2.255066e+01 -4.054468e+01 1.936692e-14
      vertex 2.318831e+01 -4.054465e+01 1.758283e-14
    endloop
  endfacet
  facet normal -3.108091e-15 1.301982e-14 -1.000000e+00
    outer loop
      vertex 2.169570e+01 -4.287815e+01 1.658823e-14
      vertex 2.000019e+01 -4.329531e+01 1.642657e-14
      vertex 1.906389e+01 -4.287828e+01 2.476644e-14
    endloop
  endfacet
  facet normal -3.107083e-15 -7.447527e-15 -1.000000e+00
    outer loop
      vertex 2.432741e+01 -4.073807e+01 1.548406e-14
      vertex 2.169560e+01 -4.073820e+01 2.366228e-14
      vertex 2.318831e+01 -4.054465e+01 1.758283e-14
    endloop
  endfacet
  facet normal -5.852536e-15 3.663287e-15 -1.000000e+00
    outer loop
      vertex 2.169560e+01 -4.073820e+01 2.366228e-14
      vertex 2.255063e+01 -3.999458e+01 2.138226e-14
      vertex 2.255066e+01 -4.054468e+01 1.936692e-14
    endloop
  endfacet
  facet normal -2.797919e-15 1.510172e-16 -1.000000e+00
    outer loop
      vertex 2.255063e+01 -3.999458e+01 2.138226e-14
      vertex 2.169560e+01 -4.073820e+01 2.366228e-14
      vertex 2.000003e+01 -3.999470e+01 2.851861e-14
    endloop
  endfacet
  facet normal -3.107317e-15 -2.678315e-15 -1.000000e+00
    outer loop
      vertex 1.643198e+01 -4.073846e+01 4.080819e-14
      vertex 1.744943e+01 -3.999483e+01 3.565496e-14
      vertex 1.906379e+01 -4.073833e+01 3.262998e-14
    endloop
  endfacet
  facet normal -3.407368e-15 -1.238841e-15 -1.000000e+00
    outer loop
      vertex 2.169560e+01 -4.073820e+01 2.366228e-14
      vertex 1.906379e+01 -4.073833e+01 3.262998e-14
      vertex 2.000003e+01 -3.999470e+01 2.851861e-14
    endloop
  endfacet
  facet normal -2.798358e-15 9.349372e-15 -1.000000e+00
    outer loop
      vertex 1.906371e+01 -3.925230e+01 3.807975e-14
      vertex 2.000003e+01 -3.999470e+01 2.851861e-14
      vertex 1.872473e+01 -3.999476e+01 3.208678e-14
    endloop
  endfacet
  facet normal -2.797814e-15 -2.006281e-15 -1.000000e+00
    outer loop
      vertex 1.906379e+01 -4.073833e+01 3.262998e-14
      vertex 1.872473e+01 -3.999476e+01 3.208678e-14
      vertex 2.000003e+01 -3.999470e+01 2.851861e-14
    endloop
  endfacet
  facet normal -2.797806e-15 -2.006277e-15 -1.000000e+00
    outer loop
      vertex 1.906379e+01 -4.073833e+01 3.262998e-14
      vertex 1.744943e+01 -3.999483e+01 3.565496e-14
      vertex 1.872473e+01 -3.999476e+01 3.208678e-14
    endloop
  endfacet
  facet normal -2.798417e-15 9.349399e-15 -1.000000e+00
    outer loop
      vertex 1.906371e+01 -3.925230e+01 3.807975e-14
      vertex 1.872473e+01 -3.999476e+01 3.208678e-14
      vertex 1.744943e+01 -3.999483e+01 3.565496e-14
    endloop
  endfacet
  facet normal -2.798569e-15 1.371448e-14 -1.000000e+00
    outer loop
      vertex 1.906389e+01 -4.287828e+01 2.476644e-14
      vertex 1.872489e+01 -4.329538e+01 1.999475e-14
      vertex 1.744959e+01 -4.329544e+01 2.356293e-14
    endloop
  endfacet
  facet normal -2.798256e-15 7.188729e-15 -1.000000e+00
    outer loop
      vertex 2.169552e+01 -3.925217e+01 2.911204e-14
      vertex 2.255063e+01 -3.999458e+01 2.138226e-14
      vertex 2.000003e+01 -3.999470e+01 2.851861e-14
    endloop
  endfacet
  facet normal -2.798172e-15 5.512182e-15 -1.000000e+00
    outer loop
      vertex 1.698109e+01 -4.439567e+01 1.982622e-14
      vertex 1.681197e+01 -4.384558e+01 2.333167e-14
      vertex 1.744962e+01 -4.384555e+01 2.154759e-14
    endloop
  endfacet
  facet normal -6.086345e-15 -2.789617e-15 -1.000000e+00
    outer loop
      vertex 1.681197e+01 -4.384558e+01 2.333167e-14
      vertex 1.670949e+01 -4.437990e+01 2.544595e-14
      vertex 1.645136e+01 -4.433271e+01 2.688536e-14
    endloop
  endfacet
  facet normal -2.797664e-15 -5.224132e-15 -1.000000e+00
    outer loop
      vertex 1.681197e+01 -4.384558e+01 2.333167e-14
      vertex 1.645136e+01 -4.433271e+01 2.688536e-14
      vertex 1.617432e+01 -4.384561e+01 2.511576e-14
    endloop
  endfacet
  facet normal -9.199744e-15 -8.865375e-15 -1.000000e+00
    outer loop
      vertex 1.645136e+01 -4.433271e+01 2.688536e-14
      vertex 1.618388e+01 -4.424517e+01 2.857016e-14
      vertex 1.617432e+01 -4.384561e+01 2.511576e-14
    endloop
  endfacet
  facet normal -2.069049e-14 1.131599e-17 -1.000000e+00
    outer loop
      vertex 1.698109e+01 -4.439567e+01 1.982622e-14
      vertex 1.670949e+01 -4.437990e+01 2.544595e-14
      vertex 1.681197e+01 -4.384558e+01 2.333167e-14
    endloop
  endfacet
  facet normal -9.456657e-15 1.375889e-16 -1.000000e+00
    outer loop
      vertex 1.572254e+01 -4.397918e+01 2.936973e-14
      vertex 1.617432e+01 -4.384561e+01 2.511576e-14
      vertex 1.593988e+01 -4.412468e+01 2.729439e-14
    endloop
  endfacet
  facet normal 9.708339e-16 -8.622141e-15 -1.000000e+00
    outer loop
      vertex 1.618388e+01 -4.424517e+01 2.857016e-14
      vertex 1.593988e+01 -4.412468e+01 2.729439e-14
      vertex 1.617432e+01 -4.384561e+01 2.511576e-14
    endloop
  endfacet
  facet normal -8.868259e-15 -1.852505e-15 -1.000000e+00
    outer loop
      vertex 1.550979e+01 -4.379541e+01 3.091606e-14
      vertex 1.617432e+01 -4.384561e+01 2.511576e-14
      vertex 1.572254e+01 -4.397918e+01 2.936973e-14
    endloop
  endfacet
  facet normal -8.586725e-15 -3.541330e-15 -1.000000e+00
    outer loop
      vertex 1.532515e+01 -4.359371e+01 3.178719e-14
      vertex 1.553665e+01 -4.329554e+01 2.891519e-14
      vertex 1.550979e+01 -4.379541e+01 3.091606e-14
    endloop
  endfacet
  facet normal -8.451650e-15 3.663157e-15 -1.000000e+00
    outer loop
      vertex 1.617432e+01 -4.384561e+01 2.511576e-14
      vertex 1.550979e+01 -4.379541e+01 3.091606e-14
      vertex 1.617430e+01 -4.329551e+01 2.713110e-14
    endloop
  endfacet
  facet normal -8.743971e-15 -3.429793e-15 -1.000000e+00
    outer loop
      vertex 1.516951e+01 -4.337070e+01 3.238323e-14
      vertex 1.553665e+01 -4.329554e+01 2.891519e-14
      vertex 1.532515e+01 -4.359371e+01 3.178719e-14
    endloop
  endfacet
  facet normal 6.085914e-15 1.396231e-14 -1.000000e+00
    outer loop
      vertex 1.553662e+01 -4.274543e+01 3.093053e-14
      vertex 1.643208e+01 -4.287841e+01 3.452364e-14
      vertex 1.617430e+01 -4.329551e+01 2.713110e-14
    endloop
  endfacet
  facet normal -2.797729e-15 -3.852385e-15 -1.000000e+00
    outer loop
      vertex 1.550979e+01 -4.379541e+01 3.091606e-14
      vertex 1.553665e+01 -4.329554e+01 2.891519e-14
      vertex 1.617430e+01 -4.329551e+01 2.713110e-14
    endloop
  endfacet
  facet normal -3.708259e-15 1.723467e-14 -1.000000e+00
    outer loop
      vertex 1.643208e+01 -4.287841e+01 3.452364e-14
      vertex 1.906389e+01 -4.287828e+01 2.476644e-14
      vertex 1.744959e+01 -4.329544e+01 2.356293e-14
    endloop
  endfacet
  facet normal 2.082166e-14 2.937800e-15 -1.000000e+00
    outer loop
      vertex 1.643198e+01 -4.073846e+01 4.080819e-14
      vertex 1.643208e+01 -4.287841e+01 3.452364e-14
      vertex 1.617424e+01 -4.219530e+01 3.116178e-14
    endloop
  endfacet
  facet normal 3.476622e-15 -3.609164e-15 -1.000000e+00
    outer loop
      vertex 1.643208e+01 -4.287841e+01 3.452364e-14
      vertex 1.553662e+01 -4.274543e+01 3.093053e-14
      vertex 1.617424e+01 -4.219530e+01 3.116178e-14
    endloop
  endfacet
  facet normal -2.798249e-15 7.116512e-15 -1.000000e+00
    outer loop
      vertex 1.617424e+01 -4.219530e+01 3.116178e-14
      vertex 1.553659e+01 -4.219533e+01 3.294586e-14
      vertex 1.643198e+01 -4.073846e+01 4.080819e-14
    endloop
  endfacet
  facet normal -2.798844e-15 1.945352e-14 -1.000000e+00
    outer loop
      vertex 1.681195e+01 -4.329548e+01 2.534701e-14
      vertex 1.617430e+01 -4.329551e+01 2.713110e-14
      vertex 1.643208e+01 -4.287841e+01 3.452364e-14
    endloop
  endfacet
  facet normal -9.559300e-15 1.284733e-14 -1.000000e+00
    outer loop
      vertex 1.496275e+01 -4.286918e+01 3.482645e-14
      vertex 1.553662e+01 -4.274543e+01 3.093053e-14
      vertex 1.505136e+01 -4.313642e+01 3.054619e-14
    endloop
  endfacet
  facet normal -2.159705e-15 3.663466e-15 -1.000000e+00
    outer loop
      vertex 1.553665e+01 -4.329554e+01 2.891519e-14
      vertex 1.505136e+01 -4.313642e+01 3.054619e-14
      vertex 1.553662e+01 -4.274543e+01 3.093053e-14
    endloop
  endfacet
  facet normal -6.960243e-15 7.945788e-16 -1.000000e+00
    outer loop
      vertex 1.491416e+01 -4.260156e+01 3.537731e-14
      vertex 1.553662e+01 -4.274543e+01 3.093053e-14
      vertex 1.496275e+01 -4.286918e+01 3.482645e-14
    endloop
  endfacet
  facet normal -1.049361e-14 1.009316e-14 -1.000000e+00
    outer loop
      vertex 1.489895e+01 -4.232992e+01 3.827860e-14
      vertex 1.553659e+01 -4.219533e+01 3.294586e-14
      vertex 1.491416e+01 -4.260156e+01 3.537731e-14
    endloop
  endfacet
  facet normal -6.297176e-15 3.663263e-15 -1.000000e+00
    outer loop
      vertex 1.553662e+01 -4.274543e+01 3.093053e-14
      vertex 1.491416e+01 -4.260156e+01 3.537731e-14
      vertex 1.553659e+01 -4.219533e+01 3.294586e-14
    endloop
  endfacet
  facet normal -6.651413e-16 5.805513e-15 -1.000000e+00
    outer loop
      vertex 1.489883e+01 -3.999495e+01 4.614439e-14
      vertex 1.643198e+01 -4.073846e+01 4.080819e-14
      vertex 1.553659e+01 -4.219533e+01 3.294586e-14
    endloop
  endfacet
  facet normal -7.107052e-15 -1.142522e-14 -1.000000e+00
    outer loop
      vertex 1.505136e+01 -4.313642e+01 3.054619e-14
      vertex 1.553665e+01 -4.329554e+01 2.891519e-14
      vertex 1.516951e+01 -4.337070e+01 3.238323e-14
    endloop
  endfacet
  facet normal -9.074156e-15 3.368246e-15 -1.000000e+00
    outer loop
      vertex 1.489895e+01 -4.232992e+01 3.827860e-14
      vertex 1.489883e+01 -3.999495e+01 4.614439e-14
      vertex 1.553659e+01 -4.219533e+01 3.294586e-14
    endloop
  endfacet
  facet normal -2.798840e-15 1.945353e-14 -1.000000e+00
    outer loop
      vertex 1.643208e+01 -4.287841e+01 3.452364e-14
      vertex 1.744959e+01 -4.329544e+01 2.356293e-14
      vertex 1.681195e+01 -4.329548e+01 2.534701e-14
    endloop
  endfacet
  facet normal -2.797762e-15 -3.101857e-15 -1.000000e+00
    outer loop
      vertex 1.617413e+01 -3.999489e+01 3.922313e-14
      vertex 1.744943e+01 -3.999483e+01 3.565496e-14
      vertex 1.643198e+01 -4.073846e+01 4.080819e-14
    endloop
  endfacet
  facet normal -2.756338e-15 -2.299429e-14 -1.000000e+00
    outer loop
      vertex 2.432723e+01 -3.711058e+01 3.077302e-14
      vertex 2.169542e+01 -3.711071e+01 3.803016e-14
      vertex 2.382578e+01 -3.696895e+01 2.889845e-14
    endloop
  endfacet
  facet normal -2.798084e-15 3.663505e-15 -1.000000e+00
    outer loop
      vertex 2.318812e+01 -3.669394e+01 3.169021e-14
      vertex 2.382578e+01 -3.696895e+01 2.889845e-14
      vertex 2.255047e+01 -3.669397e+01 3.347429e-14
    endloop
  endfacet
  facet normal -4.121744e-15 -2.475277e-15 -1.000000e+00
    outer loop
      vertex 2.255047e+01 -3.669397e+01 3.347429e-14
      vertex 2.382578e+01 -3.696895e+01 2.889845e-14
      vertex 2.169542e+01 -3.711071e+01 3.803016e-14
    endloop
  endfacet
  facet normal -2.797663e-15 -5.191921e-15 -1.000000e+00
    outer loop
      vertex 2.255047e+01 -3.669397e+01 3.347429e-14
      vertex 2.169542e+01 -3.711071e+01 3.803016e-14
      vertex 1.999987e+01 -3.669409e+01 4.061065e-14
    endloop
  endfacet
  facet normal -5.859068e-15 3.663287e-15 -1.000000e+00
    outer loop
      vertex 2.255063e+01 -3.999458e+01 2.138226e-14
      vertex 2.169552e+01 -3.925217e+01 2.911204e-14
      vertex 2.255060e+01 -3.944448e+01 2.339760e-14
    endloop
  endfacet
  facet normal -2.797678e-15 -4.936456e-15 -1.000000e+00
    outer loop
      vertex 1.872457e+01 -3.669415e+01 4.417882e-14
      vertex 1.999987e+01 -3.669409e+01 4.061065e-14
      vertex 1.906361e+01 -3.711084e+01 4.528730e-14
    endloop
  endfacet
  facet normal -2.757223e-15 -5.027340e-15 -1.000000e+00
    outer loop
      vertex 1.906361e+01 -3.711084e+01 4.528730e-14
      vertex 1.999987e+01 -3.669409e+01 4.061065e-14
      vertex 2.169542e+01 -3.711071e+01 3.803016e-14
    endloop
  endfacet
  facet normal -2.797674e-15 -4.936453e-15 -1.000000e+00
    outer loop
      vertex 1.906361e+01 -3.711084e+01 4.528730e-14
      vertex 1.744927e+01 -3.669421e+01 4.774700e-14
      vertex 1.872457e+01 -3.669415e+01 4.417882e-14
    endloop
  endfacet
  facet normal -2.798260e-15 7.233156e-15 -1.000000e+00
    outer loop
      vertex 1.942949e+01 -3.559391e+01 5.016444e-14
      vertex 1.999987e+01 -3.669409e+01 4.061065e-14
      vertex 1.872457e+01 -3.669415e+01 4.417882e-14
    endloop
  endfacet
  facet normal -3.407852e-15 8.580677e-15 -1.000000e+00
    outer loop
      vertex 2.000003e+01 -3.999470e+01 2.851861e-14
      vertex 1.906371e+01 -3.925230e+01 3.807975e-14
      vertex 2.169552e+01 -3.925217e+01 2.911204e-14
    endloop
  endfacet
  facet normal -2.798258e-15 7.233157e-15 -1.000000e+00
    outer loop
      vertex 2.255047e+01 -3.669397e+01 3.347429e-14
      vertex 1.999987e+01 -3.669409e+01 4.061065e-14
      vertex 1.942949e+01 -3.559391e+01 5.016444e-14
    endloop
  endfacet
  facet normal -2.838899e-15 7.117854e-15 -1.000000e+00
    outer loop
      vertex 2.255047e+01 -3.669397e+01 3.347429e-14
      vertex 1.942949e+01 -3.559391e+01 5.016444e-14
      vertex 2.187832e+01 -3.559379e+01 4.321332e-14
    endloop
  endfacet
  facet normal -2.798089e-15 3.663391e-15 -1.000000e+00
    outer loop
      vertex 2.382573e+01 -3.586875e+01 3.292913e-14
      vertex 2.382574e+01 -3.614380e+01 3.192146e-14
      vertex 2.318809e+01 -3.614383e+01 3.370555e-14
    endloop
  endfacet
  facet normal -4.279056e-15 7.096207e-15 -1.000000e+00
    outer loop
      vertex 2.382573e+01 -3.586875e+01 3.292913e-14
      vertex 2.318809e+01 -3.614383e+01 3.370555e-14
      vertex 2.187832e+01 -3.559379e+01 4.321332e-14
    endloop
  endfacet
  facet normal -2.798413e-15 1.062194e-14 -1.000000e+00
    outer loop
      vertex 2.255044e+01 -3.614386e+01 3.548963e-14
      vertex 2.187832e+01 -3.559379e+01 4.321332e-14
      vertex 2.318809e+01 -3.614383e+01 3.370555e-14
    endloop
  endfacet
  facet normal -8.493605e-15 3.663144e-15 -1.000000e+00
    outer loop
      vertex 2.255044e+01 -3.614386e+01 3.548963e-14
      vertex 2.255047e+01 -3.669397e+01 3.347429e-14
      vertex 2.187832e+01 -3.559379e+01 4.321332e-14
    endloop
  endfacet
  facet normal -2.839406e-15 1.729268e-14 -1.000000e+00
    outer loop
      vertex 2.432715e+01 -3.559367e+01 3.626221e-14
      vertex 2.382573e+01 -3.586875e+01 3.292913e-14
      vertex 2.187832e+01 -3.559379e+01 4.321332e-14
    endloop
  endfacet
  facet normal -2.797634e-15 -4.681144e-15 -1.000000e+00
    outer loop
      vertex 1.744927e+01 -3.669421e+01 4.774700e-14
      vertex 1.643180e+01 -3.711097e+01 5.254444e-14
      vertex 1.681162e+01 -3.669425e+01 4.953109e-14
    endloop
  endfacet
  facet normal -1.591854e-15 6.460208e-15 -1.000000e+00
    outer loop
      vertex 1.872457e+01 -3.669415e+01 4.417882e-14
      vertex 1.744925e+01 -3.614411e+01 4.976234e-14
      vertex 1.942949e+01 -3.559391e+01 5.016444e-14
    endloop
  endfacet
  facet normal -3.806405e-15 1.443079e-14 -1.000000e+00
    outer loop
      vertex 1.942949e+01 -3.559391e+01 5.016444e-14
      vertex 1.744925e+01 -3.614411e+01 4.976234e-14
      vertex 1.698066e+01 -3.559403e+01 5.948402e-14
    endloop
  endfacet
  facet normal -2.798825e-15 1.528909e-14 -1.000000e+00
    outer loop
      vertex 1.681160e+01 -3.614415e+01 5.154642e-14
      vertex 1.698066e+01 -3.559403e+01 5.948402e-14
      vertex 1.744925e+01 -3.614411e+01 4.976234e-14
    endloop
  endfacet
  facet normal 1.880428e-15 1.385100e-14 -1.000000e+00
    outer loop
      vertex 1.669967e+01 -3.561105e+01 5.871988e-14
      vertex 1.698066e+01 -3.559403e+01 5.948402e-14
      vertex 1.681160e+01 -3.614415e+01 5.154642e-14
    endloop
  endfacet
  facet normal -2.798086e-15 3.663439e-15 -1.000000e+00
    outer loop
      vertex 1.744925e+01 -3.614411e+01 4.976234e-14
      vertex 1.872457e+01 -3.669415e+01 4.417882e-14
      vertex 1.744927e+01 -3.669421e+01 4.774700e-14
    endloop
  endfacet
  facet normal -6.625343e-16 1.520871e-15 -1.000000e+00
    outer loop
      vertex 1.489883e+01 -3.999495e+01 4.614439e-14
      vertex 1.553638e+01 -3.779451e+01 4.906858e-14
      vertex 1.643191e+01 -3.925243e+01 4.625796e-14
    endloop
  endfacet
  facet normal -3.107944e-15 1.002232e-14 -1.000000e+00
    outer loop
      vertex 1.744943e+01 -3.999483e+01 3.565496e-14
      vertex 1.643191e+01 -3.925243e+01 4.625796e-14
      vertex 1.906371e+01 -3.925230e+01 3.807975e-14
    endloop
  endfacet
  facet normal 5.131122e-16 7.501980e-15 -1.000000e+00
    outer loop
      vertex 1.617403e+01 -3.779448e+01 4.728449e-14
      vertex 1.553635e+01 -3.724441e+01 5.108392e-14
      vertex 1.643180e+01 -3.711097e+01 5.254444e-14
    endloop
  endfacet
  facet normal -2.757236e-15 -4.779769e-15 -1.000000e+00
    outer loop
      vertex 1.643180e+01 -3.711097e+01 5.254444e-14
      vertex 1.744927e+01 -3.669421e+01 4.774700e-14
      vertex 1.906361e+01 -3.711084e+01 4.528730e-14
    endloop
  endfacet
  facet normal -2.797923e-15 2.092032e-16 -1.000000e+00
    outer loop
      vertex 1.643191e+01 -3.925243e+01 4.625796e-14
      vertex 1.553638e+01 -3.779451e+01 4.906858e-14
      vertex 1.617403e+01 -3.779448e+01 4.728449e-14
    endloop
  endfacet
  facet normal -5.427705e-15 1.135941e-14 -1.000000e+00
    outer loop
      vertex 1.489883e+01 -3.999495e+01 4.614439e-14
      vertex 1.643191e+01 -3.925243e+01 4.625796e-14
      vertex 1.617413e+01 -3.999489e+01 3.922313e-14
    endloop
  endfacet
  facet normal -2.797686e-15 -4.681096e-15 -1.000000e+00
    outer loop
      vertex 1.643180e+01 -3.711097e+01 5.254444e-14
      vertex 1.617397e+01 -3.669428e+01 5.131517e-14
      vertex 1.681162e+01 -3.669425e+01 4.953109e-14
    endloop
  endfacet
  facet normal 7.938471e-16 2.068888e-14 -1.000000e+00
    outer loop
      vertex 1.491394e+01 -3.738835e+01 5.697758e-14
      vertex 1.553638e+01 -3.779451e+01 4.906858e-14
      vertex 1.489872e+01 -3.765998e+01 5.134564e-14
    endloop
  endfacet
  facet normal -1.031624e-14 3.663066e-15 -1.000000e+00
    outer loop
      vertex 1.553635e+01 -3.724441e+01 5.108392e-14
      vertex 1.553638e+01 -3.779451e+01 4.906858e-14
      vertex 1.491394e+01 -3.738835e+01 5.697758e-14
    endloop
  endfacet
  facet normal -7.587611e-15 1.308580e-14 -1.000000e+00
    outer loop
      vertex 1.505104e+01 -3.685337e+01 5.988332e-14
      vertex 1.553635e+01 -3.724441e+01 5.108392e-14
      vertex 1.496172e+01 -3.712380e+01 5.702230e-14
    endloop
  endfacet
  facet normal -9.922655e-15 1.961113e-15 -1.000000e+00
    outer loop
      vertex 1.491394e+01 -3.738835e+01 5.697758e-14
      vertex 1.496172e+01 -3.712380e+01 5.702230e-14
      vertex 1.553635e+01 -3.724441e+01 5.108392e-14
    endloop
  endfacet
  facet normal 1.895844e-15 -1.776992e-15 -1.000000e+00
    outer loop
      vertex 1.617397e+01 -3.669428e+01 5.131517e-14
      vertex 1.643180e+01 -3.711097e+01 5.254444e-14
      vertex 1.553635e+01 -3.724441e+01 5.108392e-14
    endloop
  endfacet
  facet normal -3.101053e-15 2.227393e-15 -1.000000e+00
    outer loop
      vertex 1.489883e+01 -3.999495e+01 4.614439e-14
      vertex 1.489872e+01 -3.765998e+01 5.134564e-14
      vertex 1.553638e+01 -3.779451e+01 4.906858e-14
    endloop
  endfacet
  facet normal -5.426969e-15 -4.013577e-15 -1.000000e+00
    outer loop
      vertex 1.489883e+01 -3.999495e+01 4.614439e-14
      vertex 1.617413e+01 -3.999489e+01 3.922313e-14
      vertex 1.643198e+01 -4.073846e+01 4.080819e-14
    endloop
  endfacet
  facet normal -1.518009e-14 3.662831e-15 -1.000000e+00
    outer loop
      vertex 1.505104e+01 -3.685337e+01 5.988332e-14
      vertex 1.553632e+01 -3.669431e+01 5.309926e-14
      vertex 1.553635e+01 -3.724441e+01 5.108392e-14
    endloop
  endfacet
  facet normal -2.798459e-15 1.140569e-14 -1.000000e+00
    outer loop
      vertex 1.617395e+01 -3.614418e+01 5.333051e-14
      vertex 1.644167e+01 -3.565962e+01 5.810802e-14
      vertex 1.681160e+01 -3.614415e+01 5.154642e-14
    endloop
  endfacet
  facet normal -2.532209e-15 3.663450e-15 -1.000000e+00
    outer loop
      vertex 1.550930e+01 -3.619421e+01 5.483024e-14
      vertex 1.617395e+01 -3.614418e+01 5.333051e-14
      vertex 1.617397e+01 -3.669428e+01 5.131517e-14
    endloop
  endfacet
  facet normal -1.554545e-16 1.342357e-14 -1.000000e+00
    outer loop
      vertex 1.681160e+01 -3.614415e+01 5.154642e-14
      vertex 1.644167e+01 -3.565962e+01 5.810802e-14
      vertex 1.669967e+01 -3.561105e+01 5.871988e-14
    endloop
  endfacet
  facet normal -1.644975e-14 1.894815e-14 -1.000000e+00
    outer loop
      vertex 1.618354e+01 -3.574492e+01 6.073800e-14
      vertex 1.644167e+01 -3.565962e+01 5.810802e-14
      vertex 1.617395e+01 -3.614418e+01 5.333051e-14
    endloop
  endfacet
  facet normal 7.847470e-15 1.836444e-14 -1.000000e+00
    outer loop
      vertex 1.618354e+01 -3.574492e+01 6.073800e-14
      vertex 1.617395e+01 -3.614418e+01 5.333051e-14
      vertex 1.593190e+01 -3.586998e+01 5.646659e-14
    endloop
  endfacet
  facet normal -9.757258e-15 5.487313e-15 -1.000000e+00
    outer loop
      vertex 1.532137e+01 -3.640010e+01 5.681100e-14
      vertex 1.553632e+01 -3.669431e+01 5.309926e-14
      vertex 1.516910e+01 -3.661915e+01 5.709474e-14
    endloop
  endfacet
  facet normal -1.207161e-14 -5.820713e-15 -1.000000e+00
    outer loop
      vertex 1.505104e+01 -3.685337e+01 5.988332e-14
      vertex 1.516910e+01 -3.661915e+01 5.709474e-14
      vertex 1.553632e+01 -3.669431e+01 5.309926e-14
    endloop
  endfacet
  facet normal -1.353122e-14 2.730094e-15 -1.000000e+00
    outer loop
      vertex 1.550930e+01 -3.619421e+01 5.483024e-14
      vertex 1.553632e+01 -3.669431e+01 5.309926e-14
      vertex 1.532137e+01 -3.640010e+01 5.681100e-14
    endloop
  endfacet
  facet normal -9.170427e-15 3.342114e-15 -1.000000e+00
    outer loop
      vertex 1.617395e+01 -3.614418e+01 5.333051e-14
      vertex 1.571383e+01 -3.601718e+01 5.797445e-14
      vertex 1.593190e+01 -3.586998e+01 5.646659e-14
    endloop
  endfacet
  facet normal -3.935712e-15 2.230761e-14 -1.000000e+00
    outer loop
      vertex 1.571383e+01 -3.601718e+01 5.797445e-14
      vertex 1.617395e+01 -3.614418e+01 5.333051e-14
      vertex 1.550930e+01 -3.619421e+01 5.483024e-14
    endloop
  endfacet
  facet normal -2.798071e-15 3.310075e-15 -1.000000e+00
    outer loop
      vertex 1.550930e+01 -3.619421e+01 5.483024e-14
      vertex 1.617397e+01 -3.669428e+01 5.131517e-14
      vertex 1.553632e+01 -3.669431e+01 5.309926e-14
    endloop
  endfacet
  facet normal 1.261959e-14 2.936225e-15 -1.000000e+00
    outer loop
      vertex 1.643180e+01 -3.711097e+01 5.254444e-14
      vertex 1.643191e+01 -3.925243e+01 4.625796e-14
      vertex 1.617403e+01 -3.779448e+01 4.728449e-14
    endloop
  endfacet
  facet normal -2.798410e-15 1.044656e-14 -1.000000e+00
    outer loop
      vertex 1.617413e+01 -3.999489e+01 3.922313e-14
      vertex 1.643191e+01 -3.925243e+01 4.625796e-14
      vertex 1.744943e+01 -3.999483e+01 3.565496e-14
    endloop
  endfacet
  facet normal 0.000000e+00 0.000000e+00 1.000000e+00
    outer loop
      vertex 1.604258e+01 -4.258723e+01 6.000000e-01
      vertex 1.560994e+01 -4.215124e+01 6.000000e-01
      vertex 1.517353e+01 -4.258430e+01 6.000000e-01
    endloop
  endfacet
  facet normal 0.000000e+00 0.000000e+00 1.000000e+00
    outer loop
      vertex 1.604258e+01 -4.258723e+01 6.000000e-01
      vertex 1.517353e+01 -4.258430e+01 6.000000e-01
      vertex 1.560617e+01 -4.302029e+01 6.000000e-01
    endloop
  endfacet
  facet normal 0.000000e+00 0.000000e+00 1.000000e+00
    outer loop
      vertex 1.690786e+01 -4.345920e+01 6.000000e-01
      vertex 1.603881e+01 -4.345627e+01 6.000000e-01
      vertex 1.647145e+01 -4.389226e+01 6.000000e-01
    endloop
  endfacet
  facet normal 0.000000e+00 0.000000e+00 1.000000e+00
    outer loop
      vertex 1.603881e+01 -4.345627e+01 6.000000e-01
      vertex 1.604258e+01 -4.258723e+01 6.000000e-01
      vertex 1.560617e+01 -4.302029e+01 6.000000e-01
    endloop
  endfacet
  facet normal 0.000000e+00 0.000000e+00 1.000000e+00
    outer loop
      vertex 1.606520e+01 -3.737297e+01 6.000000e-01
      vertex 1.563257e+01 -3.693699e+01 6.000000e-01
      vertex 1.519616e+01 -3.737004e+01 6.000000e-01
    endloop
  endfacet
  facet normal 0.000000e+00 0.000000e+00 1.000000e+00
    outer loop
      vertex 1.606520e+01 -3.737297e+01 6.000000e-01
      vertex 1.519616e+01 -3.737004e+01 6.000000e-01
      vertex 1.562880e+01 -3.780603e+01 6.000000e-01
    endloop
  endfacet
  facet normal 0.000000e+00 0.000000e+00 1.000000e+00
    outer loop
      vertex 1.606898e+01 -3.650393e+01 6.000000e-01
      vertex 1.693802e+01 -3.650686e+01 6.000000e-01
      vertex 1.650538e+01 -3.607087e+01 6.000000e-01
    endloop
  endfacet
  facet normal 0.000000e+00 0.000000e+00 1.000000e+00
    outer loop
      vertex 1.606520e+01 -3.737297e+01 6.000000e-01
      vertex 1.606898e+01 -3.650393e+01 6.000000e-01
      vertex 1.563257e+01 -3.693699e+01 6.000000e-01
    endloop
  endfacet
  facet normal 0.000000e+00 0.000000e+00 1.000000e+00
    outer loop
      vertex 2.407467e+01 -4.413516e+01 6.000000e-01
      vertex 2.450919e+01 -4.413662e+01 6.000000e-01
      vertex 2.429287e+01 -4.391864e+01 6.000000e-01
    endloop
  endfacet
  facet normal 0.000000e+00 0.000000e+00 1.000000e+00
    outer loop
      vertex 2.472739e+01 -4.392010e+01 6.000000e-01
      vertex 2.451107e+01 -4.370211e+01 6.000000e-01
      vertex 2.429287e+01 -4.391864e+01 6.000000e-01
    endloop
  endfacet
  facet normal 0.000000e+00 0.000000e+00 1.000000e+00
    outer loop
      vertex 2.472739e+01 -4.392010e+01 6.000000e-01
      vertex 2.429287e+01 -4.391864e+01 6.000000e-01
      vertex 2.450919e+01 -4.413662e+01 6.000000e-01
    endloop
  endfacet
  facet normal 0.000000e+00 0.000000e+00 1.000000e+00
    outer loop
      vertex 2.494560e+01 -4.370357e+01 6.000000e-01
      vertex 2.472928e+01 -4.348558e+01 6.000000e-01
      vertex 2.451107e+01 -4.370211e+01 6.000000e-01
    endloop
  endfacet
  facet normal 0.000000e+00 0.000000e+00 1.000000e+00
    outer loop
      vertex 2.494560e+01 -4.370357e+01 6.000000e-01
      vertex 2.451107e+01 -4.370211e+01 6.000000e-01
      vertex 2.472739e+01 -4.392010e+01 6.000000e-01
    endloop
  endfacet
  facet normal 0.000000e+00 0.000000e+00 1.000000e+00
    outer loop
      vertex 2.451296e+01 -4.326758e+01 6.000000e-01
      vertex 2.451107e+01 -4.370211e+01 6.000000e-01
      vertex 2.472928e+01 -4.348558e+01 6.000000e-01
    endloop
  endfacet
  facet normal 0.000000e+00 0.000000e+00 1.000000e+00
    outer loop
      vertex 2.451107e+01 -4.370211e+01 6.000000e-01
      vertex 2.386023e+01 -4.348265e+01 6.000000e-01
      vertex 2.429287e+01 -4.391864e+01 6.000000e-01
    endloop
  endfacet
  facet normal 0.000000e+00 0.000000e+00 1.000000e+00
    outer loop
      vertex 2.386023e+01 -4.348265e+01 6.000000e-01
      vertex 2.451296e+01 -4.326758e+01 6.000000e-01
      vertex 2.429664e+01 -4.304959e+01 6.000000e-01
    endloop
  endfacet
  facet normal 0.000000e+00 0.000000e+00 1.000000e+00
    outer loop
      vertex 2.451296e+01 -4.326758e+01 6.000000e-01
      vertex 2.386023e+01 -4.348265e+01 6.000000e-01
      vertex 2.451107e+01 -4.370211e+01 6.000000e-01
    endloop
  endfacet
  facet normal 0.000000e+00 0.000000e+00 1.000000e+00
    outer loop
      vertex 2.474247e+01 -4.044393e+01 6.000000e-01
      vertex 2.452616e+01 -4.022593e+01 6.000000e-01
      vertex 2.430795e+01 -4.044246e+01 6.000000e-01
    endloop
  endfacet
  facet normal 0.000000e+00 0.000000e+00 1.000000e+00
    outer loop
      vertex 2.474247e+01 -4.044393e+01 6.000000e-01
      vertex 2.430795e+01 -4.044246e+01 6.000000e-01
      vertex 2.452427e+01 -4.066045e+01 6.000000e-01
    endloop
  endfacet
  facet normal 0.000000e+00 0.000000e+00 1.000000e+00
    outer loop
      vertex 2.496068e+01 -4.022740e+01 6.000000e-01
      vertex 2.474436e+01 -4.000940e+01 6.000000e-01
      vertex 2.452616e+01 -4.022593e+01 6.000000e-01
    endloop
  endfacet
  facet normal 0.000000e+00 0.000000e+00 1.000000e+00
    outer loop
      vertex 2.496068e+01 -4.022740e+01 6.000000e-01
      vertex 2.452616e+01 -4.022593e+01 6.000000e-01
      vertex 2.474247e+01 -4.044393e+01 6.000000e-01
    endloop
  endfacet
  facet normal 0.000000e+00 0.000000e+00 1.000000e+00
    outer loop
      vertex 2.452804e+01 -3.979141e+01 6.000000e-01
      vertex 2.452616e+01 -4.022593e+01 6.000000e-01
      vertex 2.474436e+01 -4.000940e+01 6.000000e-01
    endloop
  endfacet
  facet normal 0.000000e+00 0.000000e+00 1.000000e+00
    outer loop
      vertex 2.452616e+01 -4.022593e+01 6.000000e-01
      vertex 2.387531e+01 -4.000647e+01 6.000000e-01
      vertex 2.430795e+01 -4.044246e+01 6.000000e-01
    endloop
  endfacet
  facet normal 0.000000e+00 0.000000e+00 1.000000e+00
    outer loop
      vertex 2.387531e+01 -4.000647e+01 6.000000e-01
      vertex 2.452804e+01 -3.979141e+01 6.000000e-01
      vertex 2.431172e+01 -3.957341e+01 6.000000e-01
    endloop
  endfacet
  facet normal 0.000000e+00 0.000000e+00 1.000000e+00
    outer loop
      vertex 2.452804e+01 -3.979141e+01 6.000000e-01
      vertex 2.387531e+01 -4.000647e+01 6.000000e-01
      vertex 2.452616e+01 -4.022593e+01 6.000000e-01
    endloop
  endfacet
  facet normal 0.000000e+00 0.000000e+00 1.000000e+00
    outer loop
      vertex 2.496256e+01 -3.979287e+01 6.000000e-01
      vertex 2.474625e+01 -3.957488e+01 6.000000e-01
      vertex 2.452804e+01 -3.979141e+01 6.000000e-01
    endloop
  endfacet
  facet normal 0.000000e+00 0.000000e+00 1.000000e+00
    outer loop
      vertex 2.496256e+01 -3.979287e+01 6.000000e-01
      vertex 2.452804e+01 -3.979141e+01 6.000000e-01
      vertex 2.474436e+01 -4.000940e+01 6.000000e-01
    endloop
  endfacet
  facet normal 0.000000e+00 0.000000e+00 1.000000e+00
    outer loop
      vertex 2.474625e+01 -3.957488e+01 6.000000e-01
      vertex 2.452993e+01 -3.935688e+01 6.000000e-01
      vertex 2.431172e+01 -3.957341e+01 6.000000e-01
    endloop
  endfacet
  facet normal 0.000000e+00 0.000000e+00 1.000000e+00
    outer loop
      vertex 2.474625e+01 -3.957488e+01 6.000000e-01
      vertex 2.431172e+01 -3.957341e+01 6.000000e-01
      vertex 2.452804e+01 -3.979141e+01 6.000000e-01
    endloop
  endfacet
  facet normal 0.000000e+00 0.000000e+00 1.000000e+00
    outer loop
      vertex 2.454501e+01 -3.588071e+01 6.000000e-01
      vertex 2.411049e+01 -3.587925e+01 6.000000e-01
      vertex 2.432680e+01 -3.609724e+01 6.000000e-01
    endloop
  endfacet
  facet normal 0.000000e+00 0.000000e+00 1.000000e+00
    outer loop
      vertex 2.411049e+01 -3.587925e+01 6.000000e-01
      vertex 2.389040e+01 -3.653030e+01 6.000000e-01
      vertex 2.432680e+01 -3.609724e+01 6.000000e-01
    endloop
  endfacet
  facet normal 0.000000e+00 0.000000e+00 1.000000e+00
    outer loop
      vertex 2.345776e+01 -3.609431e+01 6.000000e-01
      vertex 2.411049e+01 -3.587925e+01 6.000000e-01
      vertex 2.389417e+01 -3.566126e+01 6.000000e-01
    endloop
  endfacet
  facet normal 0.000000e+00 0.000000e+00 1.000000e+00
    outer loop
      vertex 2.389040e+01 -3.653030e+01 6.000000e-01
      vertex 2.411049e+01 -3.587925e+01 6.000000e-01
      vertex 2.345776e+01 -3.609431e+01 6.000000e-01
    endloop
  endfacet
  facet normal 0.000000e+00 0.000000e+00 1.000000e+00
    outer loop
      vertex 2.454312e+01 -3.631524e+01 6.000000e-01
      vertex 2.454124e+01 -3.674976e+01 6.000000e-01
      vertex 2.475944e+01 -3.653323e+01 6.000000e-01
    endloop
  endfacet
  facet normal 0.000000e+00 0.000000e+00 1.000000e+00
    outer loop
      vertex 2.454124e+01 -3.674976e+01 6.000000e-01
      vertex 2.389040e+01 -3.653030e+01 6.000000e-01
      vertex 2.432303e+01 -3.696628e+01 6.000000e-01
    endloop
  endfacet
  facet normal 0.000000e+00 0.000000e+00 1.000000e+00
    outer loop
      vertex 2.389040e+01 -3.653030e+01 6.000000e-01
      vertex 2.454312e+01 -3.631524e+01 6.000000e-01
      vertex 2.432680e+01 -3.609724e+01 6.000000e-01
    endloop
  endfacet
  facet normal 0.000000e+00 0.000000e+00 1.000000e+00
    outer loop
      vertex 2.454312e+01 -3.631524e+01 6.000000e-01
      vertex 2.389040e+01 -3.653030e+01 6.000000e-01
      vertex 2.454124e+01 -3.674976e+01 6.000000e-01
    endloop
  endfacet
  facet normal 0.000000e+00 0.000000e+00 1.000000e+00
    outer loop
      vertex 2.497765e+01 -3.631670e+01 6.000000e-01
      vertex 2.476133e+01 -3.609871e+01 6.000000e-01
      vertex 2.454312e+01 -3.631524e+01 6.000000e-01
    endloop
  endfacet
  facet normal 0.000000e+00 0.000000e+00 1.000000e+00
    outer loop
      vertex 2.497765e+01 -3.631670e+01 6.000000e-01
      vertex 2.454312e+01 -3.631524e+01 6.000000e-01
      vertex 2.475944e+01 -3.653323e+01 6.000000e-01
    endloop
  endfacet
  facet normal 0.000000e+00 0.000000e+00 1.000000e+00
    outer loop
      vertex 2.476133e+01 -3.609871e+01 6.000000e-01
      vertex 2.454501e+01 -3.588071e+01 6.000000e-01
      vertex 2.432680e+01 -3.609724e+01 6.000000e-01
    endloop
  endfacet
  facet normal 0.000000e+00 0.000000e+00 1.000000e+00
    outer loop
      vertex 2.476133e+01 -3.609871e+01 6.000000e-01
      vertex 2.432680e+01 -3.609724e+01 6.000000e-01
      vertex 2.454312e+01 -3.631524e+01 6.000000e-01
    endloop
  endfacet
  facet normal 0.000000e+00 0.000000e+00 1.000000e+00
    outer loop
      vertex 1.560994e+01 -4.215124e+01 6.000000e-01
      vertex 1.489883e+01 -3.999495e+01 6.000000e-01
      vertex 1.489895e+01 -4.232992e+01 6.000000e-01
    endloop
  endfacet
  facet normal 0.000000e+00 0.000000e+00 1.000000e+00
    outer loop
      vertex 1.643191e+01 -3.925243e+01 6.000000e-01
      vertex 1.489883e+01 -3.999495e+01 6.000000e-01
      vertex 1.643198e+01 -4.073846e+01 6.000000e-01
    endloop
  endfacet
  facet normal 0.000000e+00 0.000000e+00 1.000000e+00
    outer loop
      vertex 1.517353e+01 -4.258430e+01 6.000000e-01
      vertex 1.489895e+01 -4.232992e+01 6.000000e-01
      vertex 1.491416e+01 -4.260156e+01 6.000000e-01
    endloop
  endfacet
  facet normal 0.000000e+00 0.000000e+00 1.000000e+00
    outer loop
      vertex 1.489895e+01 -4.232992e+01 6.000000e-01
      vertex 1.517353e+01 -4.258430e+01 6.000000e-01
      vertex 1.560994e+01 -4.215124e+01 6.000000e-01
    endloop
  endfacet
  facet normal 0.000000e+00 0.000000e+00 1.000000e+00
    outer loop
      vertex 1.496275e+01 -4.286918e+01 6.000000e-01
      vertex 1.517353e+01 -4.258430e+01 6.000000e-01
      vertex 1.491416e+01 -4.260156e+01 6.000000e-01
    endloop
  endfacet
  facet normal 0.000000e+00 0.000000e+00 1.000000e+00
    outer loop
      vertex 1.489883e+01 -3.999495e+01 6.000000e-01
      vertex 1.560994e+01 -4.215124e+01 6.000000e-01
      vertex 1.643198e+01 -4.073846e+01 6.000000e-01
    endloop
  endfacet
  facet normal 0.000000e+00 0.000000e+00 1.000000e+00
    outer loop
      vertex 1.519616e+01 -3.737004e+01 6.000000e-01
      vertex 1.491394e+01 -3.738835e+01 6.000000e-01
      vertex 1.489872e+01 -3.765998e+01 6.000000e-01
    endloop
  endfacet
  facet normal 0.000000e+00 0.000000e+00 1.000000e+00
    outer loop
      vertex 1.496172e+01 -3.712380e+01 6.000000e-01
      vertex 1.491394e+01 -3.738835e+01 6.000000e-01
      vertex 1.519616e+01 -3.737004e+01 6.000000e-01
    endloop
  endfacet
  facet normal 0.000000e+00 0.000000e+00 1.000000e+00
    outer loop
      vertex 1.562880e+01 -3.780603e+01 6.000000e-01
      vertex 1.519616e+01 -3.737004e+01 6.000000e-01
      vertex 1.489872e+01 -3.765998e+01 6.000000e-01
    endloop
  endfacet
  facet normal 0.000000e+00 0.000000e+00 1.000000e+00
    outer loop
      vertex 1.744940e+01 -3.949483e+01 6.000000e-01
      vertex 1.643191e+01 -3.925243e+01 6.000000e-01
      vertex 1.744940e+01 -3.999483e+01 6.000000e-01
    endloop
  endfacet
  facet normal 0.000000e+00 0.000000e+00 1.000000e+00
    outer loop
      vertex 1.562880e+01 -3.780603e+01 6.000000e-01
      vertex 1.489883e+01 -3.999495e+01 6.000000e-01
      vertex 1.643191e+01 -3.925243e+01 6.000000e-01
    endloop
  endfacet
  facet normal 0.000000e+00 0.000000e+00 1.000000e+00
    outer loop
      vertex 1.643198e+01 -4.073846e+01 6.000000e-01
      vertex 1.744940e+01 -3.999483e+01 6.000000e-01
      vertex 1.643191e+01 -3.925243e+01 6.000000e-01
    endloop
  endfacet
  facet normal 0.000000e+00 0.000000e+00 1.000000e+00
    outer loop
      vertex 1.562880e+01 -3.780603e+01 6.000000e-01
      vertex 1.643191e+01 -3.925243e+01 6.000000e-01
      vertex 1.606520e+01 -3.737297e+01 6.000000e-01
    endloop
  endfacet
  facet normal 0.000000e+00 0.000000e+00 1.000000e+00
    outer loop
      vertex 1.489872e+01 -3.765998e+01 6.000000e-01
      vertex 1.489883e+01 -3.999495e+01 6.000000e-01
      vertex 1.562880e+01 -3.780603e+01 6.000000e-01
    endloop
  endfacet
  facet normal 0.000000e+00 0.000000e+00 1.000000e+00
    outer loop
      vertex 1.744940e+01 -3.999483e+01 6.000000e-01
      vertex 1.643198e+01 -4.073846e+01 6.000000e-01
      vertex 1.744940e+01 -4.049483e+01 6.000000e-01
    endloop
  endfacet
  facet normal 0.000000e+00 0.000000e+00 1.000000e+00
    outer loop
      vertex 1.505136e+01 -4.313642e+01 6.000000e-01
      vertex 1.516951e+01 -4.337070e+01 6.000000e-01
      vertex 1.560617e+01 -4.302029e+01 6.000000e-01
    endloop
  endfacet
  facet normal 0.000000e+00 0.000000e+00 1.000000e+00
    outer loop
      vertex 1.496275e+01 -4.286918e+01 6.000000e-01
      vertex 1.505136e+01 -4.313642e+01 6.000000e-01
      vertex 1.560617e+01 -4.302029e+01 6.000000e-01
    endloop
  endfacet
  facet normal 0.000000e+00 0.000000e+00 1.000000e+00
    outer loop
      vertex 1.532515e+01 -4.359371e+01 6.000000e-01
      vertex 1.550979e+01 -4.379541e+01 6.000000e-01
      vertex 1.603881e+01 -4.345627e+01 6.000000e-01
    endloop
  endfacet
  facet normal 0.000000e+00 0.000000e+00 1.000000e+00
    outer loop
      vertex 1.516951e+01 -4.337070e+01 6.000000e-01
      vertex 1.532515e+01 -4.359371e+01 6.000000e-01
      vertex 1.560617e+01 -4.302029e+01 6.000000e-01
    endloop
  endfacet
  facet normal 0.000000e+00 0.000000e+00 1.000000e+00
    outer loop
      vertex 1.560617e+01 -4.302029e+01 6.000000e-01
      vertex 1.532515e+01 -4.359371e+01 6.000000e-01
      vertex 1.603881e+01 -4.345627e+01 6.000000e-01
    endloop
  endfacet
  facet normal 0.000000e+00 0.000000e+00 1.000000e+00
    outer loop
      vertex 1.496275e+01 -4.286918e+01 6.000000e-01
      vertex 1.560617e+01 -4.302029e+01 6.000000e-01
      vertex 1.517353e+01 -4.258430e+01 6.000000e-01
    endloop
  endfacet
  facet normal 0.000000e+00 0.000000e+00 1.000000e+00
    outer loop
      vertex 1.560994e+01 -4.215124e+01 6.000000e-01
      vertex 1.604258e+01 -4.258723e+01 6.000000e-01
      vertex 1.643198e+01 -4.073846e+01 6.000000e-01
    endloop
  endfacet
  facet normal 0.000000e+00 0.000000e+00 1.000000e+00
    outer loop
      vertex 1.643198e+01 -4.073846e+01 6.000000e-01
      vertex 1.906379e+01 -4.073833e+01 6.000000e-01
      vertex 1.744940e+01 -4.049483e+01 6.000000e-01
    endloop
  endfacet
  facet normal 0.000000e+00 0.000000e+00 1.000000e+00
    outer loop
      vertex 1.604258e+01 -4.258723e+01 6.000000e-01
      vertex 1.643208e+01 -4.287841e+01 6.000000e-01
      vertex 1.643198e+01 -4.073846e+01 6.000000e-01
    endloop
  endfacet
  facet normal 0.000000e+00 0.000000e+00 1.000000e+00
    outer loop
      vertex 1.643208e+01 -4.287841e+01 6.000000e-01
      vertex 1.604258e+01 -4.258723e+01 6.000000e-01
      vertex 1.603881e+01 -4.345627e+01 6.000000e-01
    endloop
  endfacet
  facet normal 0.000000e+00 0.000000e+00 1.000000e+00
    outer loop
      vertex 1.603881e+01 -4.345627e+01 6.000000e-01
      vertex 1.690786e+01 -4.345920e+01 6.000000e-01
      vertex 1.643208e+01 -4.287841e+01 6.000000e-01
    endloop
  endfacet
  facet normal 0.000000e+00 0.000000e+00 1.000000e+00
    outer loop
      vertex 1.744940e+01 -4.049483e+01 6.000000e-01
      vertex 1.906379e+01 -4.073833e+01 6.000000e-01
      vertex 1.829958e+01 -4.049483e+01 6.000000e-01
    endloop
  endfacet
  facet normal 0.000000e+00 0.000000e+00 1.000000e+00
    outer loop
      vertex 1.572254e+01 -4.397918e+01 6.000000e-01
      vertex 1.603881e+01 -4.345627e+01 6.000000e-01
      vertex 1.550979e+01 -4.379541e+01 6.000000e-01
    endloop
  endfacet
  facet normal 0.000000e+00 0.000000e+00 1.000000e+00
    outer loop
      vertex 1.563257e+01 -3.693699e+01 6.000000e-01
      vertex 1.532137e+01 -3.640010e+01 6.000000e-01
      vertex 1.516910e+01 -3.661915e+01 6.000000e-01
    endloop
  endfacet
  facet normal 0.000000e+00 0.000000e+00 1.000000e+00
    outer loop
      vertex 1.519616e+01 -3.737004e+01 6.000000e-01
      vertex 1.563257e+01 -3.693699e+01 6.000000e-01
      vertex 1.505104e+01 -3.685337e+01 6.000000e-01
    endloop
  endfacet
  facet normal 0.000000e+00 0.000000e+00 1.000000e+00
    outer loop
      vertex 1.516910e+01 -3.661915e+01 6.000000e-01
      vertex 1.505104e+01 -3.685337e+01 6.000000e-01
      vertex 1.563257e+01 -3.693699e+01 6.000000e-01
    endloop
  endfacet
  facet normal 0.000000e+00 0.000000e+00 1.000000e+00
    outer loop
      vertex 1.606898e+01 -3.650393e+01 6.000000e-01
      vertex 1.532137e+01 -3.640010e+01 6.000000e-01
      vertex 1.563257e+01 -3.693699e+01 6.000000e-01
    endloop
  endfacet
  facet normal 0.000000e+00 0.000000e+00 1.000000e+00
    outer loop
      vertex 1.571383e+01 -3.601718e+01 6.000000e-01
      vertex 1.550930e+01 -3.619421e+01 6.000000e-01
      vertex 1.606898e+01 -3.650393e+01 6.000000e-01
    endloop
  endfacet
  facet normal 0.000000e+00 0.000000e+00 1.000000e+00
    outer loop
      vertex 1.606898e+01 -3.650393e+01 6.000000e-01
      vertex 1.593190e+01 -3.586998e+01 6.000000e-01
      vertex 1.571383e+01 -3.601718e+01 6.000000e-01
    endloop
  endfacet
  facet normal 0.000000e+00 0.000000e+00 1.000000e+00
    outer loop
      vertex 1.650538e+01 -3.607087e+01 6.000000e-01
      vertex 1.644167e+01 -3.565962e+01 6.000000e-01
      vertex 1.618354e+01 -3.574492e+01 6.000000e-01
    endloop
  endfacet
  facet normal 0.000000e+00 0.000000e+00 1.000000e+00
    outer loop
      vertex 1.593190e+01 -3.586998e+01 6.000000e-01
      vertex 1.650538e+01 -3.607087e+01 6.000000e-01
      vertex 1.618354e+01 -3.574492e+01 6.000000e-01
    endloop
  endfacet
  facet normal 0.000000e+00 0.000000e+00 1.000000e+00
    outer loop
      vertex 1.606898e+01 -3.650393e+01 6.000000e-01
      vertex 1.550930e+01 -3.619421e+01 6.000000e-01
      vertex 1.532137e+01 -3.640010e+01 6.000000e-01
    endloop
  endfacet
  facet normal 0.000000e+00 0.000000e+00 1.000000e+00
    outer loop
      vertex 1.669967e+01 -3.561105e+01 6.000000e-01
      vertex 1.644167e+01 -3.565962e+01 6.000000e-01
      vertex 1.650538e+01 -3.607087e+01 6.000000e-01
    endloop
  endfacet
  facet normal 0.000000e+00 0.000000e+00 1.000000e+00
    outer loop
      vertex 1.643180e+01 -3.711097e+01 6.000000e-01
      vertex 1.606898e+01 -3.650393e+01 6.000000e-01
      vertex 1.606520e+01 -3.737297e+01 6.000000e-01
    endloop
  endfacet
  facet normal 0.000000e+00 0.000000e+00 1.000000e+00
    outer loop
      vertex 1.643180e+01 -3.711097e+01 6.000000e-01
      vertex 1.906361e+01 -3.711084e+01 6.000000e-01
      vertex 1.744899e+01 -3.684838e+01 6.000000e-01
    endloop
  endfacet
  facet normal 0.000000e+00 0.000000e+00 1.000000e+00
    outer loop
      vertex 1.829958e+01 -3.949483e+01 6.000000e-01
      vertex 1.914977e+01 -3.949483e+01 6.000000e-01
      vertex 1.906371e+01 -3.925230e+01 6.000000e-01
    endloop
  endfacet
  facet normal 0.000000e+00 0.000000e+00 1.000000e+00
    outer loop
      vertex 1.693802e+01 -3.650686e+01 6.000000e-01
      vertex 1.606898e+01 -3.650393e+01 6.000000e-01
      vertex 1.643180e+01 -3.711097e+01 6.000000e-01
    endloop
  endfacet
  facet normal 0.000000e+00 0.000000e+00 1.000000e+00
    outer loop
      vertex 1.643180e+01 -3.711097e+01 6.000000e-01
      vertex 1.606520e+01 -3.737297e+01 6.000000e-01
      vertex 1.643191e+01 -3.925243e+01 6.000000e-01
    endloop
  endfacet
  facet normal 0.000000e+00 0.000000e+00 1.000000e+00
    outer loop
      vertex 1.693802e+01 -3.650686e+01 6.000000e-01
      vertex 1.698066e+01 -3.559403e+01 6.000000e-01
      vertex 1.650538e+01 -3.607087e+01 6.000000e-01
    endloop
  endfacet
  facet normal 0.000000e+00 0.000000e+00 1.000000e+00
    outer loop
      vertex 1.744899e+01 -3.584838e+01 6.000000e-01
      vertex 1.693802e+01 -3.650686e+01 6.000000e-01
      vertex 1.744899e+01 -3.634838e+01 6.000000e-01
    endloop
  endfacet
  facet normal 0.000000e+00 0.000000e+00 1.000000e+00
    outer loop
      vertex 1.744899e+01 -3.684838e+01 6.000000e-01
      vertex 1.744899e+01 -3.634838e+01 6.000000e-01
      vertex 1.693802e+01 -3.650686e+01 6.000000e-01
    endloop
  endfacet
  facet normal 0.000000e+00 0.000000e+00 1.000000e+00
    outer loop
      vertex 1.693802e+01 -3.650686e+01 6.000000e-01
      vertex 1.643180e+01 -3.711097e+01 6.000000e-01
      vertex 1.744899e+01 -3.684838e+01 6.000000e-01
    endloop
  endfacet
  facet normal 0.000000e+00 0.000000e+00 1.000000e+00
    outer loop
      vertex 1.906371e+01 -3.925230e+01 6.000000e-01
      vertex 1.744940e+01 -3.949483e+01 6.000000e-01
      vertex 1.829958e+01 -3.949483e+01 6.000000e-01
    endloop
  endfacet
  facet normal 0.000000e+00 0.000000e+00 1.000000e+00
    outer loop
      vertex 1.829917e+01 -3.684838e+01 6.000000e-01
      vertex 1.744899e+01 -3.684838e+01 6.000000e-01
      vertex 1.906361e+01 -3.711084e+01 6.000000e-01
    endloop
  endfacet
  facet normal 0.000000e+00 0.000000e+00 1.000000e+00
    outer loop
      vertex 1.914977e+01 -3.949483e+01 6.000000e-01
      vertex 1.999996e+01 -3.949483e+01 6.000000e-01
      vertex 1.906371e+01 -3.925230e+01 6.000000e-01
    endloop
  endfacet
  facet normal 0.000000e+00 0.000000e+00 1.000000e+00
    outer loop
      vertex 1.650538e+01 -3.607087e+01 6.000000e-01
      vertex 1.593190e+01 -3.586998e+01 6.000000e-01
      vertex 1.606898e+01 -3.650393e+01 6.000000e-01
    endloop
  endfacet
  facet normal 0.000000e+00 0.000000e+00 1.000000e+00
    outer loop
      vertex 1.519616e+01 -3.737004e+01 6.000000e-01
      vertex 1.505104e+01 -3.685337e+01 6.000000e-01
      vertex 1.496172e+01 -3.712380e+01 6.000000e-01
    endloop
  endfacet
  facet normal 0.000000e+00 0.000000e+00 1.000000e+00
    outer loop
      vertex 1.618388e+01 -4.424517e+01 6.000000e-01
      vertex 1.647145e+01 -4.389226e+01 6.000000e-01
      vertex 1.593988e+01 -4.412468e+01 6.000000e-01
    endloop
  endfacet
  facet normal 0.000000e+00 0.000000e+00 1.000000e+00
    outer loop
      vertex 1.645136e+01 -4.433271e+01 6.000000e-01
      vertex 1.647145e+01 -4.389226e+01 6.000000e-01
      vertex 1.618388e+01 -4.424517e+01 6.000000e-01
    endloop
  endfacet
  facet normal 0.000000e+00 0.000000e+00 1.000000e+00
    outer loop
      vertex 1.647145e+01 -4.389226e+01 6.000000e-01
      vertex 1.645136e+01 -4.433271e+01 6.000000e-01
      vertex 1.670949e+01 -4.437990e+01 6.000000e-01
    endloop
  endfacet
  facet normal 0.000000e+00 0.000000e+00 1.000000e+00
    outer loop
      vertex 1.593988e+01 -4.412468e+01 6.000000e-01
      vertex 1.603881e+01 -4.345627e+01 6.000000e-01
      vertex 1.572254e+01 -4.397918e+01 6.000000e-01
    endloop
  endfacet
  facet normal 0.000000e+00 0.000000e+00 1.000000e+00
    outer loop
      vertex 1.690786e+01 -4.345920e+01 6.000000e-01
      vertex 1.647145e+01 -4.389226e+01 6.000000e-01
      vertex 1.698109e+01 -4.439567e+01 6.000000e-01
    endloop
  endfacet
  facet normal 0.000000e+00 0.000000e+00 1.000000e+00
    outer loop
      vertex 1.647145e+01 -4.389226e+01 6.000000e-01
      vertex 1.603881e+01 -4.345627e+01 6.000000e-01
      vertex 1.593988e+01 -4.412468e+01 6.000000e-01
    endloop
  endfacet
  facet normal 0.000000e+00 0.000000e+00 1.000000e+00
    outer loop
      vertex 1.643208e+01 -4.287841e+01 6.000000e-01
      vertex 1.690786e+01 -4.345920e+01 6.000000e-01
      vertex 1.744938e+01 -4.313844e+01 6.000000e-01
    endloop
  endfacet
  facet normal 0.000000e+00 0.000000e+00 1.000000e+00
    outer loop
      vertex 1.744938e+01 -4.313844e+01 6.000000e-01
      vertex 1.690786e+01 -4.345920e+01 6.000000e-01
      vertex 1.744938e+01 -4.363844e+01 6.000000e-01
    endloop
  endfacet
  facet normal 0.000000e+00 0.000000e+00 1.000000e+00
    outer loop
      vertex 1.690786e+01 -4.345920e+01 6.000000e-01
      vertex 1.744938e+01 -4.413844e+01 6.000000e-01
      vertex 1.744938e+01 -4.363844e+01 6.000000e-01
    endloop
  endfacet
  facet normal 0.000000e+00 0.000000e+00 1.000000e+00
    outer loop
      vertex 1.698109e+01 -4.439567e+01 6.000000e-01
      vertex 1.744938e+01 -4.413844e+01 6.000000e-01
      vertex 1.690786e+01 -4.345920e+01 6.000000e-01
    endloop
  endfacet
  facet normal 0.000000e+00 0.000000e+00 1.000000e+00
    outer loop
      vertex 1.643208e+01 -4.287841e+01 6.000000e-01
      vertex 1.744938e+01 -4.313844e+01 6.000000e-01
      vertex 1.906389e+01 -4.287828e+01 6.000000e-01
    endloop
  endfacet
  facet normal 0.000000e+00 0.000000e+00 1.000000e+00
    outer loop
      vertex 1.670949e+01 -4.437990e+01 6.000000e-01
      vertex 1.698109e+01 -4.439567e+01 6.000000e-01
      vertex 1.647145e+01 -4.389226e+01 6.000000e-01
    endloop
  endfacet
  facet normal 0.000000e+00 0.000000e+00 1.000000e+00
    outer loop
      vertex 1.698109e+01 -4.439567e+01 6.000000e-01
      vertex 1.942992e+01 -4.439555e+01 6.000000e-01
      vertex 1.829957e+01 -4.413844e+01 6.000000e-01
    endloop
  endfacet
  facet normal 0.000000e+00 0.000000e+00 1.000000e+00
    outer loop
      vertex 1.942992e+01 -4.439555e+01 6.000000e-01
      vertex 1.999994e+01 -4.413844e+01 6.000000e-01
      vertex 1.914975e+01 -4.413844e+01 6.000000e-01
    endloop
  endfacet
  facet normal 0.000000e+00 0.000000e+00 1.000000e+00
    outer loop
      vertex 2.085013e+01 -4.413844e+01 6.000000e-01
      vertex 1.999994e+01 -4.413844e+01 6.000000e-01
      vertex 1.942992e+01 -4.439555e+01 6.000000e-01
    endloop
  endfacet
  facet normal 0.000000e+00 0.000000e+00 1.000000e+00
    outer loop
      vertex 1.829957e+01 -4.413844e+01 6.000000e-01
      vertex 1.942992e+01 -4.439555e+01 6.000000e-01
      vertex 1.914975e+01 -4.413844e+01 6.000000e-01
    endloop
  endfacet
  facet normal 0.000000e+00 0.000000e+00 1.000000e+00
    outer loop
      vertex 1.744938e+01 -4.413844e+01 6.000000e-01
      vertex 1.698109e+01 -4.439567e+01 6.000000e-01
      vertex 1.829957e+01 -4.413844e+01 6.000000e-01
    endloop
  endfacet
  facet normal 0.000000e+00 0.000000e+00 1.000000e+00
    outer loop
      vertex 2.187876e+01 -4.439543e+01 6.000000e-01
      vertex 2.170031e+01 -4.413844e+01 6.000000e-01
      vertex 2.085013e+01 -4.413844e+01 6.000000e-01
    endloop
  endfacet
  facet normal 0.000000e+00 0.000000e+00 1.000000e+00
    outer loop
      vertex 2.255050e+01 -4.413844e+01 6.000000e-01
      vertex 2.170031e+01 -4.413844e+01 6.000000e-01
      vertex 2.187876e+01 -4.439543e+01 6.000000e-01
    endloop
  endfacet
  facet normal 0.000000e+00 0.000000e+00 1.000000e+00
    outer loop
      vertex 1.942992e+01 -4.439555e+01 6.000000e-01
      vertex 2.187876e+01 -4.439543e+01 6.000000e-01
      vertex 2.085013e+01 -4.413844e+01 6.000000e-01
    endloop
  endfacet
  facet normal 0.000000e+00 0.000000e+00 1.000000e+00
    outer loop
      vertex 1.906389e+01 -4.287828e+01 6.000000e-01
      vertex 1.914975e+01 -4.313844e+01 6.000000e-01
      vertex 1.999994e+01 -4.313844e+01 6.000000e-01
    endloop
  endfacet
  facet normal 0.000000e+00 0.000000e+00 1.000000e+00
    outer loop
      vertex 1.829957e+01 -4.313844e+01 6.000000e-01
      vertex 1.914975e+01 -4.313844e+01 6.000000e-01
      vertex 1.906389e+01 -4.287828e+01 6.000000e-01
    endloop
  endfacet
  facet normal 0.000000e+00 0.000000e+00 1.000000e+00
    outer loop
      vertex 1.999996e+01 -4.049483e+01 6.000000e-01
      vertex 2.169560e+01 -4.073820e+01 6.000000e-01
      vertex 2.085014e+01 -4.049483e+01 6.000000e-01
    endloop
  endfacet
  facet normal 0.000000e+00 0.000000e+00 1.000000e+00
    outer loop
      vertex 1.744938e+01 -4.313844e+01 6.000000e-01
      vertex 1.829957e+01 -4.313844e+01 6.000000e-01
      vertex 1.906389e+01 -4.287828e+01 6.000000e-01
    endloop
  endfacet
  facet normal 0.000000e+00 0.000000e+00 1.000000e+00
    outer loop
      vertex 2.169570e+01 -4.287815e+01 6.000000e-01
      vertex 2.085013e+01 -4.313844e+01 6.000000e-01
      vertex 2.170031e+01 -4.313844e+01 6.000000e-01
    endloop
  endfacet
  facet normal 0.000000e+00 0.000000e+00 1.000000e+00
    outer loop
      vertex 2.169570e+01 -4.287815e+01 6.000000e-01
      vertex 2.170031e+01 -4.313844e+01 6.000000e-01
      vertex 2.255050e+01 -4.313844e+01 6.000000e-01
    endloop
  endfacet
  facet normal 0.000000e+00 0.000000e+00 1.000000e+00
    outer loop
      vertex 1.999996e+01 -4.049483e+01 6.000000e-01
      vertex 1.914977e+01 -4.049483e+01 6.000000e-01
      vertex 1.906379e+01 -4.073833e+01 6.000000e-01
    endloop
  endfacet
  facet normal 0.000000e+00 0.000000e+00 1.000000e+00
    outer loop
      vertex 1.906379e+01 -4.073833e+01 6.000000e-01
      vertex 2.169560e+01 -4.073820e+01 6.000000e-01
      vertex 1.999996e+01 -4.049483e+01 6.000000e-01
    endloop
  endfacet
  facet normal 0.000000e+00 0.000000e+00 1.000000e+00
    outer loop
      vertex 2.169570e+01 -4.287815e+01 6.000000e-01
      vertex 1.999994e+01 -4.313844e+01 6.000000e-01
      vertex 2.085013e+01 -4.313844e+01 6.000000e-01
    endloop
  endfacet
  facet normal 0.000000e+00 0.000000e+00 1.000000e+00
    outer loop
      vertex 2.170033e+01 -4.049483e+01 6.000000e-01
      vertex 2.085014e+01 -4.049483e+01 6.000000e-01
      vertex 2.169560e+01 -4.073820e+01 6.000000e-01
    endloop
  endfacet
  facet normal 0.000000e+00 0.000000e+00 1.000000e+00
    outer loop
      vertex 2.255050e+01 -4.313844e+01 6.000000e-01
      vertex 2.386023e+01 -4.348265e+01 6.000000e-01
      vertex 2.432751e+01 -4.287803e+01 6.000000e-01
    endloop
  endfacet
  facet normal 0.000000e+00 0.000000e+00 1.000000e+00
    outer loop
      vertex 2.386023e+01 -4.348265e+01 6.000000e-01
      vertex 2.255050e+01 -4.363844e+01 6.000000e-01
      vertex 2.255050e+01 -4.413844e+01 6.000000e-01
    endloop
  endfacet
  facet normal 0.000000e+00 0.000000e+00 1.000000e+00
    outer loop
      vertex 2.169560e+01 -4.073820e+01 6.000000e-01
      vertex 2.432741e+01 -4.073807e+01 6.000000e-01
      vertex 2.255052e+01 -4.049483e+01 6.000000e-01
    endloop
  endfacet
  facet normal 0.000000e+00 0.000000e+00 1.000000e+00
    outer loop
      vertex 1.999994e+01 -4.313844e+01 6.000000e-01
      vertex 2.169570e+01 -4.287815e+01 6.000000e-01
      vertex 1.906389e+01 -4.287828e+01 6.000000e-01
    endloop
  endfacet
  facet normal 0.000000e+00 0.000000e+00 1.000000e+00
    outer loop
      vertex 2.255050e+01 -4.313844e+01 6.000000e-01
      vertex 2.255050e+01 -4.363844e+01 6.000000e-01
      vertex 2.386023e+01 -4.348265e+01 6.000000e-01
    endloop
  endfacet
  facet normal 0.000000e+00 0.000000e+00 1.000000e+00
    outer loop
      vertex 2.429287e+01 -4.391864e+01 6.000000e-01
      vertex 2.386023e+01 -4.348265e+01 6.000000e-01
      vertex 2.407467e+01 -4.413516e+01 6.000000e-01
    endloop
  endfacet
  facet normal 0.000000e+00 0.000000e+00 1.000000e+00
    outer loop
      vertex 2.255050e+01 -4.413844e+01 6.000000e-01
      vertex 2.407467e+01 -4.413516e+01 6.000000e-01
      vertex 2.386023e+01 -4.348265e+01 6.000000e-01
    endloop
  endfacet
  facet normal 0.000000e+00 0.000000e+00 1.000000e+00
    outer loop
      vertex 2.450919e+01 -4.413662e+01 6.000000e-01
      vertex 2.407467e+01 -4.413516e+01 6.000000e-01
      vertex 2.432758e+01 -4.439531e+01 6.000000e-01
    endloop
  endfacet
  facet normal 0.000000e+00 0.000000e+00 1.000000e+00
    outer loop
      vertex 2.447980e+01 -4.438390e+01 6.000000e-01
      vertex 2.450919e+01 -4.413662e+01 6.000000e-01
      vertex 2.432758e+01 -4.439531e+01 6.000000e-01
    endloop
  endfacet
  facet normal 0.000000e+00 0.000000e+00 1.000000e+00
    outer loop
      vertex 2.450919e+01 -4.413662e+01 6.000000e-01
      vertex 2.447980e+01 -4.438390e+01 6.000000e-01
      vertex 2.463302e+01 -4.434594e+01 6.000000e-01
    endloop
  endfacet
  facet normal 0.000000e+00 0.000000e+00 1.000000e+00
    outer loop
      vertex 2.255050e+01 -4.413844e+01 6.000000e-01
      vertex 2.432758e+01 -4.439531e+01 6.000000e-01
      vertex 2.407467e+01 -4.413516e+01 6.000000e-01
    endloop
  endfacet
  facet normal 0.000000e+00 0.000000e+00 1.000000e+00
    outer loop
      vertex 2.472739e+01 -4.392010e+01 6.000000e-01
      vertex 2.450919e+01 -4.413662e+01 6.000000e-01
      vertex 2.476662e+01 -4.428422e+01 6.000000e-01
    endloop
  endfacet
  facet normal 0.000000e+00 0.000000e+00 1.000000e+00
    outer loop
      vertex 2.472739e+01 -4.392010e+01 6.000000e-01
      vertex 2.505307e+01 -4.393859e+01 6.000000e-01
      vertex 2.494560e+01 -4.370357e+01 6.000000e-01
    endloop
  endfacet
  facet normal 0.000000e+00 0.000000e+00 1.000000e+00
    outer loop
      vertex 2.505307e+01 -4.393859e+01 6.000000e-01
      vertex 2.472739e+01 -4.392010e+01 6.000000e-01
      vertex 2.498529e+01 -4.407515e+01 6.000000e-01
    endloop
  endfacet
  facet normal 0.000000e+00 0.000000e+00 1.000000e+00
    outer loop
      vertex 2.476662e+01 -4.428422e+01 6.000000e-01
      vertex 2.489002e+01 -4.419126e+01 6.000000e-01
      vertex 2.472739e+01 -4.392010e+01 6.000000e-01
    endloop
  endfacet
  facet normal 0.000000e+00 0.000000e+00 1.000000e+00
    outer loop
      vertex 2.498529e+01 -4.407515e+01 6.000000e-01
      vertex 2.472739e+01 -4.392010e+01 6.000000e-01
      vertex 2.489002e+01 -4.419126e+01 6.000000e-01
    endloop
  endfacet
  facet normal 0.000000e+00 0.000000e+00 1.000000e+00
    outer loop
      vertex 2.463302e+01 -4.434594e+01 6.000000e-01
      vertex 2.476662e+01 -4.428422e+01 6.000000e-01
      vertex 2.450919e+01 -4.413662e+01 6.000000e-01
    endloop
  endfacet
  facet normal 0.000000e+00 0.000000e+00 1.000000e+00
    outer loop
      vertex 2.170033e+01 -4.049483e+01 6.000000e-01
      vertex 2.169560e+01 -4.073820e+01 6.000000e-01
      vertex 2.255052e+01 -4.049483e+01 6.000000e-01
    endloop
  endfacet
  facet normal 0.000000e+00 0.000000e+00 1.000000e+00
    outer loop
      vertex 2.187876e+01 -4.439543e+01 6.000000e-01
      vertex 2.432758e+01 -4.439531e+01 6.000000e-01
      vertex 2.255050e+01 -4.413844e+01 6.000000e-01
    endloop
  endfacet
  facet normal 0.000000e+00 0.000000e+00 1.000000e+00
    outer loop
      vertex 1.906379e+01 -4.073833e+01 6.000000e-01
      vertex 1.914977e+01 -4.049483e+01 6.000000e-01
      vertex 1.829958e+01 -4.049483e+01 6.000000e-01
    endloop
  endfacet
  facet normal 0.000000e+00 0.000000e+00 1.000000e+00
    outer loop
      vertex 1.650538e+01 -3.607087e+01 6.000000e-01
      vertex 1.698066e+01 -3.559403e+01 6.000000e-01
      vertex 1.669967e+01 -3.561105e+01 6.000000e-01
    endloop
  endfacet
  facet normal 0.000000e+00 0.000000e+00 1.000000e+00
    outer loop
      vertex 1.829917e+01 -3.584838e+01 6.000000e-01
      vertex 1.698066e+01 -3.559403e+01 6.000000e-01
      vertex 1.744899e+01 -3.584838e+01 6.000000e-01
    endloop
  endfacet
  facet normal 0.000000e+00 0.000000e+00 1.000000e+00
    outer loop
      vertex 1.906361e+01 -3.711084e+01 6.000000e-01
      vertex 1.914936e+01 -3.684838e+01 6.000000e-01
      vertex 1.829917e+01 -3.684838e+01 6.000000e-01
    endloop
  endfacet
  facet normal 0.000000e+00 0.000000e+00 1.000000e+00
    outer loop
      vertex 1.999955e+01 -3.684838e+01 6.000000e-01
      vertex 1.914936e+01 -3.684838e+01 6.000000e-01
      vertex 1.906361e+01 -3.711084e+01 6.000000e-01
    endloop
  endfacet
  facet normal 0.000000e+00 0.000000e+00 1.000000e+00
    outer loop
      vertex 1.999955e+01 -3.684838e+01 6.000000e-01
      vertex 1.906361e+01 -3.711084e+01 6.000000e-01
      vertex 2.169542e+01 -3.711071e+01 6.000000e-01
    endloop
  endfacet
  facet normal 0.000000e+00 0.000000e+00 1.000000e+00
    outer loop
      vertex 1.744940e+01 -3.949483e+01 6.000000e-01
      vertex 1.906371e+01 -3.925230e+01 6.000000e-01
      vertex 1.643191e+01 -3.925243e+01 6.000000e-01
    endloop
  endfacet
  facet normal 0.000000e+00 0.000000e+00 1.000000e+00
    outer loop
      vertex 1.914936e+01 -3.584838e+01 6.000000e-01
      vertex 1.942949e+01 -3.559391e+01 6.000000e-01
      vertex 1.829917e+01 -3.584838e+01 6.000000e-01
    endloop
  endfacet
  facet normal 0.000000e+00 0.000000e+00 1.000000e+00
    outer loop
      vertex 1.698066e+01 -3.559403e+01 6.000000e-01
      vertex 1.829917e+01 -3.584838e+01 6.000000e-01
      vertex 1.942949e+01 -3.559391e+01 6.000000e-01
    endloop
  endfacet
  facet normal 0.000000e+00 0.000000e+00 1.000000e+00
    outer loop
      vertex 1.999955e+01 -3.584838e+01 6.000000e-01
      vertex 1.942949e+01 -3.559391e+01 6.000000e-01
      vertex 1.914936e+01 -3.584838e+01 6.000000e-01
    endloop
  endfacet
  facet normal 0.000000e+00 0.000000e+00 1.000000e+00
    outer loop
      vertex 1.942949e+01 -3.559391e+01 6.000000e-01
      vertex 1.999955e+01 -3.584838e+01 6.000000e-01
      vertex 2.084973e+01 -3.584838e+01 6.000000e-01
    endloop
  endfacet
  facet normal 0.000000e+00 0.000000e+00 1.000000e+00
    outer loop
      vertex 2.084973e+01 -3.584838e+01 6.000000e-01
      vertex 2.187832e+01 -3.559379e+01 6.000000e-01
      vertex 1.942949e+01 -3.559391e+01 6.000000e-01
    endloop
  endfacet
  facet normal 0.000000e+00 0.000000e+00 1.000000e+00
    outer loop
      vertex 2.084973e+01 -3.684838e+01 6.000000e-01
      vertex 1.999955e+01 -3.684838e+01 6.000000e-01
      vertex 2.169542e+01 -3.711071e+01 6.000000e-01
    endloop
  endfacet
  facet normal 0.000000e+00 0.000000e+00 1.000000e+00
    outer loop
      vertex 2.169542e+01 -3.711071e+01 6.000000e-01
      vertex 2.169992e+01 -3.684838e+01 6.000000e-01
      vertex 2.084973e+01 -3.684838e+01 6.000000e-01
    endloop
  endfacet
  facet normal 0.000000e+00 0.000000e+00 1.000000e+00
    outer loop
      vertex 2.169552e+01 -3.925217e+01 6.000000e-01
      vertex 1.906371e+01 -3.925230e+01 6.000000e-01
      vertex 1.999996e+01 -3.949483e+01 6.000000e-01
    endloop
  endfacet
  facet normal 0.000000e+00 0.000000e+00 1.000000e+00
    outer loop
      vertex 2.170033e+01 -3.949483e+01 6.000000e-01
      vertex 2.169552e+01 -3.925217e+01 6.000000e-01
      vertex 2.085014e+01 -3.949483e+01 6.000000e-01
    endloop
  endfacet
  facet normal 0.000000e+00 0.000000e+00 1.000000e+00
    outer loop
      vertex 2.085014e+01 -3.949483e+01 6.000000e-01
      vertex 2.169552e+01 -3.925217e+01 6.000000e-01
      vertex 1.999996e+01 -3.949483e+01 6.000000e-01
    endloop
  endfacet
  facet normal 0.000000e+00 0.000000e+00 1.000000e+00
    outer loop
      vertex 2.170033e+01 -3.949483e+01 6.000000e-01
      vertex 2.255052e+01 -3.949483e+01 6.000000e-01
      vertex 2.169552e+01 -3.925217e+01 6.000000e-01
    endloop
  endfacet
  facet normal 0.000000e+00 0.000000e+00 1.000000e+00
    outer loop
      vertex 2.255011e+01 -3.684838e+01 6.000000e-01
      vertex 2.169992e+01 -3.684838e+01 6.000000e-01
      vertex 2.169542e+01 -3.711071e+01 6.000000e-01
    endloop
  endfacet
  facet normal 0.000000e+00 0.000000e+00 1.000000e+00
    outer loop
      vertex 2.255011e+01 -3.584838e+01 6.000000e-01
      vertex 2.187832e+01 -3.559379e+01 6.000000e-01
      vertex 2.169992e+01 -3.584838e+01 6.000000e-01
    endloop
  endfacet
  facet normal 0.000000e+00 0.000000e+00 1.000000e+00
    outer loop
      vertex 2.389417e+01 -3.566126e+01 6.000000e-01
      vertex 2.187832e+01 -3.559379e+01 6.000000e-01
      vertex 2.255011e+01 -3.584838e+01 6.000000e-01
    endloop
  endfacet
  facet normal 0.000000e+00 0.000000e+00 1.000000e+00
    outer loop
      vertex 2.389040e+01 -3.653030e+01 6.000000e-01
      vertex 2.255011e+01 -3.684838e+01 6.000000e-01
      vertex 2.432723e+01 -3.711058e+01 6.000000e-01
    endloop
  endfacet
  facet normal 0.000000e+00 0.000000e+00 1.000000e+00
    outer loop
      vertex 2.255011e+01 -3.684838e+01 6.000000e-01
      vertex 2.345776e+01 -3.609431e+01 6.000000e-01
      vertex 2.255011e+01 -3.634838e+01 6.000000e-01
    endloop
  endfacet
  facet normal 0.000000e+00 0.000000e+00 1.000000e+00
    outer loop
      vertex 2.432723e+01 -3.711058e+01 6.000000e-01
      vertex 2.255011e+01 -3.684838e+01 6.000000e-01
      vertex 2.169542e+01 -3.711071e+01 6.000000e-01
    endloop
  endfacet
  facet normal 0.000000e+00 0.000000e+00 1.000000e+00
    outer loop
      vertex 2.345776e+01 -3.609431e+01 6.000000e-01
      vertex 2.255011e+01 -3.584838e+01 6.000000e-01
      vertex 2.255011e+01 -3.634838e+01 6.000000e-01
    endloop
  endfacet
  facet normal 0.000000e+00 0.000000e+00 1.000000e+00
    outer loop
      vertex 2.169992e+01 -3.584838e+01 6.000000e-01
      vertex 2.187832e+01 -3.559379e+01 6.000000e-01
      vertex 2.084973e+01 -3.584838e+01 6.000000e-01
    endloop
  endfacet
  facet normal 0.000000e+00 0.000000e+00 1.000000e+00
    outer loop
      vertex 2.255011e+01 -3.584838e+01 6.000000e-01
      vertex 2.345776e+01 -3.609431e+01 6.000000e-01
      vertex 2.389417e+01 -3.566126e+01 6.000000e-01
    endloop
  endfacet
  facet normal 0.000000e+00 0.000000e+00 1.000000e+00
    outer loop
      vertex 2.411049e+01 -3.587925e+01 6.000000e-01
      vertex 2.454501e+01 -3.588071e+01 6.000000e-01
      vertex 2.432715e+01 -3.559367e+01 6.000000e-01
    endloop
  endfacet
  facet normal 0.000000e+00 0.000000e+00 1.000000e+00
    outer loop
      vertex 2.432715e+01 -3.559367e+01 6.000000e-01
      vertex 2.389417e+01 -3.566126e+01 6.000000e-01
      vertex 2.411049e+01 -3.587925e+01 6.000000e-01
    endloop
  endfacet
  facet normal 0.000000e+00 0.000000e+00 1.000000e+00
    outer loop
      vertex 2.255011e+01 -3.684838e+01 6.000000e-01
      vertex 2.389040e+01 -3.653030e+01 6.000000e-01
      vertex 2.345776e+01 -3.609431e+01 6.000000e-01
    endloop
  endfacet
  facet normal 0.000000e+00 0.000000e+00 1.000000e+00
    outer loop
      vertex 2.454501e+01 -3.588071e+01 6.000000e-01
      vertex 2.462828e+01 -3.563938e+01 6.000000e-01
      vertex 2.447962e+01 -3.560447e+01 6.000000e-01
    endloop
  endfacet
  facet normal 0.000000e+00 0.000000e+00 1.000000e+00
    outer loop
      vertex 2.454501e+01 -3.588071e+01 6.000000e-01
      vertex 2.476779e+01 -3.570163e+01 6.000000e-01
      vertex 2.462828e+01 -3.563938e+01 6.000000e-01
    endloop
  endfacet
  facet normal 0.000000e+00 0.000000e+00 1.000000e+00
    outer loop
      vertex 2.476133e+01 -3.609871e+01 6.000000e-01
      vertex 2.489438e+01 -3.579652e+01 6.000000e-01
      vertex 2.454501e+01 -3.588071e+01 6.000000e-01
    endloop
  endfacet
  facet normal 0.000000e+00 0.000000e+00 1.000000e+00
    outer loop
      vertex 2.489438e+01 -3.579652e+01 6.000000e-01
      vertex 2.476779e+01 -3.570163e+01 6.000000e-01
      vertex 2.454501e+01 -3.588071e+01 6.000000e-01
    endloop
  endfacet
  facet normal 0.000000e+00 0.000000e+00 1.000000e+00
    outer loop
      vertex 2.498680e+01 -3.591066e+01 6.000000e-01
      vertex 2.489438e+01 -3.579652e+01 6.000000e-01
      vertex 2.476133e+01 -3.609871e+01 6.000000e-01
    endloop
  endfacet
  facet normal 0.000000e+00 0.000000e+00 1.000000e+00
    outer loop
      vertex 2.432715e+01 -3.559367e+01 6.000000e-01
      vertex 2.454501e+01 -3.588071e+01 6.000000e-01
      vertex 2.447962e+01 -3.560447e+01 6.000000e-01
    endloop
  endfacet
  facet normal 0.000000e+00 0.000000e+00 1.000000e+00
    outer loop
      vertex 2.432715e+01 -3.559367e+01 6.000000e-01
      vertex 2.187832e+01 -3.559379e+01 6.000000e-01
      vertex 2.389417e+01 -3.566126e+01 6.000000e-01
    endloop
  endfacet
  facet normal 0.000000e+00 0.000000e+00 1.000000e+00
    outer loop
      vertex 2.447967e+01 -3.709921e+01 6.000000e-01
      vertex 2.454124e+01 -3.674976e+01 6.000000e-01
      vertex 2.432303e+01 -3.696628e+01 6.000000e-01
    endloop
  endfacet
  facet normal 0.000000e+00 0.000000e+00 1.000000e+00
    outer loop
      vertex 2.475944e+01 -3.653323e+01 6.000000e-01
      vertex 2.454124e+01 -3.674976e+01 6.000000e-01
      vertex 2.489120e+01 -3.690107e+01 6.000000e-01
    endloop
  endfacet
  facet normal 0.000000e+00 0.000000e+00 1.000000e+00
    outer loop
      vertex 2.447967e+01 -3.709921e+01 6.000000e-01
      vertex 2.462791e+01 -3.706274e+01 6.000000e-01
      vertex 2.454124e+01 -3.674976e+01 6.000000e-01
    endloop
  endfacet
  facet normal 0.000000e+00 0.000000e+00 1.000000e+00
    outer loop
      vertex 2.454124e+01 -3.674976e+01 6.000000e-01
      vertex 2.462791e+01 -3.706274e+01 6.000000e-01
      vertex 2.476631e+01 -3.699817e+01 6.000000e-01
    endloop
  endfacet
  facet normal 0.000000e+00 0.000000e+00 1.000000e+00
    outer loop
      vertex 2.475944e+01 -3.653323e+01 6.000000e-01
      vertex 2.498224e+01 -3.678585e+01 6.000000e-01
      vertex 2.504908e+01 -3.664846e+01 6.000000e-01
    endloop
  endfacet
  facet normal 0.000000e+00 0.000000e+00 1.000000e+00
    outer loop
      vertex 2.504908e+01 -3.664846e+01 6.000000e-01
      vertex 2.508778e+01 -3.650079e+01 6.000000e-01
      vertex 2.475944e+01 -3.653323e+01 6.000000e-01
    endloop
  endfacet
  facet normal 0.000000e+00 0.000000e+00 1.000000e+00
    outer loop
      vertex 2.432723e+01 -3.711058e+01 6.000000e-01
      vertex 2.447967e+01 -3.709921e+01 6.000000e-01
      vertex 2.432303e+01 -3.696628e+01 6.000000e-01
    endloop
  endfacet
  facet normal 0.000000e+00 0.000000e+00 1.000000e+00
    outer loop
      vertex 2.505369e+01 -3.604786e+01 6.000000e-01
      vertex 2.476133e+01 -3.609871e+01 6.000000e-01
      vertex 2.497765e+01 -3.631670e+01 6.000000e-01
    endloop
  endfacet
  facet normal 0.000000e+00 0.000000e+00 1.000000e+00
    outer loop
      vertex 2.509046e+01 -3.619590e+01 6.000000e-01
      vertex 2.505369e+01 -3.604786e+01 6.000000e-01
      vertex 2.497765e+01 -3.631670e+01 6.000000e-01
    endloop
  endfacet
  facet normal 0.000000e+00 0.000000e+00 1.000000e+00
    outer loop
      vertex 2.510082e+01 -3.634851e+01 6.000000e-01
      vertex 2.497765e+01 -3.631670e+01 6.000000e-01
      vertex 2.508778e+01 -3.650079e+01 6.000000e-01
    endloop
  endfacet
  facet normal 0.000000e+00 0.000000e+00 1.000000e+00
    outer loop
      vertex 2.475944e+01 -3.653323e+01 6.000000e-01
      vertex 2.508778e+01 -3.650079e+01 6.000000e-01
      vertex 2.497765e+01 -3.631670e+01 6.000000e-01
    endloop
  endfacet
  facet normal 0.000000e+00 0.000000e+00 1.000000e+00
    outer loop
      vertex 2.509046e+01 -3.619590e+01 6.000000e-01
      vertex 2.497765e+01 -3.631670e+01 6.000000e-01
      vertex 2.510082e+01 -3.634851e+01 6.000000e-01
    endloop
  endfacet
  facet normal 0.000000e+00 0.000000e+00 1.000000e+00
    outer loop
      vertex 2.505369e+01 -3.604786e+01 6.000000e-01
      vertex 2.498680e+01 -3.591066e+01 6.000000e-01
      vertex 2.476133e+01 -3.609871e+01 6.000000e-01
    endloop
  endfacet
  facet normal 0.000000e+00 0.000000e+00 1.000000e+00
    outer loop
      vertex 2.432723e+01 -3.711058e+01 6.000000e-01
      vertex 2.432303e+01 -3.696628e+01 6.000000e-01
      vertex 2.389040e+01 -3.653030e+01 6.000000e-01
    endloop
  endfacet
  facet normal 0.000000e+00 0.000000e+00 1.000000e+00
    outer loop
      vertex 2.255052e+01 -3.999483e+01 6.000000e-01
      vertex 2.255052e+01 -4.049483e+01 6.000000e-01
      vertex 2.387531e+01 -4.000647e+01 6.000000e-01
    endloop
  endfacet
  facet normal 0.000000e+00 0.000000e+00 1.000000e+00
    outer loop
      vertex 2.429664e+01 -4.304959e+01 6.000000e-01
      vertex 2.432751e+01 -4.287803e+01 6.000000e-01
      vertex 2.386023e+01 -4.348265e+01 6.000000e-01
    endloop
  endfacet
  facet normal 0.000000e+00 0.000000e+00 1.000000e+00
    outer loop
      vertex 2.432751e+01 -4.287803e+01 6.000000e-01
      vertex 2.169570e+01 -4.287815e+01 6.000000e-01
      vertex 2.255050e+01 -4.313844e+01 6.000000e-01
    endloop
  endfacet
  facet normal 0.000000e+00 0.000000e+00 1.000000e+00
    outer loop
      vertex 2.447972e+01 -4.288938e+01 6.000000e-01
      vertex 2.432751e+01 -4.287803e+01 6.000000e-01
      vertex 2.429664e+01 -4.304959e+01 6.000000e-01
    endloop
  endfacet
  facet normal 0.000000e+00 0.000000e+00 1.000000e+00
    outer loop
      vertex 2.387531e+01 -4.000647e+01 6.000000e-01
      vertex 2.255052e+01 -3.949483e+01 6.000000e-01
      vertex 2.255052e+01 -3.999483e+01 6.000000e-01
    endloop
  endfacet
  facet normal 0.000000e+00 0.000000e+00 1.000000e+00
    outer loop
      vertex 2.430795e+01 -4.044246e+01 6.000000e-01
      vertex 2.387531e+01 -4.000647e+01 6.000000e-01
      vertex 2.432741e+01 -4.073807e+01 6.000000e-01
    endloop
  endfacet
  facet normal 0.000000e+00 0.000000e+00 1.000000e+00
    outer loop
      vertex 2.255052e+01 -4.049483e+01 6.000000e-01
      vertex 2.432741e+01 -4.073807e+01 6.000000e-01
      vertex 2.387531e+01 -4.000647e+01 6.000000e-01
    endloop
  endfacet
  facet normal 0.000000e+00 0.000000e+00 1.000000e+00
    outer loop
      vertex 2.452427e+01 -4.066045e+01 6.000000e-01
      vertex 2.430795e+01 -4.044246e+01 6.000000e-01
      vertex 2.432741e+01 -4.073807e+01 6.000000e-01
    endloop
  endfacet
  facet normal 0.000000e+00 0.000000e+00 1.000000e+00
    outer loop
      vertex 2.462687e+01 -4.069447e+01 6.000000e-01
      vertex 2.452427e+01 -4.066045e+01 6.000000e-01
      vertex 2.447895e+01 -4.072778e+01 6.000000e-01
    endloop
  endfacet
  facet normal 0.000000e+00 0.000000e+00 1.000000e+00
    outer loop
      vertex 2.432741e+01 -4.073807e+01 6.000000e-01
      vertex 2.447895e+01 -4.072778e+01 6.000000e-01
      vertex 2.452427e+01 -4.066045e+01 6.000000e-01
    endloop
  endfacet
  facet normal 0.000000e+00 0.000000e+00 1.000000e+00
    outer loop
      vertex 2.452427e+01 -4.066045e+01 6.000000e-01
      vertex 2.462687e+01 -4.069447e+01 6.000000e-01
      vertex 2.474247e+01 -4.044393e+01 6.000000e-01
    endloop
  endfacet
  facet normal 0.000000e+00 0.000000e+00 1.000000e+00
    outer loop
      vertex 2.387531e+01 -4.000647e+01 6.000000e-01
      vertex 2.432733e+01 -3.925204e+01 6.000000e-01
      vertex 2.255052e+01 -3.949483e+01 6.000000e-01
    endloop
  endfacet
  facet normal 0.000000e+00 0.000000e+00 1.000000e+00
    outer loop
      vertex 2.489142e+01 -4.308770e+01 6.000000e-01
      vertex 2.451296e+01 -4.326758e+01 6.000000e-01
      vertex 2.472928e+01 -4.348558e+01 6.000000e-01
    endloop
  endfacet
  facet normal 0.000000e+00 0.000000e+00 1.000000e+00
    outer loop
      vertex 2.429664e+01 -4.304959e+01 6.000000e-01
      vertex 2.451296e+01 -4.326758e+01 6.000000e-01
      vertex 2.447972e+01 -4.288938e+01 6.000000e-01
    endloop
  endfacet
  facet normal 0.000000e+00 0.000000e+00 1.000000e+00
    outer loop
      vertex 2.472928e+01 -4.348558e+01 6.000000e-01
      vertex 2.494560e+01 -4.370357e+01 6.000000e-01
      vertex 2.508794e+01 -4.348645e+01 6.000000e-01
    endloop
  endfacet
  facet normal 0.000000e+00 0.000000e+00 1.000000e+00
    outer loop
      vertex 2.509055e+01 -4.379085e+01 6.000000e-01
      vertex 2.510121e+01 -4.363853e+01 6.000000e-01
      vertex 2.494560e+01 -4.370357e+01 6.000000e-01
    endloop
  endfacet
  facet normal 0.000000e+00 0.000000e+00 1.000000e+00
    outer loop
      vertex 2.494560e+01 -4.370357e+01 6.000000e-01
      vertex 2.510121e+01 -4.363853e+01 6.000000e-01
      vertex 2.508794e+01 -4.348645e+01 6.000000e-01
    endloop
  endfacet
  facet normal 0.000000e+00 0.000000e+00 1.000000e+00
    outer loop
      vertex 2.505307e+01 -4.393859e+01 6.000000e-01
      vertex 2.509055e+01 -4.379085e+01 6.000000e-01
      vertex 2.494560e+01 -4.370357e+01 6.000000e-01
    endloop
  endfacet
  facet normal 0.000000e+00 0.000000e+00 1.000000e+00
    outer loop
      vertex 2.447972e+01 -4.288938e+01 6.000000e-01
      vertex 2.451296e+01 -4.326758e+01 6.000000e-01
      vertex 2.462778e+01 -4.292579e+01 6.000000e-01
    endloop
  endfacet
  facet normal 0.000000e+00 0.000000e+00 1.000000e+00
    outer loop
      vertex 2.451296e+01 -4.326758e+01 6.000000e-01
      vertex 2.489142e+01 -4.308770e+01 6.000000e-01
      vertex 2.476604e+01 -4.299025e+01 6.000000e-01
    endloop
  endfacet
  facet normal 0.000000e+00 0.000000e+00 1.000000e+00
    outer loop
      vertex 2.498188e+01 -4.320212e+01 6.000000e-01
      vertex 2.489142e+01 -4.308770e+01 6.000000e-01
      vertex 2.472928e+01 -4.348558e+01 6.000000e-01
    endloop
  endfacet
  facet normal 0.000000e+00 0.000000e+00 1.000000e+00
    outer loop
      vertex 2.472928e+01 -4.348558e+01 6.000000e-01
      vertex 2.508794e+01 -4.348645e+01 6.000000e-01
      vertex 2.505064e+01 -4.334405e+01 6.000000e-01
    endloop
  endfacet
  facet normal 0.000000e+00 0.000000e+00 1.000000e+00
    outer loop
      vertex 2.505064e+01 -4.334405e+01 6.000000e-01
      vertex 2.498188e+01 -4.320212e+01 6.000000e-01
      vertex 2.472928e+01 -4.348558e+01 6.000000e-01
    endloop
  endfacet
  facet normal 0.000000e+00 0.000000e+00 1.000000e+00
    outer loop
      vertex 2.451296e+01 -4.326758e+01 6.000000e-01
      vertex 2.476604e+01 -4.299025e+01 6.000000e-01
      vertex 2.462778e+01 -4.292579e+01 6.000000e-01
    endloop
  endfacet
  facet normal 0.000000e+00 0.000000e+00 1.000000e+00
    outer loop
      vertex 2.432733e+01 -3.925204e+01 6.000000e-01
      vertex 2.431172e+01 -3.957341e+01 6.000000e-01
      vertex 2.452993e+01 -3.935688e+01 6.000000e-01
    endloop
  endfacet
  facet normal 0.000000e+00 0.000000e+00 1.000000e+00
    outer loop
      vertex 2.387531e+01 -4.000647e+01 6.000000e-01
      vertex 2.431172e+01 -3.957341e+01 6.000000e-01
      vertex 2.432733e+01 -3.925204e+01 6.000000e-01
    endloop
  endfacet
  facet normal 0.000000e+00 0.000000e+00 1.000000e+00
    outer loop
      vertex 2.447883e+01 -3.926231e+01 6.000000e-01
      vertex 2.432733e+01 -3.925204e+01 6.000000e-01
      vertex 2.452993e+01 -3.935688e+01 6.000000e-01
    endloop
  endfacet
  facet normal 0.000000e+00 0.000000e+00 1.000000e+00
    outer loop
      vertex 2.476621e+01 -3.935534e+01 6.000000e-01
      vertex 2.452993e+01 -3.935688e+01 6.000000e-01
      vertex 2.474625e+01 -3.957488e+01 6.000000e-01
    endloop
  endfacet
  facet normal 0.000000e+00 0.000000e+00 1.000000e+00
    outer loop
      vertex 2.447883e+01 -3.926231e+01 6.000000e-01
      vertex 2.452993e+01 -3.935688e+01 6.000000e-01
      vertex 2.462684e+01 -3.929559e+01 6.000000e-01
    endloop
  endfacet
  facet normal 0.000000e+00 0.000000e+00 1.000000e+00
    outer loop
      vertex 2.462684e+01 -3.929559e+01 6.000000e-01
      vertex 2.452993e+01 -3.935688e+01 6.000000e-01
      vertex 2.476621e+01 -3.935534e+01 6.000000e-01
    endloop
  endfacet
  facet normal 0.000000e+00 0.000000e+00 1.000000e+00
    outer loop
      vertex 2.476631e+01 -3.699817e+01 6.000000e-01
      vertex 2.489120e+01 -3.690107e+01 6.000000e-01
      vertex 2.454124e+01 -3.674976e+01 6.000000e-01
    endloop
  endfacet
  facet normal 0.000000e+00 0.000000e+00 1.000000e+00
    outer loop
      vertex 2.498224e+01 -3.678585e+01 6.000000e-01
      vertex 2.475944e+01 -3.653323e+01 6.000000e-01
      vertex 2.489120e+01 -3.690107e+01 6.000000e-01
    endloop
  endfacet
  facet normal 0.000000e+00 0.000000e+00 1.000000e+00
    outer loop
      vertex 2.474625e+01 -3.957488e+01 6.000000e-01
      vertex 2.498595e+01 -3.956051e+01 6.000000e-01
      vertex 2.488917e+01 -3.944391e+01 6.000000e-01
    endloop
  endfacet
  facet normal 0.000000e+00 0.000000e+00 1.000000e+00
    outer loop
      vertex 2.476621e+01 -3.935534e+01 6.000000e-01
      vertex 2.474625e+01 -3.957488e+01 6.000000e-01
      vertex 2.488917e+01 -3.944391e+01 6.000000e-01
    endloop
  endfacet
  facet normal 0.000000e+00 0.000000e+00 1.000000e+00
    outer loop
      vertex 2.255052e+01 -3.949483e+01 6.000000e-01
      vertex 2.432733e+01 -3.925204e+01 6.000000e-01
      vertex 2.169552e+01 -3.925217e+01 6.000000e-01
    endloop
  endfacet
  facet normal 0.000000e+00 0.000000e+00 1.000000e+00
    outer loop
      vertex 2.496256e+01 -3.979287e+01 6.000000e-01
      vertex 2.498595e+01 -3.956051e+01 6.000000e-01
      vertex 2.474625e+01 -3.957488e+01 6.000000e-01
    endloop
  endfacet
  facet normal 0.000000e+00 0.000000e+00 1.000000e+00
    outer loop
      vertex 2.510123e+01 -3.999484e+01 6.000000e-01
      vertex 2.474436e+01 -4.000940e+01 6.000000e-01
      vertex 2.496068e+01 -4.022740e+01 6.000000e-01
    endloop
  endfacet
  facet normal 0.000000e+00 0.000000e+00 1.000000e+00
    outer loop
      vertex 2.498589e+01 -4.042944e+01 6.000000e-01
      vertex 2.496068e+01 -4.022740e+01 6.000000e-01
      vertex 2.474247e+01 -4.044393e+01 6.000000e-01
    endloop
  endfacet
  facet normal 0.000000e+00 0.000000e+00 1.000000e+00
    outer loop
      vertex 2.476626e+01 -4.063462e+01 6.000000e-01
      vertex 2.488512e+01 -4.054974e+01 6.000000e-01
      vertex 2.474247e+01 -4.044393e+01 6.000000e-01
    endloop
  endfacet
  facet normal 0.000000e+00 0.000000e+00 1.000000e+00
    outer loop
      vertex 2.498589e+01 -4.042944e+01 6.000000e-01
      vertex 2.474247e+01 -4.044393e+01 6.000000e-01
      vertex 2.488512e+01 -4.054974e+01 6.000000e-01
    endloop
  endfacet
  facet normal 0.000000e+00 0.000000e+00 1.000000e+00
    outer loop
      vertex 2.498589e+01 -4.042944e+01 6.000000e-01
      vertex 2.505273e+01 -4.029336e+01 6.000000e-01
      vertex 2.496068e+01 -4.022740e+01 6.000000e-01
    endloop
  endfacet
  facet normal 0.000000e+00 0.000000e+00 1.000000e+00
    outer loop
      vertex 2.474247e+01 -4.044393e+01 6.000000e-01
      vertex 2.462687e+01 -4.069447e+01 6.000000e-01
      vertex 2.476626e+01 -4.063462e+01 6.000000e-01
    endloop
  endfacet
  facet normal 0.000000e+00 0.000000e+00 1.000000e+00
    outer loop
      vertex 2.508987e+01 -3.984333e+01 6.000000e-01
      vertex 2.505277e+01 -3.969658e+01 6.000000e-01
      vertex 2.496256e+01 -3.979287e+01 6.000000e-01
    endloop
  endfacet
  facet normal 0.000000e+00 0.000000e+00 1.000000e+00
    outer loop
      vertex 2.510123e+01 -3.999484e+01 6.000000e-01
      vertex 2.508987e+01 -3.984333e+01 6.000000e-01
      vertex 2.496256e+01 -3.979287e+01 6.000000e-01
    endloop
  endfacet
  facet normal 0.000000e+00 0.000000e+00 1.000000e+00
    outer loop
      vertex 2.496068e+01 -4.022740e+01 6.000000e-01
      vertex 2.505273e+01 -4.029336e+01 6.000000e-01
      vertex 2.508988e+01 -4.014640e+01 6.000000e-01
    endloop
  endfacet
  facet normal 0.000000e+00 0.000000e+00 1.000000e+00
    outer loop
      vertex 2.508988e+01 -4.014640e+01 6.000000e-01
      vertex 2.510123e+01 -3.999484e+01 6.000000e-01
      vertex 2.496068e+01 -4.022740e+01 6.000000e-01
    endloop
  endfacet
  facet normal 0.000000e+00 0.000000e+00 1.000000e+00
    outer loop
      vertex 2.510123e+01 -3.999484e+01 6.000000e-01
      vertex 2.496256e+01 -3.979287e+01 6.000000e-01
      vertex 2.474436e+01 -4.000940e+01 6.000000e-01
    endloop
  endfacet
  facet normal 0.000000e+00 0.000000e+00 1.000000e+00
    outer loop
      vertex 2.496256e+01 -3.979287e+01 6.000000e-01
      vertex 2.505277e+01 -3.969658e+01 6.000000e-01
      vertex 2.498595e+01 -3.956051e+01 6.000000e-01
    endloop
  endfacet
  facet normal 0.000000e+00 0.000000e+00 1.000000e+00
    outer loop
      vertex 1.693802e+01 -3.650686e+01 6.000000e-01
      vertex 1.744899e+01 -3.584838e+01 6.000000e-01
      vertex 1.698066e+01 -3.559403e+01 6.000000e-01
    endloop
  endfacet
  facet normal 0.000000e+00 1.000000e+00 0.000000e+00
    outer loop
      vertex 1.744940e+01 -3.949483e+01 2.100000e+00
      vertex 1.829958e+01 -3.949483e+01 6.000000e-01
      vertex 1.744940e+01 -3.949483e+01 6.000000e-01
    endloop
  endfacet
  facet normal 0.000000e+00 1.000000e+00 0.000000e+00
    outer loop
      vertex 1.744940e+01 -3.949483e+01 2.100000e+00
      vertex 1.914977e+01 -3.949483e+01 6.000000e-01
      vertex 1.829958e+01 -3.949483e+01 6.000000e-01
    endloop
  endfacet
  facet normal 0.000000e+00 1.000000e+00 0.000000e+00
    outer loop
      vertex 1.999996e+01 -3.949483e+01 3.600000e+00
      vertex 1.744940e+01 -3.949483e+01 2.100000e+00
      vertex 1.744940e+01 -3.949483e+01 3.600000e+00
    endloop
  endfacet
  facet normal 0.000000e+00 1.000000e+00 0.000000e+00
    outer loop
      vertex 1.914977e+01 -3.949483e+01 6.000000e-01
      vertex 1.744940e+01 -3.949483e+01 2.100000e+00
      vertex 1.999996e+01 -3.949483e+01 6.000000e-01
    endloop
  endfacet
  facet normal 0.000000e+00 1.000000e+00 0.000000e+00
    outer loop
      vertex 1.999996e+01 -3.949483e+01 6.000000e-01
      vertex 1.744940e+01 -3.949483e+01 2.100000e+00
      vertex 2.255052e+01 -3.949483e+01 2.100000e+00
    endloop
  endfacet
  facet normal 0.000000e+00 1.000000e+00 0.000000e+00
    outer loop
      vertex 2.255052e+01 -3.949483e+01 2.100000e+00
      vertex 2.170033e+01 -3.949483e+01 6.000000e-01
      vertex 2.085014e+01 -3.949483e+01 6.000000e-01
    endloop
  endfacet
  facet normal 0.000000e+00 1.000000e+00 0.000000e+00
    outer loop
      vertex 2.255052e+01 -3.949483e+01 2.100000e+00
      vertex 2.255052e+01 -3.949483e+01 6.000000e-01
      vertex 2.170033e+01 -3.949483e+01 6.000000e-01
    endloop
  endfacet
  facet normal 0.000000e+00 1.000000e+00 0.000000e+00
    outer loop
      vertex 2.255052e+01 -3.949483e+01 3.600000e+00
      vertex 2.255052e+01 -3.949483e+01 2.100000e+00
      vertex 1.999996e+01 -3.949483e+01 3.600000e+00
    endloop
  endfacet
  facet normal 0.000000e+00 1.000000e+00 0.000000e+00
    outer loop
      vertex 2.255052e+01 -3.949483e+01 2.100000e+00
      vertex 1.744940e+01 -3.949483e+01 2.100000e+00
      vertex 1.999996e+01 -3.949483e+01 3.600000e+00
    endloop
  endfacet
  facet normal 0.000000e+00 1.000000e+00 0.000000e+00
    outer loop
      vertex 2.085014e+01 -3.949483e+01 6.000000e-01
      vertex 1.999996e+01 -3.949483e+01 6.000000e-01
      vertex 2.255052e+01 -3.949483e+01 2.100000e+00
    endloop
  endfacet
  facet normal 1.000000e+00 0.000000e+00 0.000000e+00
    outer loop
      vertex 2.255052e+01 -4.049483e+01 2.100000e+00
      vertex 2.255052e+01 -4.049483e+01 6.000000e-01
      vertex 2.255052e+01 -3.999483e+01 6.000000e-01
    endloop
  endfacet
  facet normal 1.000000e+00 0.000000e+00 0.000000e+00
    outer loop
      vertex 2.255052e+01 -3.949483e+01 2.100000e+00
      vertex 2.255052e+01 -3.999483e+01 6.000000e-01
      vertex 2.255052e+01 -3.949483e+01 6.000000e-01
    endloop
  endfacet
  facet normal 1.000000e+00 0.000000e+00 0.000000e+00
    outer loop
      vertex 2.255052e+01 -4.049483e+01 3.600000e+00
      vertex 2.255052e+01 -4.049483e+01 2.100000e+00
      vertex 2.255052e+01 -3.949483e+01 2.100000e+00
    endloop
  endfacet
  facet normal 1.000000e+00 0.000000e+00 0.000000e+00
    outer loop
      vertex 2.255052e+01 -4.049483e+01 3.600000e+00
      vertex 2.255052e+01 -3.949483e+01 2.100000e+00
      vertex 2.255052e+01 -3.949483e+01 3.600000e+00
    endloop
  endfacet
  facet normal 1.000000e+00 0.000000e+00 0.000000e+00
    outer loop
      vertex 2.255052e+01 -3.999483e+01 6.000000e-01
      vertex 2.255052e+01 -3.949483e+01 2.100000e+00
      vertex 2.255052e+01 -4.049483e+01 2.100000e+00
    endloop
  endfacet
  facet normal 0.000000e+00 -1.000000e+00 0.000000e+00
    outer loop
      vertex 2.255052e+01 -4.049483e+01 2.100000e+00
      vertex 2.170033e+01 -4.049483e+01 6.000000e-01
      vertex 2.255052e+01 -4.049483e+01 6.000000e-01
    endloop
  endfacet
  facet normal 0.000000e+00 -1.000000e+00 0.000000e+00
    outer loop
      vertex 2.255052e+01 -4.049483e+01 2.100000e+00
      vertex 2.085014e+01 -4.049483e+01 6.000000e-01
      vertex 2.170033e+01 -4.049483e+01 6.000000e-01
    endloop
  endfacet
  facet normal 0.000000e+00 -1.000000e+00 0.000000e+00
    outer loop
      vertex 1.999996e+01 -4.049483e+01 3.600000e+00
      vertex 2.255052e+01 -4.049483e+01 2.100000e+00
      vertex 2.255052e+01 -4.049483e+01 3.600000e+00
    endloop
  endfacet
  facet normal 0.000000e+00 -1.000000e+00 0.000000e+00
    outer loop
      vertex 2.085014e+01 -4.049483e+01 6.000000e-01
      vertex 2.255052e+01 -4.049483e+01 2.100000e+00
      vertex 1.999996e+01 -4.049483e+01 6.000000e-01
    endloop
  endfacet
  facet normal 0.000000e+00 -1.000000e+00 0.000000e+00
    outer loop
      vertex 1.999996e+01 -4.049483e+01 6.000000e-01
      vertex 2.255052e+01 -4.049483e+01 2.100000e+00
      vertex 1.999996e+01 -4.049483e+01 3.600000e+00
    endloop
  endfacet
  facet normal -0.000000e+00 -1.000000e+00 -0.000000e+00
    outer loop
      vertex 1.744940e+01 -4.049483e+01 2.100000e+00
      vertex 1.829958e+01 -4.049483e+01 6.000000e-01
      vertex 1.914977e+01 -4.049483e+01 6.000000e-01
    endloop
  endfacet
  facet normal -0.000000e+00 -1.000000e+00 -0.000000e+00
    outer loop
      vertex 1.744940e+01 -4.049483e+01 2.100000e+00
      vertex 1.744940e+01 -4.049483e+01 6.000000e-01
      vertex 1.829958e+01 -4.049483e+01 6.000000e-01
    endloop
  endfacet
  facet normal 0.000000e+00 -1.000000e+00 0.000000e+00
    outer loop
      vertex 1.744940e+01 -4.049483e+01 3.600000e+00
      vertex 1.744940e+01 -4.049483e+01 2.100000e+00
      vertex 1.999996e+01 -4.049483e+01 3.600000e+00
    endloop
  endfacet
  facet normal 0.000000e+00 -1.000000e+00 0.000000e+00
    outer loop
      vertex 1.744940e+01 -4.049483e+01 2.100000e+00
      vertex 1.999996e+01 -4.049483e+01 6.000000e-01
      vertex 1.999996e+01 -4.049483e+01 3.600000e+00
    endloop
  endfacet
  facet normal 0.000000e+00 -1.000000e+00 0.000000e+00
    outer loop
      vertex 1.914977e+01 -4.049483e+01 6.000000e-01
      vertex 1.999996e+01 -4.049483e+01 6.000000e-01
      vertex 1.744940e+01 -4.049483e+01 2.100000e+00
    endloop
  endfacet
  facet normal -1.000000e+00 0.000000e+00 0.000000e+00
    outer loop
      vertex 1.744940e+01 -3.949483e+01 2.100000e+00
      vertex 1.744940e+01 -3.949483e+01 6.000000e-01
      vertex 1.744940e+01 -3.999483e+01 6.000000e-01
    endloop
  endfacet
  facet normal -1.000000e+00 0.000000e+00 0.000000e+00
    outer loop
      vertex 1.744940e+01 -4.049483e+01 2.100000e+00
      vertex 1.744940e+01 -3.999483e+01 6.000000e-01
      vertex 1.744940e+01 -4.049483e+01 6.000000e-01
    endloop
  endfacet
  facet normal -1.000000e+00 0.000000e+00 0.000000e+00
    outer loop
      vertex 1.744940e+01 -3.949483e+01 2.100000e+00
      vertex 1.744940e+01 -4.049483e+01 2.100000e+00
      vertex 1.744940e+01 -4.049483e+01 3.600000e+00
    endloop
  endfacet
  facet normal -1.000000e+00 0.000000e+00 0.000000e+00
    outer loop
      vertex 1.744940e+01 -3.949483e+01 2.100000e+00
      vertex 1.744940e+01 -4.049483e+01 3.600000e+00
      vertex 1.744940e+01 -3.949483e+01 3.600000e+00
    endloop
  endfacet
  facet normal -1.000000e+00 0.000000e+00 0.000000e+00
    outer loop
      vertex 1.744940e+01 -3.999483e+01 6.000000e-01
      vertex 1.744940e+01 -4.049483e+01 2.100000e+00
      vertex 1.744940e+01 -3.949483e+01 2.100000e+00
    endloop
  endfacet
  facet normal 0.000000e+00 0.000000e+00 1.000000e+00
    outer loop
      vertex 1.999996e+01 -3.949483e+01 3.600000e+00
      vertex 1.999996e+01 -4.049483e+01 3.600000e+00
      vertex 2.255052e+01 -4.049483e+01 3.600000e+00
    endloop
  endfacet
  facet normal 0.000000e+00 0.000000e+00 1.000000e+00
    outer loop
      vertex 1.999996e+01 -3.949483e+01 3.600000e+00
      vertex 2.255052e+01 -4.049483e+01 3.600000e+00
      vertex 2.255052e+01 -3.949483e+01 3.600000e+00
    endloop
  endfacet
  facet normal 0.000000e+00 0.000000e+00 1.000000e+00
    outer loop
      vertex 1.744940e+01 -3.949483e+01 3.600000e+00
      vertex 1.744940e+01 -4.049483e+01 3.600000e+00
      vertex 1.999996e+01 -4.049483e+01 3.600000e+00
    endloop
  endfacet
  facet normal 0.000000e+00 0.000000e+00 1.000000e+00
    outer loop
      vertex 1.744940e+01 -3.949483e+01 3.600000e+00
      vertex 1.999996e+01 -4.049483e+01 3.600000e+00
      vertex 1.999996e+01 -3.949483e+01 3.600000e+00
    endloop
  endfacet
  facet normal 0.000000e+00 1.000000e+00 0.000000e+00
    outer loop
      vertex 1.744938e+01 -4.313844e+01 2.100000e+00
      vertex 1.744938e+01 -4.313844e+01 3.600000e+00
      vertex 1.999994e+01 -4.313844e+01 3.600000e+00
    endloop
  endfacet
  facet normal 0.000000e+00 1.000000e+00 0.000000e+00
    outer loop
      vertex 1.999994e+01 -4.313844e+01 6.000000e-01
      vertex 1.914975e+01 -4.313844e+01 6.000000e-01
      vertex 1.744938e+01 -4.313844e+01 2.100000e+00
    endloop
  endfacet
  facet normal 0.000000e+00 1.000000e+00 0.000000e+00
    outer loop
      vertex 1.744938e+01 -4.313844e+01 2.100000e+00
      vertex 1.829957e+01 -4.313844e+01 6.000000e-01
      vertex 1.744938e+01 -4.313844e+01 6.000000e-01
    endloop
  endfacet
  facet normal 0.000000e+00 1.000000e+00 0.000000e+00
    outer loop
      vertex 1.744938e+01 -4.313844e+01 2.100000e+00
      vertex 1.914975e+01 -4.313844e+01 6.000000e-01
      vertex 1.829957e+01 -4.313844e+01 6.000000e-01
    endloop
  endfacet
  facet normal 0.000000e+00 1.000000e+00 0.000000e+00
    outer loop
      vertex 1.999994e+01 -4.313844e+01 6.000000e-01
      vertex 1.744938e+01 -4.313844e+01 2.100000e+00
      vertex 1.999994e+01 -4.313844e+01 3.600000e+00
    endloop
  endfacet
  facet normal 0.000000e+00 1.000000e+00 0.000000e+00
    outer loop
      vertex 1.999994e+01 -4.313844e+01 6.000000e-01
      vertex 1.999994e+01 -4.313844e+01 3.600000e+00
      vertex 2.255050e+01 -4.313844e+01 2.100000e+00
    endloop
  endfacet
  facet normal 0.000000e+00 1.000000e+00 0.000000e+00
    outer loop
      vertex 2.255050e+01 -4.313844e+01 3.600000e+00
      vertex 2.255050e+01 -4.313844e+01 2.100000e+00
      vertex 1.999994e+01 -4.313844e+01 3.600000e+00
    endloop
  endfacet
  facet normal 0.000000e+00 1.000000e+00 0.000000e+00
    outer loop
      vertex 2.085013e+01 -4.313844e+01 6.000000e-01
      vertex 1.999994e+01 -4.313844e+01 6.000000e-01
      vertex 2.255050e+01 -4.313844e+01 2.100000e+00
    endloop
  endfacet
  facet normal 0.000000e+00 1.000000e+00 0.000000e+00
    outer loop
      vertex 2.255050e+01 -4.313844e+01 2.100000e+00
      vertex 2.170031e+01 -4.313844e+01 6.000000e-01
      vertex 2.085013e+01 -4.313844e+01 6.000000e-01
    endloop
  endfacet
  facet normal 0.000000e+00 1.000000e+00 0.000000e+00
    outer loop
      vertex 2.255050e+01 -4.313844e+01 2.100000e+00
      vertex 2.255050e+01 -4.313844e+01 6.000000e-01
      vertex 2.170031e+01 -4.313844e+01 6.000000e-01
    endloop
  endfacet
  facet normal 1.000000e+00 0.000000e+00 0.000000e+00
    outer loop
      vertex 2.255050e+01 -4.313844e+01 2.100000e+00
      vertex 2.255050e+01 -4.313844e+01 3.600000e+00
      vertex 2.255050e+01 -4.413844e+01 3.600000e+00
    endloop
  endfacet
  facet normal 1.000000e+00 0.000000e+00 0.000000e+00
    outer loop
      vertex 2.255050e+01 -4.313844e+01 2.100000e+00
      vertex 2.255050e+01 -4.413844e+01 3.600000e+00
      vertex 2.255050e+01 -4.413844e+01 2.100000e+00
    endloop
  endfacet
  facet normal 1.000000e+00 0.000000e+00 0.000000e+00
    outer loop
      vertex 2.255050e+01 -4.363844e+01 6.000000e-01
      vertex 2.255050e+01 -4.313844e+01 6.000000e-01
      vertex 2.255050e+01 -4.313844e+01 2.100000e+00
    endloop
  endfacet
  facet normal 1.000000e+00 0.000000e+00 0.000000e+00
    outer loop
      vertex 2.255050e+01 -4.313844e+01 2.100000e+00
      vertex 2.255050e+01 -4.413844e+01 2.100000e+00
      vertex 2.255050e+01 -4.363844e+01 6.000000e-01
    endloop
  endfacet
  facet normal 1.000000e+00 0.000000e+00 0.000000e+00
    outer loop
      vertex 2.255050e+01 -4.413844e+01 2.100000e+00
      vertex 2.255050e+01 -4.413844e+01 6.000000e-01
      vertex 2.255050e+01 -4.363844e+01 6.000000e-01
    endloop
  endfacet
  facet normal -0.000000e+00 -1.000000e+00 -0.000000e+00
    outer loop
      vertex 2.255050e+01 -4.413844e+01 2.100000e+00
      vertex 2.255050e+01 -4.413844e+01 3.600000e+00
      vertex 1.999994e+01 -4.413844e+01 3.600000e+00
    endloop
  endfacet
  facet normal 0.000000e+00 -1.000000e+00 0.000000e+00
    outer loop
      vertex 1.999994e+01 -4.413844e+01 6.000000e-01
      vertex 2.085013e+01 -4.413844e+01 6.000000e-01
      vertex 2.255050e+01 -4.413844e+01 2.100000e+00
    endloop
  endfacet
  facet normal 0.000000e+00 -1.000000e+00 0.000000e+00
    outer loop
      vertex 2.255050e+01 -4.413844e+01 2.100000e+00
      vertex 2.170031e+01 -4.413844e+01 6.000000e-01
      vertex 2.255050e+01 -4.413844e+01 6.000000e-01
    endloop
  endfacet
  facet normal 0.000000e+00 -1.000000e+00 0.000000e+00
    outer loop
      vertex 2.255050e+01 -4.413844e+01 2.100000e+00
      vertex 2.085013e+01 -4.413844e+01 6.000000e-01
      vertex 2.170031e+01 -4.413844e+01 6.000000e-01
    endloop
  endfacet
  facet normal 0.000000e+00 -1.000000e+00 0.000000e+00
    outer loop
      vertex 1.999994e+01 -4.413844e+01 6.000000e-01
      vertex 2.255050e+01 -4.413844e+01 2.100000e+00
      vertex 1.999994e+01 -4.413844e+01 3.600000e+00
    endloop
  endfacet
  facet normal 0.000000e+00 -1.000000e+00 0.000000e+00
    outer loop
      vertex 1.999994e+01 -4.413844e+01 6.000000e-01
      vertex 1.999994e+01 -4.413844e+01 3.600000e+00
      vertex 1.744938e+01 -4.413844e+01 2.100000e+00
    endloop
  endfacet
  facet normal 0.000000e+00 -1.000000e+00 0.000000e+00
    outer loop
      vertex 1.744938e+01 -4.413844e+01 3.600000e+00
      vertex 1.744938e+01 -4.413844e+01 2.100000e+00
      vertex 1.999994e+01 -4.413844e+01 3.600000e+00
    endloop
  endfacet
  facet normal -0.000000e+00 -1.000000e+00 -0.000000e+00
    outer loop
      vertex 1.914975e+01 -4.413844e+01 6.000000e-01
      vertex 1.999994e+01 -4.413844e+01 6.000000e-01
      vertex 1.744938e+01 -4.413844e+01 2.100000e+00
    endloop
  endfacet
  facet normal 0.000000e+00 -1.000000e+00 0.000000e+00
    outer loop
      vertex 1.744938e+01 -4.413844e+01 2.100000e+00
      vertex 1.829957e+01 -4.413844e+01 6.000000e-01
      vertex 1.914975e+01 -4.413844e+01 6.000000e-01
    endloop
  endfacet
  facet normal -0.000000e+00 -1.000000e+00 -0.000000e+00
    outer loop
      vertex 1.744938e+01 -4.413844e+01 2.100000e+00
      vertex 1.744938e+01 -4.413844e+01 6.000000e-01
      vertex 1.829957e+01 -4.413844e+01 6.000000e-01
    endloop
  endfacet
  facet normal -1.000000e+00 0.000000e+00 0.000000e+00
    outer loop
      vertex 1.744938e+01 -4.413844e+01 2.100000e+00
      vertex 1.744938e+01 -4.413844e+01 3.600000e+00
      vertex 1.744938e+01 -4.313844e+01 3.600000e+00
    endloop
  endfacet
  facet normal -1.000000e+00 0.000000e+00 0.000000e+00
    outer loop
      vertex 1.744938e+01 -4.413844e+01 2.100000e+00
      vertex 1.744938e+01 -4.313844e+01 3.600000e+00
      vertex 1.744938e+01 -4.313844e+01 2.100000e+00
    endloop
  endfacet
  facet normal -1.000000e+00 0.000000e+00 0.000000e+00
    outer loop
      vertex 1.744938e+01 -4.363844e+01 6.000000e-01
      vertex 1.744938e+01 -4.413844e+01 6.000000e-01
      vertex 1.744938e+01 -4.413844e+01 2.100000e+00
    endloop
  endfacet
  facet normal -1.000000e+00 0.000000e+00 0.000000e+00
    outer loop
      vertex 1.744938e+01 -4.413844e+01 2.100000e+00
      vertex 1.744938e+01 -4.313844e+01 2.100000e+00
      vertex 1.744938e+01 -4.363844e+01 6.000000e-01
    endloop
  endfacet
  facet normal -1.000000e+00 0.000000e+00 0.000000e+00
    outer loop
      vertex 1.744938e+01 -4.313844e+01 2.100000e+00
      vertex 1.744938e+01 -4.313844e+01 6.000000e-01
      vertex 1.744938e+01 -4.363844e+01 6.000000e-01
    endloop
  endfacet
  facet normal 0.000000e+00 0.000000e+00 1.000000e+00
    outer loop
      vertex 1.999994e+01 -4.413844e+01 3.600000e+00
      vertex 1.999994e+01 -4.313844e+01 3.600000e+00
      vertex 1.744938e+01 -4.313844e+01 3.600000e+00
    endloop
  endfacet
  facet normal 0.000000e+00 0.000000e+00 1.000000e+00
    outer loop
      vertex 1.999994e+01 -4.413844e+01 3.600000e+00
      vertex 1.744938e+01 -4.313844e+01 3.600000e+00
      vertex 1.744938e+01 -4.413844e+01 3.600000e+00
    endloop
  endfacet
  facet normal 0.000000e+00 0.000000e+00 1.000000e+00
    outer loop
      vertex 1.999994e+01 -4.313844e+01 3.600000e+00
      vertex 1.999994e+01 -4.413844e+01 3.600000e+00
      vertex 2.255050e+01 -4.413844e+01 3.600000e+00
    endloop
  endfacet
  facet normal 0.000000e+00 0.000000e+00 1.000000e+00
    outer loop
      vertex 1.999994e+01 -4.313844e+01 3.600000e+00
      vertex 2.255050e+01 -4.413844e+01 3.600000e+00
      vertex 2.255050e+01 -4.313844e+01 3.600000e+00
    endloop
  endfacet
  facet normal 0.000000e+00 1.000000e+00 0.000000e+00
    outer loop
      vertex 1.744899e+01 -3.584838e+01 2.100000e+00
      vertex 1.744899e+01 -3.584838e+01 3.600000e+00
      vertex 1.999955e+01 -3.584838e+01 3.600000e+00
    endloop
  endfacet
  facet normal 0.000000e+00 1.000000e+00 0.000000e+00
    outer loop
      vertex 1.999955e+01 -3.584838e+01 6.000000e-01
      vertex 1.914936e+01 -3.584838e+01 6.000000e-01
      vertex 1.744899e+01 -3.584838e+01 2.100000e+00
    endloop
  endfacet
  facet normal 0.000000e+00 1.000000e+00 0.000000e+00
    outer loop
      vertex 1.744899e+01 -3.584838e+01 2.100000e+00
      vertex 1.829917e+01 -3.584838e+01 6.000000e-01
      vertex 1.744899e+01 -3.584838e+01 6.000000e-01
    endloop
  endfacet
  facet normal 0.000000e+00 1.000000e+00 0.000000e+00
    outer loop
      vertex 1.744899e+01 -3.584838e+01 2.100000e+00
      vertex 1.914936e+01 -3.584838e+01 6.000000e-01
      vertex 1.829917e+01 -3.584838e+01 6.000000e-01
    endloop
  endfacet
  facet normal 0.000000e+00 1.000000e+00 0.000000e+00
    outer loop
      vertex 1.999955e+01 -3.584838e+01 6.000000e-01
      vertex 1.744899e+01 -3.584838e+01 2.100000e+00
      vertex 1.999955e+01 -3.584838e+01 3.600000e+00
    endloop
  endfacet
  facet normal 0.000000e+00 1.000000e+00 0.000000e+00
    outer loop
      vertex 1.999955e+01 -3.584838e+01 6.000000e-01
      vertex 1.999955e+01 -3.584838e+01 3.600000e+00
      vertex 2.255011e+01 -3.584838e+01 2.100000e+00
    endloop
  endfacet
  facet normal 0.000000e+00 1.000000e+00 0.000000e+00
    outer loop
      vertex 2.255011e+01 -3.584838e+01 3.600000e+00
      vertex 2.255011e+01 -3.584838e+01 2.100000e+00
      vertex 1.999955e+01 -3.584838e+01 3.600000e+00
    endloop
  endfacet
  facet normal 0.000000e+00 1.000000e+00 0.000000e+00
    outer loop
      vertex 2.084973e+01 -3.584838e+01 6.000000e-01
      vertex 1.999955e+01 -3.584838e+01 6.000000e-01
      vertex 2.255011e+01 -3.584838e+01 2.100000e+00
    endloop
  endfacet
  facet normal 0.000000e+00 1.000000e+00 0.000000e+00
    outer loop
      vertex 2.255011e+01 -3.584838e+01 2.100000e+00
      vertex 2.169992e+01 -3.584838e+01 6.000000e-01
      vertex 2.084973e+01 -3.584838e+01 6.000000e-01
    endloop
  endfacet
  facet normal 0.000000e+00 1.000000e+00 0.000000e+00
    outer loop
      vertex 2.255011e+01 -3.584838e+01 2.100000e+00
      vertex 2.255011e+01 -3.584838e+01 6.000000e-01
      vertex 2.169992e+01 -3.584838e+01 6.000000e-01
    endloop
  endfacet
  facet normal 1.000000e+00 0.000000e+00 0.000000e+00
    outer loop
      vertex 2.255011e+01 -3.584838e+01 2.100000e+00
      vertex 2.255011e+01 -3.584838e+01 3.600000e+00
      vertex 2.255011e+01 -3.684838e+01 3.600000e+00
    endloop
  endfacet
  facet normal 1.000000e+00 0.000000e+00 0.000000e+00
    outer loop
      vertex 2.255011e+01 -3.584838e+01 2.100000e+00
      vertex 2.255011e+01 -3.684838e+01 3.600000e+00
      vertex 2.255011e+01 -3.684838e+01 2.100000e+00
    endloop
  endfacet
  facet normal 1.000000e+00 0.000000e+00 0.000000e+00
    outer loop
      vertex 2.255011e+01 -3.634838e+01 6.000000e-01
      vertex 2.255011e+01 -3.584838e+01 6.000000e-01
      vertex 2.255011e+01 -3.584838e+01 2.100000e+00
    endloop
  endfacet
  facet normal 1.000000e+00 0.000000e+00 0.000000e+00
    outer loop
      vertex 2.255011e+01 -3.584838e+01 2.100000e+00
      vertex 2.255011e+01 -3.684838e+01 2.100000e+00
      vertex 2.255011e+01 -3.634838e+01 6.000000e-01
    endloop
  endfacet
  facet normal 1.000000e+00 0.000000e+00 0.000000e+00
    outer loop
      vertex 2.255011e+01 -3.684838e+01 2.100000e+00
      vertex 2.255011e+01 -3.684838e+01 6.000000e-01
      vertex 2.255011e+01 -3.634838e+01 6.000000e-01
    endloop
  endfacet
  facet normal -0.000000e+00 -1.000000e+00 -0.000000e+00
    outer loop
      vertex 2.255011e+01 -3.684838e+01 2.100000e+00
      vertex 2.255011e+01 -3.684838e+01 3.600000e+00
      vertex 1.999955e+01 -3.684838e+01 3.600000e+00
    endloop
  endfacet
  facet normal 0.000000e+00 -1.000000e+00 0.000000e+00
    outer loop
      vertex 1.999955e+01 -3.684838e+01 6.000000e-01
      vertex 2.084973e+01 -3.684838e+01 6.000000e-01
      vertex 2.255011e+01 -3.684838e+01 2.100000e+00
    endloop
  endfacet
  facet normal 0.000000e+00 -1.000000e+00 0.000000e+00
    outer loop
      vertex 2.255011e+01 -3.684838e+01 2.100000e+00
      vertex 2.169992e+01 -3.684838e+01 6.000000e-01
      vertex 2.255011e+01 -3.684838e+01 6.000000e-01
    endloop
  endfacet
  facet normal 0.000000e+00 -1.000000e+00 0.000000e+00
    outer loop
      vertex 2.255011e+01 -3.684838e+01 2.100000e+00
      vertex 2.084973e+01 -3.684838e+01 6.000000e-01
      vertex 2.169992e+01 -3.684838e+01 6.000000e-01
    endloop
  endfacet
  facet normal 0.000000e+00 -1.000000e+00 0.000000e+00
    outer loop
      vertex 1.999955e+01 -3.684838e+01 6.000000e-01
      vertex 2.255011e+01 -3.684838e+01 2.100000e+00
      vertex 1.999955e+01 -3.684838e+01 3.600000e+00
    endloop
  endfacet
  facet normal 0.000000e+00 -1.000000e+00 0.000000e+00
    outer loop
      vertex 1.999955e+01 -3.684838e+01 6.000000e-01
      vertex 1.999955e+01 -3.684838e+01 3.600000e+00
      vertex 1.744899e+01 -3.684838e+01 2.100000e+00
    endloop
  endfacet
  facet normal 0.000000e+00 -1.000000e+00 0.000000e+00
    outer loop
      vertex 1.744899e+01 -3.684838e+01 3.600000e+00
      vertex 1.744899e+01 -3.684838e+01 2.100000e+00
      vertex 1.999955e+01 -3.684838e+01 3.600000e+00
    endloop
  endfacet
  facet normal -0.000000e+00 -1.000000e+00 -0.000000e+00
    outer loop
      vertex 1.914936e+01 -3.684838e+01 6.000000e-01
      vertex 1.999955e+01 -3.684838e+01 6.000000e-01
      vertex 1.744899e+01 -3.684838e+01 2.100000e+00
    endloop
  endfacet
  facet normal 0.000000e+00 -1.000000e+00 0.000000e+00
    outer loop
      vertex 1.744899e+01 -3.684838e+01 2.100000e+00
      vertex 1.829917e+01 -3.684838e+01 6.000000e-01
      vertex 1.914936e+01 -3.684838e+01 6.000000e-01
    endloop
  endfacet
  facet normal -0.000000e+00 -1.000000e+00 -0.000000e+00
    outer loop
      vertex 1.744899e+01 -3.684838e+01 2.100000e+00
      vertex 1.744899e+01 -3.684838e+01 6.000000e-01
      vertex 1.829917e+01 -3.684838e+01 6.000000e-01
    endloop
  endfacet
  facet normal -1.000000e+00 0.000000e+00 0.000000e+00
    outer loop
      vertex 1.744899e+01 -3.684838e+01 2.100000e+00
      vertex 1.744899e+01 -3.684838e+01 3.600000e+00
      vertex 1.744899e+01 -3.584838e+01 3.600000e+00
    endloop
  endfacet
  facet normal -1.000000e+00 0.000000e+00 0.000000e+00
    outer loop
      vertex 1.744899e+01 -3.684838e+01 2.100000e+00
      vertex 1.744899e+01 -3.584838e+01 3.600000e+00
      vertex 1.744899e+01 -3.584838e+01 2.100000e+00
    endloop
  endfacet
  facet normal -1.000000e+00 0.000000e+00 0.000000e+00
    outer loop
      vertex 1.744899e+01 -3.634838e+01 6.000000e-01
      vertex 1.744899e+01 -3.684838e+01 6.000000e-01
      vertex 1.744899e+01 -3.684838e+01 2.100000e+00
    endloop
  endfacet
  facet normal -1.000000e+00 0.000000e+00 0.000000e+00
    outer loop
      vertex 1.744899e+01 -3.684838e+01 2.100000e+00
      vertex 1.744899e+01 -3.584838e+01 2.100000e+00
      vertex 1.744899e+01 -3.634838e+01 6.000000e-01
    endloop
  endfacet
  facet normal -1.000000e+00 0.000000e+00 0.000000e+00
    outer loop
      vertex 1.744899e+01 -3.584838e+01 2.100000e+00
      vertex 1.744899e+01 -3.584838e+01 6.000000e-01
      vertex 1.744899e+01 -3.634838e+01 6.000000e-01
    endloop
  endfacet
  facet normal -9.065636e-01 4.220693e-01 0.000000e+00
    outer loop
      vertex 1.612876e+01 -4.817431e+01 3.750000e-02
      vertex 1.613243e+01 -4.816644e+01 3.750000e-02
      vertex 1.613243e+01 -4.816644e+01 3.408595e-14
    endloop
  endfacet
  facet normal -9.065636e-01 4.220693e-01 0.000000e+00
    outer loop
      vertex 1.612876e+01 -4.817431e+01 3.750000e-02
      vertex 1.613243e+01 -4.816644e+01 3.408595e-14
      vertex 1.612876e+01 -4.817431e+01 3.761898e-14
    endloop
  endfacet
  facet normal -9.065636e-01 4.220693e-01 0.000000e+00
    outer loop
      vertex 1.612876e+01 -4.817431e+01 1.125000e-01
      vertex 1.613243e+01 -4.816644e+01 1.125000e-01
      vertex 1.613243e+01 -4.816644e+01 7.500000e-02
    endloop
  endfacet
  facet normal -9.065636e-01 4.220693e-01 0.000000e+00
    outer loop
      vertex 1.612876e+01 -4.817431e+01 1.125000e-01
      vertex 1.613243e+01 -4.816644e+01 7.500000e-02
      vertex 1.612876e+01 -4.817431e+01 7.500000e-02
    endloop
  endfacet
  facet normal -9.065636e-01 4.220693e-01 0.000000e+00
    outer loop
      vertex 1.612876e+01 -4.817431e+01 7.500000e-02
      vertex 1.613243e+01 -4.816644e+01 7.500000e-02
      vertex 1.613243e+01 -4.816644e+01 3.750000e-02
    endloop
  endfacet
  facet normal -9.065636e-01 4.220693e-01 0.000000e+00
    outer loop
      vertex 1.612876e+01 -4.817431e+01 7.500000e-02
      vertex 1.613243e+01 -4.816644e+01 3.750000e-02
      vertex 1.612876e+01 -4.817431e+01 3.750000e-02
    endloop
  endfacet
  facet normal -9.065636e-01 4.220693e-01 0.000000e+00
    outer loop
      vertex 1.612876e+01 -4.817431e+01 1.875000e-01
      vertex 1.613243e+01 -4.816644e+01 1.875000e-01
      vertex 1.613243e+01 -4.816644e+01 1.500000e-01
    endloop
  endfacet
  facet normal -9.065636e-01 4.220693e-01 0.000000e+00
    outer loop
      vertex 1.612876e+01 -4.817431e+01 1.875000e-01
      vertex 1.613243e+01 -4.816644e+01 1.500000e-01
      vertex 1.612876e+01 -4.817431e+01 1.500000e-01
    endloop
  endfacet
  facet normal -9.065636e-01 4.220693e-01 0.000000e+00
    outer loop
      vertex 1.612876e+01 -4.817431e+01 2.625000e-01
      vertex 1.613243e+01 -4.816644e+01 2.625000e-01
      vertex 1.613243e+01 -4.816644e+01 2.250000e-01
    endloop
  endfacet
  facet normal -9.065636e-01 4.220693e-01 0.000000e+00
    outer loop
      vertex 1.612876e+01 -4.817431e+01 2.625000e-01
      vertex 1.613243e+01 -4.816644e+01 2.250000e-01
      vertex 1.612876e+01 -4.817431e+01 2.250000e-01
    endloop
  endfacet
  facet normal -9.065636e-01 4.220693e-01 0.000000e+00
    outer loop
      vertex 1.612876e+01 -4.817431e+01 2.250000e-01
      vertex 1.613243e+01 -4.816644e+01 2.250000e-01
      vertex 1.613243e+01 -4.816644e+01 1.875000e-01
    endloop
  endfacet
  facet normal -9.065636e-01 4.220693e-01 0.000000e+00
    outer loop
      vertex 1.612876e+01 -4.817431e+01 2.250000e-01
      vertex 1.613243e+01 -4.816644e+01 1.875000e-01
      vertex 1.612876e+01 -4.817431e+01 1.875000e-01
    endloop
  endfacet
  facet normal -9.065636e-01 4.220693e-01 0.000000e+00
    outer loop
      vertex 1.612876e+01 -4.817431e+01 1.500000e-01
      vertex 1.613243e+01 -4.816644e+01 1.500000e-01
      vertex 1.613243e+01 -4.816644e+01 1.125000e-01
    endloop
  endfacet
  facet normal -9.065636e-01 4.220693e-01 0.000000e+00
    outer loop
      vertex 1.612876e+01 -4.817431e+01 1.500000e-01
      vertex 1.613243e+01 -4.816644e+01 1.125000e-01
      vertex 1.612876e+01 -4.817431e+01 1.125000e-01
    endloop
  endfacet
  facet normal -9.065636e-01 4.220693e-01 0.000000e+00
    outer loop
      vertex 1.612876e+01 -4.817431e+01 3.375000e-01
      vertex 1.613243e+01 -4.816644e+01 3.375000e-01
      vertex 1.613243e+01 -4.816644e+01 3.000000e-01
    endloop
  endfacet
  facet normal -9.065636e-01 4.220693e-01 0.000000e+00
    outer loop
      vertex 1.612876e+01 -4.817431e+01 3.375000e-01
      vertex 1.613243e+01 -4.816644e+01 3.000000e-01
      vertex 1.612876e+01 -4.817431e+01 3.000000e-01
    endloop
  endfacet
  facet normal -9.065636e-01 4.220693e-01 0.000000e+00
    outer loop
      vertex 1.612876e+01 -4.817431e+01 4.125000e-01
      vertex 1.613243e+01 -4.816644e+01 4.125000e-01
      vertex 1.613243e+01 -4.816644e+01 3.750000e-01
    endloop
  endfacet
  facet normal -9.065636e-01 4.220693e-01 0.000000e+00
    outer loop
      vertex 1.612876e+01 -4.817431e+01 4.125000e-01
      vertex 1.613243e+01 -4.816644e+01 3.750000e-01
      vertex 1.612876e+01 -4.817431e+01 3.750000e-01
    endloop
  endfacet
  facet normal -9.065636e-01 4.220693e-01 0.000000e+00
    outer loop
      vertex 1.612876e+01 -4.817431e+01 3.750000e-01
      vertex 1.613243e+01 -4.816644e+01 3.750000e-01
      vertex 1.613243e+01 -4.816644e+01 3.375000e-01
    endloop
  endfacet
  facet normal -9.065636e-01 4.220693e-01 0.000000e+00
    outer loop
      vertex 1.612876e+01 -4.817431e+01 3.750000e-01
      vertex 1.613243e+01 -4.816644e+01 3.375000e-01
      vertex 1.612876e+01 -4.817431e+01 3.375000e-01
    endloop
  endfacet
  facet normal -9.065636e-01 4.220693e-01 0.000000e+00
    outer loop
      vertex 1.612876e+01 -4.817431e+01 4.875000e-01
      vertex 1.613243e+01 -4.816644e+01 4.875000e-01
      vertex 1.613243e+01 -4.816644e+01 4.500000e-01
    endloop
  endfacet
  facet normal -9.065636e-01 4.220693e-01 0.000000e+00
    outer loop
      vertex 1.612876e+01 -4.817431e+01 4.875000e-01
      vertex 1.613243e+01 -4.816644e+01 4.500000e-01
      vertex 1.612876e+01 -4.817431e+01 4.500000e-01
    endloop
  endfacet
  facet normal -9.065636e-01 4.220693e-01 0.000000e+00
    outer loop
      vertex 1.612876e+01 -4.817431e+01 5.625000e-01
      vertex 1.613243e+01 -4.816644e+01 5.625000e-01
      vertex 1.613243e+01 -4.816644e+01 5.250000e-01
    endloop
  endfacet
  facet normal -9.065636e-01 4.220693e-01 0.000000e+00
    outer loop
      vertex 1.612876e+01 -4.817431e+01 5.625000e-01
      vertex 1.613243e+01 -4.816644e+01 5.250000e-01
      vertex 1.612876e+01 -4.817431e+01 5.250000e-01
    endloop
  endfacet
  facet normal -9.065636e-01 4.220693e-01 0.000000e+00
    outer loop
      vertex 1.612876e+01 -4.817431e+01 6.000000e-01
      vertex 1.613243e+01 -4.816644e+01 6.000000e-01
      vertex 1.613243e+01 -4.816644e+01 5.625000e-01
    endloop
  endfacet
  facet normal -9.065636e-01 4.220693e-01 0.000000e+00
    outer loop
      vertex 1.612876e+01 -4.817431e+01 6.000000e-01
      vertex 1.613243e+01 -4.816644e+01 5.625000e-01
      vertex 1.612876e+01 -4.817431e+01 5.625000e-01
    endloop
  endfacet
  facet normal -9.065636e-01 4.220693e-01 0.000000e+00
    outer loop
      vertex 1.612876e+01 -4.817431e+01 5.250000e-01
      vertex 1.613243e+01 -4.816644e+01 5.250000e-01
      vertex 1.613243e+01 -4.816644e+01 4.875000e-01
    endloop
  endfacet
  facet normal -9.065636e-01 4.220693e-01 0.000000e+00
    outer loop
      vertex 1.612876e+01 -4.817431e+01 5.250000e-01
      vertex 1.613243e+01 -4.816644e+01 4.875000e-01
      vertex 1.612876e+01 -4.817431e+01 4.875000e-01
    endloop
  endfacet
  facet normal -9.065636e-01 4.220693e-01 0.000000e+00
    outer loop
      vertex 1.612876e+01 -4.817431e+01 4.500000e-01
      vertex 1.613243e+01 -4.816644e+01 4.500000e-01
      vertex 1.613243e+01 -4.816644e+01 4.125000e-01
    endloop
  endfacet
  facet normal -9.065636e-01 4.220693e-01 0.000000e+00
    outer loop
      vertex 1.612876e+01 -4.817431e+01 4.500000e-01
      vertex 1.613243e+01 -4.816644e+01 4.125000e-01
      vertex 1.612876e+01 -4.817431e+01 4.125000e-01
    endloop
  endfacet
  facet normal -9.065636e-01 4.220693e-01 0.000000e+00
    outer loop
      vertex 1.612876e+01 -4.817431e+01 3.000000e-01
      vertex 1.613243e+01 -4.816644e+01 3.000000e-01
      vertex 1.613243e+01 -4.816644e+01 2.625000e-01
    endloop
  endfacet
  facet normal -9.065636e-01 4.220693e-01 0.000000e+00
    outer loop
      vertex 1.612876e+01 -4.817431e+01 3.000000e-01
      vertex 1.613243e+01 -4.816644e+01 2.625000e-01
      vertex 1.612876e+01 -4.817431e+01 2.625000e-01
    endloop
  endfacet
  facet normal -4.381138e-01 -8.989195e-01 -0.000000e+00
    outer loop
      vertex 1.600808e+01 -4.810642e+01 5.250000e-01
      vertex 1.600808e+01 -4.810642e+01 4.500000e-01
      vertex 1.607018e+01 -4.813668e+01 4.500000e-01
    endloop
  endfacet
  facet normal -4.381138e-01 -8.989195e-01 0.000000e+00
    outer loop
      vertex 1.600808e+01 -4.810642e+01 5.250000e-01
      vertex 1.607018e+01 -4.813668e+01 4.500000e-01
      vertex 1.607018e+01 -4.813668e+01 5.250000e-01
    endloop
  endfacet
  facet normal -4.381138e-01 -8.989195e-01 -0.000000e+00
    outer loop
      vertex 1.600808e+01 -4.810642e+01 4.500000e-01
      vertex 1.600808e+01 -4.810642e+01 3.750000e-01
      vertex 1.607018e+01 -4.813668e+01 3.750000e-01
    endloop
  endfacet
  facet normal -4.381138e-01 -8.989195e-01 0.000000e+00
    outer loop
      vertex 1.600808e+01 -4.810642e+01 4.500000e-01
      vertex 1.607018e+01 -4.813668e+01 3.750000e-01
      vertex 1.607018e+01 -4.813668e+01 4.500000e-01
    endloop
  endfacet
  facet normal -4.381138e-01 -8.989195e-01 -0.000000e+00
    outer loop
      vertex 1.600808e+01 -4.810642e+01 3.750000e-01
      vertex 1.600808e+01 -4.810642e+01 3.000000e-01
      vertex 1.607018e+01 -4.813668e+01 3.000000e-01
    endloop
  endfacet
  facet normal -4.381138e-01 -8.989195e-01 0.000000e+00
    outer loop
      vertex 1.600808e+01 -4.810642e+01 3.750000e-01
      vertex 1.607018e+01 -4.813668e+01 3.000000e-01
      vertex 1.607018e+01 -4.813668e+01 3.750000e-01
    endloop
  endfacet
  facet normal -4.483762e-01 -8.938450e-01 0.000000e+00
    outer loop
      vertex 1.600808e+01 -4.810642e+01 3.750000e-01
      vertex 1.588435e+01 -4.804435e+01 3.000000e-01
      vertex 1.600808e+01 -4.810642e+01 3.000000e-01
    endloop
  endfacet
  facet normal -4.483762e-01 -8.938450e-01 0.000000e+00
    outer loop
      vertex 1.588435e+01 -4.804435e+01 4.500000e-01
      vertex 1.600808e+01 -4.810642e+01 3.750000e-01
      vertex 1.600808e+01 -4.810642e+01 4.500000e-01
    endloop
  endfacet
  facet normal -4.483762e-01 -8.938450e-01 0.000000e+00
    outer loop
      vertex 1.588435e+01 -4.804435e+01 3.000000e-01
      vertex 1.600808e+01 -4.810642e+01 3.750000e-01
      vertex 1.588435e+01 -4.804435e+01 4.500000e-01
    endloop
  endfacet
  facet normal -4.483762e-01 -8.938450e-01 0.000000e+00
    outer loop
      vertex 1.600808e+01 -4.810642e+01 2.250000e-01
      vertex 1.588435e+01 -4.804435e+01 1.500000e-01
      vertex 1.600808e+01 -4.810642e+01 1.500000e-01
    endloop
  endfacet
  facet normal -4.483762e-01 -8.938450e-01 0.000000e+00
    outer loop
      vertex 1.588435e+01 -4.804435e+01 3.000000e-01
      vertex 1.600808e+01 -4.810642e+01 2.250000e-01
      vertex 1.600808e+01 -4.810642e+01 3.000000e-01
    endloop
  endfacet
  facet normal -4.483762e-01 -8.938450e-01 0.000000e+00
    outer loop
      vertex 1.588435e+01 -4.804435e+01 1.500000e-01
      vertex 1.600808e+01 -4.810642e+01 2.250000e-01
      vertex 1.588435e+01 -4.804435e+01 3.000000e-01
    endloop
  endfacet
  facet normal -4.381138e-01 -8.989195e-01 -0.000000e+00
    outer loop
      vertex 1.600808e+01 -4.810642e+01 3.000000e-01
      vertex 1.600808e+01 -4.810642e+01 2.250000e-01
      vertex 1.607018e+01 -4.813668e+01 2.250000e-01
    endloop
  endfacet
  facet normal -4.381138e-01 -8.989195e-01 0.000000e+00
    outer loop
      vertex 1.600808e+01 -4.810642e+01 3.000000e-01
      vertex 1.607018e+01 -4.813668e+01 2.250000e-01
      vertex 1.607018e+01 -4.813668e+01 3.000000e-01
    endloop
  endfacet
  facet normal -4.381138e-01 -8.989195e-01 -0.000000e+00
    outer loop
      vertex 1.600808e+01 -4.810642e+01 2.250000e-01
      vertex 1.600808e+01 -4.810642e+01 1.500000e-01
      vertex 1.607018e+01 -4.813668e+01 1.500000e-01
    endloop
  endfacet
  facet normal -4.381138e-01 -8.989195e-01 0.000000e+00
    outer loop
      vertex 1.600808e+01 -4.810642e+01 2.250000e-01
      vertex 1.607018e+01 -4.813668e+01 1.500000e-01
      vertex 1.607018e+01 -4.813668e+01 2.250000e-01
    endloop
  endfacet
  facet normal -4.381138e-01 -8.989195e-01 -0.000000e+00
    outer loop
      vertex 1.600808e+01 -4.810642e+01 1.500000e-01
      vertex 1.600808e+01 -4.810642e+01 7.500000e-02
      vertex 1.607018e+01 -4.813668e+01 7.500000e-02
    endloop
  endfacet
  facet normal -4.381138e-01 -8.989195e-01 0.000000e+00
    outer loop
      vertex 1.600808e+01 -4.810642e+01 1.500000e-01
      vertex 1.607018e+01 -4.813668e+01 7.500000e-02
      vertex 1.607018e+01 -4.813668e+01 1.500000e-01
    endloop
  endfacet
  facet normal 4.329343e-01 -9.014255e-01 0.000000e+00
    outer loop
      vertex 2.389945e+01 -4.815123e+01 5.625000e-01
      vertex 2.389945e+01 -4.815123e+01 5.250000e-01
      vertex 2.393025e+01 -4.813644e+01 5.250000e-01
    endloop
  endfacet
  facet normal 4.329343e-01 -9.014255e-01 0.000000e+00
    outer loop
      vertex 2.389945e+01 -4.815123e+01 5.625000e-01
      vertex 2.393025e+01 -4.813644e+01 5.250000e-01
      vertex 2.393025e+01 -4.813644e+01 5.625000e-01
    endloop
  endfacet
  facet normal 4.381797e-01 -8.988874e-01 0.000000e+00
    outer loop
      vertex 2.393025e+01 -4.813644e+01 4.875000e-01
      vertex 2.399174e+01 -4.810646e+01 5.250000e-01
      vertex 2.393025e+01 -4.813644e+01 5.250000e-01
    endloop
  endfacet
  facet normal 4.381797e-01 -8.988874e-01 0.000000e+00
    outer loop
      vertex 2.399174e+01 -4.810646e+01 4.500000e-01
      vertex 2.393025e+01 -4.813644e+01 4.875000e-01
      vertex 2.393025e+01 -4.813644e+01 4.500000e-01
    endloop
  endfacet
  facet normal 4.381797e-01 -8.988874e-01 0.000000e+00
    outer loop
      vertex 2.399174e+01 -4.810646e+01 5.250000e-01
      vertex 2.393025e+01 -4.813644e+01 4.875000e-01
      vertex 2.399174e+01 -4.810646e+01 4.500000e-01
    endloop
  endfacet
  facet normal 4.329343e-01 -9.014255e-01 0.000000e+00
    outer loop
      vertex 2.389945e+01 -4.815123e+01 5.250000e-01
      vertex 2.389945e+01 -4.815123e+01 4.875000e-01
      vertex 2.393025e+01 -4.813644e+01 4.875000e-01
    endloop
  endfacet
  facet normal 4.329343e-01 -9.014255e-01 0.000000e+00
    outer loop
      vertex 2.389945e+01 -4.815123e+01 5.250000e-01
      vertex 2.393025e+01 -4.813644e+01 4.875000e-01
      vertex 2.393025e+01 -4.813644e+01 5.250000e-01
    endloop
  endfacet
  facet normal 4.329343e-01 -9.014255e-01 0.000000e+00
    outer loop
      vertex 2.389945e+01 -4.815123e+01 4.875000e-01
      vertex 2.389945e+01 -4.815123e+01 4.500000e-01
      vertex 2.393025e+01 -4.813644e+01 4.500000e-01
    endloop
  endfacet
  facet normal 4.329343e-01 -9.014255e-01 0.000000e+00
    outer loop
      vertex 2.389945e+01 -4.815123e+01 4.875000e-01
      vertex 2.393025e+01 -4.813644e+01 4.500000e-01
      vertex 2.393025e+01 -4.813644e+01 4.875000e-01
    endloop
  endfacet
  facet normal 4.483348e-01 -8.938657e-01 0.000000e+00
    outer loop
      vertex 2.399174e+01 -4.810646e+01 3.750000e-01
      vertex 2.411427e+01 -4.804501e+01 4.500000e-01
      vertex 2.399174e+01 -4.810646e+01 4.500000e-01
    endloop
  endfacet
  facet normal 4.483348e-01 -8.938657e-01 0.000000e+00
    outer loop
      vertex 2.411427e+01 -4.804501e+01 3.000000e-01
      vertex 2.399174e+01 -4.810646e+01 3.750000e-01
      vertex 2.399174e+01 -4.810646e+01 3.000000e-01
    endloop
  endfacet
  facet normal 4.483348e-01 -8.938657e-01 0.000000e+00
    outer loop
      vertex 2.411427e+01 -4.804501e+01 4.500000e-01
      vertex 2.399174e+01 -4.810646e+01 3.750000e-01
      vertex 2.411427e+01 -4.804501e+01 3.000000e-01
    endloop
  endfacet
  facet normal 4.329343e-01 -9.014255e-01 0.000000e+00
    outer loop
      vertex 2.389945e+01 -4.815123e+01 4.500000e-01
      vertex 2.389945e+01 -4.815123e+01 4.125000e-01
      vertex 2.393025e+01 -4.813644e+01 4.125000e-01
    endloop
  endfacet
  facet normal 4.329343e-01 -9.014255e-01 0.000000e+00
    outer loop
      vertex 2.389945e+01 -4.815123e+01 4.500000e-01
      vertex 2.393025e+01 -4.813644e+01 4.125000e-01
      vertex 2.393025e+01 -4.813644e+01 4.500000e-01
    endloop
  endfacet
  facet normal 4.329343e-01 -9.014255e-01 0.000000e+00
    outer loop
      vertex 2.389945e+01 -4.815123e+01 4.125000e-01
      vertex 2.389945e+01 -4.815123e+01 3.750000e-01
      vertex 2.393025e+01 -4.813644e+01 3.750000e-01
    endloop
  endfacet
  facet normal 4.329343e-01 -9.014255e-01 0.000000e+00
    outer loop
      vertex 2.389945e+01 -4.815123e+01 4.125000e-01
      vertex 2.393025e+01 -4.813644e+01 3.750000e-01
      vertex 2.393025e+01 -4.813644e+01 4.125000e-01
    endloop
  endfacet
  facet normal 4.381797e-01 -8.988874e-01 0.000000e+00
    outer loop
      vertex 2.393025e+01 -4.813644e+01 4.125000e-01
      vertex 2.399174e+01 -4.810646e+01 4.500000e-01
      vertex 2.393025e+01 -4.813644e+01 4.500000e-01
    endloop
  endfacet
  facet normal 4.381797e-01 -8.988874e-01 0.000000e+00
    outer loop
      vertex 2.399174e+01 -4.810646e+01 3.750000e-01
      vertex 2.393025e+01 -4.813644e+01 4.125000e-01
      vertex 2.393025e+01 -4.813644e+01 3.750000e-01
    endloop
  endfacet
  facet normal 4.381797e-01 -8.988874e-01 0.000000e+00
    outer loop
      vertex 2.399174e+01 -4.810646e+01 4.500000e-01
      vertex 2.393025e+01 -4.813644e+01 4.125000e-01
      vertex 2.399174e+01 -4.810646e+01 3.750000e-01
    endloop
  endfacet
  facet normal 4.381797e-01 -8.988874e-01 0.000000e+00
    outer loop
      vertex 2.393025e+01 -4.813644e+01 3.375000e-01
      vertex 2.399174e+01 -4.810646e+01 3.750000e-01
      vertex 2.393025e+01 -4.813644e+01 3.750000e-01
    endloop
  endfacet
  facet normal 4.381797e-01 -8.988874e-01 0.000000e+00
    outer loop
      vertex 2.399174e+01 -4.810646e+01 3.000000e-01
      vertex 2.393025e+01 -4.813644e+01 3.375000e-01
      vertex 2.393025e+01 -4.813644e+01 3.000000e-01
    endloop
  endfacet
  facet normal 4.381797e-01 -8.988874e-01 0.000000e+00
    outer loop
      vertex 2.399174e+01 -4.810646e+01 3.750000e-01
      vertex 2.393025e+01 -4.813644e+01 3.375000e-01
      vertex 2.399174e+01 -4.810646e+01 3.000000e-01
    endloop
  endfacet
  facet normal 4.329343e-01 -9.014255e-01 0.000000e+00
    outer loop
      vertex 2.389945e+01 -4.815123e+01 3.750000e-01
      vertex 2.389945e+01 -4.815123e+01 3.375000e-01
      vertex 2.393025e+01 -4.813644e+01 3.375000e-01
    endloop
  endfacet
  facet normal 4.329343e-01 -9.014255e-01 0.000000e+00
    outer loop
      vertex 2.389945e+01 -4.815123e+01 3.750000e-01
      vertex 2.393025e+01 -4.813644e+01 3.375000e-01
      vertex 2.393025e+01 -4.813644e+01 3.750000e-01
    endloop
  endfacet
  facet normal 4.329343e-01 -9.014255e-01 0.000000e+00
    outer loop
      vertex 2.389945e+01 -4.815123e+01 3.375000e-01
      vertex 2.389945e+01 -4.815123e+01 3.000000e-01
      vertex 2.393025e+01 -4.813644e+01 3.000000e-01
    endloop
  endfacet
  facet normal 4.329343e-01 -9.014255e-01 0.000000e+00
    outer loop
      vertex 2.389945e+01 -4.815123e+01 3.375000e-01
      vertex 2.393025e+01 -4.813644e+01 3.000000e-01
      vertex 2.393025e+01 -4.813644e+01 3.375000e-01
    endloop
  endfacet
  facet normal 4.329343e-01 -9.014255e-01 0.000000e+00
    outer loop
      vertex 2.389945e+01 -4.815123e+01 3.000000e-01
      vertex 2.389945e+01 -4.815123e+01 2.625000e-01
      vertex 2.393025e+01 -4.813644e+01 2.625000e-01
    endloop
  endfacet
  facet normal 4.329343e-01 -9.014255e-01 0.000000e+00
    outer loop
      vertex 2.389945e+01 -4.815123e+01 3.000000e-01
      vertex 2.393025e+01 -4.813644e+01 2.625000e-01
      vertex 2.393025e+01 -4.813644e+01 3.000000e-01
    endloop
  endfacet
  facet normal 4.329343e-01 -9.014255e-01 0.000000e+00
    outer loop
      vertex 2.389945e+01 -4.815123e+01 2.625000e-01
      vertex 2.389945e+01 -4.815123e+01 2.250000e-01
      vertex 2.393025e+01 -4.813644e+01 2.250000e-01
    endloop
  endfacet
  facet normal 4.329343e-01 -9.014255e-01 0.000000e+00
    outer loop
      vertex 2.389945e+01 -4.815123e+01 2.625000e-01
      vertex 2.393025e+01 -4.813644e+01 2.250000e-01
      vertex 2.393025e+01 -4.813644e+01 2.625000e-01
    endloop
  endfacet
  facet normal 4.381797e-01 -8.988874e-01 0.000000e+00
    outer loop
      vertex 2.393025e+01 -4.813644e+01 2.625000e-01
      vertex 2.399174e+01 -4.810646e+01 3.000000e-01
      vertex 2.393025e+01 -4.813644e+01 3.000000e-01
    endloop
  endfacet
  facet normal 4.381797e-01 -8.988874e-01 0.000000e+00
    outer loop
      vertex 2.399174e+01 -4.810646e+01 2.250000e-01
      vertex 2.393025e+01 -4.813644e+01 2.625000e-01
      vertex 2.393025e+01 -4.813644e+01 2.250000e-01
    endloop
  endfacet
  facet normal 4.381797e-01 -8.988874e-01 0.000000e+00
    outer loop
      vertex 2.399174e+01 -4.810646e+01 3.000000e-01
      vertex 2.393025e+01 -4.813644e+01 2.625000e-01
      vertex 2.399174e+01 -4.810646e+01 2.250000e-01
    endloop
  endfacet
  facet normal 4.381797e-01 -8.988874e-01 0.000000e+00
    outer loop
      vertex 2.393025e+01 -4.813644e+01 1.875000e-01
      vertex 2.399174e+01 -4.810646e+01 2.250000e-01
      vertex 2.393025e+01 -4.813644e+01 2.250000e-01
    endloop
  endfacet
  facet normal 4.381797e-01 -8.988874e-01 0.000000e+00
    outer loop
      vertex 2.399174e+01 -4.810646e+01 1.500000e-01
      vertex 2.393025e+01 -4.813644e+01 1.875000e-01
      vertex 2.393025e+01 -4.813644e+01 1.500000e-01
    endloop
  endfacet
  facet normal 4.381797e-01 -8.988874e-01 0.000000e+00
    outer loop
      vertex 2.399174e+01 -4.810646e+01 2.250000e-01
      vertex 2.393025e+01 -4.813644e+01 1.875000e-01
      vertex 2.399174e+01 -4.810646e+01 1.500000e-01
    endloop
  endfacet
  facet normal 4.329343e-01 -9.014255e-01 0.000000e+00
    outer loop
      vertex 2.389945e+01 -4.815123e+01 2.250000e-01
      vertex 2.389945e+01 -4.815123e+01 1.875000e-01
      vertex 2.393025e+01 -4.813644e+01 1.875000e-01
    endloop
  endfacet
  facet normal 4.329343e-01 -9.014255e-01 0.000000e+00
    outer loop
      vertex 2.389945e+01 -4.815123e+01 2.250000e-01
      vertex 2.393025e+01 -4.813644e+01 1.875000e-01
      vertex 2.393025e+01 -4.813644e+01 2.250000e-01
    endloop
  endfacet
  facet normal 4.329343e-01 -9.014255e-01 0.000000e+00
    outer loop
      vertex 2.389945e+01 -4.815123e+01 1.875000e-01
      vertex 2.389945e+01 -4.815123e+01 1.500000e-01
      vertex 2.393025e+01 -4.813644e+01 1.500000e-01
    endloop
  endfacet
  facet normal 4.329343e-01 -9.014255e-01 0.000000e+00
    outer loop
      vertex 2.389945e+01 -4.815123e+01 1.875000e-01
      vertex 2.393025e+01 -4.813644e+01 1.500000e-01
      vertex 2.393025e+01 -4.813644e+01 1.875000e-01
    endloop
  endfacet
  facet normal 4.483348e-01 -8.938657e-01 0.000000e+00
    outer loop
      vertex 2.399174e+01 -4.810646e+01 2.250000e-01
      vertex 2.411427e+01 -4.804501e+01 3.000000e-01
      vertex 2.399174e+01 -4.810646e+01 3.000000e-01
    endloop
  endfacet
  facet normal 4.483348e-01 -8.938657e-01 0.000000e+00
    outer loop
      vertex 2.411427e+01 -4.804501e+01 1.500000e-01
      vertex 2.399174e+01 -4.810646e+01 2.250000e-01
      vertex 2.399174e+01 -4.810646e+01 1.500000e-01
    endloop
  endfacet
  facet normal 4.483348e-01 -8.938657e-01 0.000000e+00
    outer loop
      vertex 2.411427e+01 -4.804501e+01 3.000000e-01
      vertex 2.399174e+01 -4.810646e+01 2.250000e-01
      vertex 2.411427e+01 -4.804501e+01 1.500000e-01
    endloop
  endfacet
  facet normal 4.329343e-01 -9.014255e-01 0.000000e+00
    outer loop
      vertex 2.389945e+01 -4.815123e+01 1.500000e-01
      vertex 2.389945e+01 -4.815123e+01 1.125000e-01
      vertex 2.393025e+01 -4.813644e+01 1.125000e-01
    endloop
  endfacet
  facet normal 4.329343e-01 -9.014255e-01 0.000000e+00
    outer loop
      vertex 2.389945e+01 -4.815123e+01 1.500000e-01
      vertex 2.393025e+01 -4.813644e+01 1.125000e-01
      vertex 2.393025e+01 -4.813644e+01 1.500000e-01
    endloop
  endfacet
  facet normal 4.329343e-01 -9.014255e-01 0.000000e+00
    outer loop
      vertex 2.389945e+01 -4.815123e+01 1.125000e-01
      vertex 2.389945e+01 -4.815123e+01 7.500000e-02
      vertex 2.393025e+01 -4.813644e+01 7.500000e-02
    endloop
  endfacet
  facet normal 4.329343e-01 -9.014255e-01 0.000000e+00
    outer loop
      vertex 2.389945e+01 -4.815123e+01 1.125000e-01
      vertex 2.393025e+01 -4.813644e+01 7.500000e-02
      vertex 2.393025e+01 -4.813644e+01 1.125000e-01
    endloop
  endfacet
  facet normal 4.381797e-01 -8.988874e-01 0.000000e+00
    outer loop
      vertex 2.393025e+01 -4.813644e+01 1.125000e-01
      vertex 2.399174e+01 -4.810646e+01 1.500000e-01
      vertex 2.393025e+01 -4.813644e+01 1.500000e-01
    endloop
  endfacet
  facet normal 4.381797e-01 -8.988874e-01 0.000000e+00
    outer loop
      vertex 2.399174e+01 -4.810646e+01 7.500000e-02
      vertex 2.393025e+01 -4.813644e+01 1.125000e-01
      vertex 2.393025e+01 -4.813644e+01 7.500000e-02
    endloop
  endfacet
  facet normal 4.381797e-01 -8.988874e-01 0.000000e+00
    outer loop
      vertex 2.399174e+01 -4.810646e+01 1.500000e-01
      vertex 2.393025e+01 -4.813644e+01 1.125000e-01
      vertex 2.399174e+01 -4.810646e+01 7.500000e-02
    endloop
  endfacet
  facet normal 4.329343e-01 -9.014255e-01 0.000000e+00
    outer loop
      vertex 2.389945e+01 -4.815123e+01 7.500000e-02
      vertex 2.389945e+01 -4.815123e+01 3.750000e-02
      vertex 2.393025e+01 -4.813644e+01 3.750000e-02
    endloop
  endfacet
  facet normal 4.329343e-01 -9.014255e-01 0.000000e+00
    outer loop
      vertex 2.389945e+01 -4.815123e+01 7.500000e-02
      vertex 2.393025e+01 -4.813644e+01 3.750000e-02
      vertex 2.393025e+01 -4.813644e+01 7.500000e-02
    endloop
  endfacet
  facet normal -4.548991e-01 -8.895361e-01 -4.233582e-02
    outer loop
      vertex 1.600808e+01 -4.810642e+01 7.500000e-02
      vertex 1.563895e+01 -4.791408e+01 3.426721e-14
      vertex 1.613243e+01 -4.816644e+01 3.408595e-14
    endloop
  endfacet
  facet normal -5.088122e-01 -8.608775e-01 0.000000e+00
    outer loop
      vertex 1.516524e+01 -4.763410e+01 3.442655e-14
      vertex 1.563895e+01 -4.791408e+01 3.426721e-14
      vertex 1.563895e+01 -4.791408e+01 6.000000e-01
    endloop
  endfacet
  facet normal -5.088122e-01 -8.608775e-01 0.000000e+00
    outer loop
      vertex 1.516524e+01 -4.763410e+01 3.442655e-14
      vertex 1.563895e+01 -4.791408e+01 6.000000e-01
      vertex 1.516524e+01 -4.763410e+01 6.000000e-01
    endloop
  endfacet
  facet normal -4.688845e-01 -8.832595e-01 0.000000e+00
    outer loop
      vertex 1.588435e+01 -4.804435e+01 3.000000e-01
      vertex 1.563895e+01 -4.791408e+01 3.426721e-14
      vertex 1.588435e+01 -4.804435e+01 1.500000e-01
    endloop
  endfacet
  facet normal -6.100534e-01 -7.923603e-01 0.000000e+00
    outer loop
      vertex 1.426725e+01 -4.698545e+01 3.478491e-14
      vertex 1.470740e+01 -4.732434e+01 3.459081e-14
      vertex 1.470740e+01 -4.732434e+01 6.000000e-01
    endloop
  endfacet
  facet normal -6.100534e-01 -7.923603e-01 -0.000000e+00
    outer loop
      vertex 1.426725e+01 -4.698545e+01 3.478491e-14
      vertex 1.470740e+01 -4.732434e+01 6.000000e-01
      vertex 1.426725e+01 -4.698545e+01 6.000000e-01
    endloop
  endfacet
  facet normal -7.029480e-01 -7.112412e-01 0.000000e+00
    outer loop
      vertex 1.344844e+01 -4.622461e+01 3.536322e-14
      vertex 1.384751e+01 -4.661902e+01 3.503352e-14
      vertex 1.384751e+01 -4.661902e+01 6.000000e-01
    endloop
  endfacet
  facet normal -7.029480e-01 -7.112412e-01 -0.000000e+00
    outer loop
      vertex 1.344844e+01 -4.622461e+01 3.536322e-14
      vertex 1.384751e+01 -4.661902e+01 6.000000e-01
      vertex 1.344844e+01 -4.622461e+01 6.000000e-01
    endloop
  endfacet
  facet normal -6.576449e-01 -7.533281e-01 0.000000e+00
    outer loop
      vertex 1.384751e+01 -4.661902e+01 3.503352e-14
      vertex 1.426725e+01 -4.698545e+01 3.478491e-14
      vertex 1.426725e+01 -4.698545e+01 6.000000e-01
    endloop
  endfacet
  facet normal -6.576449e-01 -7.533281e-01 0.000000e+00
    outer loop
      vertex 1.384751e+01 -4.661902e+01 3.503352e-14
      vertex 1.426725e+01 -4.698545e+01 6.000000e-01
      vertex 1.384751e+01 -4.661902e+01 6.000000e-01
    endloop
  endfacet
  facet normal -5.603700e-01 -8.282424e-01 0.000000e+00
    outer loop
      vertex 1.470740e+01 -4.732434e+01 3.459081e-14
      vertex 1.516524e+01 -4.763410e+01 3.442655e-14
      vertex 1.516524e+01 -4.763410e+01 6.000000e-01
    endloop
  endfacet
  facet normal -5.603700e-01 -8.282424e-01 0.000000e+00
    outer loop
      vertex 1.470740e+01 -4.732434e+01 3.459081e-14
      vertex 1.516524e+01 -4.763410e+01 6.000000e-01
      vertex 1.470740e+01 -4.732434e+01 6.000000e-01
    endloop
  endfacet
  facet normal -7.849500e-01 -6.195591e-01 0.000000e+00
    outer loop
      vertex 1.273516e+01 -4.537582e+01 3.634480e-14
      vertex 1.307878e+01 -4.581117e+01 3.579139e-14
      vertex 1.307878e+01 -4.581117e+01 6.000000e-01
    endloop
  endfacet
  facet normal -7.849500e-01 -6.195591e-01 0.000000e+00
    outer loop
      vertex 1.273516e+01 -4.537582e+01 3.634480e-14
      vertex 1.307878e+01 -4.581117e+01 6.000000e-01
      vertex 1.273516e+01 -4.537582e+01 6.000000e-01
    endloop
  endfacet
  facet normal -8.548850e-01 -5.188175e-01 0.000000e+00
    outer loop
      vertex 1.213111e+01 -4.444605e+01 3.791947e-14
      vertex 1.241887e+01 -4.492022e+01 3.704656e-14
      vertex 1.241887e+01 -4.492022e+01 6.000000e-01
    endloop
  endfacet
  facet normal -8.548850e-01 -5.188175e-01 -0.000000e+00
    outer loop
      vertex 1.213111e+01 -4.444605e+01 3.791947e-14
      vertex 1.241887e+01 -4.492022e+01 6.000000e-01
      vertex 1.213111e+01 -4.444605e+01 6.000000e-01
    endloop
  endfacet
  facet normal -8.214566e-01 -5.702710e-01 0.000000e+00
    outer loop
      vertex 1.241887e+01 -4.492022e+01 3.704656e-14
      vertex 1.273516e+01 -4.537582e+01 3.634480e-14
      vertex 1.273516e+01 -4.537582e+01 6.000000e-01
    endloop
  endfacet
  facet normal -8.214566e-01 -5.702710e-01 -0.000000e+00
    outer loop
      vertex 1.241887e+01 -4.492022e+01 3.704656e-14
      vertex 1.273516e+01 -4.537582e+01 6.000000e-01
      vertex 1.241887e+01 -4.492022e+01 6.000000e-01
    endloop
  endfacet
  facet normal -9.119673e-01 -4.102629e-01 0.000000e+00
    outer loop
      vertex 1.164539e+01 -4.344926e+01 4.026830e-14
      vertex 1.187296e+01 -4.395511e+01 3.898599e-14
      vertex 1.187296e+01 -4.395511e+01 6.000000e-01
    endloop
  endfacet
  facet normal -9.119673e-01 -4.102629e-01 -0.000000e+00
    outer loop
      vertex 1.164539e+01 -4.344926e+01 4.026830e-14
      vertex 1.187296e+01 -4.395511e+01 6.000000e-01
      vertex 1.164539e+01 -4.344926e+01 6.000000e-01
    endloop
  endfacet
  facet normal -9.564435e-01 -2.919175e-01 0.000000e+00
    outer loop
      vertex 1.127408e+01 -4.235930e+01 4.371594e-14
      vertex 1.144099e+01 -4.290615e+01 4.186459e-14
      vertex 1.144099e+01 -4.290615e+01 6.000000e-01
    endloop
  endfacet
  facet normal -9.564435e-01 -2.919175e-01 -0.000000e+00
    outer loop
      vertex 1.127408e+01 -4.235930e+01 4.371594e-14
      vertex 1.144099e+01 -4.290615e+01 6.000000e-01
      vertex 1.127408e+01 -4.235930e+01 6.000000e-01
    endloop
  endfacet
  facet normal -9.359114e-01 -3.522355e-01 0.000000e+00
    outer loop
      vertex 1.144099e+01 -4.290615e+01 4.186459e-14
      vertex 1.164539e+01 -4.344926e+01 4.026830e-14
      vertex 1.164539e+01 -4.344926e+01 6.000000e-01
    endloop
  endfacet
  facet normal -9.359114e-01 -3.522355e-01 0.000000e+00
    outer loop
      vertex 1.144099e+01 -4.290615e+01 4.186459e-14
      vertex 1.164539e+01 -4.344926e+01 6.000000e-01
      vertex 1.144099e+01 -4.290615e+01 6.000000e-01
    endloop
  endfacet
  facet normal -8.850922e-01 -4.654159e-01 0.000000e+00
    outer loop
      vertex 1.187296e+01 -4.395511e+01 3.898599e-14
      vertex 1.213111e+01 -4.444605e+01 3.791947e-14
      vertex 1.213111e+01 -4.444605e+01 6.000000e-01
    endloop
  endfacet
  facet normal -8.850922e-01 -4.654159e-01 -0.000000e+00
    outer loop
      vertex 1.187296e+01 -4.395511e+01 3.898599e-14
      vertex 1.213111e+01 -4.444605e+01 6.000000e-01
      vertex 1.187296e+01 -4.395511e+01 6.000000e-01
    endloop
  endfacet
  facet normal -7.454779e-01 -6.665304e-01 0.000000e+00
    outer loop
      vertex 1.307878e+01 -4.581117e+01 3.579139e-14
      vertex 1.344844e+01 -4.622461e+01 3.536322e-14
      vertex 1.344844e+01 -4.622461e+01 6.000000e-01
    endloop
  endfacet
  facet normal -7.454779e-01 -6.665304e-01 -0.000000e+00
    outer loop
      vertex 1.307878e+01 -4.581117e+01 3.579139e-14
      vertex 1.344844e+01 -4.622461e+01 6.000000e-01
      vertex 1.307878e+01 -4.581117e+01 6.000000e-01
    endloop
  endfacet
  facet normal -4.312637e-01 -9.022259e-01 -0.000000e+00
    outer loop
      vertex 1.607018e+01 -4.813668e+01 7.500000e-02
      vertex 1.613243e+01 -4.816644e+01 3.750000e-02
      vertex 1.613243e+01 -4.816644e+01 7.500000e-02
    endloop
  endfacet
  facet normal -4.312637e-01 -9.022259e-01 -0.000000e+00
    outer loop
      vertex 1.607018e+01 -4.813668e+01 1.500000e-01
      vertex 1.613243e+01 -4.816644e+01 1.125000e-01
      vertex 1.613243e+01 -4.816644e+01 1.500000e-01
    endloop
  endfacet
  facet normal -4.312637e-01 -9.022259e-01 0.000000e+00
    outer loop
      vertex 1.613243e+01 -4.816644e+01 1.125000e-01
      vertex 1.607018e+01 -4.813668e+01 7.500000e-02
      vertex 1.613243e+01 -4.816644e+01 7.500000e-02
    endloop
  endfacet
  facet normal -4.312637e-01 -9.022259e-01 -0.000000e+00
    outer loop
      vertex 1.607018e+01 -4.813668e+01 2.250000e-01
      vertex 1.613243e+01 -4.816644e+01 1.875000e-01
      vertex 1.613243e+01 -4.816644e+01 2.250000e-01
    endloop
  endfacet
  facet normal -4.312637e-01 -9.022259e-01 -0.000000e+00
    outer loop
      vertex 1.613243e+01 -4.816644e+01 2.625000e-01
      vertex 1.613243e+01 -4.816644e+01 3.000000e-01
      vertex 1.607018e+01 -4.813668e+01 3.000000e-01
    endloop
  endfacet
  facet normal -4.312637e-01 -9.022259e-01 0.000000e+00
    outer loop
      vertex 1.613243e+01 -4.816644e+01 2.625000e-01
      vertex 1.607018e+01 -4.813668e+01 2.250000e-01
      vertex 1.613243e+01 -4.816644e+01 2.250000e-01
    endloop
  endfacet
  facet normal -4.312637e-01 -9.022259e-01 0.000000e+00
    outer loop
      vertex 1.613243e+01 -4.816644e+01 1.875000e-01
      vertex 1.607018e+01 -4.813668e+01 1.500000e-01
      vertex 1.613243e+01 -4.816644e+01 1.500000e-01
    endloop
  endfacet
  facet normal -4.312637e-01 -9.022259e-01 0.000000e+00
    outer loop
      vertex 1.607018e+01 -4.813668e+01 7.500000e-02
      vertex 1.613243e+01 -4.816644e+01 3.408595e-14
      vertex 1.613243e+01 -4.816644e+01 3.750000e-02
    endloop
  endfacet
  facet normal -4.381031e-01 -8.988975e-01 -6.996952e-03
    outer loop
      vertex 1.607018e+01 -4.813668e+01 7.500000e-02
      vertex 1.600808e+01 -4.810642e+01 7.500000e-02
      vertex 1.613243e+01 -4.816644e+01 3.408595e-14
    endloop
  endfacet
  facet normal -9.852674e-01 -1.710209e-01 0.000000e+00
    outer loop
      vertex 1.104958e+01 -4.126842e+01 4.820758e-14
      vertex 1.114398e+01 -4.181227e+01 4.582920e-14
      vertex 1.114398e+01 -4.181227e+01 6.000000e-01
    endloop
  endfacet
  facet normal -9.852674e-01 -1.710209e-01 -0.000000e+00
    outer loop
      vertex 1.104958e+01 -4.126842e+01 4.820758e-14
      vertex 1.114398e+01 -4.181227e+01 6.000000e-01
      vertex 1.104958e+01 -4.126842e+01 6.000000e-01
    endloop
  endfacet
  facet normal -9.938003e-01 -1.111793e-01 0.000000e+00
    outer loop
      vertex 1.098943e+01 -4.073081e+01 5.085091e-14
      vertex 1.104958e+01 -4.126842e+01 4.820758e-14
      vertex 1.104958e+01 -4.126842e+01 6.000000e-01
    endloop
  endfacet
  facet normal -9.938003e-01 -1.111793e-01 0.000000e+00
    outer loop
      vertex 1.098943e+01 -4.073081e+01 5.085091e-14
      vertex 1.104958e+01 -4.126842e+01 6.000000e-01
      vertex 1.098943e+01 -4.073081e+01 6.000000e-01
    endloop
  endfacet
  facet normal -4.312637e-01 -9.022259e-01 -0.000000e+00
    outer loop
      vertex 1.613243e+01 -4.816644e+01 1.875000e-01
      vertex 1.607018e+01 -4.813668e+01 2.250000e-01
      vertex 1.607018e+01 -4.813668e+01 1.500000e-01
    endloop
  endfacet
  facet normal -4.483762e-01 -8.938450e-01 0.000000e+00
    outer loop
      vertex 1.600808e+01 -4.810642e+01 1.500000e-01
      vertex 1.588435e+01 -4.804435e+01 1.500000e-01
      vertex 1.600808e+01 -4.810642e+01 7.500000e-02
    endloop
  endfacet
  facet normal -4.585748e-01 -8.883997e-01 -2.133082e-02
    outer loop
      vertex 1.588435e+01 -4.804435e+01 1.500000e-01
      vertex 1.563895e+01 -4.791408e+01 3.426721e-14
      vertex 1.600808e+01 -4.810642e+01 7.500000e-02
    endloop
  endfacet
  facet normal -4.312637e-01 -9.022259e-01 -0.000000e+00
    outer loop
      vertex 1.607018e+01 -4.813668e+01 3.000000e-01
      vertex 1.607018e+01 -4.813668e+01 2.250000e-01
      vertex 1.613243e+01 -4.816644e+01 2.625000e-01
    endloop
  endfacet
  facet normal -4.312637e-01 -9.022259e-01 -0.000000e+00
    outer loop
      vertex 1.613243e+01 -4.816644e+01 1.125000e-01
      vertex 1.607018e+01 -4.813668e+01 1.500000e-01
      vertex 1.607018e+01 -4.813668e+01 7.500000e-02
    endloop
  endfacet
  facet normal -9.728624e-01 -2.313843e-01 0.000000e+00
    outer loop
      vertex 1.114398e+01 -4.181227e+01 4.582920e-14
      vertex 1.127408e+01 -4.235930e+01 4.371594e-14
      vertex 1.127408e+01 -4.235930e+01 6.000000e-01
    endloop
  endfacet
  facet normal -9.728624e-01 -2.313843e-01 -0.000000e+00
    outer loop
      vertex 1.114398e+01 -4.181227e+01 4.582920e-14
      vertex 1.127408e+01 -4.235930e+01 6.000000e-01
      vertex 1.114398e+01 -4.181227e+01 6.000000e-01
    endloop
  endfacet
  facet normal -9.986376e-01 -5.218180e-02 0.000000e+00
    outer loop
      vertex 1.096181e+01 -4.020219e+01 5.375594e-14
      vertex 1.098943e+01 -4.073081e+01 5.085091e-14
      vertex 1.098943e+01 -4.073081e+01 6.000000e-01
    endloop
  endfacet
  facet normal -9.986376e-01 -5.218180e-02 0.000000e+00
    outer loop
      vertex 1.096181e+01 -4.020219e+01 5.375594e-14
      vertex 1.098943e+01 -4.073081e+01 6.000000e-01
      vertex 1.096181e+01 -4.020219e+01 6.000000e-01
    endloop
  endfacet
  facet normal -9.999766e-01 6.834283e-03 0.000000e+00
    outer loop
      vertex 1.096549e+01 -3.966420e+01 5.493116e-14
      vertex 1.096181e+01 -4.020219e+01 5.375594e-14
      vertex 1.096181e+01 -4.020219e+01 6.000000e-01
    endloop
  endfacet
  facet normal -9.999766e-01 6.834283e-03 0.000000e+00
    outer loop
      vertex 1.096549e+01 -3.966420e+01 5.493116e-14
      vertex 1.096181e+01 -4.020219e+01 6.000000e-01
      vertex 1.096549e+01 -3.966420e+01 6.000000e-01
    endloop
  endfacet
  facet normal -9.919364e-01 1.267362e-01 0.000000e+00
    outer loop
      vertex 1.106991e+01 -3.858596e+01 5.510627e-14
      vertex 1.100252e+01 -3.911341e+01 5.495749e-14
      vertex 1.100252e+01 -3.911341e+01 6.000000e-01
    endloop
  endfacet
  facet normal -9.919364e-01 1.267362e-01 0.000000e+00
    outer loop
      vertex 1.106991e+01 -3.858596e+01 5.510627e-14
      vertex 1.100252e+01 -3.911341e+01 6.000000e-01
      vertex 1.106991e+01 -3.858596e+01 6.000000e-01
    endloop
  endfacet
  facet normal -9.977476e-01 6.708003e-02 0.000000e+00
    outer loop
      vertex 1.100252e+01 -3.911341e+01 5.495749e-14
      vertex 1.096549e+01 -3.966420e+01 5.493116e-14
      vertex 1.096549e+01 -3.966420e+01 6.000000e-01
    endloop
  endfacet
  facet normal -9.977476e-01 6.708003e-02 0.000000e+00
    outer loop
      vertex 1.100252e+01 -3.911341e+01 5.495749e-14
      vertex 1.096549e+01 -3.966420e+01 6.000000e-01
      vertex 1.100252e+01 -3.911341e+01 6.000000e-01
    endloop
  endfacet
  facet normal -9.696544e-01 2.444799e-01 0.000000e+00
    outer loop
      vertex 1.130531e+01 -3.751825e+01 5.576966e-14
      vertex 1.117041e+01 -3.805326e+01 5.537693e-14
      vertex 1.117041e+01 -3.805326e+01 6.000000e-01
    endloop
  endfacet
  facet normal -9.696544e-01 2.444799e-01 0.000000e+00
    outer loop
      vertex 1.130531e+01 -3.751825e+01 5.576966e-14
      vertex 1.117041e+01 -3.805326e+01 6.000000e-01
      vertex 1.130531e+01 -3.751825e+01 6.000000e-01
    endloop
  endfacet
  facet normal -9.319718e-01 3.625307e-01 0.000000e+00
    outer loop
      vertex 1.168169e+01 -3.645414e+01 5.691447e-14
      vertex 1.147554e+01 -3.698408e+01 5.628314e-14
      vertex 1.147554e+01 -3.698408e+01 6.000000e-01
    endloop
  endfacet
  facet normal -9.319718e-01 3.625307e-01 0.000000e+00
    outer loop
      vertex 1.168169e+01 -3.645414e+01 5.691447e-14
      vertex 1.147554e+01 -3.698408e+01 6.000000e-01
      vertex 1.168169e+01 -3.645414e+01 6.000000e-01
    endloop
  endfacet
  facet normal -9.527846e-01 3.036470e-01 0.000000e+00
    outer loop
      vertex 1.147554e+01 -3.698408e+01 5.628314e-14
      vertex 1.130531e+01 -3.751825e+01 5.576966e-14
      vertex 1.130531e+01 -3.751825e+01 6.000000e-01
    endloop
  endfacet
  facet normal -9.527846e-01 3.036470e-01 0.000000e+00
    outer loop
      vertex 1.147554e+01 -3.698408e+01 5.628314e-14
      vertex 1.130531e+01 -3.751825e+01 6.000000e-01
      vertex 1.147554e+01 -3.698408e+01 6.000000e-01
    endloop
  endfacet
  facet normal -9.826638e-01 1.853965e-01 0.000000e+00
    outer loop
      vertex 1.117041e+01 -3.805326e+01 5.537693e-14
      vertex 1.106991e+01 -3.858596e+01 5.510627e-14
      vertex 1.106991e+01 -3.858596e+01 6.000000e-01
    endloop
  endfacet
  facet normal -9.826638e-01 1.853965e-01 0.000000e+00
    outer loop
      vertex 1.117041e+01 -3.805326e+01 5.537693e-14
      vertex 1.106991e+01 -3.858596e+01 6.000000e-01
      vertex 1.117041e+01 -3.805326e+01 6.000000e-01
    endloop
  endfacet
  facet normal -8.787760e-01 4.772346e-01 0.000000e+00
    outer loop
      vertex 1.219467e+01 -3.543332e+01 5.848882e-14
      vertex 1.192389e+01 -3.593193e+01 5.765909e-14
      vertex 1.192389e+01 -3.593193e+01 6.000000e-01
    endloop
  endfacet
  facet normal -8.787760e-01 4.772346e-01 0.000000e+00
    outer loop
      vertex 1.219467e+01 -3.543332e+01 5.848882e-14
      vertex 1.192389e+01 -3.593193e+01 6.000000e-01
      vertex 1.219467e+01 -3.543332e+01 6.000000e-01
    endloop
  endfacet
  facet normal -8.117102e-01 5.840603e-01 0.000000e+00
    outer loop
      vertex 1.283290e+01 -3.448457e+01 6.041707e-14
      vertex 1.249779e+01 -3.495030e+01 5.941023e-14
      vertex 1.249779e+01 -3.495030e+01 6.000000e-01
    endloop
  endfacet
  facet normal -8.117102e-01 5.840603e-01 0.000000e+00
    outer loop
      vertex 1.283290e+01 -3.448457e+01 6.041707e-14
      vertex 1.249779e+01 -3.495030e+01 6.000000e-01
      vertex 1.283290e+01 -3.448457e+01 6.000000e-01
    endloop
  endfacet
  facet normal -8.470255e-01 5.315523e-01 0.000000e+00
    outer loop
      vertex 1.249779e+01 -3.495030e+01 5.941023e-14
      vertex 1.219467e+01 -3.543332e+01 5.848882e-14
      vertex 1.219467e+01 -3.543332e+01 6.000000e-01
    endloop
  endfacet
  facet normal -8.470255e-01 5.315523e-01 0.000000e+00
    outer loop
      vertex 1.249779e+01 -3.495030e+01 5.941023e-14
      vertex 1.219467e+01 -3.543332e+01 6.000000e-01
      vertex 1.249779e+01 -3.495030e+01 6.000000e-01
    endloop
  endfacet
  facet normal -7.309188e-01 6.824644e-01 0.000000e+00
    outer loop
      vertex 1.359248e+01 -3.361724e+01 6.264653e-14
      vertex 1.319845e+01 -3.403924e+01 6.149949e-14
      vertex 1.319845e+01 -3.403924e+01 6.000000e-01
    endloop
  endfacet
  facet normal -7.309188e-01 6.824644e-01 0.000000e+00
    outer loop
      vertex 1.359248e+01 -3.361724e+01 6.264653e-14
      vertex 1.319845e+01 -3.403924e+01 6.000000e-01
      vertex 1.359248e+01 -3.361724e+01 6.000000e-01
    endloop
  endfacet
  facet normal -6.380554e-01 7.699905e-01 0.000000e+00
    outer loop
      vertex 1.445639e+01 -3.285353e+01 6.508646e-14
      vertex 1.401267e+01 -3.322123e+01 6.384635e-14
      vertex 1.401267e+01 -3.322123e+01 6.000000e-01
    endloop
  endfacet
  facet normal -6.380554e-01 7.699905e-01 0.000000e+00
    outer loop
      vertex 1.445639e+01 -3.285353e+01 6.508646e-14
      vertex 1.401267e+01 -3.322123e+01 6.000000e-01
      vertex 1.445639e+01 -3.285353e+01 6.000000e-01
    endloop
  endfacet
  facet normal -6.858558e-01 7.277375e-01 0.000000e+00
    outer loop
      vertex 1.401267e+01 -3.322123e+01 6.384635e-14
      vertex 1.359248e+01 -3.361724e+01 6.264653e-14
      vertex 1.359248e+01 -3.361724e+01 6.000000e-01
    endloop
  endfacet
  facet normal -6.858558e-01 7.277375e-01 0.000000e+00
    outer loop
      vertex 1.401267e+01 -3.322123e+01 6.384635e-14
      vertex 1.359248e+01 -3.361724e+01 6.000000e-01
      vertex 1.401267e+01 -3.322123e+01 6.000000e-01
    endloop
  endfacet
  facet normal -7.729461e-01 6.344717e-01 0.000000e+00
    outer loop
      vertex 1.319845e+01 -3.403924e+01 6.149949e-14
      vertex 1.283290e+01 -3.448457e+01 6.041707e-14
      vertex 1.283290e+01 -3.448457e+01 6.000000e-01
    endloop
  endfacet
  facet normal -7.729461e-01 6.344717e-01 0.000000e+00
    outer loop
      vertex 1.319845e+01 -3.403924e+01 6.149949e-14
      vertex 1.283290e+01 -3.448457e+01 6.000000e-01
      vertex 1.319845e+01 -3.403924e+01 6.000000e-01
    endloop
  endfacet
  facet normal -9.071743e-01 4.207550e-01 0.000000e+00
    outer loop
      vertex 1.192389e+01 -3.593193e+01 5.765909e-14
      vertex 1.168169e+01 -3.645414e+01 5.691447e-14
      vertex 1.168169e+01 -3.645414e+01 6.000000e-01
    endloop
  endfacet
  facet normal -9.071743e-01 4.207550e-01 0.000000e+00
    outer loop
      vertex 1.192389e+01 -3.593193e+01 5.765909e-14
      vertex 1.168169e+01 -3.645414e+01 6.000000e-01
      vertex 1.192389e+01 -3.593193e+01 6.000000e-01
    endloop
  endfacet
  facet normal -5.354462e-01 8.445693e-01 0.000000e+00
    outer loop
      vertex 1.540260e+01 -3.221065e+01 6.763592e-14
      vertex 1.492074e+01 -3.251615e+01 6.635399e-14
      vertex 1.492074e+01 -3.251615e+01 6.000000e-01
    endloop
  endfacet
  facet normal -5.354462e-01 8.445693e-01 0.000000e+00
    outer loop
      vertex 1.540260e+01 -3.221065e+01 6.763592e-14
      vertex 1.492074e+01 -3.251615e+01 6.000000e-01
      vertex 1.540260e+01 -3.221065e+01 6.000000e-01
    endloop
  endfacet
  facet normal -4.258066e-01 9.048142e-01 0.000000e+00
    outer loop
      vertex 1.640586e+01 -3.169957e+01 7.019192e-14
      vertex 1.589875e+01 -3.193821e+01 6.891939e-14
      vertex 1.589875e+01 -3.193821e+01 6.000000e-01
    endloop
  endfacet
  facet normal -4.258066e-01 9.048142e-01 0.000000e+00
    outer loop
      vertex 1.640586e+01 -3.169957e+01 7.019192e-14
      vertex 1.589875e+01 -3.193821e+01 6.000000e-01
      vertex 1.640586e+01 -3.169957e+01 6.000000e-01
    endloop
  endfacet
  facet normal -4.813213e-01 8.765442e-01 0.000000e+00
    outer loop
      vertex 1.589875e+01 -3.193821e+01 6.891939e-14
      vertex 1.540260e+01 -3.221065e+01 6.763592e-14
      vertex 1.540260e+01 -3.221065e+01 6.000000e-01
    endloop
  endfacet
  facet normal -4.813213e-01 8.765442e-01 0.000000e+00
    outer loop
      vertex 1.589875e+01 -3.193821e+01 6.891939e-14
      vertex 1.540260e+01 -3.221065e+01 6.000000e-01
      vertex 1.589875e+01 -3.193821e+01 6.000000e-01
    endloop
  endfacet
  facet normal -3.120458e-01 9.500670e-01 0.000000e+00
    outer loop
      vertex 1.743982e+01 -3.132450e+01 7.265741e-14
      vertex 1.692063e+01 -3.149503e+01 7.144161e-14
      vertex 1.692063e+01 -3.149503e+01 6.000000e-01
    endloop
  endfacet
  facet normal -3.120458e-01 9.500670e-01 0.000000e+00
    outer loop
      vertex 1.743982e+01 -3.132450e+01 7.265741e-14
      vertex 1.692063e+01 -3.149503e+01 6.000000e-01
      vertex 1.743982e+01 -3.132450e+01 6.000000e-01
    endloop
  endfacet
  facet normal -1.970137e-01 9.804007e-01 0.000000e+00
    outer loop
      vertex 1.847910e+01 -3.108327e+01 7.494797e-14
      vertex 1.796029e+01 -3.118753e+01 7.382920e-14
      vertex 1.796029e+01 -3.118753e+01 6.000000e-01
    endloop
  endfacet
  facet normal -1.970137e-01 9.804007e-01 0.000000e+00
    outer loop
      vertex 1.847910e+01 -3.108327e+01 7.494797e-14
      vertex 1.796029e+01 -3.118753e+01 6.000000e-01
      vertex 1.847910e+01 -3.108327e+01 6.000000e-01
    endloop
  endfacet
  facet normal -2.545125e-01 9.670694e-01 0.000000e+00
    outer loop
      vertex 1.796029e+01 -3.118753e+01 7.382920e-14
      vertex 1.743982e+01 -3.132450e+01 7.265741e-14
      vertex 1.743982e+01 -3.132450e+01 6.000000e-01
    endloop
  endfacet
  facet normal -2.545125e-01 9.670694e-01 0.000000e+00
    outer loop
      vertex 1.796029e+01 -3.118753e+01 7.382920e-14
      vertex 1.743982e+01 -3.132450e+01 6.000000e-01
      vertex 1.796029e+01 -3.118753e+01 6.000000e-01
    endloop
  endfacet
  facet normal -3.692539e-01 9.293286e-01 0.000000e+00
    outer loop
      vertex 1.692063e+01 -3.149503e+01 7.144161e-14
      vertex 1.640586e+01 -3.169957e+01 7.019192e-14
      vertex 1.640586e+01 -3.169957e+01 6.000000e-01
    endloop
  endfacet
  facet normal -3.692539e-01 9.293286e-01 0.000000e+00
    outer loop
      vertex 1.692063e+01 -3.149503e+01 7.144161e-14
      vertex 1.640586e+01 -3.169957e+01 6.000000e-01
      vertex 1.692063e+01 -3.149503e+01 6.000000e-01
    endloop
  endfacet
  facet normal -7.802776e-02 9.969512e-01 0.000000e+00
    outer loop
      vertex 1.956497e+01 -3.096490e+01 7.711718e-14
      vertex 1.902484e+01 -3.100718e+01 7.606860e-14
      vertex 1.902484e+01 -3.100718e+01 6.000000e-01
    endloop
  endfacet
  facet normal -7.802776e-02 9.969512e-01 0.000000e+00
    outer loop
      vertex 1.956497e+01 -3.096490e+01 7.711718e-14
      vertex 1.902484e+01 -3.100718e+01 6.000000e-01
      vertex 1.956497e+01 -3.096490e+01 6.000000e-01
    endloop
  endfacet
  facet normal 3.045307e-02 9.995362e-01 0.000000e+00
    outer loop
      vertex 2.055093e+01 -3.097123e+01 7.820637e-14
      vertex 1.999951e+01 -3.095443e+01 7.791402e-14
      vertex 1.999951e+01 -3.095443e+01 6.000000e-01
    endloop
  endfacet
  facet normal 3.045307e-02 9.995362e-01 0.000000e+00
    outer loop
      vertex 2.055093e+01 -3.097123e+01 7.820637e-14
      vertex 1.999951e+01 -3.095443e+01 6.000000e-01
      vertex 2.055093e+01 -3.097123e+01 6.000000e-01
    endloop
  endfacet
  facet normal -2.408163e-02 9.997100e-01 0.000000e+00
    outer loop
      vertex 1.999951e+01 -3.095443e+01 7.791402e-14
      vertex 1.956497e+01 -3.096490e+01 7.711718e-14
      vertex 1.956497e+01 -3.096490e+01 6.000000e-01
    endloop
  endfacet
  facet normal -2.408163e-02 9.997100e-01 0.000000e+00
    outer loop
      vertex 1.999951e+01 -3.095443e+01 7.791402e-14
      vertex 1.956497e+01 -3.096490e+01 6.000000e-01
      vertex 1.999951e+01 -3.095443e+01 6.000000e-01
    endloop
  endfacet
  facet normal 1.499349e-01 9.886959e-01 0.000000e+00
    outer loop
      vertex 2.161972e+01 -3.110072e+01 7.864931e-14
      vertex 2.108986e+01 -3.102037e+01 7.845035e-14
      vertex 2.108986e+01 -3.102037e+01 6.000000e-01
    endloop
  endfacet
  facet normal 1.499349e-01 9.886959e-01 0.000000e+00
    outer loop
      vertex 2.161972e+01 -3.110072e+01 7.864931e-14
      vertex 2.108986e+01 -3.102037e+01 6.000000e-01
      vertex 2.161972e+01 -3.110072e+01 6.000000e-01
    endloop
  endfacet
  facet normal 2.679441e-01 9.634345e-01 0.000000e+00
    outer loop
      vertex 2.268877e+01 -3.136354e+01 7.892218e-14
      vertex 2.215370e+01 -3.121473e+01 7.880766e-14
      vertex 2.215370e+01 -3.121473e+01 6.000000e-01
    endloop
  endfacet
  facet normal 2.679441e-01 9.634345e-01 0.000000e+00
    outer loop
      vertex 2.268877e+01 -3.136354e+01 7.892218e-14
      vertex 2.215370e+01 -3.121473e+01 6.000000e-01
      vertex 2.268877e+01 -3.136354e+01 6.000000e-01
    endloop
  endfacet
  facet normal 3.270557e-01 9.450051e-01 0.000000e+00
    outer loop
      vertex 2.322168e+01 -3.154797e+01 7.899001e-14
      vertex 2.268877e+01 -3.136354e+01 7.892218e-14
      vertex 2.268877e+01 -3.136354e+01 6.000000e-01
    endloop
  endfacet
  facet normal 3.270557e-01 9.450051e-01 0.000000e+00
    outer loop
      vertex 2.322168e+01 -3.154797e+01 7.899001e-14
      vertex 2.268877e+01 -3.136354e+01 6.000000e-01
      vertex 2.322168e+01 -3.154797e+01 6.000000e-01
    endloop
  endfacet
  facet normal 2.087958e-01 9.779593e-01 0.000000e+00
    outer loop
      vertex 2.215370e+01 -3.121473e+01 7.880766e-14
      vertex 2.161972e+01 -3.110072e+01 7.864931e-14
      vertex 2.161972e+01 -3.110072e+01 6.000000e-01
    endloop
  endfacet
  facet normal 2.087958e-01 9.779593e-01 0.000000e+00
    outer loop
      vertex 2.215370e+01 -3.121473e+01 7.880766e-14
      vertex 2.161972e+01 -3.110072e+01 6.000000e-01
      vertex 2.215370e+01 -3.121473e+01 6.000000e-01
    endloop
  endfacet
  facet normal 9.079132e-02 9.958699e-01 0.000000e+00
    outer loop
      vertex 2.108986e+01 -3.102037e+01 7.845035e-14
      vertex 2.055093e+01 -3.097123e+01 7.820637e-14
      vertex 2.055093e+01 -3.097123e+01 6.000000e-01
    endloop
  endfacet
  facet normal 9.079132e-02 9.958699e-01 0.000000e+00
    outer loop
      vertex 2.108986e+01 -3.102037e+01 7.845035e-14
      vertex 2.055093e+01 -3.097123e+01 6.000000e-01
      vertex 2.108986e+01 -3.102037e+01 6.000000e-01
    endloop
  endfacet
  facet normal -1.381001e-01 9.904183e-01 0.000000e+00
    outer loop
      vertex 1.902484e+01 -3.100718e+01 7.606860e-14
      vertex 1.847910e+01 -3.108327e+01 7.494797e-14
      vertex 1.847910e+01 -3.108327e+01 6.000000e-01
    endloop
  endfacet
  facet normal -1.381001e-01 9.904183e-01 0.000000e+00
    outer loop
      vertex 1.902484e+01 -3.100718e+01 7.606860e-14
      vertex 1.847910e+01 -3.108327e+01 6.000000e-01
      vertex 1.902484e+01 -3.100718e+01 6.000000e-01
    endloop
  endfacet
  facet normal -5.878083e-01 8.090003e-01 0.000000e+00
    outer loop
      vertex 1.492074e+01 -3.251615e+01 6.635399e-14
      vertex 1.445639e+01 -3.285353e+01 6.508646e-14
      vertex 1.445639e+01 -3.285353e+01 6.000000e-01
    endloop
  endfacet
  facet normal -5.878083e-01 8.090003e-01 0.000000e+00
    outer loop
      vertex 1.492074e+01 -3.251615e+01 6.635399e-14
      vertex 1.445639e+01 -3.285353e+01 6.000000e-01
      vertex 1.492074e+01 -3.251615e+01 6.000000e-01
    endloop
  endfacet
  facet normal 3.857211e-01 9.226154e-01 0.000000e+00
    outer loop
      vertex 2.322168e+01 -3.154797e+01 6.000000e-01
      vertex 2.374898e+01 -3.176842e+01 6.000000e-01
      vertex 2.374898e+01 -3.176842e+01 7.900866e-14
    endloop
  endfacet
  facet normal 3.857211e-01 9.226154e-01 0.000000e+00
    outer loop
      vertex 2.322168e+01 -3.154797e+01 6.000000e-01
      vertex 2.374898e+01 -3.176842e+01 7.900866e-14
      vertex 2.322168e+01 -3.154797e+01 7.899001e-14
    endloop
  endfacet
  facet normal -4.312637e-01 -9.022259e-01 -0.000000e+00
    outer loop
      vertex 1.607018e+01 -4.813668e+01 3.750000e-01
      vertex 1.613243e+01 -4.816644e+01 3.375000e-01
      vertex 1.613243e+01 -4.816644e+01 3.750000e-01
    endloop
  endfacet
  facet normal -4.312637e-01 -9.022259e-01 -0.000000e+00
    outer loop
      vertex 1.607018e+01 -4.813668e+01 4.500000e-01
      vertex 1.613243e+01 -4.816644e+01 4.125000e-01
      vertex 1.613243e+01 -4.816644e+01 4.500000e-01
    endloop
  endfacet
  facet normal -4.312637e-01 -9.022259e-01 0.000000e+00
    outer loop
      vertex 1.613243e+01 -4.816644e+01 4.125000e-01
      vertex 1.607018e+01 -4.813668e+01 3.750000e-01
      vertex 1.613243e+01 -4.816644e+01 3.750000e-01
    endloop
  endfacet
  facet normal -4.312637e-01 -9.022259e-01 -0.000000e+00
    outer loop
      vertex 1.607018e+01 -4.813668e+01 5.250000e-01
      vertex 1.613243e+01 -4.816644e+01 4.875000e-01
      vertex 1.613243e+01 -4.816644e+01 5.250000e-01
    endloop
  endfacet
  facet normal -4.312637e-01 -9.022259e-01 0.000000e+00
    outer loop
      vertex 1.607018e+01 -4.813668e+01 5.250000e-01
      vertex 1.613243e+01 -4.816644e+01 5.625000e-01
      vertex 1.613243e+01 -4.816644e+01 6.000000e-01
    endloop
  endfacet
  facet normal -4.312637e-01 -9.022259e-01 0.000000e+00
    outer loop
      vertex 1.613243e+01 -4.816644e+01 5.625000e-01
      vertex 1.607018e+01 -4.813668e+01 5.250000e-01
      vertex 1.613243e+01 -4.816644e+01 5.250000e-01
    endloop
  endfacet
  facet normal -4.312637e-01 -9.022259e-01 0.000000e+00
    outer loop
      vertex 1.613243e+01 -4.816644e+01 4.875000e-01
      vertex 1.607018e+01 -4.813668e+01 4.500000e-01
      vertex 1.613243e+01 -4.816644e+01 4.500000e-01
    endloop
  endfacet
  facet normal -4.312637e-01 -9.022259e-01 -0.000000e+00
    outer loop
      vertex 1.613243e+01 -4.816644e+01 3.375000e-01
      vertex 1.607018e+01 -4.813668e+01 3.750000e-01
      vertex 1.607018e+01 -4.813668e+01 3.000000e-01
    endloop
  endfacet
  facet normal -4.312637e-01 -9.022259e-01 -0.000000e+00
    outer loop
      vertex 1.613243e+01 -4.816644e+01 4.125000e-01
      vertex 1.607018e+01 -4.813668e+01 4.500000e-01
      vertex 1.607018e+01 -4.813668e+01 3.750000e-01
    endloop
  endfacet
  facet normal -4.548991e-01 -8.895361e-01 4.233579e-02
    outer loop
      vertex 1.563895e+01 -4.791408e+01 6.000000e-01
      vertex 1.600808e+01 -4.810642e+01 5.250000e-01
      vertex 1.613243e+01 -4.816644e+01 6.000000e-01
    endloop
  endfacet
  facet normal -4.483762e-01 -8.938450e-01 0.000000e+00
    outer loop
      vertex 1.600808e+01 -4.810642e+01 4.500000e-01
      vertex 1.600808e+01 -4.810642e+01 5.250000e-01
      vertex 1.588435e+01 -4.804435e+01 4.500000e-01
    endloop
  endfacet
  facet normal -4.381031e-01 -8.988975e-01 6.996945e-03
    outer loop
      vertex 1.613243e+01 -4.816644e+01 6.000000e-01
      vertex 1.600808e+01 -4.810642e+01 5.250000e-01
      vertex 1.607018e+01 -4.813668e+01 5.250000e-01
    endloop
  endfacet
  facet normal -4.688845e-01 -8.832595e-01 0.000000e+00
    outer loop
      vertex 1.588435e+01 -4.804435e+01 4.500000e-01
      vertex 1.563895e+01 -4.791408e+01 6.000000e-01
      vertex 1.588435e+01 -4.804435e+01 3.000000e-01
    endloop
  endfacet
  facet normal -4.312637e-01 -9.022259e-01 -0.000000e+00
    outer loop
      vertex 1.613243e+01 -4.816644e+01 4.875000e-01
      vertex 1.607018e+01 -4.813668e+01 5.250000e-01
      vertex 1.607018e+01 -4.813668e+01 4.500000e-01
    endloop
  endfacet
  facet normal -4.312637e-01 -9.022259e-01 -0.000000e+00
    outer loop
      vertex 1.607018e+01 -4.813668e+01 3.000000e-01
      vertex 1.613243e+01 -4.816644e+01 3.000000e-01
      vertex 1.613243e+01 -4.816644e+01 3.375000e-01
    endloop
  endfacet
  facet normal -4.585748e-01 -8.883997e-01 2.133082e-02
    outer loop
      vertex 1.588435e+01 -4.804435e+01 4.500000e-01
      vertex 1.600808e+01 -4.810642e+01 5.250000e-01
      vertex 1.563895e+01 -4.791408e+01 6.000000e-01
    endloop
  endfacet
  facet normal -4.688845e-01 -8.832595e-01 -0.000000e+00
    outer loop
      vertex 1.563895e+01 -4.791408e+01 3.426721e-14
      vertex 1.588435e+01 -4.804435e+01 3.000000e-01
      vertex 1.563895e+01 -4.791408e+01 6.000000e-01
    endloop
  endfacet
  facet normal 4.990081e-01 8.665973e-01 0.000000e+00
    outer loop
      vertex 2.475499e+01 -3.230596e+01 7.889495e-14
      vertex 2.426310e+01 -3.202272e+01 7.897661e-14
      vertex 2.426310e+01 -3.202272e+01 6.000000e-01
    endloop
  endfacet
  facet normal 4.990081e-01 8.665973e-01 0.000000e+00
    outer loop
      vertex 2.475499e+01 -3.230596e+01 7.889495e-14
      vertex 2.426310e+01 -3.202272e+01 6.000000e-01
      vertex 2.475499e+01 -3.230596e+01 6.000000e-01
    endloop
  endfacet
  facet normal 6.043265e-01 7.967369e-01 0.000000e+00
    outer loop
      vertex 2.568955e+01 -3.296932e+01 7.857994e-14
      vertex 2.523154e+01 -3.262192e+01 7.876278e-14
      vertex 2.523154e+01 -3.262192e+01 6.000000e-01
    endloop
  endfacet
  facet normal 6.043265e-01 7.967369e-01 0.000000e+00
    outer loop
      vertex 2.568955e+01 -3.296932e+01 7.857994e-14
      vertex 2.523154e+01 -3.262192e+01 6.000000e-01
      vertex 2.568955e+01 -3.296932e+01 6.000000e-01
    endloop
  endfacet
  facet normal 5.525970e-01 8.334487e-01 0.000000e+00
    outer loop
      vertex 2.523154e+01 -3.262192e+01 7.876278e-14
      vertex 2.475499e+01 -3.230596e+01 7.889495e-14
      vertex 2.475499e+01 -3.230596e+01 6.000000e-01
    endloop
  endfacet
  facet normal 5.525970e-01 8.334487e-01 0.000000e+00
    outer loop
      vertex 2.523154e+01 -3.262192e+01 7.876278e-14
      vertex 2.475499e+01 -3.230596e+01 6.000000e-01
      vertex 2.523154e+01 -3.262192e+01 6.000000e-01
    endloop
  endfacet
  facet normal 7.007605e-01 7.133965e-01 0.000000e+00
    outer loop
      vertex 2.653796e+01 -3.375111e+01 7.806471e-14
      vertex 2.612596e+01 -3.334641e+01 7.834690e-14
      vertex 2.612596e+01 -3.334641e+01 6.000000e-01
    endloop
  endfacet
  facet normal 7.007605e-01 7.133965e-01 0.000000e+00
    outer loop
      vertex 2.653796e+01 -3.375111e+01 7.806471e-14
      vertex 2.612596e+01 -3.334641e+01 6.000000e-01
      vertex 2.653796e+01 -3.375111e+01 6.000000e-01
    endloop
  endfacet
  facet normal 7.858631e-01 6.184005e-01 0.000000e+00
    outer loop
      vertex 2.727889e+01 -3.463323e+01 7.736025e-14
      vertex 2.692300e+01 -3.418097e+01 7.773508e-14
      vertex 2.692300e+01 -3.418097e+01 6.000000e-01
    endloop
  endfacet
  facet normal 7.858631e-01 6.184005e-01 0.000000e+00
    outer loop
      vertex 2.727889e+01 -3.463323e+01 7.736025e-14
      vertex 2.692300e+01 -3.418097e+01 6.000000e-01
      vertex 2.727889e+01 -3.463323e+01 6.000000e-01
    endloop
  endfacet
  facet normal 7.448636e-01 6.672167e-01 8.269646e-17
    outer loop
      vertex 2.692300e+01 -3.418097e+01 7.773508e-14
      vertex 2.653796e+01 -3.375111e+01 7.806471e-14
      vertex 2.653796e+01 -3.375111e+01 6.000000e-01
    endloop
  endfacet
  facet normal 7.448636e-01 6.672167e-01 0.000000e+00
    outer loop
      vertex 2.692300e+01 -3.418097e+01 7.773508e-14
      vertex 2.653796e+01 -3.375111e+01 6.000000e-01
      vertex 2.692300e+01 -3.418097e+01 6.000000e-01
    endloop
  endfacet
  facet normal 6.538062e-01 7.566620e-01 0.000000e+00
    outer loop
      vertex 2.612596e+01 -3.334641e+01 7.834690e-14
      vertex 2.568955e+01 -3.296932e+01 7.857994e-14
      vertex 2.568955e+01 -3.296932e+01 6.000000e-01
    endloop
  endfacet
  facet normal 6.538062e-01 7.566620e-01 0.000000e+00
    outer loop
      vertex 2.612596e+01 -3.334641e+01 7.834690e-14
      vertex 2.568955e+01 -3.296932e+01 6.000000e-01
      vertex 2.612596e+01 -3.334641e+01 6.000000e-01
    endloop
  endfacet
  facet normal 8.576877e-01 5.141711e-01 0.000000e+00
    outer loop
      vertex 2.789630e+01 -3.559282e+01 7.648658e-14
      vertex 2.760380e+01 -3.510490e+01 7.694300e-14
      vertex 2.760380e+01 -3.510490e+01 6.000000e-01
    endloop
  endfacet
  facet normal 8.576877e-01 5.141711e-01 0.000000e+00
    outer loop
      vertex 2.789630e+01 -3.559282e+01 7.648658e-14
      vertex 2.760380e+01 -3.510490e+01 6.000000e-01
      vertex 2.789630e+01 -3.559282e+01 6.000000e-01
    endloop
  endfacet
  facet normal 9.149867e-01 4.034840e-01 0.000000e+00
    outer loop
      vertex 2.838054e+01 -3.660425e+01 7.547094e-14
      vertex 2.815540e+01 -3.609371e+01 7.599459e-14
      vertex 2.815540e+01 -3.609371e+01 6.000000e-01
    endloop
  endfacet
  facet normal 9.149867e-01 4.034840e-01 0.000000e+00
    outer loop
      vertex 2.838054e+01 -3.660425e+01 7.547094e-14
      vertex 2.815540e+01 -3.609371e+01 6.000000e-01
      vertex 2.838054e+01 -3.660425e+01 6.000000e-01
    endloop
  endfacet
  facet normal 8.881993e-01 4.594584e-01 0.000000e+00
    outer loop
      vertex 2.815540e+01 -3.609371e+01 7.599459e-14
      vertex 2.789630e+01 -3.559282e+01 7.648658e-14
      vertex 2.789630e+01 -3.559282e+01 6.000000e-01
    endloop
  endfacet
  facet normal 8.881993e-01 4.594584e-01 0.000000e+00
    outer loop
      vertex 2.815540e+01 -3.609371e+01 7.599459e-14
      vertex 2.789630e+01 -3.559282e+01 6.000000e-01
      vertex 2.815540e+01 -3.609371e+01 6.000000e-01
    endloop
  endfacet
  facet normal 9.572550e-01 2.892454e-01 0.000000e+00
    outer loop
      vertex 2.872870e+01 -3.764122e+01 7.434526e-14
      vertex 2.857156e+01 -3.712116e+01 7.491975e-14
      vertex 2.857156e+01 -3.712116e+01 6.000000e-01
    endloop
  endfacet
  facet normal 9.572550e-01 2.892454e-01 0.000000e+00
    outer loop
      vertex 2.872870e+01 -3.764122e+01 7.434526e-14
      vertex 2.857156e+01 -3.712116e+01 6.000000e-01
      vertex 2.872870e+01 -3.764122e+01 6.000000e-01
    endloop
  endfacet
  facet normal 9.849538e-01 1.728180e-01 0.000000e+00
    outer loop
      vertex 2.894802e+01 -3.870530e+01 7.311166e-14
      vertex 2.885258e+01 -3.816138e+01 7.375172e-14
      vertex 2.885258e+01 -3.816138e+01 6.000000e-01
    endloop
  endfacet
  facet normal 9.849538e-01 1.728180e-01 0.000000e+00
    outer loop
      vertex 2.894802e+01 -3.870530e+01 7.311166e-14
      vertex 2.885258e+01 -3.816138e+01 6.000000e-01
      vertex 2.894802e+01 -3.870530e+01 6.000000e-01
    endloop
  endfacet
  facet normal 9.727909e-01 2.316849e-01 0.000000e+00
    outer loop
      vertex 2.885258e+01 -3.816138e+01 7.375172e-14
      vertex 2.872870e+01 -3.764122e+01 7.434526e-14
      vertex 2.872870e+01 -3.764122e+01 6.000000e-01
    endloop
  endfacet
  facet normal 9.727909e-01 2.316849e-01 0.000000e+00
    outer loop
      vertex 2.885258e+01 -3.816138e+01 7.375172e-14
      vertex 2.872870e+01 -3.764122e+01 6.000000e-01
      vertex 2.885258e+01 -3.816138e+01 6.000000e-01
    endloop
  endfacet
  facet normal 9.380025e-01 3.466284e-01 0.000000e+00
    outer loop
      vertex 2.857156e+01 -3.712116e+01 7.491975e-14
      vertex 2.838054e+01 -3.660425e+01 7.547094e-14
      vertex 2.838054e+01 -3.660425e+01 6.000000e-01
    endloop
  endfacet
  facet normal 9.380025e-01 3.466284e-01 0.000000e+00
    outer loop
      vertex 2.857156e+01 -3.712116e+01 7.491975e-14
      vertex 2.838054e+01 -3.660425e+01 6.000000e-01
      vertex 2.857156e+01 -3.712116e+01 6.000000e-01
    endloop
  endfacet
  facet normal 8.235274e-01 5.672765e-01 0.000000e+00
    outer loop
      vertex 2.760380e+01 -3.510490e+01 7.694300e-14
      vertex 2.727889e+01 -3.463323e+01 7.736025e-14
      vertex 2.727889e+01 -3.463323e+01 6.000000e-01
    endloop
  endfacet
  facet normal 8.235274e-01 5.672765e-01 0.000000e+00
    outer loop
      vertex 2.760380e+01 -3.510490e+01 7.694300e-14
      vertex 2.727889e+01 -3.463323e+01 6.000000e-01
      vertex 2.760380e+01 -3.510490e+01 6.000000e-01
    endloop
  endfacet
  facet normal 9.986195e-01 5.252658e-02 0.000000e+00
    outer loop
      vertex 2.903819e+01 -3.979152e+01 7.177628e-14
      vertex 2.900966e+01 -3.924908e+01 7.245253e-14
      vertex 2.900966e+01 -3.924908e+01 6.000000e-01
    endloop
  endfacet
  facet normal 9.986195e-01 5.252658e-02 0.000000e+00
    outer loop
      vertex 2.903819e+01 -3.979152e+01 7.177628e-14
      vertex 2.900966e+01 -3.924908e+01 6.000000e-01
      vertex 2.903819e+01 -3.979152e+01 6.000000e-01
    endloop
  endfacet
  facet normal 9.985227e-01 -5.433630e-02 0.000000e+00
    outer loop
      vertex 2.900811e+01 -4.075934e+01 7.039519e-14
      vertex 2.903786e+01 -4.021262e+01 7.122775e-14
      vertex 2.903786e+01 -4.021262e+01 6.000000e-01
    endloop
  endfacet
  facet normal 9.985227e-01 -5.433630e-02 0.000000e+00
    outer loop
      vertex 2.900811e+01 -4.075934e+01 7.039519e-14
      vertex 2.903786e+01 -4.021262e+01 6.000000e-01
      vertex 2.900811e+01 -4.075934e+01 6.000000e-01
    endloop
  endfacet
  facet normal 9.999997e-01 -7.881289e-04 0.000000e+00
    outer loop
      vertex 2.903786e+01 -4.021262e+01 7.122775e-14
      vertex 2.903819e+01 -3.979152e+01 7.177628e-14
      vertex 2.903819e+01 -3.979152e+01 6.000000e-01
    endloop
  endfacet
  facet normal 9.999997e-01 -7.881289e-04 0.000000e+00
    outer loop
      vertex 2.903786e+01 -4.021262e+01 7.122775e-14
      vertex 2.903819e+01 -3.979152e+01 6.000000e-01
      vertex 2.903786e+01 -4.021262e+01 6.000000e-01
    endloop
  endfacet
  facet normal 9.847151e-01 -1.741726e-01 0.000000e+00
    outer loop
      vertex 2.885006e+01 -4.184069e+01 6.834316e-14
      vertex 2.894623e+01 -4.129698e+01 6.943942e-14
      vertex 2.894623e+01 -4.129698e+01 6.000000e-01
    endloop
  endfacet
  facet normal 9.847151e-01 -1.741726e-01 0.000000e+00
    outer loop
      vertex 2.885006e+01 -4.184069e+01 6.834316e-14
      vertex 2.894623e+01 -4.129698e+01 6.000000e-01
      vertex 2.885006e+01 -4.184069e+01 6.000000e-01
    endloop
  endfacet
  facet normal 9.557640e-01 -2.941347e-01 0.000000e+00
    outer loop
      vertex 2.855480e+01 -4.291825e+01 6.581165e-14
      vertex 2.871817e+01 -4.238740e+01 6.711648e-14
      vertex 2.871817e+01 -4.238740e+01 6.000000e-01
    endloop
  endfacet
  facet normal 9.557640e-01 -2.941347e-01 0.000000e+00
    outer loop
      vertex 2.855480e+01 -4.291825e+01 6.581165e-14
      vertex 2.871817e+01 -4.238740e+01 6.000000e-01
      vertex 2.855480e+01 -4.291825e+01 6.000000e-01
    endloop
  endfacet
  facet normal 9.721124e-01 -2.345154e-01 0.000000e+00
    outer loop
      vertex 2.871817e+01 -4.238740e+01 6.711648e-14
      vertex 2.885006e+01 -4.184069e+01 6.834316e-14
      vertex 2.885006e+01 -4.184069e+01 6.000000e-01
    endloop
  endfacet
  facet normal 9.721124e-01 -2.345154e-01 0.000000e+00
    outer loop
      vertex 2.871817e+01 -4.238740e+01 6.711648e-14
      vertex 2.885006e+01 -4.184069e+01 6.000000e-01
      vertex 2.871817e+01 -4.238740e+01 6.000000e-01
    endloop
  endfacet
  facet normal 9.934418e-01 -1.143384e-01 0.000000e+00
    outer loop
      vertex 2.894623e+01 -4.129698e+01 6.943942e-14
      vertex 2.900811e+01 -4.075934e+01 7.039519e-14
      vertex 2.900811e+01 -4.075934e+01 6.000000e-01
    endloop
  endfacet
  facet normal 9.934418e-01 -1.143384e-01 0.000000e+00
    outer loop
      vertex 2.894623e+01 -4.129698e+01 6.943942e-14
      vertex 2.900811e+01 -4.075934e+01 6.000000e-01
      vertex 2.894623e+01 -4.129698e+01 6.000000e-01
    endloop
  endfacet
  facet normal 9.128821e-01 -4.082234e-01 0.000000e+00
    outer loop
      vertex 2.813811e+01 -4.393215e+01 6.302352e-14
      vertex 2.836018e+01 -4.343555e+01 6.443661e-14
      vertex 2.836018e+01 -4.343555e+01 6.000000e-01
    endloop
  endfacet
  facet normal 9.128821e-01 -4.082234e-01 0.000000e+00
    outer loop
      vertex 2.813811e+01 -4.393215e+01 6.302352e-14
      vertex 2.836018e+01 -4.343555e+01 6.000000e-01
      vertex 2.813811e+01 -4.393215e+01 6.000000e-01
    endloop
  endfacet
  facet normal 8.566523e-01 -5.158942e-01 0.000000e+00
    outer loop
      vertex 2.759793e+01 -4.489412e+01 6.003450e-14
      vertex 2.788384e+01 -4.441935e+01 6.155067e-14
      vertex 2.788384e+01 -4.441935e+01 6.000000e-01
    endloop
  endfacet
  facet normal 8.566523e-01 -5.158942e-01 0.000000e+00
    outer loop
      vertex 2.759793e+01 -4.489412e+01 6.003450e-14
      vertex 2.788384e+01 -4.441935e+01 6.000000e-01
      vertex 2.759793e+01 -4.489412e+01 6.000000e-01
    endloop
  endfacet
  facet normal 8.865314e-01 -4.626684e-01 0.000000e+00
    outer loop
      vertex 2.788384e+01 -4.441935e+01 6.155067e-14
      vertex 2.813811e+01 -4.393215e+01 6.302352e-14
      vertex 2.813811e+01 -4.393215e+01 6.000000e-01
    endloop
  endfacet
  facet normal 8.865314e-01 -4.626684e-01 0.000000e+00
    outer loop
      vertex 2.788384e+01 -4.441935e+01 6.155067e-14
      vertex 2.813811e+01 -4.393215e+01 6.000000e-01
      vertex 2.788384e+01 -4.441935e+01 6.000000e-01
    endloop
  endfacet
  facet normal 7.866558e-01 -6.173918e-01 0.000000e+00
    outer loop
      vertex 2.693526e+01 -4.579432e+01 5.694302e-14
      vertex 2.728129e+01 -4.535341e+01 5.849253e-14
      vertex 2.728129e+01 -4.535341e+01 6.000000e-01
    endloop
  endfacet
  facet normal 7.866558e-01 -6.173918e-01 0.000000e+00
    outer loop
      vertex 2.693526e+01 -4.579432e+01 5.694302e-14
      vertex 2.728129e+01 -4.535341e+01 6.000000e-01
      vertex 2.693526e+01 -4.579432e+01 6.000000e-01
    endloop
  endfacet
  facet normal 7.040373e-01 -7.101630e-01 0.000000e+00
    outer loop
      vertex 2.616205e+01 -4.661006e+01 5.389624e-14
      vertex 2.656150e+01 -4.621405e+01 5.540466e-14
      vertex 2.656150e+01 -4.621405e+01 6.000000e-01
    endloop
  endfacet
  facet normal 7.040373e-01 -7.101630e-01 0.000000e+00
    outer loop
      vertex 2.616205e+01 -4.661006e+01 5.389624e-14
      vertex 2.656150e+01 -4.621405e+01 6.000000e-01
      vertex 2.616205e+01 -4.661006e+01 6.000000e-01
    endloop
  endfacet
  facet normal 6.585453e-01 -7.525411e-01 0.000000e+00
    outer loop
      vertex 2.573922e+01 -4.698008e+01 5.243624e-14
      vertex 2.616205e+01 -4.661006e+01 5.389624e-14
      vertex 2.616205e+01 -4.661006e+01 6.000000e-01
    endloop
  endfacet
  facet normal 6.585453e-01 -7.525411e-01 0.000000e+00
    outer loop
      vertex 2.573922e+01 -4.698008e+01 5.243624e-14
      vertex 2.616205e+01 -4.661006e+01 6.000000e-01
      vertex 2.573922e+01 -4.698008e+01 6.000000e-01
    endloop
  endfacet
  facet normal 7.468240e-01 -6.650217e-01 0.000000e+00
    outer loop
      vertex 2.656150e+01 -4.621405e+01 5.540466e-14
      vertex 2.693526e+01 -4.579432e+01 5.694302e-14
      vertex 2.693526e+01 -4.579432e+01 6.000000e-01
    endloop
  endfacet
  facet normal 7.468240e-01 -6.650217e-01 0.000000e+00
    outer loop
      vertex 2.656150e+01 -4.621405e+01 5.540466e-14
      vertex 2.693526e+01 -4.579432e+01 6.000000e-01
      vertex 2.656150e+01 -4.621405e+01 6.000000e-01
    endloop
  endfacet
  facet normal 8.233126e-01 -5.675882e-01 0.000000e+00
    outer loop
      vertex 2.728129e+01 -4.535341e+01 5.849253e-14
      vertex 2.759793e+01 -4.489412e+01 6.003450e-14
      vertex 2.759793e+01 -4.489412e+01 6.000000e-01
    endloop
  endfacet
  facet normal 8.233126e-01 -5.675882e-01 0.000000e+00
    outer loop
      vertex 2.728129e+01 -4.535341e+01 5.849253e-14
      vertex 2.759793e+01 -4.489412e+01 6.000000e-01
      vertex 2.728129e+01 -4.535341e+01 6.000000e-01
    endloop
  endfacet
  facet normal 9.359508e-01 -3.521307e-01 0.000000e+00
    outer loop
      vertex 2.836018e+01 -4.343555e+01 6.443661e-14
      vertex 2.855480e+01 -4.291825e+01 6.581165e-14
      vertex 2.855480e+01 -4.291825e+01 6.000000e-01
    endloop
  endfacet
  facet normal 9.359508e-01 -3.521307e-01 0.000000e+00
    outer loop
      vertex 2.836018e+01 -4.343555e+01 6.443661e-14
      vertex 2.855480e+01 -4.291825e+01 6.000000e-01
      vertex 2.836018e+01 -4.343555e+01 6.000000e-01
    endloop
  endfacet
  facet normal 9.936372e-01 1.126285e-01 0.000000e+00
    outer loop
      vertex 2.900966e+01 -3.924908e+01 7.245253e-14
      vertex 2.894802e+01 -3.870530e+01 7.311166e-14
      vertex 2.894802e+01 -3.870530e+01 6.000000e-01
    endloop
  endfacet
  facet normal 9.936372e-01 1.126285e-01 0.000000e+00
    outer loop
      vertex 2.900966e+01 -3.924908e+01 7.245253e-14
      vertex 2.894802e+01 -3.870530e+01 6.000000e-01
      vertex 2.900966e+01 -3.924908e+01 6.000000e-01
    endloop
  endfacet
  facet normal 5.605062e-01 -8.281502e-01 0.000000e+00
    outer loop
      vertex 2.483398e+01 -4.763454e+01 4.973196e-14
      vertex 2.529559e+01 -4.732211e+01 5.104252e-14
      vertex 2.529559e+01 -4.732211e+01 6.000000e-01
    endloop
  endfacet
  facet normal 5.605062e-01 -8.281502e-01 0.000000e+00
    outer loop
      vertex 2.483398e+01 -4.763454e+01 4.973196e-14
      vertex 2.529559e+01 -4.732211e+01 6.000000e-01
      vertex 2.483398e+01 -4.763454e+01 6.000000e-01
    endloop
  endfacet
  facet normal 5.085748e-01 -8.610178e-01 0.000000e+00
    outer loop
      vertex 2.435730e+01 -4.791610e+01 4.852015e-14
      vertex 2.483398e+01 -4.763454e+01 4.973196e-14
      vertex 2.483398e+01 -4.763454e+01 6.000000e-01
    endloop
  endfacet
  facet normal 5.085748e-01 -8.610178e-01 0.000000e+00
    outer loop
      vertex 2.435730e+01 -4.791610e+01 4.852015e-14
      vertex 2.483398e+01 -4.763454e+01 6.000000e-01
      vertex 2.435730e+01 -4.791610e+01 6.000000e-01
    endloop
  endfacet
  facet normal 4.329321e-01 -9.014210e-01 -3.158289e-03
    outer loop
      vertex 2.386861e+01 -4.816591e+01 4.742116e-14
      vertex 2.393025e+01 -4.813644e+01 3.750000e-02
      vertex 2.389945e+01 -4.815123e+01 3.750000e-02
    endloop
  endfacet
  facet normal 4.557045e-01 -8.893894e-01 -3.632960e-02
    outer loop
      vertex 2.435730e+01 -4.791610e+01 4.852015e-14
      vertex 2.399174e+01 -4.810646e+01 7.500000e-02
      vertex 2.393025e+01 -4.813644e+01 3.750000e-02
    endloop
  endfacet
  facet normal 4.381797e-01 -8.988874e-01 0.000000e+00
    outer loop
      vertex 2.393025e+01 -4.813644e+01 7.500000e-02
      vertex 2.393025e+01 -4.813644e+01 3.750000e-02
      vertex 2.399174e+01 -4.810646e+01 7.500000e-02
    endloop
  endfacet
  facet normal 4.298057e-01 -9.029214e-01 0.000000e+00
    outer loop
      vertex 2.389945e+01 -4.815123e+01 7.500000e-02
      vertex 2.386861e+01 -4.816591e+01 7.500000e-02
      vertex 2.386861e+01 -4.816591e+01 5.625000e-02
    endloop
  endfacet
  facet normal 4.298057e-01 -9.029214e-01 0.000000e+00
    outer loop
      vertex 2.389945e+01 -4.815123e+01 7.500000e-02
      vertex 2.386861e+01 -4.816591e+01 5.625000e-02
      vertex 2.389945e+01 -4.815123e+01 3.750000e-02
    endloop
  endfacet
  facet normal 4.546392e-01 -8.893644e-01 -4.831390e-02
    outer loop
      vertex 2.386861e+01 -4.816591e+01 4.742116e-14
      vertex 2.435730e+01 -4.791610e+01 4.852015e-14
      vertex 2.393025e+01 -4.813644e+01 3.750000e-02
    endloop
  endfacet
  facet normal 4.584118e-01 -8.884950e-01 -2.086336e-02
    outer loop
      vertex 2.411427e+01 -4.804501e+01 1.500000e-01
      vertex 2.399174e+01 -4.810646e+01 7.500000e-02
      vertex 2.435730e+01 -4.791610e+01 4.852015e-14
    endloop
  endfacet
  facet normal 4.298057e-01 -9.029214e-01 0.000000e+00
    outer loop
      vertex 2.386861e+01 -4.816591e+01 1.875000e-02
      vertex 2.389945e+01 -4.815123e+01 3.750000e-02
      vertex 2.386861e+01 -4.816591e+01 3.750000e-02
    endloop
  endfacet
  facet normal 4.298057e-01 -9.029214e-01 0.000000e+00
    outer loop
      vertex 2.386861e+01 -4.816591e+01 3.750000e-02
      vertex 2.389945e+01 -4.815123e+01 3.750000e-02
      vertex 2.386861e+01 -4.816591e+01 5.625000e-02
    endloop
  endfacet
  facet normal 4.298057e-01 -9.029214e-01 0.000000e+00
    outer loop
      vertex 2.389945e+01 -4.815123e+01 1.125000e-01
      vertex 2.386861e+01 -4.816591e+01 1.125000e-01
      vertex 2.386861e+01 -4.816591e+01 9.375000e-02
    endloop
  endfacet
  facet normal 4.298057e-01 -9.029214e-01 0.000000e+00
    outer loop
      vertex 2.389945e+01 -4.815123e+01 1.125000e-01
      vertex 2.386861e+01 -4.816591e+01 9.375000e-02
      vertex 2.389945e+01 -4.815123e+01 7.500000e-02
    endloop
  endfacet
  facet normal 4.298057e-01 -9.029214e-01 0.000000e+00
    outer loop
      vertex 2.386861e+01 -4.816591e+01 9.375000e-02
      vertex 2.386861e+01 -4.816591e+01 7.500000e-02
      vertex 2.389945e+01 -4.815123e+01 7.500000e-02
    endloop
  endfacet
  facet normal 4.298057e-01 -9.029214e-01 0.000000e+00
    outer loop
      vertex 2.386861e+01 -4.816591e+01 1.312500e-01
      vertex 2.386861e+01 -4.816591e+01 1.125000e-01
      vertex 2.389945e+01 -4.815123e+01 1.125000e-01
    endloop
  endfacet
  facet normal 4.298057e-01 -9.029214e-01 0.000000e+00
    outer loop
      vertex 2.386861e+01 -4.816591e+01 4.742116e-14
      vertex 2.389945e+01 -4.815123e+01 3.750000e-02
      vertex 2.386861e+01 -4.816591e+01 1.875000e-02
    endloop
  endfacet
  facet normal 4.483348e-01 -8.938657e-01 0.000000e+00
    outer loop
      vertex 2.399174e+01 -4.810646e+01 1.500000e-01
      vertex 2.399174e+01 -4.810646e+01 7.500000e-02
      vertex 2.411427e+01 -4.804501e+01 1.500000e-01
    endloop
  endfacet
  facet normal 4.298057e-01 -9.029214e-01 0.000000e+00
    outer loop
      vertex 2.386861e+01 -4.816591e+01 1.687500e-01
      vertex 2.389945e+01 -4.815123e+01 1.500000e-01
      vertex 2.389945e+01 -4.815123e+01 1.875000e-01
    endloop
  endfacet
  facet normal 4.298057e-01 -9.029214e-01 0.000000e+00
    outer loop
      vertex 2.386861e+01 -4.816591e+01 2.812500e-01
      vertex 2.389945e+01 -4.815123e+01 2.625000e-01
      vertex 2.389945e+01 -4.815123e+01 3.000000e-01
    endloop
  endfacet
  facet normal 4.298057e-01 -9.029214e-01 0.000000e+00
    outer loop
      vertex 2.389945e+01 -4.815123e+01 2.625000e-01
      vertex 2.386861e+01 -4.816591e+01 2.437500e-01
      vertex 2.389945e+01 -4.815123e+01 2.250000e-01
    endloop
  endfacet
  facet normal 4.298057e-01 -9.029214e-01 0.000000e+00
    outer loop
      vertex 2.389945e+01 -4.815123e+01 2.250000e-01
      vertex 2.386861e+01 -4.816591e+01 2.062500e-01
      vertex 2.389945e+01 -4.815123e+01 1.875000e-01
    endloop
  endfacet
  facet normal 4.685935e-01 -8.834139e-01 4.903932e-17
    outer loop
      vertex 2.435730e+01 -4.791610e+01 4.852015e-14
      vertex 2.411427e+01 -4.804501e+01 3.000000e-01
      vertex 2.411427e+01 -4.804501e+01 1.500000e-01
    endloop
  endfacet
  facet normal 4.298057e-01 -9.029214e-01 0.000000e+00
    outer loop
      vertex 2.389945e+01 -4.815123e+01 1.500000e-01
      vertex 2.386861e+01 -4.816591e+01 1.500000e-01
      vertex 2.386861e+01 -4.816591e+01 1.312500e-01
    endloop
  endfacet
  facet normal 4.298057e-01 -9.029214e-01 0.000000e+00
    outer loop
      vertex 2.389945e+01 -4.815123e+01 1.875000e-01
      vertex 2.386861e+01 -4.816591e+01 1.875000e-01
      vertex 2.386861e+01 -4.816591e+01 1.687500e-01
    endloop
  endfacet
  facet normal 4.298057e-01 -9.029214e-01 0.000000e+00
    outer loop
      vertex 2.389945e+01 -4.815123e+01 1.500000e-01
      vertex 2.386861e+01 -4.816591e+01 1.687500e-01
      vertex 2.386861e+01 -4.816591e+01 1.500000e-01
    endloop
  endfacet
  facet normal 4.298057e-01 -9.029214e-01 0.000000e+00
    outer loop
      vertex 2.389945e+01 -4.815123e+01 2.250000e-01
      vertex 2.386861e+01 -4.816591e+01 2.250000e-01
      vertex 2.386861e+01 -4.816591e+01 2.062500e-01
    endloop
  endfacet
  facet normal 4.298057e-01 -9.029214e-01 0.000000e+00
    outer loop
      vertex 2.389945e+01 -4.815123e+01 2.625000e-01
      vertex 2.386861e+01 -4.816591e+01 2.625000e-01
      vertex 2.386861e+01 -4.816591e+01 2.437500e-01
    endloop
  endfacet
  facet normal 4.298057e-01 -9.029214e-01 0.000000e+00
    outer loop
      vertex 2.389945e+01 -4.815123e+01 2.625000e-01
      vertex 2.386861e+01 -4.816591e+01 2.812500e-01
      vertex 2.386861e+01 -4.816591e+01 2.625000e-01
    endloop
  endfacet
  facet normal 4.298057e-01 -9.029214e-01 0.000000e+00
    outer loop
      vertex 2.389945e+01 -4.815123e+01 2.250000e-01
      vertex 2.386861e+01 -4.816591e+01 2.437500e-01
      vertex 2.386861e+01 -4.816591e+01 2.250000e-01
    endloop
  endfacet
  facet normal 4.298057e-01 -9.029214e-01 0.000000e+00
    outer loop
      vertex 2.389945e+01 -4.815123e+01 1.875000e-01
      vertex 2.386861e+01 -4.816591e+01 2.062500e-01
      vertex 2.386861e+01 -4.816591e+01 1.875000e-01
    endloop
  endfacet
  facet normal 4.298057e-01 -9.029214e-01 0.000000e+00
    outer loop
      vertex 2.389945e+01 -4.815123e+01 1.125000e-01
      vertex 2.389945e+01 -4.815123e+01 1.500000e-01
      vertex 2.386861e+01 -4.816591e+01 1.312500e-01
    endloop
  endfacet
  facet normal 4.298057e-01 -9.029214e-01 0.000000e+00
    outer loop
      vertex 2.386861e+01 -4.816591e+01 3.000000e-01
      vertex 2.386861e+01 -4.816591e+01 2.812500e-01
      vertex 2.389945e+01 -4.815123e+01 3.000000e-01
    endloop
  endfacet
  facet normal 6.105919e-01 -7.919454e-01 0.000000e+00
    outer loop
      vertex 2.529559e+01 -4.732211e+01 5.104252e-14
      vertex 2.573922e+01 -4.698008e+01 5.243624e-14
      vertex 2.573922e+01 -4.698008e+01 6.000000e-01
    endloop
  endfacet
  facet normal 6.105919e-01 -7.919454e-01 0.000000e+00
    outer loop
      vertex 2.529559e+01 -4.732211e+01 5.104252e-14
      vertex 2.573922e+01 -4.698008e+01 6.000000e-01
      vertex 2.529559e+01 -4.732211e+01 6.000000e-01
    endloop
  endfacet
  facet normal 4.685935e-01 -8.834139e-01 0.000000e+00
    outer loop
      vertex 2.435730e+01 -4.791610e+01 4.852015e-14
      vertex 2.435730e+01 -4.791610e+01 6.000000e-01
      vertex 2.411427e+01 -4.804501e+01 3.000000e-01
    endloop
  endfacet
  facet normal 4.433520e-01 8.963476e-01 0.000000e+00
    outer loop
      vertex 2.426310e+01 -3.202272e+01 7.897661e-14
      vertex 2.374898e+01 -3.176842e+01 7.900866e-14
      vertex 2.374898e+01 -3.176842e+01 6.000000e-01
    endloop
  endfacet
  facet normal 4.433520e-01 8.963476e-01 0.000000e+00
    outer loop
      vertex 2.426310e+01 -3.202272e+01 7.897661e-14
      vertex 2.374898e+01 -3.176842e+01 6.000000e-01
      vertex 2.426310e+01 -3.202272e+01 6.000000e-01
    endloop
  endfacet
  facet normal 4.298057e-01 -9.029214e-01 0.000000e+00
    outer loop
      vertex 2.389945e+01 -4.815123e+01 3.375000e-01
      vertex 2.389945e+01 -4.815123e+01 3.750000e-01
      vertex 2.386861e+01 -4.816591e+01 3.562500e-01
    endloop
  endfacet
  facet normal 4.298057e-01 -9.029214e-01 0.000000e+00
    outer loop
      vertex 2.389945e+01 -4.815123e+01 3.000000e-01
      vertex 2.389945e+01 -4.815123e+01 3.375000e-01
      vertex 2.386861e+01 -4.816591e+01 3.187500e-01
    endloop
  endfacet
  facet normal 4.298057e-01 -9.029214e-01 0.000000e+00
    outer loop
      vertex 2.386861e+01 -4.816591e+01 3.937500e-01
      vertex 2.389945e+01 -4.815123e+01 3.750000e-01
      vertex 2.389945e+01 -4.815123e+01 4.125000e-01
    endloop
  endfacet
  facet normal 4.483348e-01 -8.938657e-01 0.000000e+00
    outer loop
      vertex 2.399174e+01 -4.810646e+01 4.500000e-01
      vertex 2.411427e+01 -4.804501e+01 4.500000e-01
      vertex 2.399174e+01 -4.810646e+01 5.250000e-01
    endloop
  endfacet
  facet normal 4.298057e-01 -9.029214e-01 0.000000e+00
    outer loop
      vertex 2.389945e+01 -4.815123e+01 4.125000e-01
      vertex 2.389945e+01 -4.815123e+01 4.500000e-01
      vertex 2.386861e+01 -4.816591e+01 4.312500e-01
    endloop
  endfacet
  facet normal 4.298057e-01 -9.029214e-01 0.000000e+00
    outer loop
      vertex 2.389945e+01 -4.815123e+01 3.375000e-01
      vertex 2.386861e+01 -4.816591e+01 3.375000e-01
      vertex 2.386861e+01 -4.816591e+01 3.187500e-01
    endloop
  endfacet
  facet normal 4.685935e-01 -8.834139e-01 0.000000e+00
    outer loop
      vertex 2.411427e+01 -4.804501e+01 4.500000e-01
      vertex 2.411427e+01 -4.804501e+01 3.000000e-01
      vertex 2.435730e+01 -4.791610e+01 6.000000e-01
    endloop
  endfacet
  facet normal 4.298057e-01 -9.029214e-01 0.000000e+00
    outer loop
      vertex 2.389945e+01 -4.815123e+01 3.375000e-01
      vertex 2.386861e+01 -4.816591e+01 3.562500e-01
      vertex 2.386861e+01 -4.816591e+01 3.375000e-01
    endloop
  endfacet
  facet normal 4.298057e-01 -9.029214e-01 0.000000e+00
    outer loop
      vertex 2.389945e+01 -4.815123e+01 3.750000e-01
      vertex 2.386861e+01 -4.816591e+01 3.937500e-01
      vertex 2.386861e+01 -4.816591e+01 3.750000e-01
    endloop
  endfacet
  facet normal 4.298057e-01 -9.029214e-01 0.000000e+00
    outer loop
      vertex 2.389945e+01 -4.815123e+01 3.750000e-01
      vertex 2.386861e+01 -4.816591e+01 3.750000e-01
      vertex 2.386861e+01 -4.816591e+01 3.562500e-01
    endloop
  endfacet
  facet normal 4.298057e-01 -9.029214e-01 0.000000e+00
    outer loop
      vertex 2.389945e+01 -4.815123e+01 4.125000e-01
      vertex 2.386861e+01 -4.816591e+01 4.312500e-01
      vertex 2.386861e+01 -4.816591e+01 4.125000e-01
    endloop
  endfacet
  facet normal 4.298057e-01 -9.029214e-01 0.000000e+00
    outer loop
      vertex 2.389945e+01 -4.815123e+01 4.500000e-01
      vertex 2.386861e+01 -4.816591e+01 4.687500e-01
      vertex 2.386861e+01 -4.816591e+01 4.500000e-01
    endloop
  endfacet
  facet normal 4.298057e-01 -9.029214e-01 0.000000e+00
    outer loop
      vertex 2.389945e+01 -4.815123e+01 4.500000e-01
      vertex 2.386861e+01 -4.816591e+01 4.500000e-01
      vertex 2.386861e+01 -4.816591e+01 4.312500e-01
    endloop
  endfacet
  facet normal 4.298057e-01 -9.029214e-01 0.000000e+00
    outer loop
      vertex 2.389945e+01 -4.815123e+01 4.125000e-01
      vertex 2.386861e+01 -4.816591e+01 4.125000e-01
      vertex 2.386861e+01 -4.816591e+01 3.937500e-01
    endloop
  endfacet
  facet normal 4.298057e-01 -9.029214e-01 0.000000e+00
    outer loop
      vertex 2.389945e+01 -4.815123e+01 4.500000e-01
      vertex 2.389945e+01 -4.815123e+01 4.875000e-01
      vertex 2.386861e+01 -4.816591e+01 4.687500e-01
    endloop
  endfacet
  facet normal 4.381797e-01 -8.988874e-01 0.000000e+00
    outer loop
      vertex 2.393025e+01 -4.813644e+01 5.625000e-01
      vertex 2.393025e+01 -4.813644e+01 5.250000e-01
      vertex 2.399174e+01 -4.810646e+01 5.250000e-01
    endloop
  endfacet
  facet normal 4.584118e-01 -8.884950e-01 2.086336e-02
    outer loop
      vertex 2.399174e+01 -4.810646e+01 5.250000e-01
      vertex 2.411427e+01 -4.804501e+01 4.500000e-01
      vertex 2.435730e+01 -4.791610e+01 6.000000e-01
    endloop
  endfacet
  facet normal 4.557045e-01 -8.893894e-01 3.632957e-02
    outer loop
      vertex 2.435730e+01 -4.791610e+01 6.000000e-01
      vertex 2.393025e+01 -4.813644e+01 5.625000e-01
      vertex 2.399174e+01 -4.810646e+01 5.250000e-01
    endloop
  endfacet
  facet normal 4.546392e-01 -8.893644e-01 4.831387e-02
    outer loop
      vertex 2.435730e+01 -4.791610e+01 6.000000e-01
      vertex 2.386861e+01 -4.816591e+01 6.000000e-01
      vertex 2.393025e+01 -4.813644e+01 5.625000e-01
    endloop
  endfacet
  facet normal 4.298057e-01 -9.029214e-01 0.000000e+00
    outer loop
      vertex 2.389945e+01 -4.815123e+01 5.250000e-01
      vertex 2.386861e+01 -4.816591e+01 5.062500e-01
      vertex 2.389945e+01 -4.815123e+01 4.875000e-01
    endloop
  endfacet
  facet normal 4.298057e-01 -9.029214e-01 0.000000e+00
    outer loop
      vertex 2.386861e+01 -4.816591e+01 4.875000e-01
      vertex 2.389945e+01 -4.815123e+01 4.875000e-01
      vertex 2.386861e+01 -4.816591e+01 5.062500e-01
    endloop
  endfacet
  facet normal 4.298057e-01 -9.029214e-01 0.000000e+00
    outer loop
      vertex 2.389945e+01 -4.815123e+01 5.250000e-01
      vertex 2.386861e+01 -4.816591e+01 5.250000e-01
      vertex 2.386861e+01 -4.816591e+01 5.062500e-01
    endloop
  endfacet
  facet normal 4.298057e-01 -9.029214e-01 0.000000e+00
    outer loop
      vertex 2.386861e+01 -4.816591e+01 5.437500e-01
      vertex 2.386861e+01 -4.816591e+01 5.250000e-01
      vertex 2.389945e+01 -4.815123e+01 5.250000e-01
    endloop
  endfacet
  facet normal 4.298057e-01 -9.029214e-01 0.000000e+00
    outer loop
      vertex 2.386861e+01 -4.816591e+01 5.625000e-01
      vertex 2.386861e+01 -4.816591e+01 5.437500e-01
      vertex 2.389945e+01 -4.815123e+01 5.625000e-01
    endloop
  endfacet
  facet normal 4.298057e-01 -9.029214e-01 0.000000e+00
    outer loop
      vertex 2.389945e+01 -4.815123e+01 5.250000e-01
      vertex 2.389945e+01 -4.815123e+01 5.625000e-01
      vertex 2.386861e+01 -4.816591e+01 5.437500e-01
    endloop
  endfacet
  facet normal 4.298057e-01 -9.029214e-01 0.000000e+00
    outer loop
      vertex 2.389945e+01 -4.815123e+01 5.625000e-01
      vertex 2.386861e+01 -4.816591e+01 5.812500e-01
      vertex 2.386861e+01 -4.816591e+01 5.625000e-01
    endloop
  endfacet
  facet normal 4.298057e-01 -9.029214e-01 0.000000e+00
    outer loop
      vertex 2.389945e+01 -4.815123e+01 5.625000e-01
      vertex 2.386861e+01 -4.816591e+01 6.000000e-01
      vertex 2.386861e+01 -4.816591e+01 5.812500e-01
    endloop
  endfacet
  facet normal 4.329321e-01 -9.014210e-01 3.158288e-03
    outer loop
      vertex 2.393025e+01 -4.813644e+01 5.625000e-01
      vertex 2.386861e+01 -4.816591e+01 6.000000e-01
      vertex 2.389945e+01 -4.815123e+01 5.625000e-01
    endloop
  endfacet
  facet normal 4.298057e-01 -9.029214e-01 0.000000e+00
    outer loop
      vertex 2.386861e+01 -4.816591e+01 4.875000e-01
      vertex 2.386861e+01 -4.816591e+01 4.687500e-01
      vertex 2.389945e+01 -4.815123e+01 4.875000e-01
    endloop
  endfacet
  facet normal 4.298057e-01 -9.029214e-01 0.000000e+00
    outer loop
      vertex 2.389945e+01 -4.815123e+01 3.000000e-01
      vertex 2.386861e+01 -4.816591e+01 3.187500e-01
      vertex 2.386861e+01 -4.816591e+01 3.000000e-01
    endloop
  endfacet
  facet normal 9.065531e-01 4.220918e-01 0.000000e+00
    outer loop
      vertex 2.387044e+01 -4.816984e+01 2.500000e-02
      vertex 2.387044e+01 -4.816984e+01 1.250000e-02
      vertex 2.386953e+01 -4.816787e+01 1.250000e-02
    endloop
  endfacet
  facet normal 9.065531e-01 4.220918e-01 0.000000e+00
    outer loop
      vertex 2.387044e+01 -4.816984e+01 2.500000e-02
      vertex 2.386953e+01 -4.816787e+01 1.250000e-02
      vertex 2.386953e+01 -4.816787e+01 2.500000e-02
    endloop
  endfacet
  facet normal 9.065531e-01 4.220918e-01 0.000000e+00
    outer loop
      vertex 2.387044e+01 -4.816984e+01 5.875000e-01
      vertex 2.387044e+01 -4.816984e+01 5.750000e-01
      vertex 2.386953e+01 -4.816787e+01 5.750000e-01
    endloop
  endfacet
  facet normal 9.065531e-01 4.220918e-01 0.000000e+00
    outer loop
      vertex 2.387044e+01 -4.816984e+01 5.875000e-01
      vertex 2.386953e+01 -4.816787e+01 5.750000e-01
      vertex 2.386953e+01 -4.816787e+01 5.875000e-01
    endloop
  endfacet
  facet normal 9.063849e-01 4.224527e-01 0.000000e+00
    outer loop
      vertex 2.387136e+01 -4.817181e+01 2.500000e-02
      vertex 2.387136e+01 -4.817181e+01 1.250000e-02
      vertex 2.387044e+01 -4.816984e+01 1.250000e-02
    endloop
  endfacet
  facet normal 9.063849e-01 4.224527e-01 0.000000e+00
    outer loop
      vertex 2.387136e+01 -4.817181e+01 2.500000e-02
      vertex 2.387044e+01 -4.816984e+01 1.250000e-02
      vertex 2.387044e+01 -4.816984e+01 2.500000e-02
    endloop
  endfacet
  facet normal 9.063849e-01 4.224527e-01 0.000000e+00
    outer loop
      vertex 2.387136e+01 -4.817181e+01 5.875000e-01
      vertex 2.387136e+01 -4.817181e+01 5.750000e-01
      vertex 2.387044e+01 -4.816984e+01 5.750000e-01
    endloop
  endfacet
  facet normal 9.063849e-01 4.224527e-01 0.000000e+00
    outer loop
      vertex 2.387136e+01 -4.817181e+01 5.875000e-01
      vertex 2.387044e+01 -4.816984e+01 5.750000e-01
      vertex 2.387044e+01 -4.816984e+01 5.875000e-01
    endloop
  endfacet
  facet normal 9.057550e-01 4.238017e-01 0.000000e+00
    outer loop
      vertex 2.386953e+01 -4.816787e+01 1.250000e-02
      vertex 2.386861e+01 -4.816591e+01 4.742116e-14
      vertex 2.386861e+01 -4.816591e+01 1.875000e-02
    endloop
  endfacet
  facet normal 9.057550e-01 4.238017e-01 0.000000e+00
    outer loop
      vertex 2.386953e+01 -4.816787e+01 2.500000e-02
      vertex 2.386861e+01 -4.816591e+01 1.875000e-02
      vertex 2.386861e+01 -4.816591e+01 3.750000e-02
    endloop
  endfacet
  facet normal 9.061550e-01 4.229457e-01 0.000000e+00
    outer loop
      vertex 2.387044e+01 -4.816984e+01 7.500000e-02
      vertex 2.386861e+01 -4.816591e+01 5.625000e-02
      vertex 2.386861e+01 -4.816591e+01 7.500000e-02
    endloop
  endfacet
  facet normal 9.061550e-01 4.229457e-01 0.000000e+00
    outer loop
      vertex 2.386861e+01 -4.816591e+01 9.375000e-02
      vertex 2.387044e+01 -4.816984e+01 1.000000e-01
      vertex 2.387044e+01 -4.816984e+01 7.500000e-02
    endloop
  endfacet
  facet normal 9.061550e-01 4.229457e-01 0.000000e+00
    outer loop
      vertex 2.386861e+01 -4.816591e+01 9.375000e-02
      vertex 2.387044e+01 -4.816984e+01 7.500000e-02
      vertex 2.386861e+01 -4.816591e+01 7.500000e-02
    endloop
  endfacet
  facet normal 9.061550e-01 4.229457e-01 0.000000e+00
    outer loop
      vertex 2.386861e+01 -4.816591e+01 5.625000e-02
      vertex 2.387044e+01 -4.816984e+01 2.500000e-02
      vertex 2.386861e+01 -4.816591e+01 3.750000e-02
    endloop
  endfacet
  facet normal 9.061550e-01 4.229457e-01 0.000000e+00
    outer loop
      vertex 2.387044e+01 -4.816984e+01 1.250000e-01
      vertex 2.386861e+01 -4.816591e+01 1.125000e-01
      vertex 2.386861e+01 -4.816591e+01 1.312500e-01
    endloop
  endfacet
  facet normal 9.061550e-01 4.229457e-01 0.000000e+00
    outer loop
      vertex 2.386861e+01 -4.816591e+01 1.500000e-01
      vertex 2.387044e+01 -4.816984e+01 1.500000e-01
      vertex 2.387044e+01 -4.816984e+01 1.250000e-01
    endloop
  endfacet
  facet normal 9.061550e-01 4.229457e-01 0.000000e+00
    outer loop
      vertex 2.386861e+01 -4.816591e+01 1.500000e-01
      vertex 2.387044e+01 -4.816984e+01 1.250000e-01
      vertex 2.386861e+01 -4.816591e+01 1.312500e-01
    endloop
  endfacet
  facet normal 9.061550e-01 4.229457e-01 0.000000e+00
    outer loop
      vertex 2.387044e+01 -4.816984e+01 1.750000e-01
      vertex 2.386861e+01 -4.816591e+01 1.687500e-01
      vertex 2.386861e+01 -4.816591e+01 1.875000e-01
    endloop
  endfacet
  facet normal 9.061550e-01 4.229457e-01 0.000000e+00
    outer loop
      vertex 2.387044e+01 -4.816984e+01 2.000000e-01
      vertex 2.386861e+01 -4.816591e+01 1.875000e-01
      vertex 2.386861e+01 -4.816591e+01 2.062500e-01
    endloop
  endfacet
  facet normal 9.061550e-01 4.229457e-01 0.000000e+00
    outer loop
      vertex 2.386861e+01 -4.816591e+01 1.687500e-01
      vertex 2.387044e+01 -4.816984e+01 1.750000e-01
      vertex 2.387044e+01 -4.816984e+01 1.500000e-01
    endloop
  endfacet
  facet normal 9.061550e-01 4.229457e-01 0.000000e+00
    outer loop
      vertex 2.386861e+01 -4.816591e+01 1.687500e-01
      vertex 2.387044e+01 -4.816984e+01 1.500000e-01
      vertex 2.386861e+01 -4.816591e+01 1.500000e-01
    endloop
  endfacet
  facet normal 9.061550e-01 4.229457e-01 0.000000e+00
    outer loop
      vertex 2.386861e+01 -4.816591e+01 1.125000e-01
      vertex 2.387044e+01 -4.816984e+01 1.000000e-01
      vertex 2.386861e+01 -4.816591e+01 9.375000e-02
    endloop
  endfacet
  facet normal 9.061550e-01 4.229456e-01 -1.636398e-04
    outer loop
      vertex 2.386861e+01 -4.816591e+01 4.742116e-14
      vertex 2.386953e+01 -4.816787e+01 1.250000e-02
      vertex 2.387044e+01 -4.816984e+01 4.608872e-14
    endloop
  endfacet
  facet normal 9.065531e-01 4.220918e-01 0.000000e+00
    outer loop
      vertex 2.387044e+01 -4.816984e+01 4.608872e-14
      vertex 2.386953e+01 -4.816787e+01 1.250000e-02
      vertex 2.387044e+01 -4.816984e+01 1.250000e-02
    endloop
  endfacet
  facet normal 9.065530e-01 4.220918e-01 3.267889e-04
    outer loop
      vertex 2.386861e+01 -4.816591e+01 3.750000e-02
      vertex 2.387044e+01 -4.816984e+01 2.500000e-02
      vertex 2.386953e+01 -4.816787e+01 2.500000e-02
    endloop
  endfacet
  facet normal 9.063849e-01 4.224527e-01 0.000000e+00
    outer loop
      vertex 2.387044e+01 -4.816984e+01 7.500000e-02
      vertex 2.387228e+01 -4.817378e+01 5.625000e-02
      vertex 2.387228e+01 -4.817378e+01 3.750000e-02
    endloop
  endfacet
  facet normal 9.063849e-01 4.224527e-01 0.000000e+00
    outer loop
      vertex 2.387044e+01 -4.816984e+01 7.500000e-02
      vertex 2.387228e+01 -4.817378e+01 3.750000e-02
      vertex 2.387044e+01 -4.816984e+01 2.500000e-02
    endloop
  endfacet
  facet normal 9.061550e-01 4.229457e-01 0.000000e+00
    outer loop
      vertex 2.387044e+01 -4.816984e+01 2.500000e-02
      vertex 2.386861e+01 -4.816591e+01 5.625000e-02
      vertex 2.387044e+01 -4.816984e+01 7.500000e-02
    endloop
  endfacet
  facet normal 9.063849e-01 4.224527e-01 0.000000e+00
    outer loop
      vertex 2.387044e+01 -4.816984e+01 1.250000e-02
      vertex 2.387136e+01 -4.817181e+01 1.250000e-02
      vertex 2.387044e+01 -4.816984e+01 4.608872e-14
    endloop
  endfacet
  facet normal 9.061550e-01 4.229457e-01 0.000000e+00
    outer loop
      vertex 2.387044e+01 -4.816984e+01 1.250000e-01
      vertex 2.387044e+01 -4.816984e+01 1.000000e-01
      vertex 2.386861e+01 -4.816591e+01 1.125000e-01
    endloop
  endfacet
  facet normal 9.063849e-01 4.224527e-01 0.000000e+00
    outer loop
      vertex 2.387044e+01 -4.816984e+01 1.250000e-01
      vertex 2.387228e+01 -4.817378e+01 1.125000e-01
      vertex 2.387228e+01 -4.817378e+01 9.375000e-02
    endloop
  endfacet
  facet normal 9.063849e-01 4.224527e-01 0.000000e+00
    outer loop
      vertex 2.387044e+01 -4.816984e+01 1.250000e-01
      vertex 2.387228e+01 -4.817378e+01 9.375000e-02
      vertex 2.387044e+01 -4.816984e+01 1.000000e-01
    endloop
  endfacet
  facet normal 9.061550e-01 4.229457e-01 0.000000e+00
    outer loop
      vertex 2.387044e+01 -4.816984e+01 1.750000e-01
      vertex 2.386861e+01 -4.816591e+01 1.875000e-01
      vertex 2.387044e+01 -4.816984e+01 2.000000e-01
    endloop
  endfacet
  facet normal 9.063849e-01 4.224527e-01 0.000000e+00
    outer loop
      vertex 2.387044e+01 -4.816984e+01 1.750000e-01
      vertex 2.387228e+01 -4.817378e+01 1.687500e-01
      vertex 2.387228e+01 -4.817378e+01 1.500000e-01
    endloop
  endfacet
  facet normal 9.063849e-01 4.224527e-01 0.000000e+00
    outer loop
      vertex 2.387044e+01 -4.816984e+01 1.750000e-01
      vertex 2.387228e+01 -4.817378e+01 1.500000e-01
      vertex 2.387044e+01 -4.816984e+01 1.500000e-01
    endloop
  endfacet
  facet normal 9.061550e-01 4.229457e-01 0.000000e+00
    outer loop
      vertex 2.386861e+01 -4.816591e+01 2.250000e-01
      vertex 2.387044e+01 -4.816984e+01 2.250000e-01
      vertex 2.387044e+01 -4.816984e+01 2.000000e-01
    endloop
  endfacet
  facet normal 9.061550e-01 4.229457e-01 0.000000e+00
    outer loop
      vertex 2.386861e+01 -4.816591e+01 2.250000e-01
      vertex 2.387044e+01 -4.816984e+01 2.000000e-01
      vertex 2.386861e+01 -4.816591e+01 2.062500e-01
    endloop
  endfacet
  facet normal 9.063849e-01 4.224527e-01 0.000000e+00
    outer loop
      vertex 2.387044e+01 -4.816984e+01 2.250000e-01
      vertex 2.387228e+01 -4.817378e+01 2.250000e-01
      vertex 2.387228e+01 -4.817378e+01 2.062500e-01
    endloop
  endfacet
  facet normal 9.063849e-01 4.224527e-01 0.000000e+00
    outer loop
      vertex 2.387044e+01 -4.816984e+01 2.250000e-01
      vertex 2.387228e+01 -4.817378e+01 2.062500e-01
      vertex 2.387044e+01 -4.816984e+01 2.000000e-01
    endloop
  endfacet
  facet normal 9.063849e-01 4.224527e-01 0.000000e+00
    outer loop
      vertex 2.387044e+01 -4.816984e+01 2.000000e-01
      vertex 2.387228e+01 -4.817378e+01 1.875000e-01
      vertex 2.387044e+01 -4.816984e+01 1.750000e-01
    endloop
  endfacet
  facet normal 9.063849e-01 4.224527e-01 0.000000e+00
    outer loop
      vertex 2.387044e+01 -4.816984e+01 1.500000e-01
      vertex 2.387228e+01 -4.817378e+01 1.500000e-01
      vertex 2.387228e+01 -4.817378e+01 1.312500e-01
    endloop
  endfacet
  facet normal 9.063849e-01 4.224527e-01 0.000000e+00
    outer loop
      vertex 2.387044e+01 -4.816984e+01 1.500000e-01
      vertex 2.387228e+01 -4.817378e+01 1.312500e-01
      vertex 2.387044e+01 -4.816984e+01 1.250000e-01
    endloop
  endfacet
  facet normal 9.061550e-01 4.229457e-01 0.000000e+00
    outer loop
      vertex 2.386861e+01 -4.816591e+01 2.437500e-01
      vertex 2.387044e+01 -4.816984e+01 2.500000e-01
      vertex 2.387044e+01 -4.816984e+01 2.250000e-01
    endloop
  endfacet
  facet normal 9.061550e-01 4.229457e-01 0.000000e+00
    outer loop
      vertex 2.386861e+01 -4.816591e+01 2.437500e-01
      vertex 2.387044e+01 -4.816984e+01 2.250000e-01
      vertex 2.386861e+01 -4.816591e+01 2.250000e-01
    endloop
  endfacet
  facet normal 9.063849e-01 4.224527e-01 0.000000e+00
    outer loop
      vertex 2.387044e+01 -4.816984e+01 1.000000e-01
      vertex 2.387228e+01 -4.817378e+01 9.375000e-02
      vertex 2.387228e+01 -4.817378e+01 7.500000e-02
    endloop
  endfacet
  facet normal 9.063849e-01 4.224527e-01 0.000000e+00
    outer loop
      vertex 2.387044e+01 -4.816984e+01 1.000000e-01
      vertex 2.387228e+01 -4.817378e+01 7.500000e-02
      vertex 2.387044e+01 -4.816984e+01 7.500000e-02
    endloop
  endfacet
  facet normal 9.057550e-01 4.238017e-01 0.000000e+00
    outer loop
      vertex 2.386953e+01 -4.816787e+01 1.250000e-02
      vertex 2.386861e+01 -4.816591e+01 1.875000e-02
      vertex 2.386953e+01 -4.816787e+01 2.500000e-02
    endloop
  endfacet
  facet normal 9.061550e-01 4.229457e-01 0.000000e+00
    outer loop
      vertex 2.387044e+01 -4.816984e+01 2.500000e-01
      vertex 2.386861e+01 -4.816591e+01 2.437500e-01
      vertex 2.386861e+01 -4.816591e+01 2.625000e-01
    endloop
  endfacet
  facet normal 9.061550e-01 4.229457e-01 0.000000e+00
    outer loop
      vertex 2.387044e+01 -4.816984e+01 2.750000e-01
      vertex 2.386861e+01 -4.816591e+01 2.625000e-01
      vertex 2.386861e+01 -4.816591e+01 2.812500e-01
    endloop
  endfacet
  facet normal 9.061550e-01 4.229457e-01 0.000000e+00
    outer loop
      vertex 2.386861e+01 -4.816591e+01 3.187500e-01
      vertex 2.387044e+01 -4.816984e+01 3.250000e-01
      vertex 2.387044e+01 -4.816984e+01 3.000000e-01
    endloop
  endfacet
  facet normal 9.061550e-01 4.229457e-01 0.000000e+00
    outer loop
      vertex 2.386861e+01 -4.816591e+01 3.187500e-01
      vertex 2.387044e+01 -4.816984e+01 3.000000e-01
      vertex 2.386861e+01 -4.816591e+01 3.000000e-01
    endloop
  endfacet
  facet normal 9.061550e-01 4.229457e-01 0.000000e+00
    outer loop
      vertex 2.386861e+01 -4.816591e+01 3.187500e-01
      vertex 2.386861e+01 -4.816591e+01 3.375000e-01
      vertex 2.387044e+01 -4.816984e+01 3.250000e-01
    endloop
  endfacet
  facet normal 9.061550e-01 4.229457e-01 0.000000e+00
    outer loop
      vertex 2.386861e+01 -4.816591e+01 3.000000e-01
      vertex 2.387044e+01 -4.816984e+01 3.000000e-01
      vertex 2.387044e+01 -4.816984e+01 2.750000e-01
    endloop
  endfacet
  facet normal 9.061550e-01 4.229457e-01 0.000000e+00
    outer loop
      vertex 2.386861e+01 -4.816591e+01 3.000000e-01
      vertex 2.387044e+01 -4.816984e+01 2.750000e-01
      vertex 2.386861e+01 -4.816591e+01 2.812500e-01
    endloop
  endfacet
  facet normal 9.061550e-01 4.229457e-01 0.000000e+00
    outer loop
      vertex 2.386861e+01 -4.816591e+01 3.750000e-01
      vertex 2.387044e+01 -4.816984e+01 3.750000e-01
      vertex 2.387044e+01 -4.816984e+01 3.500000e-01
    endloop
  endfacet
  facet normal 9.061550e-01 4.229457e-01 0.000000e+00
    outer loop
      vertex 2.386861e+01 -4.816591e+01 3.750000e-01
      vertex 2.387044e+01 -4.816984e+01 3.500000e-01
      vertex 2.386861e+01 -4.816591e+01 3.562500e-01
    endloop
  endfacet
  facet normal 9.061550e-01 4.229457e-01 0.000000e+00
    outer loop
      vertex 2.386861e+01 -4.816591e+01 3.937500e-01
      vertex 2.387044e+01 -4.816984e+01 4.000000e-01
      vertex 2.387044e+01 -4.816984e+01 3.750000e-01
    endloop
  endfacet
  facet normal 9.061550e-01 4.229457e-01 0.000000e+00
    outer loop
      vertex 2.386861e+01 -4.816591e+01 3.937500e-01
      vertex 2.387044e+01 -4.816984e+01 3.750000e-01
      vertex 2.386861e+01 -4.816591e+01 3.750000e-01
    endloop
  endfacet
  facet normal 9.061550e-01 4.229457e-01 0.000000e+00
    outer loop
      vertex 2.386861e+01 -4.816591e+01 4.125000e-01
      vertex 2.386861e+01 -4.816591e+01 4.312500e-01
      vertex 2.387044e+01 -4.816984e+01 4.250000e-01
    endloop
  endfacet
  facet normal 9.061550e-01 4.229457e-01 0.000000e+00
    outer loop
      vertex 2.386861e+01 -4.816591e+01 4.500000e-01
      vertex 2.387044e+01 -4.816984e+01 4.500000e-01
      vertex 2.387044e+01 -4.816984e+01 4.250000e-01
    endloop
  endfacet
  facet normal 9.061550e-01 4.229457e-01 0.000000e+00
    outer loop
      vertex 2.386861e+01 -4.816591e+01 4.500000e-01
      vertex 2.387044e+01 -4.816984e+01 4.250000e-01
      vertex 2.386861e+01 -4.816591e+01 4.312500e-01
    endloop
  endfacet
  facet normal 9.061550e-01 4.229457e-01 0.000000e+00
    outer loop
      vertex 2.387044e+01 -4.816984e+01 4.000000e-01
      vertex 2.386861e+01 -4.816591e+01 3.937500e-01
      vertex 2.386861e+01 -4.816591e+01 4.125000e-01
    endloop
  endfacet
  facet normal 9.061550e-01 4.229457e-01 0.000000e+00
    outer loop
      vertex 2.387044e+01 -4.816984e+01 3.500000e-01
      vertex 2.386861e+01 -4.816591e+01 3.375000e-01
      vertex 2.386861e+01 -4.816591e+01 3.562500e-01
    endloop
  endfacet
  facet normal 9.061550e-01 4.229457e-01 0.000000e+00
    outer loop
      vertex 2.386861e+01 -4.816591e+01 5.062500e-01
      vertex 2.387044e+01 -4.816984e+01 5.000000e-01
      vertex 2.386861e+01 -4.816591e+01 4.875000e-01
    endloop
  endfacet
  facet normal 9.061550e-01 4.229457e-01 0.000000e+00
    outer loop
      vertex 2.386861e+01 -4.816591e+01 5.250000e-01
      vertex 2.387044e+01 -4.816984e+01 5.250000e-01
      vertex 2.387044e+01 -4.816984e+01 5.000000e-01
    endloop
  endfacet
  facet normal 9.061550e-01 4.229457e-01 0.000000e+00
    outer loop
      vertex 2.386861e+01 -4.816591e+01 5.250000e-01
      vertex 2.387044e+01 -4.816984e+01 5.000000e-01
      vertex 2.386861e+01 -4.816591e+01 5.062500e-01
    endloop
  endfacet
  facet normal 9.063849e-01 4.224527e-01 0.000000e+00
    outer loop
      vertex 2.387228e+01 -4.817378e+01 2.625000e-01
      vertex 2.387044e+01 -4.816984e+01 2.500000e-01
      vertex 2.387044e+01 -4.816984e+01 2.750000e-01
    endloop
  endfacet
  facet normal 9.063849e-01 4.224527e-01 0.000000e+00
    outer loop
      vertex 2.387044e+01 -4.816984e+01 3.000000e-01
      vertex 2.387228e+01 -4.817378e+01 3.000000e-01
      vertex 2.387228e+01 -4.817378e+01 2.812500e-01
    endloop
  endfacet
  facet normal 9.063849e-01 4.224527e-01 0.000000e+00
    outer loop
      vertex 2.387044e+01 -4.816984e+01 3.000000e-01
      vertex 2.387228e+01 -4.817378e+01 2.812500e-01
      vertex 2.387044e+01 -4.816984e+01 2.750000e-01
    endloop
  endfacet
  facet normal 9.061550e-01 4.229457e-01 0.000000e+00
    outer loop
      vertex 2.386861e+01 -4.816591e+01 4.687500e-01
      vertex 2.387044e+01 -4.816984e+01 4.750000e-01
      vertex 2.387044e+01 -4.816984e+01 4.500000e-01
    endloop
  endfacet
  facet normal 9.061550e-01 4.229457e-01 0.000000e+00
    outer loop
      vertex 2.386861e+01 -4.816591e+01 4.687500e-01
      vertex 2.387044e+01 -4.816984e+01 4.500000e-01
      vertex 2.386861e+01 -4.816591e+01 4.500000e-01
    endloop
  endfacet
  facet normal 9.061550e-01 4.229457e-01 0.000000e+00
    outer loop
      vertex 2.387044e+01 -4.816984e+01 2.750000e-01
      vertex 2.387044e+01 -4.816984e+01 2.500000e-01
      vertex 2.386861e+01 -4.816591e+01 2.625000e-01
    endloop
  endfacet
  facet normal 9.061550e-01 4.229457e-01 0.000000e+00
    outer loop
      vertex 2.387044e+01 -4.816984e+01 4.750000e-01
      vertex 2.386861e+01 -4.816591e+01 4.687500e-01
      vertex 2.386861e+01 -4.816591e+01 4.875000e-01
    endloop
  endfacet
  facet normal 9.061550e-01 4.229457e-01 0.000000e+00
    outer loop
      vertex 2.386861e+01 -4.816591e+01 5.437500e-01
      vertex 2.386861e+01 -4.816591e+01 5.625000e-01
      vertex 2.387044e+01 -4.816984e+01 5.500000e-01
    endloop
  endfacet
  facet normal 9.060219e-01 4.232308e-01 -1.091479e-04
    outer loop
      vertex 2.387044e+01 -4.816984e+01 5.500000e-01
      vertex 2.386861e+01 -4.816591e+01 5.625000e-01
      vertex 2.386953e+01 -4.816787e+01 5.750000e-01
    endloop
  endfacet
  facet normal 9.057550e-01 4.238017e-01 0.000000e+00
    outer loop
      vertex 2.386953e+01 -4.816787e+01 5.875000e-01
      vertex 2.386953e+01 -4.816787e+01 5.750000e-01
      vertex 2.386861e+01 -4.816591e+01 5.812500e-01
    endloop
  endfacet
  facet normal 9.057550e-01 4.238017e-01 0.000000e+00
    outer loop
      vertex 2.386861e+01 -4.816591e+01 5.625000e-01
      vertex 2.386861e+01 -4.816591e+01 5.812500e-01
      vertex 2.386953e+01 -4.816787e+01 5.750000e-01
    endloop
  endfacet
  facet normal 9.061550e-01 4.229456e-01 1.636392e-04
    outer loop
      vertex 2.387044e+01 -4.816984e+01 6.000000e-01
      vertex 2.386953e+01 -4.816787e+01 5.875000e-01
      vertex 2.386861e+01 -4.816591e+01 6.000000e-01
    endloop
  endfacet
  facet normal 9.057550e-01 4.238017e-01 0.000000e+00
    outer loop
      vertex 2.386861e+01 -4.816591e+01 5.812500e-01
      vertex 2.386861e+01 -4.816591e+01 6.000000e-01
      vertex 2.386953e+01 -4.816787e+01 5.875000e-01
    endloop
  endfacet
  facet normal 9.061550e-01 4.229457e-01 0.000000e+00
    outer loop
      vertex 2.386861e+01 -4.816591e+01 5.437500e-01
      vertex 2.387044e+01 -4.816984e+01 5.500000e-01
      vertex 2.387044e+01 -4.816984e+01 5.250000e-01
    endloop
  endfacet
  facet normal 9.061550e-01 4.229457e-01 0.000000e+00
    outer loop
      vertex 2.386861e+01 -4.816591e+01 5.437500e-01
      vertex 2.387044e+01 -4.816984e+01 5.250000e-01
      vertex 2.386861e+01 -4.816591e+01 5.250000e-01
    endloop
  endfacet
  facet normal 9.063849e-01 4.224527e-01 0.000000e+00
    outer loop
      vertex 2.387044e+01 -4.816984e+01 2.500000e-01
      vertex 2.387228e+01 -4.817378e+01 2.437500e-01
      vertex 2.387228e+01 -4.817378e+01 2.250000e-01
    endloop
  endfacet
  facet normal 9.063849e-01 4.224527e-01 0.000000e+00
    outer loop
      vertex 2.387044e+01 -4.816984e+01 2.500000e-01
      vertex 2.387228e+01 -4.817378e+01 2.250000e-01
      vertex 2.387044e+01 -4.816984e+01 2.250000e-01
    endloop
  endfacet
  facet normal 9.063849e-01 4.224527e-01 0.000000e+00
    outer loop
      vertex 2.387228e+01 -4.817378e+01 1.875000e-02
      vertex 2.387136e+01 -4.817181e+01 1.250000e-02
      vertex 2.387136e+01 -4.817181e+01 2.500000e-02
    endloop
  endfacet
  facet normal 9.063849e-01 4.224527e-01 0.000000e+00
    outer loop
      vertex 2.387044e+01 -4.816984e+01 4.608872e-14
      vertex 2.387136e+01 -4.817181e+01 1.250000e-02
      vertex 2.387228e+01 -4.817378e+01 4.742081e-14
    endloop
  endfacet
  facet normal 9.063849e-01 4.224527e-01 0.000000e+00
    outer loop
      vertex 2.387228e+01 -4.817378e+01 4.742081e-14
      vertex 2.387136e+01 -4.817181e+01 1.250000e-02
      vertex 2.387228e+01 -4.817378e+01 1.875000e-02
    endloop
  endfacet
  facet normal 9.063849e-01 4.224527e-01 0.000000e+00
    outer loop
      vertex 2.387136e+01 -4.817181e+01 2.500000e-02
      vertex 2.387044e+01 -4.816984e+01 2.500000e-02
      vertex 2.387228e+01 -4.817378e+01 3.750000e-02
    endloop
  endfacet
  facet normal 9.063849e-01 4.224527e-01 0.000000e+00
    outer loop
      vertex 2.387136e+01 -4.817181e+01 2.500000e-02
      vertex 2.387228e+01 -4.817378e+01 3.750000e-02
      vertex 2.387228e+01 -4.817378e+01 1.875000e-02
    endloop
  endfacet
  facet normal 9.063849e-01 4.224527e-01 0.000000e+00
    outer loop
      vertex 2.387044e+01 -4.816984e+01 7.500000e-02
      vertex 2.387228e+01 -4.817378e+01 7.500000e-02
      vertex 2.387228e+01 -4.817378e+01 5.625000e-02
    endloop
  endfacet
  facet normal 9.061550e-01 4.229457e-01 0.000000e+00
    outer loop
      vertex 2.386861e+01 -4.816591e+01 3.375000e-01
      vertex 2.387044e+01 -4.816984e+01 3.500000e-01
      vertex 2.387044e+01 -4.816984e+01 3.250000e-01
    endloop
  endfacet
  facet normal 9.063849e-01 4.224527e-01 0.000000e+00
    outer loop
      vertex 2.387044e+01 -4.816984e+01 3.250000e-01
      vertex 2.387044e+01 -4.816984e+01 3.500000e-01
      vertex 2.387228e+01 -4.817378e+01 3.375000e-01
    endloop
  endfacet
  facet normal 9.063849e-01 4.224527e-01 0.000000e+00
    outer loop
      vertex 2.387044e+01 -4.816984e+01 3.750000e-01
      vertex 2.387228e+01 -4.817378e+01 3.750000e-01
      vertex 2.387228e+01 -4.817378e+01 3.562500e-01
    endloop
  endfacet
  facet normal 9.063849e-01 4.224527e-01 0.000000e+00
    outer loop
      vertex 2.387044e+01 -4.816984e+01 3.750000e-01
      vertex 2.387228e+01 -4.817378e+01 3.562500e-01
      vertex 2.387044e+01 -4.816984e+01 3.500000e-01
    endloop
  endfacet
  facet normal 9.063849e-01 4.224527e-01 0.000000e+00
    outer loop
      vertex 2.387044e+01 -4.816984e+01 1.250000e-01
      vertex 2.387228e+01 -4.817378e+01 1.312500e-01
      vertex 2.387228e+01 -4.817378e+01 1.125000e-01
    endloop
  endfacet
  facet normal 9.063849e-01 4.224527e-01 0.000000e+00
    outer loop
      vertex 2.387228e+01 -4.817378e+01 1.687500e-01
      vertex 2.387044e+01 -4.816984e+01 1.750000e-01
      vertex 2.387228e+01 -4.817378e+01 1.875000e-01
    endloop
  endfacet
  facet normal 9.063849e-01 4.224527e-01 0.000000e+00
    outer loop
      vertex 2.387228e+01 -4.817378e+01 1.875000e-01
      vertex 2.387044e+01 -4.816984e+01 2.000000e-01
      vertex 2.387228e+01 -4.817378e+01 2.062500e-01
    endloop
  endfacet
  facet normal 9.063849e-01 4.224527e-01 0.000000e+00
    outer loop
      vertex 2.387228e+01 -4.817378e+01 2.625000e-01
      vertex 2.387044e+01 -4.816984e+01 2.750000e-01
      vertex 2.387228e+01 -4.817378e+01 2.812500e-01
    endloop
  endfacet
  facet normal 9.063849e-01 4.224527e-01 0.000000e+00
    outer loop
      vertex 2.387044e+01 -4.816984e+01 3.250000e-01
      vertex 2.387228e+01 -4.817378e+01 3.187500e-01
      vertex 2.387228e+01 -4.817378e+01 3.000000e-01
    endloop
  endfacet
  facet normal 9.063849e-01 4.224527e-01 0.000000e+00
    outer loop
      vertex 2.387044e+01 -4.816984e+01 3.250000e-01
      vertex 2.387228e+01 -4.817378e+01 3.000000e-01
      vertex 2.387044e+01 -4.816984e+01 3.000000e-01
    endloop
  endfacet
  facet normal 9.063849e-01 4.224527e-01 0.000000e+00
    outer loop
      vertex 2.387044e+01 -4.816984e+01 3.500000e-01
      vertex 2.387228e+01 -4.817378e+01 3.562500e-01
      vertex 2.387228e+01 -4.817378e+01 3.375000e-01
    endloop
  endfacet
  facet normal 9.063849e-01 4.224527e-01 0.000000e+00
    outer loop
      vertex 2.387044e+01 -4.816984e+01 3.250000e-01
      vertex 2.387228e+01 -4.817378e+01 3.375000e-01
      vertex 2.387228e+01 -4.817378e+01 3.187500e-01
    endloop
  endfacet
  facet normal 9.063849e-01 4.224527e-01 0.000000e+00
    outer loop
      vertex 2.387228e+01 -4.817378e+01 2.437500e-01
      vertex 2.387044e+01 -4.816984e+01 2.500000e-01
      vertex 2.387228e+01 -4.817378e+01 2.625000e-01
    endloop
  endfacet
  facet normal 9.061550e-01 4.229457e-01 0.000000e+00
    outer loop
      vertex 2.386861e+01 -4.816591e+01 4.125000e-01
      vertex 2.387044e+01 -4.816984e+01 4.250000e-01
      vertex 2.387044e+01 -4.816984e+01 4.000000e-01
    endloop
  endfacet
  facet normal 9.063849e-01 4.224527e-01 0.000000e+00
    outer loop
      vertex 2.387044e+01 -4.816984e+01 4.500000e-01
      vertex 2.387228e+01 -4.817378e+01 4.500000e-01
      vertex 2.387228e+01 -4.817378e+01 4.312500e-01
    endloop
  endfacet
  facet normal 9.063849e-01 4.224527e-01 0.000000e+00
    outer loop
      vertex 2.387044e+01 -4.816984e+01 4.500000e-01
      vertex 2.387228e+01 -4.817378e+01 4.312500e-01
      vertex 2.387044e+01 -4.816984e+01 4.250000e-01
    endloop
  endfacet
  facet normal 9.063849e-01 4.224527e-01 0.000000e+00
    outer loop
      vertex 2.387044e+01 -4.816984e+01 4.750000e-01
      vertex 2.387228e+01 -4.817378e+01 4.687500e-01
      vertex 2.387228e+01 -4.817378e+01 4.500000e-01
    endloop
  endfacet
  facet normal 9.063849e-01 4.224527e-01 0.000000e+00
    outer loop
      vertex 2.387044e+01 -4.816984e+01 4.750000e-01
      vertex 2.387228e+01 -4.817378e+01 4.500000e-01
      vertex 2.387044e+01 -4.816984e+01 4.500000e-01
    endloop
  endfacet
  facet normal 9.061550e-01 4.229457e-01 0.000000e+00
    outer loop
      vertex 2.386861e+01 -4.816591e+01 4.875000e-01
      vertex 2.387044e+01 -4.816984e+01 5.000000e-01
      vertex 2.387044e+01 -4.816984e+01 4.750000e-01
    endloop
  endfacet
  facet normal 9.063849e-01 4.224527e-01 0.000000e+00
    outer loop
      vertex 2.387044e+01 -4.816984e+01 5.250000e-01
      vertex 2.387228e+01 -4.817378e+01 5.250000e-01
      vertex 2.387228e+01 -4.817378e+01 5.062500e-01
    endloop
  endfacet
  facet normal 9.063849e-01 4.224527e-01 0.000000e+00
    outer loop
      vertex 2.387044e+01 -4.816984e+01 5.250000e-01
      vertex 2.387228e+01 -4.817378e+01 5.062500e-01
      vertex 2.387044e+01 -4.816984e+01 5.000000e-01
    endloop
  endfacet
  facet normal 9.063849e-01 4.224527e-01 0.000000e+00
    outer loop
      vertex 2.387044e+01 -4.816984e+01 5.500000e-01
      vertex 2.387228e+01 -4.817378e+01 5.437500e-01
      vertex 2.387228e+01 -4.817378e+01 5.250000e-01
    endloop
  endfacet
  facet normal 9.063849e-01 4.224527e-01 0.000000e+00
    outer loop
      vertex 2.387044e+01 -4.816984e+01 5.500000e-01
      vertex 2.387228e+01 -4.817378e+01 5.250000e-01
      vertex 2.387044e+01 -4.816984e+01 5.250000e-01
    endloop
  endfacet
  facet normal 9.063849e-01 4.224527e-01 0.000000e+00
    outer loop
      vertex 2.387228e+01 -4.817378e+01 4.875000e-01
      vertex 2.387044e+01 -4.816984e+01 4.750000e-01
      vertex 2.387044e+01 -4.816984e+01 5.000000e-01
    endloop
  endfacet
  facet normal 9.065531e-01 4.220918e-01 0.000000e+00
    outer loop
      vertex 2.386953e+01 -4.816787e+01 5.750000e-01
      vertex 2.387044e+01 -4.816984e+01 5.750000e-01
      vertex 2.387044e+01 -4.816984e+01 5.500000e-01
    endloop
  endfacet
  facet normal 9.063849e-01 4.224527e-01 0.000000e+00
    outer loop
      vertex 2.387136e+01 -4.817181e+01 5.750000e-01
      vertex 2.387044e+01 -4.816984e+01 5.500000e-01
      vertex 2.387044e+01 -4.816984e+01 5.750000e-01
    endloop
  endfacet
  facet normal 9.063849e-01 4.224527e-01 0.000000e+00
    outer loop
      vertex 2.387044e+01 -4.816984e+01 6.000000e-01
      vertex 2.387136e+01 -4.817181e+01 5.875000e-01
      vertex 2.387044e+01 -4.816984e+01 5.875000e-01
    endloop
  endfacet
  facet normal 9.063849e-01 4.224527e-01 0.000000e+00
    outer loop
      vertex 2.387228e+01 -4.817378e+01 5.812500e-01
      vertex 2.387136e+01 -4.817181e+01 5.750000e-01
      vertex 2.387136e+01 -4.817181e+01 5.875000e-01
    endloop
  endfacet
  facet normal 9.063849e-01 4.224527e-01 0.000000e+00
    outer loop
      vertex 2.387228e+01 -4.817378e+01 6.000000e-01
      vertex 2.387136e+01 -4.817181e+01 5.875000e-01
      vertex 2.387044e+01 -4.816984e+01 6.000000e-01
    endloop
  endfacet
  facet normal 9.063849e-01 4.224527e-01 0.000000e+00
    outer loop
      vertex 2.387228e+01 -4.817378e+01 5.625000e-01
      vertex 2.387044e+01 -4.816984e+01 5.500000e-01
      vertex 2.387136e+01 -4.817181e+01 5.750000e-01
    endloop
  endfacet
  facet normal 9.065531e-01 4.220918e-01 0.000000e+00
    outer loop
      vertex 2.386953e+01 -4.816787e+01 5.875000e-01
      vertex 2.387044e+01 -4.816984e+01 6.000000e-01
      vertex 2.387044e+01 -4.816984e+01 5.875000e-01
    endloop
  endfacet
  facet normal 9.063849e-01 4.224527e-01 0.000000e+00
    outer loop
      vertex 2.387228e+01 -4.817378e+01 4.125000e-01
      vertex 2.387044e+01 -4.816984e+01 4.000000e-01
      vertex 2.387044e+01 -4.816984e+01 4.250000e-01
    endloop
  endfacet
  facet normal 9.063849e-01 4.224527e-01 0.000000e+00
    outer loop
      vertex 2.387044e+01 -4.816984e+01 4.000000e-01
      vertex 2.387228e+01 -4.817378e+01 3.937500e-01
      vertex 2.387228e+01 -4.817378e+01 3.750000e-01
    endloop
  endfacet
  facet normal 9.063849e-01 4.224527e-01 0.000000e+00
    outer loop
      vertex 2.387044e+01 -4.816984e+01 4.000000e-01
      vertex 2.387228e+01 -4.817378e+01 3.750000e-01
      vertex 2.387044e+01 -4.816984e+01 3.750000e-01
    endloop
  endfacet
  facet normal 9.063849e-01 4.224527e-01 0.000000e+00
    outer loop
      vertex 2.387044e+01 -4.816984e+01 4.000000e-01
      vertex 2.387228e+01 -4.817378e+01 4.125000e-01
      vertex 2.387228e+01 -4.817378e+01 3.937500e-01
    endloop
  endfacet
  facet normal 9.063849e-01 4.224527e-01 0.000000e+00
    outer loop
      vertex 2.387044e+01 -4.816984e+01 4.250000e-01
      vertex 2.387228e+01 -4.817378e+01 4.312500e-01
      vertex 2.387228e+01 -4.817378e+01 4.125000e-01
    endloop
  endfacet
  facet normal 9.063849e-01 4.224527e-01 0.000000e+00
    outer loop
      vertex 2.387044e+01 -4.816984e+01 5.000000e-01
      vertex 2.387228e+01 -4.817378e+01 5.062500e-01
      vertex 2.387228e+01 -4.817378e+01 4.875000e-01
    endloop
  endfacet
  facet normal 9.063849e-01 4.224527e-01 0.000000e+00
    outer loop
      vertex 2.387044e+01 -4.816984e+01 5.500000e-01
      vertex 2.387228e+01 -4.817378e+01 5.625000e-01
      vertex 2.387228e+01 -4.817378e+01 5.437500e-01
    endloop
  endfacet
  facet normal 9.063849e-01 4.224527e-01 0.000000e+00
    outer loop
      vertex 2.387136e+01 -4.817181e+01 5.875000e-01
      vertex 2.387228e+01 -4.817378e+01 6.000000e-01
      vertex 2.387228e+01 -4.817378e+01 5.812500e-01
    endloop
  endfacet
  facet normal 9.063849e-01 4.224527e-01 0.000000e+00
    outer loop
      vertex 2.387136e+01 -4.817181e+01 5.750000e-01
      vertex 2.387228e+01 -4.817378e+01 5.812500e-01
      vertex 2.387228e+01 -4.817378e+01 5.625000e-01
    endloop
  endfacet
  facet normal 9.063849e-01 4.224527e-01 0.000000e+00
    outer loop
      vertex 2.387044e+01 -4.816984e+01 4.750000e-01
      vertex 2.387228e+01 -4.817378e+01 4.875000e-01
      vertex 2.387228e+01 -4.817378e+01 4.687500e-01
    endloop
  endfacet
  facet normal 4.238242e-01 -9.057445e-01 0.000000e+00
    outer loop
      vertex 2.381561e+01 -4.820041e+01 5.625000e-01
      vertex 2.381561e+01 -4.820041e+01 5.250000e-01
      vertex 2.384397e+01 -4.818715e+01 5.250000e-01
    endloop
  endfacet
  facet normal 4.238242e-01 -9.057445e-01 0.000000e+00
    outer loop
      vertex 2.381561e+01 -4.820041e+01 5.625000e-01
      vertex 2.384397e+01 -4.818715e+01 5.250000e-01
      vertex 2.384397e+01 -4.818715e+01 5.625000e-01
    endloop
  endfacet
  facet normal 4.238242e-01 -9.057445e-01 0.000000e+00
    outer loop
      vertex 2.381561e+01 -4.820041e+01 5.250000e-01
      vertex 2.381561e+01 -4.820041e+01 4.875000e-01
      vertex 2.384397e+01 -4.818715e+01 4.875000e-01
    endloop
  endfacet
  facet normal 4.238242e-01 -9.057445e-01 0.000000e+00
    outer loop
      vertex 2.381561e+01 -4.820041e+01 5.250000e-01
      vertex 2.384397e+01 -4.818715e+01 4.875000e-01
      vertex 2.384397e+01 -4.818715e+01 5.250000e-01
    endloop
  endfacet
  facet normal 4.238242e-01 -9.057445e-01 0.000000e+00
    outer loop
      vertex 2.381561e+01 -4.820041e+01 4.875000e-01
      vertex 2.381561e+01 -4.820041e+01 4.500000e-01
      vertex 2.384397e+01 -4.818715e+01 4.500000e-01
    endloop
  endfacet
  facet normal 4.238242e-01 -9.057445e-01 0.000000e+00
    outer loop
      vertex 2.381561e+01 -4.820041e+01 4.875000e-01
      vertex 2.384397e+01 -4.818715e+01 4.500000e-01
      vertex 2.384397e+01 -4.818715e+01 4.875000e-01
    endloop
  endfacet
  facet normal 4.191587e-01 -9.079130e-01 0.000000e+00
    outer loop
      vertex 2.381561e+01 -4.820041e+01 4.875000e-01
      vertex 2.375878e+01 -4.822665e+01 4.500000e-01
      vertex 2.381561e+01 -4.820041e+01 4.500000e-01
    endloop
  endfacet
  facet normal 4.191587e-01 -9.079130e-01 0.000000e+00
    outer loop
      vertex 2.375878e+01 -4.822665e+01 5.250000e-01
      vertex 2.381561e+01 -4.820041e+01 4.875000e-01
      vertex 2.381561e+01 -4.820041e+01 5.250000e-01
    endloop
  endfacet
  facet normal 4.191587e-01 -9.079130e-01 0.000000e+00
    outer loop
      vertex 2.375878e+01 -4.822665e+01 4.500000e-01
      vertex 2.381561e+01 -4.820041e+01 4.875000e-01
      vertex 2.375878e+01 -4.822665e+01 5.250000e-01
    endloop
  endfacet
  facet normal 4.191587e-01 -9.079130e-01 0.000000e+00
    outer loop
      vertex 2.381561e+01 -4.820041e+01 4.125000e-01
      vertex 2.375878e+01 -4.822665e+01 3.750000e-01
      vertex 2.381561e+01 -4.820041e+01 3.750000e-01
    endloop
  endfacet
  facet normal 4.191587e-01 -9.079130e-01 0.000000e+00
    outer loop
      vertex 2.375878e+01 -4.822665e+01 4.500000e-01
      vertex 2.381561e+01 -4.820041e+01 4.125000e-01
      vertex 2.381561e+01 -4.820041e+01 4.500000e-01
    endloop
  endfacet
  facet normal 4.191587e-01 -9.079130e-01 0.000000e+00
    outer loop
      vertex 2.375878e+01 -4.822665e+01 3.750000e-01
      vertex 2.381561e+01 -4.820041e+01 4.125000e-01
      vertex 2.375878e+01 -4.822665e+01 4.500000e-01
    endloop
  endfacet
  facet normal 4.238242e-01 -9.057445e-01 0.000000e+00
    outer loop
      vertex 2.381561e+01 -4.820041e+01 4.500000e-01
      vertex 2.381561e+01 -4.820041e+01 4.125000e-01
      vertex 2.384397e+01 -4.818715e+01 4.125000e-01
    endloop
  endfacet
  facet normal 4.238242e-01 -9.057445e-01 0.000000e+00
    outer loop
      vertex 2.381561e+01 -4.820041e+01 4.500000e-01
      vertex 2.384397e+01 -4.818715e+01 4.125000e-01
      vertex 2.384397e+01 -4.818715e+01 4.500000e-01
    endloop
  endfacet
  facet normal 4.238242e-01 -9.057445e-01 0.000000e+00
    outer loop
      vertex 2.381561e+01 -4.820041e+01 4.125000e-01
      vertex 2.381561e+01 -4.820041e+01 3.750000e-01
      vertex 2.384397e+01 -4.818715e+01 3.750000e-01
    endloop
  endfacet
  facet normal 4.238242e-01 -9.057445e-01 0.000000e+00
    outer loop
      vertex 2.381561e+01 -4.820041e+01 4.125000e-01
      vertex 2.384397e+01 -4.818715e+01 3.750000e-01
      vertex 2.384397e+01 -4.818715e+01 4.125000e-01
    endloop
  endfacet
  facet normal 4.238242e-01 -9.057445e-01 0.000000e+00
    outer loop
      vertex 2.381561e+01 -4.820041e+01 3.750000e-01
      vertex 2.381561e+01 -4.820041e+01 3.375000e-01
      vertex 2.384397e+01 -4.818715e+01 3.375000e-01
    endloop
  endfacet
  facet normal 4.238242e-01 -9.057445e-01 0.000000e+00
    outer loop
      vertex 2.381561e+01 -4.820041e+01 3.750000e-01
      vertex 2.384397e+01 -4.818715e+01 3.375000e-01
      vertex 2.384397e+01 -4.818715e+01 3.750000e-01
    endloop
  endfacet
  facet normal 4.238242e-01 -9.057445e-01 0.000000e+00
    outer loop
      vertex 2.381561e+01 -4.820041e+01 3.375000e-01
      vertex 2.381561e+01 -4.820041e+01 3.000000e-01
      vertex 2.384397e+01 -4.818715e+01 3.000000e-01
    endloop
  endfacet
  facet normal 4.238242e-01 -9.057445e-01 0.000000e+00
    outer loop
      vertex 2.381561e+01 -4.820041e+01 3.375000e-01
      vertex 2.384397e+01 -4.818715e+01 3.000000e-01
      vertex 2.384397e+01 -4.818715e+01 3.375000e-01
    endloop
  endfacet
  facet normal 4.191587e-01 -9.079130e-01 0.000000e+00
    outer loop
      vertex 2.381561e+01 -4.820041e+01 3.375000e-01
      vertex 2.375878e+01 -4.822665e+01 3.000000e-01
      vertex 2.381561e+01 -4.820041e+01 3.000000e-01
    endloop
  endfacet
  facet normal 4.191587e-01 -9.079130e-01 0.000000e+00
    outer loop
      vertex 2.375878e+01 -4.822665e+01 3.750000e-01
      vertex 2.381561e+01 -4.820041e+01 3.375000e-01
      vertex 2.381561e+01 -4.820041e+01 3.750000e-01
    endloop
  endfacet
  facet normal 4.191587e-01 -9.079130e-01 0.000000e+00
    outer loop
      vertex 2.375878e+01 -4.822665e+01 3.000000e-01
      vertex 2.381561e+01 -4.820041e+01 3.375000e-01
      vertex 2.375878e+01 -4.822665e+01 3.750000e-01
    endloop
  endfacet
  facet normal 4.096541e-01 -9.122409e-01 0.000000e+00
    outer loop
      vertex 2.375878e+01 -4.822665e+01 3.750000e-01
      vertex 2.364463e+01 -4.827791e+01 3.000000e-01
      vertex 2.375878e+01 -4.822665e+01 3.000000e-01
    endloop
  endfacet
  facet normal 4.096541e-01 -9.122409e-01 0.000000e+00
    outer loop
      vertex 2.364463e+01 -4.827791e+01 4.500000e-01
      vertex 2.375878e+01 -4.822665e+01 3.750000e-01
      vertex 2.375878e+01 -4.822665e+01 4.500000e-01
    endloop
  endfacet
  facet normal 4.096541e-01 -9.122409e-01 0.000000e+00
    outer loop
      vertex 2.364463e+01 -4.827791e+01 3.000000e-01
      vertex 2.375878e+01 -4.822665e+01 3.750000e-01
      vertex 2.364463e+01 -4.827791e+01 4.500000e-01
    endloop
  endfacet
  facet normal 4.096541e-01 -9.122409e-01 0.000000e+00
    outer loop
      vertex 2.375878e+01 -4.822665e+01 2.250000e-01
      vertex 2.364463e+01 -4.827791e+01 1.500000e-01
      vertex 2.375878e+01 -4.822665e+01 1.500000e-01
    endloop
  endfacet
  facet normal 4.096541e-01 -9.122409e-01 0.000000e+00
    outer loop
      vertex 2.364463e+01 -4.827791e+01 3.000000e-01
      vertex 2.375878e+01 -4.822665e+01 2.250000e-01
      vertex 2.375878e+01 -4.822665e+01 3.000000e-01
    endloop
  endfacet
  facet normal 4.096541e-01 -9.122409e-01 0.000000e+00
    outer loop
      vertex 2.364463e+01 -4.827791e+01 1.500000e-01
      vertex 2.375878e+01 -4.822665e+01 2.250000e-01
      vertex 2.364463e+01 -4.827791e+01 3.000000e-01
    endloop
  endfacet
  facet normal 4.191587e-01 -9.079130e-01 0.000000e+00
    outer loop
      vertex 2.381561e+01 -4.820041e+01 2.625000e-01
      vertex 2.375878e+01 -4.822665e+01 2.250000e-01
      vertex 2.381561e+01 -4.820041e+01 2.250000e-01
    endloop
  endfacet
  facet normal 4.191587e-01 -9.079130e-01 0.000000e+00
    outer loop
      vertex 2.375878e+01 -4.822665e+01 3.000000e-01
      vertex 2.381561e+01 -4.820041e+01 2.625000e-01
      vertex 2.381561e+01 -4.820041e+01 3.000000e-01
    endloop
  endfacet
  facet normal 4.191587e-01 -9.079130e-01 0.000000e+00
    outer loop
      vertex 2.375878e+01 -4.822665e+01 2.250000e-01
      vertex 2.381561e+01 -4.820041e+01 2.625000e-01
      vertex 2.375878e+01 -4.822665e+01 3.000000e-01
    endloop
  endfacet
  facet normal 4.238242e-01 -9.057445e-01 0.000000e+00
    outer loop
      vertex 2.381561e+01 -4.820041e+01 3.000000e-01
      vertex 2.381561e+01 -4.820041e+01 2.625000e-01
      vertex 2.384397e+01 -4.818715e+01 2.625000e-01
    endloop
  endfacet
  facet normal 4.238242e-01 -9.057445e-01 0.000000e+00
    outer loop
      vertex 2.381561e+01 -4.820041e+01 3.000000e-01
      vertex 2.384397e+01 -4.818715e+01 2.625000e-01
      vertex 2.384397e+01 -4.818715e+01 3.000000e-01
    endloop
  endfacet
  facet normal 4.238242e-01 -9.057445e-01 0.000000e+00
    outer loop
      vertex 2.381561e+01 -4.820041e+01 2.625000e-01
      vertex 2.381561e+01 -4.820041e+01 2.250000e-01
      vertex 2.384397e+01 -4.818715e+01 2.250000e-01
    endloop
  endfacet
  facet normal 4.238242e-01 -9.057445e-01 0.000000e+00
    outer loop
      vertex 2.381561e+01 -4.820041e+01 2.625000e-01
      vertex 2.384397e+01 -4.818715e+01 2.250000e-01
      vertex 2.384397e+01 -4.818715e+01 2.625000e-01
    endloop
  endfacet
  facet normal 4.238242e-01 -9.057445e-01 0.000000e+00
    outer loop
      vertex 2.381561e+01 -4.820041e+01 2.250000e-01
      vertex 2.381561e+01 -4.820041e+01 1.875000e-01
      vertex 2.384397e+01 -4.818715e+01 1.875000e-01
    endloop
  endfacet
  facet normal 4.238242e-01 -9.057445e-01 0.000000e+00
    outer loop
      vertex 2.381561e+01 -4.820041e+01 2.250000e-01
      vertex 2.384397e+01 -4.818715e+01 1.875000e-01
      vertex 2.384397e+01 -4.818715e+01 2.250000e-01
    endloop
  endfacet
  facet normal 4.238242e-01 -9.057445e-01 0.000000e+00
    outer loop
      vertex 2.381561e+01 -4.820041e+01 1.875000e-01
      vertex 2.381561e+01 -4.820041e+01 1.500000e-01
      vertex 2.384397e+01 -4.818715e+01 1.500000e-01
    endloop
  endfacet
  facet normal 4.238242e-01 -9.057445e-01 0.000000e+00
    outer loop
      vertex 2.381561e+01 -4.820041e+01 1.875000e-01
      vertex 2.384397e+01 -4.818715e+01 1.500000e-01
      vertex 2.384397e+01 -4.818715e+01 1.875000e-01
    endloop
  endfacet
  facet normal 4.191587e-01 -9.079130e-01 0.000000e+00
    outer loop
      vertex 2.381561e+01 -4.820041e+01 1.875000e-01
      vertex 2.375878e+01 -4.822665e+01 1.500000e-01
      vertex 2.381561e+01 -4.820041e+01 1.500000e-01
    endloop
  endfacet
  facet normal 4.191587e-01 -9.079130e-01 0.000000e+00
    outer loop
      vertex 2.375878e+01 -4.822665e+01 2.250000e-01
      vertex 2.381561e+01 -4.820041e+01 1.875000e-01
      vertex 2.381561e+01 -4.820041e+01 2.250000e-01
    endloop
  endfacet
  facet normal 4.191587e-01 -9.079130e-01 0.000000e+00
    outer loop
      vertex 2.375878e+01 -4.822665e+01 1.500000e-01
      vertex 2.381561e+01 -4.820041e+01 1.875000e-01
      vertex 2.375878e+01 -4.822665e+01 2.250000e-01
    endloop
  endfacet
  facet normal 4.191587e-01 -9.079130e-01 0.000000e+00
    outer loop
      vertex 2.381561e+01 -4.820041e+01 1.125000e-01
      vertex 2.375878e+01 -4.822665e+01 7.500000e-02
      vertex 2.381561e+01 -4.820041e+01 7.500000e-02
    endloop
  endfacet
  facet normal 4.191587e-01 -9.079130e-01 0.000000e+00
    outer loop
      vertex 2.375878e+01 -4.822665e+01 1.500000e-01
      vertex 2.381561e+01 -4.820041e+01 1.125000e-01
      vertex 2.381561e+01 -4.820041e+01 1.500000e-01
    endloop
  endfacet
  facet normal 4.191587e-01 -9.079130e-01 0.000000e+00
    outer loop
      vertex 2.375878e+01 -4.822665e+01 7.500000e-02
      vertex 2.381561e+01 -4.820041e+01 1.125000e-01
      vertex 2.375878e+01 -4.822665e+01 1.500000e-01
    endloop
  endfacet
  facet normal 4.238242e-01 -9.057445e-01 0.000000e+00
    outer loop
      vertex 2.381561e+01 -4.820041e+01 1.500000e-01
      vertex 2.381561e+01 -4.820041e+01 1.125000e-01
      vertex 2.384397e+01 -4.818715e+01 1.125000e-01
    endloop
  endfacet
  facet normal 4.238242e-01 -9.057445e-01 0.000000e+00
    outer loop
      vertex 2.381561e+01 -4.820041e+01 1.500000e-01
      vertex 2.384397e+01 -4.818715e+01 1.125000e-01
      vertex 2.384397e+01 -4.818715e+01 1.500000e-01
    endloop
  endfacet
  facet normal 4.238242e-01 -9.057445e-01 0.000000e+00
    outer loop
      vertex 2.381561e+01 -4.820041e+01 1.125000e-01
      vertex 2.381561e+01 -4.820041e+01 7.500000e-02
      vertex 2.384397e+01 -4.818715e+01 7.500000e-02
    endloop
  endfacet
  facet normal 4.238242e-01 -9.057445e-01 0.000000e+00
    outer loop
      vertex 2.381561e+01 -4.820041e+01 1.125000e-01
      vertex 2.384397e+01 -4.818715e+01 7.500000e-02
      vertex 2.384397e+01 -4.818715e+01 1.125000e-01
    endloop
  endfacet
  facet normal 4.238242e-01 -9.057445e-01 0.000000e+00
    outer loop
      vertex 2.381561e+01 -4.820041e+01 7.500000e-02
      vertex 2.381561e+01 -4.820041e+01 3.750000e-02
      vertex 2.384397e+01 -4.818715e+01 3.750000e-02
    endloop
  endfacet
  facet normal 4.238242e-01 -9.057445e-01 0.000000e+00
    outer loop
      vertex 2.381561e+01 -4.820041e+01 7.500000e-02
      vertex 2.384397e+01 -4.818715e+01 3.750000e-02
      vertex 2.384397e+01 -4.818715e+01 7.500000e-02
    endloop
  endfacet
  facet normal -4.190080e-01 -9.079825e-01 -0.000000e+00
    outer loop
      vertex 1.618550e+01 -4.820097e+01 5.250000e-01
      vertex 1.618550e+01 -4.820097e+01 4.500000e-01
      vertex 1.624241e+01 -4.822723e+01 4.500000e-01
    endloop
  endfacet
  facet normal -4.190080e-01 -9.079825e-01 -5.040316e-17
    outer loop
      vertex 1.618550e+01 -4.820097e+01 5.250000e-01
      vertex 1.624241e+01 -4.822723e+01 4.500000e-01
      vertex 1.624241e+01 -4.822723e+01 5.250000e-01
    endloop
  endfacet
  facet normal -4.095109e-01 -9.123052e-01 -0.000000e+00
    outer loop
      vertex 1.624241e+01 -4.822723e+01 3.750000e-01
      vertex 1.635671e+01 -4.827854e+01 4.500000e-01
      vertex 1.624241e+01 -4.822723e+01 4.500000e-01
    endloop
  endfacet
  facet normal -4.095109e-01 -9.123052e-01 0.000000e+00
    outer loop
      vertex 1.635671e+01 -4.827854e+01 3.000000e-01
      vertex 1.624241e+01 -4.822723e+01 3.750000e-01
      vertex 1.624241e+01 -4.822723e+01 3.000000e-01
    endloop
  endfacet
  facet normal -4.095109e-01 -9.123052e-01 0.000000e+00
    outer loop
      vertex 1.635671e+01 -4.827854e+01 4.500000e-01
      vertex 1.624241e+01 -4.822723e+01 3.750000e-01
      vertex 1.635671e+01 -4.827854e+01 3.000000e-01
    endloop
  endfacet
  facet normal -4.190080e-01 -9.079825e-01 -0.000000e+00
    outer loop
      vertex 1.618550e+01 -4.820097e+01 4.500000e-01
      vertex 1.618550e+01 -4.820097e+01 3.750000e-01
      vertex 1.624241e+01 -4.822723e+01 3.750000e-01
    endloop
  endfacet
  facet normal -4.190080e-01 -9.079825e-01 -5.040316e-17
    outer loop
      vertex 1.618550e+01 -4.820097e+01 4.500000e-01
      vertex 1.624241e+01 -4.822723e+01 3.750000e-01
      vertex 1.624241e+01 -4.822723e+01 4.500000e-01
    endloop
  endfacet
  facet normal -4.190080e-01 -9.079825e-01 -0.000000e+00
    outer loop
      vertex 1.618550e+01 -4.820097e+01 3.750000e-01
      vertex 1.618550e+01 -4.820097e+01 3.000000e-01
      vertex 1.624241e+01 -4.822723e+01 3.000000e-01
    endloop
  endfacet
  facet normal -4.190080e-01 -9.079825e-01 -5.040316e-17
    outer loop
      vertex 1.618550e+01 -4.820097e+01 3.750000e-01
      vertex 1.624241e+01 -4.822723e+01 3.000000e-01
      vertex 1.624241e+01 -4.822723e+01 3.750000e-01
    endloop
  endfacet
  facet normal -4.190080e-01 -9.079825e-01 -0.000000e+00
    outer loop
      vertex 1.618550e+01 -4.820097e+01 3.000000e-01
      vertex 1.618550e+01 -4.820097e+01 2.250000e-01
      vertex 1.624241e+01 -4.822723e+01 2.250000e-01
    endloop
  endfacet
  facet normal -4.190080e-01 -9.079825e-01 0.000000e+00
    outer loop
      vertex 1.618550e+01 -4.820097e+01 3.000000e-01
      vertex 1.624241e+01 -4.822723e+01 2.250000e-01
      vertex 1.624241e+01 -4.822723e+01 3.000000e-01
    endloop
  endfacet
  facet normal -4.190080e-01 -9.079825e-01 -0.000000e+00
    outer loop
      vertex 1.618550e+01 -4.820097e+01 2.250000e-01
      vertex 1.618550e+01 -4.820097e+01 1.500000e-01
      vertex 1.624241e+01 -4.822723e+01 1.500000e-01
    endloop
  endfacet
  facet normal -4.190080e-01 -9.079825e-01 -5.040316e-17
    outer loop
      vertex 1.618550e+01 -4.820097e+01 2.250000e-01
      vertex 1.624241e+01 -4.822723e+01 1.500000e-01
      vertex 1.624241e+01 -4.822723e+01 2.250000e-01
    endloop
  endfacet
  facet normal -4.095109e-01 -9.123052e-01 -0.000000e+00
    outer loop
      vertex 1.624241e+01 -4.822723e+01 2.250000e-01
      vertex 1.635671e+01 -4.827854e+01 3.000000e-01
      vertex 1.624241e+01 -4.822723e+01 3.000000e-01
    endloop
  endfacet
  facet normal -4.095109e-01 -9.123052e-01 0.000000e+00
    outer loop
      vertex 1.635671e+01 -4.827854e+01 1.500000e-01
      vertex 1.624241e+01 -4.822723e+01 2.250000e-01
      vertex 1.624241e+01 -4.822723e+01 1.500000e-01
    endloop
  endfacet
  facet normal -4.095109e-01 -9.123052e-01 0.000000e+00
    outer loop
      vertex 1.635671e+01 -4.827854e+01 3.000000e-01
      vertex 1.624241e+01 -4.822723e+01 2.250000e-01
      vertex 1.635671e+01 -4.827854e+01 1.500000e-01
    endloop
  endfacet
  facet normal -4.190080e-01 -9.079825e-01 -0.000000e+00
    outer loop
      vertex 1.618550e+01 -4.820097e+01 1.500000e-01
      vertex 1.618550e+01 -4.820097e+01 7.500000e-02
      vertex 1.624241e+01 -4.822723e+01 7.500000e-02
    endloop
  endfacet
  facet normal -4.190080e-01 -9.079825e-01 0.000000e+00
    outer loop
      vertex 1.618550e+01 -4.820097e+01 1.500000e-01
      vertex 1.624241e+01 -4.822723e+01 7.500000e-02
      vertex 1.624241e+01 -4.822723e+01 1.500000e-01
    endloop
  endfacet
  facet normal 4.269350e-01 -9.042823e-01 0.000000e+00
    outer loop
      vertex 2.384397e+01 -4.818715e+01 3.750000e-02
      vertex 2.387228e+01 -4.817378e+01 4.742081e-14
      vertex 2.387228e+01 -4.817378e+01 1.875000e-02
    endloop
  endfacet
  facet normal 4.269350e-01 -9.042823e-01 0.000000e+00
    outer loop
      vertex 2.384397e+01 -4.818715e+01 3.750000e-02
      vertex 2.387228e+01 -4.817378e+01 1.875000e-02
      vertex 2.387228e+01 -4.817378e+01 3.750000e-02
    endloop
  endfacet
  facet normal 4.269350e-01 -9.042823e-01 0.000000e+00
    outer loop
      vertex 2.384397e+01 -4.818715e+01 7.500000e-02
      vertex 2.387228e+01 -4.817378e+01 5.625000e-02
      vertex 2.387228e+01 -4.817378e+01 7.500000e-02
    endloop
  endfacet
  facet normal 4.269350e-01 -9.042823e-01 0.000000e+00
    outer loop
      vertex 2.384397e+01 -4.818715e+01 1.125000e-01
      vertex 2.387228e+01 -4.817378e+01 9.375000e-02
      vertex 2.387228e+01 -4.817378e+01 1.125000e-01
    endloop
  endfacet
  facet normal 4.269350e-01 -9.042823e-01 0.000000e+00
    outer loop
      vertex 2.387228e+01 -4.817378e+01 9.375000e-02
      vertex 2.384397e+01 -4.818715e+01 7.500000e-02
      vertex 2.387228e+01 -4.817378e+01 7.500000e-02
    endloop
  endfacet
  facet normal 4.269350e-01 -9.042823e-01 0.000000e+00
    outer loop
      vertex 2.387228e+01 -4.817378e+01 5.625000e-02
      vertex 2.384397e+01 -4.818715e+01 3.750000e-02
      vertex 2.387228e+01 -4.817378e+01 3.750000e-02
    endloop
  endfacet
  facet normal 4.269350e-01 -9.042823e-01 0.000000e+00
    outer loop
      vertex 2.384397e+01 -4.818715e+01 1.500000e-01
      vertex 2.387228e+01 -4.817378e+01 1.312500e-01
      vertex 2.387228e+01 -4.817378e+01 1.500000e-01
    endloop
  endfacet
  facet normal 4.269350e-01 -9.042823e-01 0.000000e+00
    outer loop
      vertex 2.384397e+01 -4.818715e+01 1.875000e-01
      vertex 2.387228e+01 -4.817378e+01 1.687500e-01
      vertex 2.387228e+01 -4.817378e+01 1.875000e-01
    endloop
  endfacet
  facet normal 4.269350e-01 -9.042823e-01 0.000000e+00
    outer loop
      vertex 2.387228e+01 -4.817378e+01 1.687500e-01
      vertex 2.384397e+01 -4.818715e+01 1.500000e-01
      vertex 2.387228e+01 -4.817378e+01 1.500000e-01
    endloop
  endfacet
  facet normal 4.269350e-01 -9.042823e-01 0.000000e+00
    outer loop
      vertex 2.384397e+01 -4.818715e+01 2.250000e-01
      vertex 2.387228e+01 -4.817378e+01 2.062500e-01
      vertex 2.387228e+01 -4.817378e+01 2.250000e-01
    endloop
  endfacet
  facet normal 4.269350e-01 -9.042823e-01 0.000000e+00
    outer loop
      vertex 2.384397e+01 -4.818715e+01 2.625000e-01
      vertex 2.387228e+01 -4.817378e+01 2.437500e-01
      vertex 2.387228e+01 -4.817378e+01 2.625000e-01
    endloop
  endfacet
  facet normal 4.269350e-01 -9.042823e-01 0.000000e+00
    outer loop
      vertex 2.387228e+01 -4.817378e+01 2.437500e-01
      vertex 2.384397e+01 -4.818715e+01 2.250000e-01
      vertex 2.387228e+01 -4.817378e+01 2.250000e-01
    endloop
  endfacet
  facet normal 4.269350e-01 -9.042823e-01 0.000000e+00
    outer loop
      vertex 2.387228e+01 -4.817378e+01 2.062500e-01
      vertex 2.384397e+01 -4.818715e+01 1.875000e-01
      vertex 2.387228e+01 -4.817378e+01 1.875000e-01
    endloop
  endfacet
  facet normal 4.269350e-01 -9.042823e-01 0.000000e+00
    outer loop
      vertex 2.387228e+01 -4.817378e+01 1.312500e-01
      vertex 2.384397e+01 -4.818715e+01 1.125000e-01
      vertex 2.387228e+01 -4.817378e+01 1.125000e-01
    endloop
  endfacet
  facet normal 4.269350e-01 -9.042823e-01 0.000000e+00
    outer loop
      vertex 2.384397e+01 -4.818715e+01 7.500000e-02
      vertex 2.387228e+01 -4.817378e+01 9.375000e-02
      vertex 2.384397e+01 -4.818715e+01 1.125000e-01
    endloop
  endfacet
  facet normal 4.269350e-01 -9.042823e-01 0.000000e+00
    outer loop
      vertex 2.384397e+01 -4.818715e+01 1.125000e-01
      vertex 2.387228e+01 -4.817378e+01 1.312500e-01
      vertex 2.384397e+01 -4.818715e+01 1.500000e-01
    endloop
  endfacet
  facet normal 4.023739e-01 -9.149714e-01 -3.037600e-02
    outer loop
      vertex 2.375878e+01 -4.822665e+01 7.500000e-02
      vertex 2.341442e+01 -4.837560e+01 4.595342e-14
      vertex 2.381561e+01 -4.820041e+01 3.750000e-02
    endloop
  endfacet
  facet normal 4.238225e-01 -9.057407e-01 -2.869802e-03
    outer loop
      vertex 2.387228e+01 -4.817378e+01 4.742081e-14
      vertex 2.384397e+01 -4.818715e+01 3.750000e-02
      vertex 2.381561e+01 -4.820041e+01 3.750000e-02
    endloop
  endfacet
  facet normal 4.191587e-01 -9.079130e-01 0.000000e+00
    outer loop
      vertex 2.381561e+01 -4.820041e+01 3.750000e-02
      vertex 2.381561e+01 -4.820041e+01 7.500000e-02
      vertex 2.375878e+01 -4.822665e+01 7.500000e-02
    endloop
  endfacet
  facet normal 4.030169e-01 -9.143009e-01 -4.038841e-02
    outer loop
      vertex 2.381561e+01 -4.820041e+01 3.750000e-02
      vertex 2.341442e+01 -4.837560e+01 4.595342e-14
      vertex 2.387228e+01 -4.817378e+01 4.742081e-14
    endloop
  endfacet
  facet normal 4.001056e-01 -9.163055e-01 -1.731145e-02
    outer loop
      vertex 2.341442e+01 -4.837560e+01 4.595342e-14
      vertex 2.375878e+01 -4.822665e+01 7.500000e-02
      vertex 2.364463e+01 -4.827791e+01 1.500000e-01
    endloop
  endfacet
  facet normal 4.269350e-01 -9.042823e-01 0.000000e+00
    outer loop
      vertex 2.384397e+01 -4.818715e+01 1.875000e-01
      vertex 2.387228e+01 -4.817378e+01 2.062500e-01
      vertex 2.384397e+01 -4.818715e+01 2.250000e-01
    endloop
  endfacet
  facet normal 4.269350e-01 -9.042823e-01 0.000000e+00
    outer loop
      vertex 2.387228e+01 -4.817378e+01 3.000000e-01
      vertex 2.384397e+01 -4.818715e+01 3.000000e-01
      vertex 2.387228e+01 -4.817378e+01 2.812500e-01
    endloop
  endfacet
  facet normal 4.269350e-01 -9.042823e-01 0.000000e+00
    outer loop
      vertex 2.387228e+01 -4.817378e+01 2.437500e-01
      vertex 2.384397e+01 -4.818715e+01 2.625000e-01
      vertex 2.384397e+01 -4.818715e+01 2.250000e-01
    endloop
  endfacet
  facet normal 4.269350e-01 -9.042823e-01 0.000000e+00
    outer loop
      vertex 2.384397e+01 -4.818715e+01 1.875000e-01
      vertex 2.384397e+01 -4.818715e+01 1.500000e-01
      vertex 2.387228e+01 -4.817378e+01 1.687500e-01
    endloop
  endfacet
  facet normal 4.096541e-01 -9.122409e-01 0.000000e+00
    outer loop
      vertex 2.375878e+01 -4.822665e+01 7.500000e-02
      vertex 2.375878e+01 -4.822665e+01 1.500000e-01
      vertex 2.364463e+01 -4.827791e+01 1.500000e-01
    endloop
  endfacet
  facet normal 4.269350e-01 -9.042823e-01 0.000000e+00
    outer loop
      vertex 2.387228e+01 -4.817378e+01 2.625000e-01
      vertex 2.387228e+01 -4.817378e+01 2.812500e-01
      vertex 2.384397e+01 -4.818715e+01 2.625000e-01
    endloop
  endfacet
  facet normal 4.269350e-01 -9.042823e-01 0.000000e+00
    outer loop
      vertex 2.384397e+01 -4.818715e+01 3.000000e-01
      vertex 2.384397e+01 -4.818715e+01 2.625000e-01
      vertex 2.387228e+01 -4.817378e+01 2.812500e-01
    endloop
  endfacet
  facet normal 3.906264e-01 -9.205493e-01 0.000000e+00
    outer loop
      vertex 2.364463e+01 -4.827791e+01 3.000000e-01
      vertex 2.341442e+01 -4.837560e+01 4.595342e-14
      vertex 2.364463e+01 -4.827791e+01 1.500000e-01
    endloop
  endfacet
  facet normal 4.269350e-01 -9.042823e-01 0.000000e+00
    outer loop
      vertex 2.384397e+01 -4.818715e+01 3.750000e-02
      vertex 2.387228e+01 -4.817378e+01 5.625000e-02
      vertex 2.384397e+01 -4.818715e+01 7.500000e-02
    endloop
  endfacet
  facet normal 4.269350e-01 -9.042823e-01 0.000000e+00
    outer loop
      vertex 2.384397e+01 -4.818715e+01 3.375000e-01
      vertex 2.387228e+01 -4.817378e+01 3.187500e-01
      vertex 2.387228e+01 -4.817378e+01 3.375000e-01
    endloop
  endfacet
  facet normal 4.269350e-01 -9.042823e-01 0.000000e+00
    outer loop
      vertex 2.384397e+01 -4.818715e+01 3.375000e-01
      vertex 2.387228e+01 -4.817378e+01 3.375000e-01
      vertex 2.387228e+01 -4.817378e+01 3.562500e-01
    endloop
  endfacet
  facet normal 4.269350e-01 -9.042823e-01 0.000000e+00
    outer loop
      vertex 2.384397e+01 -4.818715e+01 3.750000e-01
      vertex 2.387228e+01 -4.817378e+01 3.750000e-01
      vertex 2.387228e+01 -4.817378e+01 3.937500e-01
    endloop
  endfacet
  facet normal 4.269350e-01 -9.042823e-01 0.000000e+00
    outer loop
      vertex 2.384397e+01 -4.818715e+01 4.125000e-01
      vertex 2.387228e+01 -4.817378e+01 4.125000e-01
      vertex 2.387228e+01 -4.817378e+01 4.312500e-01
    endloop
  endfacet
  facet normal 4.269350e-01 -9.042823e-01 0.000000e+00
    outer loop
      vertex 2.387228e+01 -4.817378e+01 4.125000e-01
      vertex 2.384397e+01 -4.818715e+01 4.125000e-01
      vertex 2.387228e+01 -4.817378e+01 3.937500e-01
    endloop
  endfacet
  facet normal 4.269350e-01 -9.042823e-01 0.000000e+00
    outer loop
      vertex 2.387228e+01 -4.817378e+01 3.750000e-01
      vertex 2.384397e+01 -4.818715e+01 3.750000e-01
      vertex 2.387228e+01 -4.817378e+01 3.562500e-01
    endloop
  endfacet
  facet normal 4.269350e-01 -9.042823e-01 0.000000e+00
    outer loop
      vertex 2.384397e+01 -4.818715e+01 4.500000e-01
      vertex 2.387228e+01 -4.817378e+01 4.500000e-01
      vertex 2.387228e+01 -4.817378e+01 4.687500e-01
    endloop
  endfacet
  facet normal 4.269350e-01 -9.042823e-01 0.000000e+00
    outer loop
      vertex 2.384397e+01 -4.818715e+01 4.875000e-01
      vertex 2.387228e+01 -4.817378e+01 4.875000e-01
      vertex 2.387228e+01 -4.817378e+01 5.062500e-01
    endloop
  endfacet
  facet normal 4.269350e-01 -9.042823e-01 0.000000e+00
    outer loop
      vertex 2.387228e+01 -4.817378e+01 4.875000e-01
      vertex 2.384397e+01 -4.818715e+01 4.875000e-01
      vertex 2.387228e+01 -4.817378e+01 4.687500e-01
    endloop
  endfacet
  facet normal 4.269350e-01 -9.042823e-01 0.000000e+00
    outer loop
      vertex 2.384397e+01 -4.818715e+01 5.250000e-01
      vertex 2.387228e+01 -4.817378e+01 5.250000e-01
      vertex 2.387228e+01 -4.817378e+01 5.437500e-01
    endloop
  endfacet
  facet normal 4.269350e-01 -9.042823e-01 0.000000e+00
    outer loop
      vertex 2.384397e+01 -4.818715e+01 5.625000e-01
      vertex 2.387228e+01 -4.817378e+01 5.625000e-01
      vertex 2.387228e+01 -4.817378e+01 5.812500e-01
    endloop
  endfacet
  facet normal 4.269350e-01 -9.042823e-01 0.000000e+00
    outer loop
      vertex 2.387228e+01 -4.817378e+01 5.625000e-01
      vertex 2.384397e+01 -4.818715e+01 5.625000e-01
      vertex 2.387228e+01 -4.817378e+01 5.437500e-01
    endloop
  endfacet
  facet normal 4.269350e-01 -9.042823e-01 0.000000e+00
    outer loop
      vertex 2.387228e+01 -4.817378e+01 5.250000e-01
      vertex 2.384397e+01 -4.818715e+01 5.250000e-01
      vertex 2.387228e+01 -4.817378e+01 5.062500e-01
    endloop
  endfacet
  facet normal 4.269350e-01 -9.042823e-01 0.000000e+00
    outer loop
      vertex 2.387228e+01 -4.817378e+01 4.500000e-01
      vertex 2.384397e+01 -4.818715e+01 4.500000e-01
      vertex 2.387228e+01 -4.817378e+01 4.312500e-01
    endloop
  endfacet
  facet normal 4.269350e-01 -9.042823e-01 0.000000e+00
    outer loop
      vertex 2.384397e+01 -4.818715e+01 3.375000e-01
      vertex 2.387228e+01 -4.817378e+01 3.562500e-01
      vertex 2.384397e+01 -4.818715e+01 3.750000e-01
    endloop
  endfacet
  facet normal 4.269350e-01 -9.042823e-01 0.000000e+00
    outer loop
      vertex 2.384397e+01 -4.818715e+01 3.750000e-01
      vertex 2.387228e+01 -4.817378e+01 3.937500e-01
      vertex 2.384397e+01 -4.818715e+01 4.125000e-01
    endloop
  endfacet
  facet normal 4.269350e-01 -9.042823e-01 0.000000e+00
    outer loop
      vertex 2.384397e+01 -4.818715e+01 4.500000e-01
      vertex 2.387228e+01 -4.817378e+01 4.687500e-01
      vertex 2.384397e+01 -4.818715e+01 4.875000e-01
    endloop
  endfacet
  facet normal 4.269350e-01 -9.042823e-01 0.000000e+00
    outer loop
      vertex 2.384397e+01 -4.818715e+01 4.125000e-01
      vertex 2.387228e+01 -4.817378e+01 4.312500e-01
      vertex 2.384397e+01 -4.818715e+01 4.500000e-01
    endloop
  endfacet
  facet normal 4.269350e-01 -9.042823e-01 0.000000e+00
    outer loop
      vertex 2.384397e+01 -4.818715e+01 5.250000e-01
      vertex 2.387228e+01 -4.817378e+01 5.437500e-01
      vertex 2.384397e+01 -4.818715e+01 5.625000e-01
    endloop
  endfacet
  facet normal 4.238225e-01 -9.057407e-01 2.869801e-03
    outer loop
      vertex 2.381561e+01 -4.820041e+01 5.625000e-01
      vertex 2.384397e+01 -4.818715e+01 5.625000e-01
      vertex 2.387228e+01 -4.817378e+01 6.000000e-01
    endloop
  endfacet
  facet normal 4.269350e-01 -9.042823e-01 0.000000e+00
    outer loop
      vertex 2.384397e+01 -4.818715e+01 5.625000e-01
      vertex 2.387228e+01 -4.817378e+01 5.812500e-01
      vertex 2.387228e+01 -4.817378e+01 6.000000e-01
    endloop
  endfacet
  facet normal 4.269350e-01 -9.042823e-01 0.000000e+00
    outer loop
      vertex 2.384397e+01 -4.818715e+01 5.250000e-01
      vertex 2.384397e+01 -4.818715e+01 4.875000e-01
      vertex 2.387228e+01 -4.817378e+01 5.062500e-01
    endloop
  endfacet
  facet normal 4.023739e-01 -9.149714e-01 3.037598e-02
    outer loop
      vertex 2.341442e+01 -4.837560e+01 6.000000e-01
      vertex 2.375878e+01 -4.822665e+01 5.250000e-01
      vertex 2.381561e+01 -4.820041e+01 5.625000e-01
    endloop
  endfacet
  facet normal 4.191587e-01 -9.079130e-01 0.000000e+00
    outer loop
      vertex 2.381561e+01 -4.820041e+01 5.250000e-01
      vertex 2.381561e+01 -4.820041e+01 5.625000e-01
      vertex 2.375878e+01 -4.822665e+01 5.250000e-01
    endloop
  endfacet
  facet normal 4.001056e-01 -9.163055e-01 1.731145e-02
    outer loop
      vertex 2.375878e+01 -4.822665e+01 5.250000e-01
      vertex 2.341442e+01 -4.837560e+01 6.000000e-01
      vertex 2.364463e+01 -4.827791e+01 4.500000e-01
    endloop
  endfacet
  facet normal 4.096541e-01 -9.122409e-01 0.000000e+00
    outer loop
      vertex 2.375878e+01 -4.822665e+01 5.250000e-01
      vertex 2.364463e+01 -4.827791e+01 4.500000e-01
      vertex 2.375878e+01 -4.822665e+01 4.500000e-01
    endloop
  endfacet
  facet normal 4.030169e-01 -9.143009e-01 4.038839e-02
    outer loop
      vertex 2.341442e+01 -4.837560e+01 6.000000e-01
      vertex 2.381561e+01 -4.820041e+01 5.625000e-01
      vertex 2.387228e+01 -4.817378e+01 6.000000e-01
    endloop
  endfacet
  facet normal 3.906264e-01 -9.205493e-01 0.000000e+00
    outer loop
      vertex 2.341442e+01 -4.837560e+01 6.000000e-01
      vertex 2.364463e+01 -4.827791e+01 3.000000e-01
      vertex 2.364463e+01 -4.827791e+01 4.500000e-01
    endloop
  endfacet
  facet normal 4.269350e-01 -9.042823e-01 0.000000e+00
    outer loop
      vertex 2.384397e+01 -4.818715e+01 3.000000e-01
      vertex 2.387228e+01 -4.817378e+01 3.187500e-01
      vertex 2.384397e+01 -4.818715e+01 3.375000e-01
    endloop
  endfacet
  facet normal 4.269350e-01 -9.042823e-01 0.000000e+00
    outer loop
      vertex 2.384397e+01 -4.818715e+01 3.000000e-01
      vertex 2.387228e+01 -4.817378e+01 3.000000e-01
      vertex 2.387228e+01 -4.817378e+01 3.187500e-01
    endloop
  endfacet
  facet normal 3.906264e-01 -9.205493e-01 0.000000e+00
    outer loop
      vertex 2.341442e+01 -4.837560e+01 6.000000e-01
      vertex 2.341442e+01 -4.837560e+01 4.595342e-14
      vertex 2.364463e+01 -4.827791e+01 3.000000e-01
    endloop
  endfacet
  facet normal 2.998433e-01 -9.539885e-01 0.000000e+00
    outer loop
      vertex 2.247014e+01 -4.870136e+01 4.304260e-14
      vertex 2.294641e+01 -4.855166e+01 4.449210e-14
      vertex 2.294641e+01 -4.855166e+01 6.000000e-01
    endloop
  endfacet
  facet normal 2.998433e-01 -9.539885e-01 0.000000e+00
    outer loop
      vertex 2.247014e+01 -4.870136e+01 4.304260e-14
      vertex 2.294641e+01 -4.855166e+01 6.000000e-01
      vertex 2.247014e+01 -4.870136e+01 6.000000e-01
    endloop
  endfacet
  facet normal 2.467282e-01 -9.690847e-01 0.000000e+00
    outer loop
      vertex 2.198669e+01 -4.882444e+01 4.160814e-14
      vertex 2.247014e+01 -4.870136e+01 4.304260e-14
      vertex 2.247014e+01 -4.870136e+01 6.000000e-01
    endloop
  endfacet
  facet normal 2.467282e-01 -9.690847e-01 0.000000e+00
    outer loop
      vertex 2.198669e+01 -4.882444e+01 4.160814e-14
      vertex 2.247014e+01 -4.870136e+01 6.000000e-01
      vertex 2.198669e+01 -4.882444e+01 6.000000e-01
    endloop
  endfacet
  facet normal 1.383389e-01 -9.903849e-01 0.000000e+00
    outer loop
      vertex 2.100188e+01 -4.898985e+01 3.879499e-14
      vertex 2.149690e+01 -4.892070e+01 4.019116e-14
      vertex 2.149690e+01 -4.892070e+01 6.000000e-01
    endloop
  endfacet
  facet normal 1.383389e-01 -9.903849e-01 0.000000e+00
    outer loop
      vertex 2.100188e+01 -4.898985e+01 3.879499e-14
      vertex 2.149690e+01 -4.892070e+01 6.000000e-01
      vertex 2.100188e+01 -4.898985e+01 6.000000e-01
    endloop
  endfacet
  facet normal 2.785856e-02 -9.996119e-01 0.000000e+00
    outer loop
      vertex 2.000040e+01 -4.904557e+01 3.607781e-14
      vertex 2.050274e+01 -4.903157e+01 3.742293e-14
      vertex 2.050274e+01 -4.903157e+01 6.000000e-01
    endloop
  endfacet
  facet normal 2.785856e-02 -9.996119e-01 0.000000e+00
    outer loop
      vertex 2.000040e+01 -4.904557e+01 3.607781e-14
      vertex 2.050274e+01 -4.903157e+01 6.000000e-01
      vertex 2.000040e+01 -4.904557e+01 6.000000e-01
    endloop
  endfacet
  facet normal 8.328790e-02 -9.965255e-01 0.000000e+00
    outer loop
      vertex 2.050274e+01 -4.903157e+01 3.742293e-14
      vertex 2.100188e+01 -4.898985e+01 3.879499e-14
      vertex 2.100188e+01 -4.898985e+01 6.000000e-01
    endloop
  endfacet
  facet normal 8.328790e-02 -9.965255e-01 0.000000e+00
    outer loop
      vertex 2.050274e+01 -4.903157e+01 3.742293e-14
      vertex 2.100188e+01 -4.898985e+01 6.000000e-01
      vertex 2.050274e+01 -4.903157e+01 6.000000e-01
    endloop
  endfacet
  facet normal 1.928454e-01 -9.812291e-01 0.000000e+00
    outer loop
      vertex 2.149690e+01 -4.892070e+01 4.019116e-14
      vertex 2.198669e+01 -4.882444e+01 4.160814e-14
      vertex 2.198669e+01 -4.882444e+01 6.000000e-01
    endloop
  endfacet
  facet normal 1.928454e-01 -9.812291e-01 0.000000e+00
    outer loop
      vertex 2.149690e+01 -4.892070e+01 4.019116e-14
      vertex 2.198669e+01 -4.882444e+01 6.000000e-01
      vertex 2.149690e+01 -4.892070e+01 6.000000e-01
    endloop
  endfacet
  facet normal -8.291274e-02 -9.965568e-01 0.000000e+00
    outer loop
      vertex 1.900187e+01 -4.899028e+01 3.417230e-14
      vertex 1.950017e+01 -4.903173e+01 3.493898e-14
      vertex 1.950017e+01 -4.903173e+01 6.000000e-01
    endloop
  endfacet
  facet normal -8.291274e-02 -9.965568e-01 0.000000e+00
    outer loop
      vertex 1.900187e+01 -4.899028e+01 3.417230e-14
      vertex 1.950017e+01 -4.903173e+01 6.000000e-01
      vertex 1.900187e+01 -4.899028e+01 6.000000e-01
    endloop
  endfacet
  facet normal -1.924677e-01 -9.813033e-01 0.000000e+00
    outer loop
      vertex 1.801631e+01 -4.882514e+01 3.377484e-14
      vertex 1.850686e+01 -4.892135e+01 3.378278e-14
      vertex 1.850686e+01 -4.892135e+01 6.000000e-01
    endloop
  endfacet
  facet normal -1.924677e-01 -9.813033e-01 0.000000e+00
    outer loop
      vertex 1.801631e+01 -4.882514e+01 3.377484e-14
      vertex 1.850686e+01 -4.892135e+01 6.000000e-01
      vertex 1.801631e+01 -4.882514e+01 6.000000e-01
    endloop
  endfacet
  facet normal -1.379065e-01 -9.904453e-01 0.000000e+00
    outer loop
      vertex 1.850686e+01 -4.892135e+01 3.378278e-14
      vertex 1.900187e+01 -4.899028e+01 3.417230e-14
      vertex 1.900187e+01 -4.899028e+01 6.000000e-01
    endloop
  endfacet
  facet normal -1.379065e-01 -9.904453e-01 -0.000000e+00
    outer loop
      vertex 1.850686e+01 -4.892135e+01 3.378278e-14
      vertex 1.900187e+01 -4.899028e+01 6.000000e-01
      vertex 1.850686e+01 -4.892135e+01 6.000000e-01
    endloop
  endfacet
  facet normal -2.996102e-01 -9.540617e-01 0.000000e+00
    outer loop
      vertex 1.705537e+01 -4.855231e+01 3.491661e-14
      vertex 1.753211e+01 -4.870202e+01 3.415192e-14
      vertex 1.753211e+01 -4.870202e+01 6.000000e-01
    endloop
  endfacet
  facet normal -2.996102e-01 -9.540617e-01 -0.000000e+00
    outer loop
      vertex 1.705537e+01 -4.855231e+01 3.491661e-14
      vertex 1.753211e+01 -4.870202e+01 6.000000e-01
      vertex 1.705537e+01 -4.855231e+01 6.000000e-01
    endloop
  endfacet
  facet normal -3.519041e-01 -9.360361e-01 0.000000e+00
    outer loop
      vertex 1.658722e+01 -4.837631e+01 3.607144e-14
      vertex 1.705537e+01 -4.855231e+01 3.491661e-14
      vertex 1.705537e+01 -4.855231e+01 6.000000e-01
    endloop
  endfacet
  facet normal -3.519041e-01 -9.360361e-01 -0.000000e+00
    outer loop
      vertex 1.658722e+01 -4.837631e+01 3.607144e-14
      vertex 1.705537e+01 -4.855231e+01 6.000000e-01
      vertex 1.658722e+01 -4.837631e+01 6.000000e-01
    endloop
  endfacet
  facet normal -3.999588e-01 -9.163691e-01 -1.733771e-02
    outer loop
      vertex 1.624241e+01 -4.822723e+01 7.500000e-02
      vertex 1.658722e+01 -4.837631e+01 3.607144e-14
      vertex 1.635671e+01 -4.827854e+01 1.500000e-01
    endloop
  endfacet
  facet normal -2.464253e-01 -9.691618e-01 0.000000e+00
    outer loop
      vertex 1.753211e+01 -4.870202e+01 3.415192e-14
      vertex 1.801631e+01 -4.882514e+01 3.377484e-14
      vertex 1.801631e+01 -4.882514e+01 6.000000e-01
    endloop
  endfacet
  facet normal -2.464253e-01 -9.691618e-01 -0.000000e+00
    outer loop
      vertex 1.753211e+01 -4.870202e+01 3.415192e-14
      vertex 1.801631e+01 -4.882514e+01 6.000000e-01
      vertex 1.753211e+01 -4.870202e+01 6.000000e-01
    endloop
  endfacet
  facet normal -2.764091e-02 -9.996179e-01 0.000000e+00
    outer loop
      vertex 1.950017e+01 -4.903173e+01 3.493898e-14
      vertex 2.000040e+01 -4.904557e+01 3.607781e-14
      vertex 2.000040e+01 -4.904557e+01 6.000000e-01
    endloop
  endfacet
  facet normal -2.764091e-02 -9.996179e-01 0.000000e+00
    outer loop
      vertex 1.950017e+01 -4.903173e+01 3.493898e-14
      vertex 2.000040e+01 -4.904557e+01 6.000000e-01
      vertex 1.950017e+01 -4.903173e+01 6.000000e-01
    endloop
  endfacet
  facet normal -3.904767e-01 -9.206128e-01 0.000000e+00
    outer loop
      vertex 1.635671e+01 -4.827854e+01 1.500000e-01
      vertex 1.658722e+01 -4.837631e+01 3.607144e-14
      vertex 1.635671e+01 -4.827854e+01 3.000000e-01
    endloop
  endfacet
  facet normal -4.190011e-01 -9.079676e-01 -5.733934e-03
    outer loop
      vertex 1.618550e+01 -4.820097e+01 7.500000e-02
      vertex 1.612876e+01 -4.817431e+01 3.761898e-14
      vertex 1.624241e+01 -4.822723e+01 7.500000e-02
    endloop
  endfacet
  facet normal -4.029544e-01 -9.145619e-01 -3.470176e-02
    outer loop
      vertex 1.658722e+01 -4.837631e+01 3.607144e-14
      vertex 1.624241e+01 -4.822723e+01 7.500000e-02
      vertex 1.612876e+01 -4.817431e+01 3.761898e-14
    endloop
  endfacet
  facet normal -4.252270e-01 -9.050868e-01 -1.004848e-16
    outer loop
      vertex 1.612876e+01 -4.817431e+01 3.750000e-02
      vertex 1.612876e+01 -4.817431e+01 3.761898e-14
      vertex 1.618550e+01 -4.820097e+01 7.500000e-02
    endloop
  endfacet
  facet normal -4.252270e-01 -9.050868e-01 0.000000e+00
    outer loop
      vertex 1.618550e+01 -4.820097e+01 7.500000e-02
      vertex 1.612876e+01 -4.817431e+01 7.500000e-02
      vertex 1.612876e+01 -4.817431e+01 3.750000e-02
    endloop
  endfacet
  facet normal -4.252270e-01 -9.050868e-01 0.000000e+00
    outer loop
      vertex 1.618550e+01 -4.820097e+01 1.500000e-01
      vertex 1.612876e+01 -4.817431e+01 1.500000e-01
      vertex 1.612876e+01 -4.817431e+01 1.125000e-01
    endloop
  endfacet
  facet normal -4.252270e-01 -9.050868e-01 0.000000e+00
    outer loop
      vertex 1.618550e+01 -4.820097e+01 1.500000e-01
      vertex 1.612876e+01 -4.817431e+01 1.125000e-01
      vertex 1.618550e+01 -4.820097e+01 7.500000e-02
    endloop
  endfacet
  facet normal -4.252270e-01 -9.050868e-01 0.000000e+00
    outer loop
      vertex 1.618550e+01 -4.820097e+01 7.500000e-02
      vertex 1.612876e+01 -4.817431e+01 1.125000e-01
      vertex 1.612876e+01 -4.817431e+01 7.500000e-02
    endloop
  endfacet
  facet normal -4.252270e-01 -9.050868e-01 0.000000e+00
    outer loop
      vertex 1.618550e+01 -4.820097e+01 2.250000e-01
      vertex 1.612876e+01 -4.817431e+01 2.250000e-01
      vertex 1.612876e+01 -4.817431e+01 1.875000e-01
    endloop
  endfacet
  facet normal -4.252270e-01 -9.050868e-01 0.000000e+00
    outer loop
      vertex 1.618550e+01 -4.820097e+01 2.250000e-01
      vertex 1.612876e+01 -4.817431e+01 1.875000e-01
      vertex 1.618550e+01 -4.820097e+01 1.500000e-01
    endloop
  endfacet
  facet normal -4.252270e-01 -9.050868e-01 -0.000000e+00
    outer loop
      vertex 1.612876e+01 -4.817431e+01 2.250000e-01
      vertex 1.618550e+01 -4.820097e+01 2.250000e-01
      vertex 1.612876e+01 -4.817431e+01 2.625000e-01
    endloop
  endfacet
  facet normal -4.252270e-01 -9.050868e-01 0.000000e+00
    outer loop
      vertex 1.612876e+01 -4.817431e+01 3.000000e-01
      vertex 1.612876e+01 -4.817431e+01 2.625000e-01
      vertex 1.618550e+01 -4.820097e+01 3.000000e-01
    endloop
  endfacet
  facet normal -4.252270e-01 -9.050868e-01 0.000000e+00
    outer loop
      vertex 1.612876e+01 -4.817431e+01 2.625000e-01
      vertex 1.618550e+01 -4.820097e+01 2.250000e-01
      vertex 1.618550e+01 -4.820097e+01 3.000000e-01
    endloop
  endfacet
  facet normal -4.252270e-01 -9.050868e-01 0.000000e+00
    outer loop
      vertex 1.612876e+01 -4.817431e+01 1.875000e-01
      vertex 1.612876e+01 -4.817431e+01 1.500000e-01
      vertex 1.618550e+01 -4.820097e+01 1.500000e-01
    endloop
  endfacet
  facet normal -4.095109e-01 -9.123052e-01 -0.000000e+00
    outer loop
      vertex 1.624241e+01 -4.822723e+01 7.500000e-02
      vertex 1.635671e+01 -4.827854e+01 1.500000e-01
      vertex 1.624241e+01 -4.822723e+01 1.500000e-01
    endloop
  endfacet
  facet normal -3.904767e-01 -9.206128e-01 0.000000e+00
    outer loop
      vertex 1.635671e+01 -4.827854e+01 3.000000e-01
      vertex 1.658722e+01 -4.837631e+01 3.607144e-14
      vertex 1.658722e+01 -4.837631e+01 6.000000e-01
    endloop
  endfacet
  facet normal 3.521060e-01 -9.359601e-01 0.000000e+00
    outer loop
      vertex 2.294641e+01 -4.855166e+01 4.449210e-14
      vertex 2.341442e+01 -4.837560e+01 4.595342e-14
      vertex 2.341442e+01 -4.837560e+01 6.000000e-01
    endloop
  endfacet
  facet normal 3.521060e-01 -9.359601e-01 0.000000e+00
    outer loop
      vertex 2.294641e+01 -4.855166e+01 4.449210e-14
      vertex 2.341442e+01 -4.837560e+01 6.000000e-01
      vertex 2.294641e+01 -4.855166e+01 6.000000e-01
    endloop
  endfacet
  facet normal -4.095109e-01 -9.123052e-01 0.000000e+00
    outer loop
      vertex 1.624241e+01 -4.822723e+01 5.250000e-01
      vertex 1.624241e+01 -4.822723e+01 4.500000e-01
      vertex 1.635671e+01 -4.827854e+01 4.500000e-01
    endloop
  endfacet
  facet normal -4.252270e-01 -9.050868e-01 0.000000e+00
    outer loop
      vertex 1.618550e+01 -4.820097e+01 3.000000e-01
      vertex 1.618550e+01 -4.820097e+01 3.750000e-01
      vertex 1.612876e+01 -4.817431e+01 3.375000e-01
    endloop
  endfacet
  facet normal -4.252270e-01 -9.050868e-01 0.000000e+00
    outer loop
      vertex 1.618550e+01 -4.820097e+01 3.750000e-01
      vertex 1.612876e+01 -4.817431e+01 4.125000e-01
      vertex 1.612876e+01 -4.817431e+01 3.750000e-01
    endloop
  endfacet
  facet normal -4.252270e-01 -9.050868e-01 0.000000e+00
    outer loop
      vertex 1.618550e+01 -4.820097e+01 3.750000e-01
      vertex 1.612876e+01 -4.817431e+01 3.750000e-01
      vertex 1.612876e+01 -4.817431e+01 3.375000e-01
    endloop
  endfacet
  facet normal -3.904767e-01 -9.206128e-01 -5.110429e-17
    outer loop
      vertex 1.658722e+01 -4.837631e+01 6.000000e-01
      vertex 1.635671e+01 -4.827854e+01 4.500000e-01
      vertex 1.635671e+01 -4.827854e+01 3.000000e-01
    endloop
  endfacet
  facet normal -4.252270e-01 -9.050868e-01 0.000000e+00
    outer loop
      vertex 1.612876e+01 -4.817431e+01 4.125000e-01
      vertex 1.618550e+01 -4.820097e+01 3.750000e-01
      vertex 1.618550e+01 -4.820097e+01 4.500000e-01
    endloop
  endfacet
  facet normal -4.252270e-01 -9.050868e-01 0.000000e+00
    outer loop
      vertex 1.612876e+01 -4.817431e+01 4.875000e-01
      vertex 1.618550e+01 -4.820097e+01 4.500000e-01
      vertex 1.618550e+01 -4.820097e+01 5.250000e-01
    endloop
  endfacet
  facet normal -4.252270e-01 -9.050868e-01 -0.000000e+00
    outer loop
      vertex 1.612876e+01 -4.817431e+01 4.125000e-01
      vertex 1.618550e+01 -4.820097e+01 4.500000e-01
      vertex 1.612876e+01 -4.817431e+01 4.500000e-01
    endloop
  endfacet
  facet normal -4.190011e-01 -9.079676e-01 5.733931e-03
    outer loop
      vertex 1.612876e+01 -4.817431e+01 6.000000e-01
      vertex 1.618550e+01 -4.820097e+01 5.250000e-01
      vertex 1.624241e+01 -4.822723e+01 5.250000e-01
    endloop
  endfacet
  facet normal -4.252270e-01 -9.050868e-01 0.000000e+00
    outer loop
      vertex 1.612876e+01 -4.817431e+01 4.875000e-01
      vertex 1.612876e+01 -4.817431e+01 4.500000e-01
      vertex 1.618550e+01 -4.820097e+01 4.500000e-01
    endloop
  endfacet
  facet normal -4.252270e-01 -9.050868e-01 0.000000e+00
    outer loop
      vertex 1.618550e+01 -4.820097e+01 5.250000e-01
      vertex 1.612876e+01 -4.817431e+01 5.250000e-01
      vertex 1.612876e+01 -4.817431e+01 4.875000e-01
    endloop
  endfacet
  facet normal -4.252270e-01 -9.050868e-01 0.000000e+00
    outer loop
      vertex 1.618550e+01 -4.820097e+01 5.250000e-01
      vertex 1.612876e+01 -4.817431e+01 6.000000e-01
      vertex 1.612876e+01 -4.817431e+01 5.625000e-01
    endloop
  endfacet
  facet normal -4.252270e-01 -9.050868e-01 0.000000e+00
    outer loop
      vertex 1.618550e+01 -4.820097e+01 5.250000e-01
      vertex 1.612876e+01 -4.817431e+01 5.625000e-01
      vertex 1.612876e+01 -4.817431e+01 5.250000e-01
    endloop
  endfacet
  facet normal -4.029544e-01 -9.145619e-01 3.470173e-02
    outer loop
      vertex 1.658722e+01 -4.837631e+01 6.000000e-01
      vertex 1.612876e+01 -4.817431e+01 6.000000e-01
      vertex 1.624241e+01 -4.822723e+01 5.250000e-01
    endloop
  endfacet
  facet normal -3.999588e-01 -9.163691e-01 1.733771e-02
    outer loop
      vertex 1.658722e+01 -4.837631e+01 6.000000e-01
      vertex 1.624241e+01 -4.822723e+01 5.250000e-01
      vertex 1.635671e+01 -4.827854e+01 4.500000e-01
    endloop
  endfacet
  facet normal -4.252270e-01 -9.050868e-01 0.000000e+00
    outer loop
      vertex 1.612876e+01 -4.817431e+01 3.375000e-01
      vertex 1.612876e+01 -4.817431e+01 3.000000e-01
      vertex 1.618550e+01 -4.820097e+01 3.000000e-01
    endloop
  endfacet
  facet normal -3.925173e-02 9.992294e-01 0.000000e+00
    outer loop
      vertex 2.059503e+01 -4.756260e+01 4.204934e-14
      vertex 2.000033e+01 -4.758596e+01 4.149385e-14
      vertex 2.000033e+01 -4.758596e+01 6.000000e-01
    endloop
  endfacet
  facet normal -3.925173e-02 9.992294e-01 0.000000e+00
    outer loop
      vertex 2.059503e+01 -4.756260e+01 4.204934e-14
      vertex 2.000033e+01 -4.758596e+01 6.000000e-01
      vertex 2.059503e+01 -4.756260e+01 6.000000e-01
    endloop
  endfacet
  facet normal -1.913242e-01 9.815269e-01 0.000000e+00
    outer loop
      vertex 2.173764e+01 -4.738440e+01 4.340092e-14
      vertex 2.116475e+01 -4.749607e+01 4.267566e-14
      vertex 2.116475e+01 -4.749607e+01 6.000000e-01
    endloop
  endfacet
  facet normal -1.913242e-01 9.815269e-01 0.000000e+00
    outer loop
      vertex 2.173764e+01 -4.738440e+01 4.340092e-14
      vertex 2.116475e+01 -4.749607e+01 6.000000e-01
      vertex 2.173764e+01 -4.738440e+01 6.000000e-01
    endloop
  endfacet
  facet normal -2.669994e-01 9.636967e-01 0.000000e+00
    outer loop
      vertex 2.231270e+01 -4.722507e+01 4.422963e-14
      vertex 2.173764e+01 -4.738440e+01 4.340092e-14
      vertex 2.173764e+01 -4.738440e+01 6.000000e-01
    endloop
  endfacet
  facet normal -2.669994e-01 9.636967e-01 5.349591e-17
    outer loop
      vertex 2.231270e+01 -4.722507e+01 4.422963e-14
      vertex 2.173764e+01 -4.738440e+01 6.000000e-01
      vertex 2.231270e+01 -4.722507e+01 6.000000e-01
    endloop
  endfacet
  facet normal -1.159994e-01 9.932493e-01 0.000000e+00
    outer loop
      vertex 2.116475e+01 -4.749607e+01 4.267566e-14
      vertex 2.059503e+01 -4.756260e+01 4.204934e-14
      vertex 2.059503e+01 -4.756260e+01 6.000000e-01
    endloop
  endfacet
  facet normal -1.159994e-01 9.932493e-01 0.000000e+00
    outer loop
      vertex 2.116475e+01 -4.749607e+01 4.267566e-14
      vertex 2.059503e+01 -4.756260e+01 6.000000e-01
      vertex 2.116475e+01 -4.749607e+01 6.000000e-01
    endloop
  endfacet
  facet normal -4.182168e-01 9.083472e-01 0.000000e+00
    outer loop
      vertex 2.345950e+01 -4.675180e+01 4.621397e-14
      vertex 2.288420e+01 -4.701667e+01 4.515997e-14
      vertex 2.288420e+01 -4.701667e+01 6.000000e-01
    endloop
  endfacet
  facet normal -4.182168e-01 9.083472e-01 0.000000e+00
    outer loop
      vertex 2.345950e+01 -4.675180e+01 4.621397e-14
      vertex 2.288420e+01 -4.701667e+01 6.000000e-01
      vertex 2.345950e+01 -4.675180e+01 6.000000e-01
    endloop
  endfacet
  facet normal -5.580586e-01 8.298016e-01 0.000000e+00
    outer loop
      vertex 2.448784e+01 -4.611723e+01 4.844150e-14
      vertex 2.397759e+01 -4.646038e+01 4.727589e-14
      vertex 2.397759e+01 -4.646038e+01 6.000000e-01
    endloop
  endfacet
  facet normal -5.580586e-01 8.298016e-01 0.000000e+00
    outer loop
      vertex 2.448784e+01 -4.611723e+01 4.844150e-14
      vertex 2.397759e+01 -4.646038e+01 6.000000e-01
      vertex 2.448784e+01 -4.611723e+01 6.000000e-01
    endloop
  endfacet
  facet normal -6.235870e-01 7.817540e-01 0.000000e+00
    outer loop
      vertex 2.497155e+01 -4.573139e+01 4.967556e-14
      vertex 2.448784e+01 -4.611723e+01 4.844150e-14
      vertex 2.448784e+01 -4.611723e+01 6.000000e-01
    endloop
  endfacet
  facet normal -6.235870e-01 7.817540e-01 0.000000e+00
    outer loop
      vertex 2.497155e+01 -4.573139e+01 4.967556e-14
      vertex 2.448784e+01 -4.611723e+01 6.000000e-01
      vertex 2.497155e+01 -4.573139e+01 6.000000e-01
    endloop
  endfacet
  facet normal -4.902482e-01 8.715829e-01 0.000000e+00
    outer loop
      vertex 2.397759e+01 -4.646038e+01 4.727589e-14
      vertex 2.345950e+01 -4.675180e+01 4.621397e-14
      vertex 2.345950e+01 -4.675180e+01 6.000000e-01
    endloop
  endfacet
  facet normal -4.902482e-01 8.715829e-01 0.000000e+00
    outer loop
      vertex 2.397759e+01 -4.646038e+01 4.727589e-14
      vertex 2.345950e+01 -4.675180e+01 6.000000e-01
      vertex 2.397759e+01 -4.646038e+01 6.000000e-01
    endloop
  endfacet
  facet normal -3.425833e-01 9.394875e-01 0.000000e+00
    outer loop
      vertex 2.288420e+01 -4.701667e+01 4.515997e-14
      vertex 2.231270e+01 -4.722507e+01 4.422963e-14
      vertex 2.231270e+01 -4.722507e+01 6.000000e-01
    endloop
  endfacet
  facet normal -3.425833e-01 9.394875e-01 0.000000e+00
    outer loop
      vertex 2.288420e+01 -4.701667e+01 4.515997e-14
      vertex 2.231270e+01 -4.722507e+01 6.000000e-01
      vertex 2.288420e+01 -4.701667e+01 6.000000e-01
    endloop
  endfacet
  facet normal -7.424554e-01 6.698955e-01 0.000000e+00
    outer loop
      vertex 2.583901e+01 -4.484561e+01 5.230198e-14
      vertex 2.542349e+01 -4.530614e+01 5.096662e-14
      vertex 2.542349e+01 -4.530614e+01 6.000000e-01
    endloop
  endfacet
  facet normal -7.424554e-01 6.698955e-01 0.000000e+00
    outer loop
      vertex 2.583901e+01 -4.484561e+01 5.230198e-14
      vertex 2.542349e+01 -4.530614e+01 6.000000e-01
      vertex 2.583901e+01 -4.484561e+01 6.000000e-01
    endloop
  endfacet
  facet normal -8.411762e-01 5.407611e-01 0.000000e+00
    outer loop
      vertex 2.654603e+01 -4.383843e+01 5.505084e-14
      vertex 2.621421e+01 -4.435459e+01 5.366805e-14
      vertex 2.621421e+01 -4.435459e+01 6.000000e-01
    endloop
  endfacet
  facet normal -8.411762e-01 5.407611e-01 0.000000e+00
    outer loop
      vertex 2.654603e+01 -4.383843e+01 5.505084e-14
      vertex 2.621421e+01 -4.435459e+01 6.000000e-01
      vertex 2.654603e+01 -4.383843e+01 6.000000e-01
    endloop
  endfacet
  facet normal -8.819107e-01 4.714165e-01 0.000000e+00
    outer loop
      vertex 2.683234e+01 -4.330281e+01 5.643643e-14
      vertex 2.654603e+01 -4.383843e+01 5.505084e-14
      vertex 2.654603e+01 -4.383843e+01 6.000000e-01
    endloop
  endfacet
  facet normal -8.819107e-01 4.714165e-01 -4.895588e-17
    outer loop
      vertex 2.683234e+01 -4.330281e+01 5.643643e-14
      vertex 2.654603e+01 -4.383843e+01 6.000000e-01
      vertex 2.683234e+01 -4.330281e+01 6.000000e-01
    endloop
  endfacet
  facet normal -7.945801e-01 6.071593e-01 0.000000e+00
    outer loop
      vertex 2.621421e+01 -4.435459e+01 5.366805e-14
      vertex 2.583901e+01 -4.484561e+01 5.230198e-14
      vertex 2.583901e+01 -4.484561e+01 6.000000e-01
    endloop
  endfacet
  facet normal -7.945801e-01 6.071593e-01 0.000000e+00
    outer loop
      vertex 2.621421e+01 -4.435459e+01 5.366805e-14
      vertex 2.583901e+01 -4.484561e+01 6.000000e-01
      vertex 2.621421e+01 -4.435459e+01 6.000000e-01
    endloop
  endfacet
  facet normal -9.450387e-01 3.269585e-01 0.000000e+00
    outer loop
      vertex 2.726472e+01 -4.219645e+01 5.916325e-14
      vertex 2.707198e+01 -4.275355e+01 5.781141e-14
      vertex 2.707198e+01 -4.275355e+01 6.000000e-01
    endloop
  endfacet
  facet normal -9.450387e-01 3.269585e-01 0.000000e+00
    outer loop
      vertex 2.726472e+01 -4.219645e+01 5.916325e-14
      vertex 2.707198e+01 -4.275355e+01 6.000000e-01
      vertex 2.726472e+01 -4.219645e+01 6.000000e-01
    endloop
  endfacet
  facet normal -9.840315e-01 1.779943e-01 0.000000e+00
    outer loop
      vertex 2.751685e+01 -4.105309e+01 6.181571e-14
      vertex 2.741122e+01 -4.163706e+01 6.048065e-14
      vertex 2.741122e+01 -4.163706e+01 6.000000e-01
    endloop
  endfacet
  facet normal -9.840315e-01 1.779943e-01 0.000000e+00
    outer loop
      vertex 2.751685e+01 -4.105309e+01 6.181571e-14
      vertex 2.741122e+01 -4.163706e+01 6.000000e-01
      vertex 2.751685e+01 -4.105309e+01 6.000000e-01
    endloop
  endfacet
  facet normal -9.948729e-01 1.011328e-01 0.000000e+00
    outer loop
      vertex 2.757602e+01 -4.047107e+01 6.310711e-14
      vertex 2.751685e+01 -4.105309e+01 6.181571e-14
      vertex 2.751685e+01 -4.105309e+01 6.000000e-01
    endloop
  endfacet
  facet normal -9.948729e-01 1.011328e-01 0.000000e+00
    outer loop
      vertex 2.757602e+01 -4.047107e+01 6.310711e-14
      vertex 2.751685e+01 -4.105309e+01 6.000000e-01
      vertex 2.757602e+01 -4.047107e+01 6.000000e-01
    endloop
  endfacet
  facet normal -9.673746e-01 2.533502e-01 0.000000e+00
    outer loop
      vertex 2.741122e+01 -4.163706e+01 6.048065e-14
      vertex 2.726472e+01 -4.219645e+01 5.916325e-14
      vertex 2.726472e+01 -4.219645e+01 6.000000e-01
    endloop
  endfacet
  facet normal -9.673746e-01 2.533502e-01 0.000000e+00
    outer loop
      vertex 2.741122e+01 -4.163706e+01 6.048065e-14
      vertex 2.726472e+01 -4.219645e+01 6.000000e-01
      vertex 2.741122e+01 -4.163706e+01 6.000000e-01
    endloop
  endfacet
  facet normal -9.165618e-01 3.998930e-01 0.000000e+00
    outer loop
      vertex 2.707198e+01 -4.275355e+01 5.781141e-14
      vertex 2.683234e+01 -4.330281e+01 5.643643e-14
      vertex 2.683234e+01 -4.330281e+01 6.000000e-01
    endloop
  endfacet
  facet normal -9.165618e-01 3.998930e-01 0.000000e+00
    outer loop
      vertex 2.707198e+01 -4.275355e+01 5.781141e-14
      vertex 2.683234e+01 -4.330281e+01 6.000000e-01
      vertex 2.707198e+01 -4.275355e+01 6.000000e-01
    endloop
  endfacet
  facet normal -6.852742e-01 7.282852e-01 0.000000e+00
    outer loop
      vertex 2.542349e+01 -4.530614e+01 5.096662e-14
      vertex 2.497155e+01 -4.573139e+01 4.967556e-14
      vertex 2.497155e+01 -4.573139e+01 6.000000e-01
    endloop
  endfacet
  facet normal -6.852742e-01 7.282852e-01 0.000000e+00
    outer loop
      vertex 2.542349e+01 -4.530614e+01 5.096662e-14
      vertex 2.497155e+01 -4.573139e+01 6.000000e-01
      vertex 2.542349e+01 -4.530614e+01 6.000000e-01
    endloop
  endfacet
  facet normal -9.992294e-01 -3.925182e-02 0.000000e+00
    outer loop
      vertex 2.756760e+01 -3.939988e+01 6.553359e-14
      vertex 2.759097e+01 -3.999458e+01 6.413585e-14
      vertex 2.759097e+01 -3.999458e+01 6.000000e-01
    endloop
  endfacet
  facet normal -9.992294e-01 -3.925182e-02 -0.000000e+00
    outer loop
      vertex 2.756760e+01 -3.939988e+01 6.553359e-14
      vertex 2.759097e+01 -3.999458e+01 6.000000e-01
      vertex 2.756760e+01 -3.939988e+01 6.000000e-01
    endloop
  endfacet
  facet normal -9.815276e-01 -1.913204e-01 0.000000e+00
    outer loop
      vertex 2.738940e+01 -3.825727e+01 6.802817e-14
      vertex 2.750107e+01 -3.883016e+01 6.680937e-14
      vertex 2.750107e+01 -3.883016e+01 6.000000e-01
    endloop
  endfacet
  facet normal -9.815276e-01 -1.913204e-01 -0.000000e+00
    outer loop
      vertex 2.738940e+01 -3.825727e+01 6.802817e-14
      vertex 2.750107e+01 -3.883016e+01 6.000000e-01
      vertex 2.738940e+01 -3.825727e+01 6.000000e-01
    endloop
  endfacet
  facet normal -9.636969e-01 -2.669987e-01 0.000000e+00
    outer loop
      vertex 2.723008e+01 -3.768221e+01 6.918396e-14
      vertex 2.738940e+01 -3.825727e+01 6.802817e-14
      vertex 2.738940e+01 -3.825727e+01 6.000000e-01
    endloop
  endfacet
  facet normal -9.636969e-01 -2.669987e-01 0.000000e+00
    outer loop
      vertex 2.723008e+01 -3.768221e+01 6.918396e-14
      vertex 2.738940e+01 -3.825727e+01 6.000000e-01
      vertex 2.723008e+01 -3.768221e+01 6.000000e-01
    endloop
  endfacet
  facet normal -9.932491e-01 -1.160009e-01 0.000000e+00
    outer loop
      vertex 2.750107e+01 -3.883016e+01 6.680937e-14
      vertex 2.756760e+01 -3.939988e+01 6.553359e-14
      vertex 2.756760e+01 -3.939988e+01 6.000000e-01
    endloop
  endfacet
  facet normal -9.932491e-01 -1.160009e-01 0.000000e+00
    outer loop
      vertex 2.750107e+01 -3.883016e+01 6.680937e-14
      vertex 2.756760e+01 -3.939988e+01 6.000000e-01
      vertex 2.750107e+01 -3.883016e+01 6.000000e-01
    endloop
  endfacet
  facet normal -9.083492e-01 -4.182125e-01 0.000000e+00
    outer loop
      vertex 2.675680e+01 -3.653540e+01 7.126612e-14
      vertex 2.702168e+01 -3.711071e+01 7.026090e-14
      vertex 2.702168e+01 -3.711071e+01 6.000000e-01
    endloop
  endfacet
  facet normal -9.083492e-01 -4.182125e-01 0.000000e+00
    outer loop
      vertex 2.675680e+01 -3.653540e+01 7.126612e-14
      vertex 2.702168e+01 -3.711071e+01 6.000000e-01
      vertex 2.675680e+01 -3.653540e+01 6.000000e-01
    endloop
  endfacet
  facet normal -8.298011e-01 -5.580592e-01 0.000000e+00
    outer loop
      vertex 2.612224e+01 -3.550707e+01 7.283225e-14
      vertex 2.646539e+01 -3.601732e+01 7.209566e-14
      vertex 2.646539e+01 -3.601732e+01 6.000000e-01
    endloop
  endfacet
  facet normal -8.298011e-01 -5.580592e-01 0.000000e+00
    outer loop
      vertex 2.612224e+01 -3.550707e+01 7.283225e-14
      vertex 2.646539e+01 -3.601732e+01 6.000000e-01
      vertex 2.612224e+01 -3.550707e+01 6.000000e-01
    endloop
  endfacet
  facet normal -7.817507e-01 -6.235911e-01 0.000000e+00
    outer loop
      vertex 2.573639e+01 -3.502337e+01 7.344384e-14
      vertex 2.612224e+01 -3.550707e+01 7.283225e-14
      vertex 2.612224e+01 -3.550707e+01 6.000000e-01
    endloop
  endfacet
  facet normal -7.817507e-01 -6.235911e-01 0.000000e+00
    outer loop
      vertex 2.573639e+01 -3.502337e+01 7.344384e-14
      vertex 2.612224e+01 -3.550707e+01 6.000000e-01
      vertex 2.573639e+01 -3.502337e+01 6.000000e-01
    endloop
  endfacet
  facet normal -8.715845e-01 -4.902454e-01 0.000000e+00
    outer loop
      vertex 2.646539e+01 -3.601732e+01 7.209566e-14
      vertex 2.675680e+01 -3.653540e+01 7.126612e-14
      vertex 2.675680e+01 -3.653540e+01 6.000000e-01
    endloop
  endfacet
  facet normal -8.715845e-01 -4.902454e-01 0.000000e+00
    outer loop
      vertex 2.646539e+01 -3.601732e+01 7.209566e-14
      vertex 2.675680e+01 -3.653540e+01 6.000000e-01
      vertex 2.646539e+01 -3.601732e+01 6.000000e-01
    endloop
  endfacet
  facet normal -9.394865e-01 -3.425859e-01 0.000000e+00
    outer loop
      vertex 2.702168e+01 -3.711071e+01 7.026090e-14
      vertex 2.723008e+01 -3.768221e+01 6.918396e-14
      vertex 2.723008e+01 -3.768221e+01 6.000000e-01
    endloop
  endfacet
  facet normal -9.394865e-01 -3.425859e-01 0.000000e+00
    outer loop
      vertex 2.702168e+01 -3.711071e+01 7.026090e-14
      vertex 2.723008e+01 -3.768221e+01 6.000000e-01
      vertex 2.702168e+01 -3.711071e+01 6.000000e-01
    endloop
  endfacet
  facet normal -6.698957e-01 -7.424552e-01 0.000000e+00
    outer loop
      vertex 2.485061e+01 -3.415590e+01 7.426311e-14
      vertex 2.531115e+01 -3.457142e+01 7.392255e-14
      vertex 2.531115e+01 -3.457142e+01 6.000000e-01
    endloop
  endfacet
  facet normal -6.698957e-01 -7.424552e-01 0.000000e+00
    outer loop
      vertex 2.485061e+01 -3.415590e+01 7.426311e-14
      vertex 2.531115e+01 -3.457142e+01 6.000000e-01
      vertex 2.485061e+01 -3.415590e+01 6.000000e-01
    endloop
  endfacet
  facet normal -5.407581e-01 -8.411782e-01 0.000000e+00
    outer loop
      vertex 2.384343e+01 -3.344888e+01 7.452244e-14
      vertex 2.435959e+01 -3.378070e+01 7.446297e-14
      vertex 2.435959e+01 -3.378070e+01 6.000000e-01
    endloop
  endfacet
  facet normal -5.407581e-01 -8.411782e-01 0.000000e+00
    outer loop
      vertex 2.384343e+01 -3.344888e+01 7.452244e-14
      vertex 2.435959e+01 -3.378070e+01 6.000000e-01
      vertex 2.384343e+01 -3.344888e+01 6.000000e-01
    endloop
  endfacet
  facet normal -4.714129e-01 -8.819126e-01 0.000000e+00
    outer loop
      vertex 2.330781e+01 -3.316257e+01 7.444452e-14
      vertex 2.384343e+01 -3.344888e+01 7.452244e-14
      vertex 2.384343e+01 -3.344888e+01 6.000000e-01
    endloop
  endfacet
  facet normal -4.714129e-01 -8.819126e-01 0.000000e+00
    outer loop
      vertex 2.330781e+01 -3.316257e+01 7.444452e-14
      vertex 2.384343e+01 -3.344888e+01 6.000000e-01
      vertex 2.330781e+01 -3.316257e+01 6.000000e-01
    endloop
  endfacet
  facet normal -6.071585e-01 -7.945807e-01 0.000000e+00
    outer loop
      vertex 2.435959e+01 -3.378070e+01 7.446297e-14
      vertex 2.485061e+01 -3.415590e+01 7.426311e-14
      vertex 2.485061e+01 -3.415590e+01 6.000000e-01
    endloop
  endfacet
  facet normal -6.071585e-01 -7.945807e-01 0.000000e+00
    outer loop
      vertex 2.435959e+01 -3.378070e+01 7.446297e-14
      vertex 2.485061e+01 -3.415590e+01 6.000000e-01
      vertex 2.435959e+01 -3.378070e+01 6.000000e-01
    endloop
  endfacet
  facet normal -3.269555e-01 -9.450397e-01 0.000000e+00
    outer loop
      vertex 2.220146e+01 -3.273019e+01 7.390090e-14
      vertex 2.275856e+01 -3.292293e+01 7.423476e-14
      vertex 2.275856e+01 -3.292293e+01 6.000000e-01
    endloop
  endfacet
  facet normal -3.269555e-01 -9.450397e-01 0.000000e+00
    outer loop
      vertex 2.220146e+01 -3.273019e+01 7.390090e-14
      vertex 2.275856e+01 -3.292293e+01 6.000000e-01
      vertex 2.220146e+01 -3.273019e+01 6.000000e-01
    endloop
  endfacet
  facet normal -1.779922e-01 -9.840319e-01 0.000000e+00
    outer loop
      vertex 2.105809e+01 -3.247805e+01 7.287052e-14
      vertex 2.164206e+01 -3.258368e+01 7.345249e-14
      vertex 2.164206e+01 -3.258368e+01 6.000000e-01
    endloop
  endfacet
  facet normal -1.779922e-01 -9.840319e-01 0.000000e+00
    outer loop
      vertex 2.105809e+01 -3.247805e+01 7.287052e-14
      vertex 2.164206e+01 -3.258368e+01 6.000000e-01
      vertex 2.105809e+01 -3.247805e+01 6.000000e-01
    endloop
  endfacet
  facet normal -1.011343e-01 -9.948728e-01 0.000000e+00
    outer loop
      vertex 2.047607e+01 -3.241889e+01 7.217952e-14
      vertex 2.105809e+01 -3.247805e+01 7.287052e-14
      vertex 2.105809e+01 -3.247805e+01 6.000000e-01
    endloop
  endfacet
  facet normal -1.011343e-01 -9.948728e-01 0.000000e+00
    outer loop
      vertex 2.047607e+01 -3.241889e+01 7.217952e-14
      vertex 2.105809e+01 -3.247805e+01 6.000000e-01
      vertex 2.047607e+01 -3.241889e+01 6.000000e-01
    endloop
  endfacet
  facet normal -2.533595e-01 -9.673722e-01 0.000000e+00
    outer loop
      vertex 2.164206e+01 -3.258368e+01 7.345249e-14
      vertex 2.220146e+01 -3.273019e+01 7.390090e-14
      vertex 2.220146e+01 -3.273019e+01 6.000000e-01
    endloop
  endfacet
  facet normal -2.533595e-01 -9.673722e-01 -0.000000e+00
    outer loop
      vertex 2.164206e+01 -3.258368e+01 7.345249e-14
      vertex 2.220146e+01 -3.273019e+01 6.000000e-01
      vertex 2.164206e+01 -3.258368e+01 6.000000e-01
    endloop
  endfacet
  facet normal -3.998955e-01 -9.165608e-01 0.000000e+00
    outer loop
      vertex 2.275856e+01 -3.292293e+01 7.423476e-14
      vertex 2.330781e+01 -3.316257e+01 7.444452e-14
      vertex 2.330781e+01 -3.316257e+01 6.000000e-01
    endloop
  endfacet
  facet normal -3.998955e-01 -9.165608e-01 0.000000e+00
    outer loop
      vertex 2.275856e+01 -3.292293e+01 7.423476e-14
      vertex 2.330781e+01 -3.316257e+01 6.000000e-01
      vertex 2.275856e+01 -3.292293e+01 6.000000e-01
    endloop
  endfacet
  facet normal -7.282903e-01 -6.852687e-01 0.000000e+00
    outer loop
      vertex 2.531115e+01 -3.457142e+01 7.392255e-14
      vertex 2.573639e+01 -3.502337e+01 7.344384e-14
      vertex 2.573639e+01 -3.502337e+01 6.000000e-01
    endloop
  endfacet
  facet normal -7.282903e-01 -6.852687e-01 0.000000e+00
    outer loop
      vertex 2.531115e+01 -3.457142e+01 7.392255e-14
      vertex 2.573639e+01 -3.502337e+01 6.000000e-01
      vertex 2.531115e+01 -3.457142e+01 6.000000e-01
    endloop
  endfacet
  facet normal -9.995084e-01 3.135167e-02 0.000000e+00
    outer loop
      vertex 2.759097e+01 -3.999458e+01 6.413585e-14
      vertex 2.757602e+01 -4.047107e+01 6.310711e-14
      vertex 2.757602e+01 -4.047107e+01 6.000000e-01
    endloop
  endfacet
  facet normal -9.995084e-01 3.135167e-02 0.000000e+00
    outer loop
      vertex 2.759097e+01 -3.999458e+01 6.413585e-14
      vertex 2.757602e+01 -4.047107e+01 6.000000e-01
      vertex 2.759097e+01 -3.999458e+01 6.000000e-01
    endloop
  endfacet
  facet normal -3.135182e-02 -9.995084e-01 0.000000e+00
    outer loop
      vertex 1.999959e+01 -3.240394e+01 7.153322e-14
      vertex 2.047607e+01 -3.241889e+01 7.217952e-14
      vertex 2.047607e+01 -3.241889e+01 6.000000e-01
    endloop
  endfacet
  facet normal -3.135182e-02 -9.995084e-01 0.000000e+00
    outer loop
      vertex 1.999959e+01 -3.240394e+01 7.153322e-14
      vertex 2.047607e+01 -3.241889e+01 6.000000e-01
      vertex 1.999959e+01 -3.240394e+01 6.000000e-01
    endloop
  endfacet
  facet normal 1.159993e-01 -9.932493e-01 0.000000e+00
    outer loop
      vertex 1.883516e+01 -3.249384e+01 6.925927e-14
      vertex 1.940488e+01 -3.242730e+01 7.039702e-14
      vertex 1.940488e+01 -3.242730e+01 6.000000e-01
    endloop
  endfacet
  facet normal 1.159993e-01 -9.932493e-01 0.000000e+00
    outer loop
      vertex 1.883516e+01 -3.249384e+01 6.925927e-14
      vertex 1.940488e+01 -3.242730e+01 6.000000e-01
      vertex 1.883516e+01 -3.249384e+01 6.000000e-01
    endloop
  endfacet
  facet normal 2.669994e-01 -9.636967e-01 0.000000e+00
    outer loop
      vertex 1.768721e+01 -3.276484e+01 6.681394e-14
      vertex 1.826227e+01 -3.260551e+01 6.806522e-14
      vertex 1.826227e+01 -3.260551e+01 6.000000e-01
    endloop
  endfacet
  facet normal 2.669994e-01 -9.636967e-01 0.000000e+00
    outer loop
      vertex 1.768721e+01 -3.276484e+01 6.681394e-14
      vertex 1.826227e+01 -3.260551e+01 6.000000e-01
      vertex 1.768721e+01 -3.276484e+01 6.000000e-01
    endloop
  endfacet
  facet normal 3.425835e-01 -9.394874e-01 0.000000e+00
    outer loop
      vertex 1.711571e+01 -3.297323e+01 6.551454e-14
      vertex 1.768721e+01 -3.276484e+01 6.681394e-14
      vertex 1.768721e+01 -3.276484e+01 6.000000e-01
    endloop
  endfacet
  facet normal 3.425835e-01 -9.394874e-01 0.000000e+00
    outer loop
      vertex 1.711571e+01 -3.297323e+01 6.551454e-14
      vertex 1.768721e+01 -3.276484e+01 6.000000e-01
      vertex 1.711571e+01 -3.297323e+01 6.000000e-01
    endloop
  endfacet
  facet normal 1.913242e-01 -9.815269e-01 0.000000e+00
    outer loop
      vertex 1.826227e+01 -3.260551e+01 6.806522e-14
      vertex 1.883516e+01 -3.249384e+01 6.925927e-14
      vertex 1.883516e+01 -3.249384e+01 6.000000e-01
    endloop
  endfacet
  facet normal 1.913242e-01 -9.815269e-01 0.000000e+00
    outer loop
      vertex 1.826227e+01 -3.260551e+01 6.806522e-14
      vertex 1.883516e+01 -3.249384e+01 6.000000e-01
      vertex 1.826227e+01 -3.260551e+01 6.000000e-01
    endloop
  endfacet
  facet normal 4.902387e-01 -8.715882e-01 0.000000e+00
    outer loop
      vertex 1.602233e+01 -3.352951e+01 6.285266e-14
      vertex 1.654041e+01 -3.323811e+01 6.414500e-14
      vertex 1.654041e+01 -3.323811e+01 6.000000e-01
    endloop
  endfacet
  facet normal 4.902387e-01 -8.715882e-01 0.000000e+00
    outer loop
      vertex 1.602233e+01 -3.352951e+01 6.285266e-14
      vertex 1.654041e+01 -3.323811e+01 6.000000e-01
      vertex 1.602233e+01 -3.352951e+01 6.000000e-01
    endloop
  endfacet
  facet normal 6.235875e-01 -7.817536e-01 0.000000e+00
    outer loop
      vertex 1.502837e+01 -3.425852e+01 6.018362e-14
      vertex 1.551207e+01 -3.387268e+01 6.151719e-14
      vertex 1.551207e+01 -3.387268e+01 6.000000e-01
    endloop
  endfacet
  facet normal 6.235875e-01 -7.817536e-01 0.000000e+00
    outer loop
      vertex 1.502837e+01 -3.425852e+01 6.018362e-14
      vertex 1.551207e+01 -3.387268e+01 6.000000e-01
      vertex 1.502837e+01 -3.425852e+01 6.000000e-01
    endloop
  endfacet
  facet normal 6.852737e-01 -7.282856e-01 0.000000e+00
    outer loop
      vertex 1.457643e+01 -3.468377e+01 5.886538e-14
      vertex 1.502837e+01 -3.425852e+01 6.018362e-14
      vertex 1.502837e+01 -3.425852e+01 6.000000e-01
    endloop
  endfacet
  facet normal 6.852737e-01 -7.282856e-01 0.000000e+00
    outer loop
      vertex 1.457643e+01 -3.468377e+01 5.886538e-14
      vertex 1.502837e+01 -3.425852e+01 6.000000e-01
      vertex 1.457643e+01 -3.468377e+01 6.000000e-01
    endloop
  endfacet
  facet normal 5.580665e-01 -8.297962e-01 0.000000e+00
    outer loop
      vertex 1.551207e+01 -3.387268e+01 6.151719e-14
      vertex 1.602233e+01 -3.352951e+01 6.285266e-14
      vertex 1.602233e+01 -3.352951e+01 6.000000e-01
    endloop
  endfacet
  facet normal 5.580665e-01 -8.297962e-01 0.000000e+00
    outer loop
      vertex 1.551207e+01 -3.387268e+01 6.151719e-14
      vertex 1.602233e+01 -3.352951e+01 6.000000e-01
      vertex 1.551207e+01 -3.387268e+01 6.000000e-01
    endloop
  endfacet
  facet normal 4.182168e-01 -9.083472e-01 5.042340e-17
    outer loop
      vertex 1.654041e+01 -3.323811e+01 6.414500e-14
      vertex 1.711571e+01 -3.297323e+01 6.551454e-14
      vertex 1.711571e+01 -3.297323e+01 6.000000e-01
    endloop
  endfacet
  facet normal 4.182168e-01 -9.083472e-01 0.000000e+00
    outer loop
      vertex 1.654041e+01 -3.323811e+01 6.414500e-14
      vertex 1.711571e+01 -3.297323e+01 6.000000e-01
      vertex 1.654041e+01 -3.323811e+01 6.000000e-01
    endloop
  endfacet
  facet normal 7.945803e-01 -6.071591e-01 -8.821614e-17
    outer loop
      vertex 1.378570e+01 -3.563532e+01 5.632733e-14
      vertex 1.416090e+01 -3.514430e+01 5.757573e-14
      vertex 1.416090e+01 -3.514430e+01 6.000000e-01
    endloop
  endfacet
  facet normal 7.945803e-01 -6.071591e-01 0.000000e+00
    outer loop
      vertex 1.378570e+01 -3.563532e+01 5.632733e-14
      vertex 1.416090e+01 -3.514430e+01 6.000000e-01
      vertex 1.378570e+01 -3.563532e+01 6.000000e-01
    endloop
  endfacet
  facet normal 8.819105e-01 -4.714169e-01 0.000000e+00
    outer loop
      vertex 1.316757e+01 -3.668710e+01 5.399959e-14
      vertex 1.345388e+01 -3.615148e+01 5.513185e-14
      vertex 1.345388e+01 -3.615148e+01 6.000000e-01
    endloop
  endfacet
  facet normal 8.819105e-01 -4.714169e-01 0.000000e+00
    outer loop
      vertex 1.316757e+01 -3.668710e+01 5.399959e-14
      vertex 1.345388e+01 -3.615148e+01 6.000000e-01
      vertex 1.316757e+01 -3.668710e+01 6.000000e-01
    endloop
  endfacet
  facet normal 9.165599e-01 -3.998974e-01 0.000000e+00
    outer loop
      vertex 1.292793e+01 -3.723635e+01 5.293925e-14
      vertex 1.316757e+01 -3.668710e+01 5.399959e-14
      vertex 1.316757e+01 -3.668710e+01 6.000000e-01
    endloop
  endfacet
  facet normal 9.165599e-01 -3.998974e-01 0.000000e+00
    outer loop
      vertex 1.292793e+01 -3.723635e+01 5.293925e-14
      vertex 1.316757e+01 -3.668710e+01 6.000000e-01
      vertex 1.292793e+01 -3.723635e+01 6.000000e-01
    endloop
  endfacet
  facet normal 8.411765e-01 -5.407606e-01 0.000000e+00
    outer loop
      vertex 1.345388e+01 -3.615148e+01 5.513185e-14
      vertex 1.378570e+01 -3.563532e+01 5.632733e-14
      vertex 1.378570e+01 -3.563532e+01 6.000000e-01
    endloop
  endfacet
  facet normal 8.411765e-01 -5.407606e-01 0.000000e+00
    outer loop
      vertex 1.345388e+01 -3.615148e+01 5.513185e-14
      vertex 1.378570e+01 -3.563532e+01 6.000000e-01
      vertex 1.345388e+01 -3.615148e+01 6.000000e-01
    endloop
  endfacet
  facet normal 9.673745e-01 -2.533506e-01 0.000000e+00
    outer loop
      vertex 1.258869e+01 -3.835285e+01 5.105988e-14
      vertex 1.273519e+01 -3.779345e+01 5.195768e-14
      vertex 1.273519e+01 -3.779345e+01 6.000000e-01
    endloop
  endfacet
  facet normal 9.673745e-01 -2.533506e-01 0.000000e+00
    outer loop
      vertex 1.258869e+01 -3.835285e+01 5.105988e-14
      vertex 1.273519e+01 -3.779345e+01 6.000000e-01
      vertex 1.258869e+01 -3.835285e+01 6.000000e-01
    endloop
  endfacet
  facet normal 9.948730e-01 -1.011322e-01 0.000000e+00
    outer loop
      vertex 1.242389e+01 -3.951884e+01 4.945091e-14
      vertex 1.248306e+01 -3.893682e+01 5.021094e-14
      vertex 1.248306e+01 -3.893682e+01 6.000000e-01
    endloop
  endfacet
  facet normal 9.948730e-01 -1.011322e-01 0.000000e+00
    outer loop
      vertex 1.242389e+01 -3.951884e+01 4.945091e-14
      vertex 1.248306e+01 -3.893682e+01 6.000000e-01
      vertex 1.242389e+01 -3.951884e+01 6.000000e-01
    endloop
  endfacet
  facet normal 9.995084e-01 -3.135118e-02 0.000000e+00
    outer loop
      vertex 1.240895e+01 -3.999533e+01 4.889121e-14
      vertex 1.242389e+01 -3.951884e+01 4.945091e-14
      vertex 1.242389e+01 -3.951884e+01 6.000000e-01
    endloop
  endfacet
  facet normal 9.995084e-01 -3.135118e-02 0.000000e+00
    outer loop
      vertex 1.240895e+01 -3.999533e+01 4.889121e-14
      vertex 1.242389e+01 -3.951884e+01 6.000000e-01
      vertex 1.240895e+01 -3.999533e+01 6.000000e-01
    endloop
  endfacet
  facet normal 9.840314e-01 -1.779947e-01 -2.731236e-17
    outer loop
      vertex 1.248306e+01 -3.893682e+01 5.021094e-14
      vertex 1.258869e+01 -3.835285e+01 5.105988e-14
      vertex 1.258869e+01 -3.835285e+01 6.000000e-01
    endloop
  endfacet
  facet normal 9.840314e-01 -1.779947e-01 0.000000e+00
    outer loop
      vertex 1.248306e+01 -3.893682e+01 5.021094e-14
      vertex 1.258869e+01 -3.835285e+01 6.000000e-01
      vertex 1.248306e+01 -3.893682e+01 6.000000e-01
    endloop
  endfacet
  facet normal 9.450401e-01 -3.269544e-01 0.000000e+00
    outer loop
      vertex 1.273519e+01 -3.779345e+01 5.195768e-14
      vertex 1.292793e+01 -3.723635e+01 5.293925e-14
      vertex 1.292793e+01 -3.723635e+01 6.000000e-01
    endloop
  endfacet
  facet normal 9.450401e-01 -3.269544e-01 0.000000e+00
    outer loop
      vertex 1.273519e+01 -3.779345e+01 5.195768e-14
      vertex 1.292793e+01 -3.723635e+01 6.000000e-01
      vertex 1.273519e+01 -3.779345e+01 6.000000e-01
    endloop
  endfacet
  facet normal 7.424554e-01 -6.698955e-01 0.000000e+00
    outer loop
      vertex 1.416090e+01 -3.514430e+01 5.757573e-14
      vertex 1.457643e+01 -3.468377e+01 5.886538e-14
      vertex 1.457643e+01 -3.468377e+01 6.000000e-01
    endloop
  endfacet
  facet normal 7.424554e-01 -6.698955e-01 0.000000e+00
    outer loop
      vertex 1.416090e+01 -3.514430e+01 5.757573e-14
      vertex 1.457643e+01 -3.468377e+01 6.000000e-01
      vertex 1.416090e+01 -3.514430e+01 6.000000e-01
    endloop
  endfacet
  facet normal 9.932491e-01 1.160006e-01 0.000000e+00
    outer loop
      vertex 1.249885e+01 -4.115975e+01 4.654804e-14
      vertex 1.243231e+01 -4.059003e+01 4.766913e-14
      vertex 1.243231e+01 -4.059003e+01 6.000000e-01
    endloop
  endfacet
  facet normal 9.932491e-01 1.160006e-01 0.000000e+00
    outer loop
      vertex 1.249885e+01 -4.115975e+01 4.654804e-14
      vertex 1.243231e+01 -4.059003e+01 6.000000e-01
      vertex 1.249885e+01 -4.115975e+01 6.000000e-01
    endloop
  endfacet
  facet normal 9.636968e-01 2.669988e-01 0.000000e+00
    outer loop
      vertex 1.276984e+01 -4.230770e+01 4.444307e-14
      vertex 1.261052e+01 -4.173264e+01 4.547104e-14
      vertex 1.261052e+01 -4.173264e+01 6.000000e-01
    endloop
  endfacet
  facet normal 9.636968e-01 2.669988e-01 0.000000e+00
    outer loop
      vertex 1.276984e+01 -4.230770e+01 4.444307e-14
      vertex 1.261052e+01 -4.173264e+01 6.000000e-01
      vertex 1.276984e+01 -4.230770e+01 6.000000e-01
    endloop
  endfacet
  facet normal 9.394865e-01 3.425860e-01 0.000000e+00
    outer loop
      vertex 1.297824e+01 -4.287920e+01 4.347777e-14
      vertex 1.276984e+01 -4.230770e+01 4.444307e-14
      vertex 1.276984e+01 -4.230770e+01 6.000000e-01
    endloop
  endfacet
  facet normal 9.394865e-01 3.425860e-01 0.000000e+00
    outer loop
      vertex 1.297824e+01 -4.287920e+01 4.347777e-14
      vertex 1.276984e+01 -4.230770e+01 6.000000e-01
      vertex 1.297824e+01 -4.287920e+01 6.000000e-01
    endloop
  endfacet
  facet normal 9.815275e-01 1.913212e-01 0.000000e+00
    outer loop
      vertex 1.261052e+01 -4.173264e+01 4.547104e-14
      vertex 1.249885e+01 -4.115975e+01 4.654804e-14
      vertex 1.249885e+01 -4.115975e+01 6.000000e-01
    endloop
  endfacet
  facet normal 9.815275e-01 1.913212e-01 0.000000e+00
    outer loop
      vertex 1.261052e+01 -4.173264e+01 4.547104e-14
      vertex 1.249885e+01 -4.115975e+01 6.000000e-01
      vertex 1.261052e+01 -4.173264e+01 6.000000e-01
    endloop
  endfacet
  facet normal 8.715842e-01 4.902458e-01 0.000000e+00
    outer loop
      vertex 1.353452e+01 -4.397258e+01 4.180814e-14
      vertex 1.324311e+01 -4.345450e+01 4.256799e-14
      vertex 1.324311e+01 -4.345450e+01 6.000000e-01
    endloop
  endfacet
  facet normal 8.715842e-01 4.902458e-01 0.000000e+00
    outer loop
      vertex 1.353452e+01 -4.397258e+01 4.180814e-14
      vertex 1.324311e+01 -4.345450e+01 6.000000e-01
      vertex 1.353452e+01 -4.397258e+01 6.000000e-01
    endloop
  endfacet
  facet normal 7.817509e-01 6.235908e-01 0.000000e+00
    outer loop
      vertex 1.426352e+01 -4.496654e+01 4.054145e-14
      vertex 1.387768e+01 -4.448284e+01 4.112293e-14
      vertex 1.387768e+01 -4.448284e+01 6.000000e-01
    endloop
  endfacet
  facet normal 7.817509e-01 6.235908e-01 0.000000e+00
    outer loop
      vertex 1.426352e+01 -4.496654e+01 4.054145e-14
      vertex 1.387768e+01 -4.448284e+01 6.000000e-01
      vertex 1.426352e+01 -4.496654e+01 6.000000e-01
    endloop
  endfacet
  facet normal 7.282903e-01 6.852687e-01 0.000000e+00
    outer loop
      vertex 1.468877e+01 -4.541848e+01 4.007095e-14
      vertex 1.426352e+01 -4.496654e+01 4.054145e-14
      vertex 1.426352e+01 -4.496654e+01 6.000000e-01
    endloop
  endfacet
  facet normal 7.282903e-01 6.852687e-01 0.000000e+00
    outer loop
      vertex 1.468877e+01 -4.541848e+01 4.007095e-14
      vertex 1.426352e+01 -4.496654e+01 6.000000e-01
      vertex 1.468877e+01 -4.541848e+01 6.000000e-01
    endloop
  endfacet
  facet normal 8.298016e-01 5.580587e-01 0.000000e+00
    outer loop
      vertex 1.387768e+01 -4.448284e+01 4.112293e-14
      vertex 1.353452e+01 -4.397258e+01 4.180814e-14
      vertex 1.353452e+01 -4.397258e+01 6.000000e-01
    endloop
  endfacet
  facet normal 8.298016e-01 5.580587e-01 0.000000e+00
    outer loop
      vertex 1.387768e+01 -4.448284e+01 4.112293e-14
      vertex 1.353452e+01 -4.397258e+01 6.000000e-01
      vertex 1.387768e+01 -4.448284e+01 6.000000e-01
    endloop
  endfacet
  facet normal 9.083493e-01 4.182123e-01 0.000000e+00
    outer loop
      vertex 1.324311e+01 -4.345450e+01 4.256799e-14
      vertex 1.297824e+01 -4.287920e+01 4.347777e-14
      vertex 1.297824e+01 -4.287920e+01 6.000000e-01
    endloop
  endfacet
  facet normal 9.083493e-01 4.182123e-01 0.000000e+00
    outer loop
      vertex 1.324311e+01 -4.345450e+01 4.256799e-14
      vertex 1.297824e+01 -4.287920e+01 6.000000e-01
      vertex 1.324311e+01 -4.345450e+01 6.000000e-01
    endloop
  endfacet
  facet normal 6.071663e-01 7.945748e-01 0.000000e+00
    outer loop
      vertex 1.564032e+01 -4.620921e+01 3.948111e-14
      vertex 1.514930e+01 -4.583400e+01 3.971657e-14
      vertex 1.514930e+01 -4.583400e+01 6.000000e-01
    endloop
  endfacet
  facet normal 6.071663e-01 7.945748e-01 0.000000e+00
    outer loop
      vertex 1.564032e+01 -4.620921e+01 3.948111e-14
      vertex 1.514930e+01 -4.583400e+01 6.000000e-01
      vertex 1.564032e+01 -4.620921e+01 6.000000e-01
    endloop
  endfacet
  facet normal 4.714131e-01 8.819125e-01 0.000000e+00
    outer loop
      vertex 1.669210e+01 -4.682734e+01 3.936628e-14
      vertex 1.615648e+01 -4.654103e+01 3.936499e-14
      vertex 1.615648e+01 -4.654103e+01 6.000000e-01
    endloop
  endfacet
  facet normal 4.714131e-01 8.819125e-01 0.000000e+00
    outer loop
      vertex 1.669210e+01 -4.682734e+01 3.936628e-14
      vertex 1.615648e+01 -4.654103e+01 6.000000e-01
      vertex 1.669210e+01 -4.682734e+01 6.000000e-01
    endloop
  endfacet
  facet normal 3.998952e-01 9.165609e-01 0.000000e+00
    outer loop
      vertex 1.724135e+01 -4.706697e+01 3.948087e-14
      vertex 1.669210e+01 -4.682734e+01 3.936628e-14
      vertex 1.669210e+01 -4.682734e+01 6.000000e-01
    endloop
  endfacet
  facet normal 3.998952e-01 9.165609e-01 0.000000e+00
    outer loop
      vertex 1.724135e+01 -4.706697e+01 3.948087e-14
      vertex 1.669210e+01 -4.682734e+01 6.000000e-01
      vertex 1.724135e+01 -4.706697e+01 6.000000e-01
    endloop
  endfacet
  facet normal 5.407580e-01 8.411782e-01 0.000000e+00
    outer loop
      vertex 1.615648e+01 -4.654103e+01 3.936499e-14
      vertex 1.564032e+01 -4.620921e+01 3.948111e-14
      vertex 1.564032e+01 -4.620921e+01 6.000000e-01
    endloop
  endfacet
  facet normal 5.407580e-01 8.411782e-01 0.000000e+00
    outer loop
      vertex 1.615648e+01 -4.654103e+01 3.936499e-14
      vertex 1.564032e+01 -4.620921e+01 6.000000e-01
      vertex 1.615648e+01 -4.654103e+01 6.000000e-01
    endloop
  endfacet
  facet normal 2.533593e-01 9.673722e-01 0.000000e+00
    outer loop
      vertex 1.835785e+01 -4.740622e+01 4.002422e-14
      vertex 1.779846e+01 -4.725972e+01 3.970273e-14
      vertex 1.779846e+01 -4.725972e+01 6.000000e-01
    endloop
  endfacet
  facet normal 2.533593e-01 9.673722e-01 0.000000e+00
    outer loop
      vertex 1.835785e+01 -4.740622e+01 4.002422e-14
      vertex 1.779846e+01 -4.725972e+01 6.000000e-01
      vertex 1.835785e+01 -4.740622e+01 6.000000e-01
    endloop
  endfacet
  facet normal 1.011343e-01 9.948728e-01 0.000000e+00
    outer loop
      vertex 1.952384e+01 -4.757102e+01 4.098943e-14
      vertex 1.894182e+01 -4.751185e+01 4.045915e-14
      vertex 1.894182e+01 -4.751185e+01 6.000000e-01
    endloop
  endfacet
  facet normal 1.011343e-01 9.948728e-01 0.000000e+00
    outer loop
      vertex 1.952384e+01 -4.757102e+01 4.098943e-14
      vertex 1.894182e+01 -4.751185e+01 6.000000e-01
      vertex 1.952384e+01 -4.757102e+01 6.000000e-01
    endloop
  endfacet
  facet normal 3.135185e-02 9.995084e-01 0.000000e+00
    outer loop
      vertex 2.000033e+01 -4.758596e+01 4.149385e-14
      vertex 1.952384e+01 -4.757102e+01 4.098943e-14
      vertex 1.952384e+01 -4.757102e+01 6.000000e-01
    endloop
  endfacet
  facet normal 3.135185e-02 9.995084e-01 0.000000e+00
    outer loop
      vertex 2.000033e+01 -4.758596e+01 4.149385e-14
      vertex 1.952384e+01 -4.757102e+01 6.000000e-01
      vertex 2.000033e+01 -4.758596e+01 6.000000e-01
    endloop
  endfacet
  facet normal 1.779922e-01 9.840319e-01 0.000000e+00
    outer loop
      vertex 1.894182e+01 -4.751185e+01 4.045915e-14
      vertex 1.835785e+01 -4.740622e+01 4.002422e-14
      vertex 1.835785e+01 -4.740622e+01 6.000000e-01
    endloop
  endfacet
  facet normal 1.779922e-01 9.840319e-01 0.000000e+00
    outer loop
      vertex 1.894182e+01 -4.751185e+01 4.045915e-14
      vertex 1.835785e+01 -4.740622e+01 6.000000e-01
      vertex 1.894182e+01 -4.751185e+01 6.000000e-01
    endloop
  endfacet
  facet normal 3.269558e-01 9.450396e-01 0.000000e+00
    outer loop
      vertex 1.779846e+01 -4.725972e+01 3.970273e-14
      vertex 1.724135e+01 -4.706697e+01 3.948087e-14
      vertex 1.724135e+01 -4.706697e+01 6.000000e-01
    endloop
  endfacet
  facet normal 3.269558e-01 9.450396e-01 0.000000e+00
    outer loop
      vertex 1.779846e+01 -4.725972e+01 3.970273e-14
      vertex 1.724135e+01 -4.706697e+01 6.000000e-01
      vertex 1.779846e+01 -4.725972e+01 6.000000e-01
    endloop
  endfacet
  facet normal 6.698886e-01 7.424616e-01 0.000000e+00
    outer loop
      vertex 1.514930e+01 -4.583400e+01 3.971657e-14
      vertex 1.468877e+01 -4.541848e+01 4.007095e-14
      vertex 1.468877e+01 -4.541848e+01 6.000000e-01
    endloop
  endfacet
  facet normal 6.698886e-01 7.424616e-01 0.000000e+00
    outer loop
      vertex 1.514930e+01 -4.583400e+01 3.971657e-14
      vertex 1.468877e+01 -4.541848e+01 6.000000e-01
      vertex 1.514930e+01 -4.583400e+01 6.000000e-01
    endloop
  endfacet
  facet normal 9.992294e-01 3.925082e-02 0.000000e+00
    outer loop
      vertex 1.243231e+01 -4.059003e+01 4.766913e-14
      vertex 1.240895e+01 -3.999533e+01 4.889121e-14
      vertex 1.240895e+01 -3.999533e+01 6.000000e-01
    endloop
  endfacet
  facet normal 9.992294e-01 3.925082e-02 0.000000e+00
    outer loop
      vertex 1.243231e+01 -4.059003e+01 4.766913e-14
      vertex 1.240895e+01 -3.999533e+01 6.000000e-01
      vertex 1.243231e+01 -4.059003e+01 6.000000e-01
    endloop
  endfacet
  facet normal 3.925176e-02 -9.992294e-01 0.000000e+00
    outer loop
      vertex 1.940488e+01 -3.242730e+01 7.039702e-14
      vertex 1.999959e+01 -3.240394e+01 7.153322e-14
      vertex 1.999959e+01 -3.240394e+01 6.000000e-01
    endloop
  endfacet
  facet normal 3.925176e-02 -9.992294e-01 0.000000e+00
    outer loop
      vertex 1.940488e+01 -3.242730e+01 7.039702e-14
      vertex 1.999959e+01 -3.240394e+01 6.000000e-01
      vertex 1.940488e+01 -3.242730e+01 6.000000e-01
    endloop
  endfacet
  facet normal 1.259489e-15 1.989534e-15 -1.000000e+00
    outer loop
      vertex 1.528150e+01 -4.706726e+01 3.311160e-14
      vertex 1.469612e+01 -4.679464e+01 3.291672e-14
      vertex 1.496888e+01 -4.620897e+01 3.442545e-14
    endloop
  endfacet
  facet normal 1.259467e-15 1.989544e-15 -1.000000e+00
    outer loop
      vertex 1.438350e+01 -4.593635e+01 3.423058e-14
      vertex 1.496888e+01 -4.620897e+01 3.442545e-14
      vertex 1.469612e+01 -4.679464e+01 3.291672e-14
    endloop
  endfacet
  facet normal 1.259491e-15 1.989528e-15 -1.000000e+00
    outer loop
      vertex 1.703764e+01 -4.788514e+01 3.369622e-14
      vertex 1.690127e+01 -4.817797e+01 3.294186e-14
      vertex 1.660858e+01 -4.804166e+01 3.284442e-14
    endloop
  endfacet
  facet normal 1.259486e-15 1.989542e-15 -1.000000e+00
    outer loop
      vertex 1.703764e+01 -4.788514e+01 3.369622e-14
      vertex 1.660858e+01 -4.804166e+01 3.284442e-14
      vertex 1.674495e+01 -4.774883e+01 3.359879e-14
    endloop
  endfacet
  facet normal 1.259444e-15 1.989560e-15 -1.000000e+00
    outer loop
      vertex 1.660858e+01 -4.804166e+01 3.284442e-14
      vertex 1.654039e+01 -4.818808e+01 3.246724e-14
      vertex 1.639404e+01 -4.811992e+01 3.241852e-14
    endloop
  endfacet
  facet normal 1.259443e-15 1.989562e-15 -1.000000e+00
    outer loop
      vertex 1.660858e+01 -4.804166e+01 3.284442e-14
      vertex 1.639404e+01 -4.811992e+01 3.241852e-14
      vertex 1.646223e+01 -4.797351e+01 3.279570e-14
    endloop
  endfacet
  facet normal 1.259407e-15 1.989657e-15 -1.000000e+00
    outer loop
      vertex 1.639404e+01 -4.811992e+01 3.241852e-14
      vertex 1.635995e+01 -4.819313e+01 3.222993e-14
      vertex 1.628677e+01 -4.815905e+01 3.220557e-14
    endloop
  endfacet
  facet normal 1.259498e-15 1.989408e-15 -1.000000e+00
    outer loop
      vertex 1.639404e+01 -4.811992e+01 3.241852e-14
      vertex 1.628677e+01 -4.815905e+01 3.220557e-14
      vertex 1.632087e+01 -4.808584e+01 3.239416e-14
    endloop
  endfacet
  facet normal 1.259501e-15 1.989406e-15 -1.000000e+00
    outer loop
      vertex 1.632087e+01 -4.808584e+01 3.239416e-14
      vertex 1.628677e+01 -4.815905e+01 3.220557e-14
      vertex 1.621360e+01 -4.812497e+01 3.218121e-14
    endloop
  endfacet
  facet normal 1.259479e-15 1.989467e-15 -1.000000e+00
    outer loop
      vertex 1.632087e+01 -4.808584e+01 3.239416e-14
      vertex 1.621360e+01 -4.812497e+01 3.218121e-14
      vertex 1.624770e+01 -4.805176e+01 3.236980e-14
    endloop
  endfacet
  facet normal 1.259499e-15 1.989511e-15 -1.000000e+00
    outer loop
      vertex 1.632087e+01 -4.808584e+01 3.239416e-14
      vertex 1.624770e+01 -4.805176e+01 3.236980e-14
      vertex 1.631589e+01 -4.790535e+01 3.274698e-14
    endloop
  endfacet
  facet normal 1.259547e-15 1.989514e-15 -1.000000e+00
    outer loop
      vertex 1.646223e+01 -4.797351e+01 3.279570e-14
      vertex 1.639404e+01 -4.811992e+01 3.241852e-14
      vertex 1.632087e+01 -4.808584e+01 3.239416e-14
    endloop
  endfacet
  facet normal 1.259548e-15 1.989512e-15 -1.000000e+00
    outer loop
      vertex 1.631589e+01 -4.790535e+01 3.274698e-14
      vertex 1.646223e+01 -4.797351e+01 3.279570e-14
      vertex 1.632087e+01 -4.808584e+01 3.239416e-14
    endloop
  endfacet
  facet normal 1.259549e-15 1.989513e-15 -1.000000e+00
    outer loop
      vertex 1.646223e+01 -4.797351e+01 3.279570e-14
      vertex 1.631589e+01 -4.790535e+01 3.274698e-14
      vertex 1.645226e+01 -4.761251e+01 3.350135e-14
    endloop
  endfacet
  facet normal 1.259443e-15 1.989562e-15 -1.000000e+00
    outer loop
      vertex 1.674495e+01 -4.774883e+01 3.359879e-14
      vertex 1.660858e+01 -4.804166e+01 3.284442e-14
      vertex 1.646223e+01 -4.797351e+01 3.279570e-14
    endloop
  endfacet
  facet normal 1.259483e-15 1.989511e-15 -1.000000e+00
    outer loop
      vertex 1.645226e+01 -4.761251e+01 3.350135e-14
      vertex 1.674495e+01 -4.774883e+01 3.359879e-14
      vertex 1.646223e+01 -4.797351e+01 3.279570e-14
    endloop
  endfacet
  facet normal 1.259440e-15 1.989552e-15 -1.000000e+00
    outer loop
      vertex 1.616954e+01 -4.783719e+01 3.269826e-14
      vertex 1.602320e+01 -4.776904e+01 3.264955e-14
      vertex 1.615957e+01 -4.747621e+01 3.340391e-14
    endloop
  endfacet
  facet normal 1.259443e-15 1.989562e-15 -1.000000e+00
    outer loop
      vertex 1.645226e+01 -4.761251e+01 3.350135e-14
      vertex 1.631589e+01 -4.790535e+01 3.274698e-14
      vertex 1.616954e+01 -4.783719e+01 3.269826e-14
    endloop
  endfacet
  facet normal 1.259451e-15 1.989552e-15 -1.000000e+00
    outer loop
      vertex 1.615957e+01 -4.747621e+01 3.340391e-14
      vertex 1.645226e+01 -4.761251e+01 3.350135e-14
      vertex 1.616954e+01 -4.783719e+01 3.269826e-14
    endloop
  endfacet
  facet normal 1.259547e-15 1.989514e-15 -1.000000e+00
    outer loop
      vertex 1.617452e+01 -4.801769e+01 3.234544e-14
      vertex 1.610135e+01 -4.798361e+01 3.232108e-14
      vertex 1.616954e+01 -4.783719e+01 3.269826e-14
    endloop
  endfacet
  facet normal 1.259370e-15 1.989571e-15 -1.000000e+00
    outer loop
      vertex 1.631589e+01 -4.790535e+01 3.274698e-14
      vertex 1.624770e+01 -4.805176e+01 3.236980e-14
      vertex 1.617452e+01 -4.801769e+01 3.234544e-14
    endloop
  endfacet
  facet normal 1.259419e-15 1.989510e-15 -1.000000e+00
    outer loop
      vertex 1.616954e+01 -4.783719e+01 3.269826e-14
      vertex 1.631589e+01 -4.790535e+01 3.274698e-14
      vertex 1.617452e+01 -4.801769e+01 3.234544e-14
    endloop
  endfacet
  facet normal 1.259330e-15 1.989693e-15 -1.000000e+00
    outer loop
      vertex 1.617702e+01 -4.810793e+01 3.216903e-14
      vertex 1.614043e+01 -4.809089e+01 3.215685e-14
      vertex 1.617452e+01 -4.801769e+01 3.234544e-14
    endloop
  endfacet
  facet normal 1.259687e-15 1.989370e-15 -1.000000e+00
    outer loop
      vertex 1.624770e+01 -4.805176e+01 3.236980e-14
      vertex 1.621360e+01 -4.812497e+01 3.218121e-14
      vertex 1.617702e+01 -4.810793e+01 3.216903e-14
    endloop
  endfacet
  facet normal 1.259429e-15 1.989696e-15 -1.000000e+00
    outer loop
      vertex 1.617452e+01 -4.801769e+01 3.234544e-14
      vertex 1.624770e+01 -4.805176e+01 3.236980e-14
      vertex 1.617702e+01 -4.810793e+01 3.216903e-14
    endloop
  endfacet
  facet normal 1.259668e-15 1.989328e-15 -1.000000e+00
    outer loop
      vertex 1.621360e+01 -4.812497e+01 3.218121e-14
      vertex 1.619655e+01 -4.816158e+01 3.208691e-14
      vertex 1.615997e+01 -4.814454e+01 3.207473e-14
    endloop
  endfacet
  facet normal 1.259668e-15 1.989328e-15 -1.000000e+00
    outer loop
      vertex 1.621360e+01 -4.812497e+01 3.218121e-14
      vertex 1.615997e+01 -4.814454e+01 3.207473e-14
      vertex 1.617702e+01 -4.810793e+01 3.216903e-14
    endloop
  endfacet
  facet normal 1.259709e-15 1.989217e-15 -1.000000e+00
    outer loop
      vertex 1.615997e+01 -4.814454e+01 3.207473e-14
      vertex 1.615144e+01 -4.816284e+01 3.202759e-14
      vertex 1.613315e+01 -4.815432e+01 3.202149e-14
    endloop
  endfacet
  facet normal 1.259263e-15 1.990439e-15 -1.000000e+00
    outer loop
      vertex 1.615997e+01 -4.814454e+01 3.207473e-14
      vertex 1.613315e+01 -4.815432e+01 3.202149e-14
      vertex 1.614167e+01 -4.813602e+01 3.206864e-14
    endloop
  endfacet
  facet normal 1.259263e-15 1.990439e-15 -1.000000e+00
    outer loop
      vertex 1.614167e+01 -4.813602e+01 3.206864e-14
      vertex 1.613315e+01 -4.815432e+01 3.202149e-14
      vertex 1.611486e+01 -4.814580e+01 3.201541e-14
    endloop
  endfacet
  facet normal 1.259709e-15 1.989217e-15 -1.000000e+00
    outer loop
      vertex 1.614167e+01 -4.813602e+01 3.206864e-14
      vertex 1.611486e+01 -4.814580e+01 3.201541e-14
      vertex 1.612338e+01 -4.812750e+01 3.206255e-14
    endloop
  endfacet
  facet normal 1.259780e-15 1.989369e-15 -1.000000e+00
    outer loop
      vertex 1.614167e+01 -4.813602e+01 3.206864e-14
      vertex 1.612338e+01 -4.812750e+01 3.206255e-14
      vertex 1.614043e+01 -4.809089e+01 3.215685e-14
    endloop
  endfacet
  facet normal 1.258910e-15 1.989681e-15 -1.000000e+00
    outer loop
      vertex 1.617702e+01 -4.810793e+01 3.216903e-14
      vertex 1.615997e+01 -4.814454e+01 3.207473e-14
      vertex 1.614167e+01 -4.813602e+01 3.206864e-14
    endloop
  endfacet
  facet normal 1.259172e-15 1.989352e-15 -1.000000e+00
    outer loop
      vertex 1.614043e+01 -4.809089e+01 3.215685e-14
      vertex 1.617702e+01 -4.810793e+01 3.216903e-14
      vertex 1.614167e+01 -4.813602e+01 3.206864e-14
    endloop
  endfacet
  facet normal 1.259363e-15 1.989563e-15 -1.000000e+00
    outer loop
      vertex 1.614043e+01 -4.809089e+01 3.215685e-14
      vertex 1.612338e+01 -4.812750e+01 3.206255e-14
      vertex 1.608680e+01 -4.811046e+01 3.205037e-14
    endloop
  endfacet
  facet normal 1.259363e-15 1.989563e-15 -1.000000e+00
    outer loop
      vertex 1.614043e+01 -4.809089e+01 3.215685e-14
      vertex 1.608680e+01 -4.811046e+01 3.205037e-14
      vertex 1.610384e+01 -4.807386e+01 3.214467e-14
    endloop
  endfacet
  facet normal 1.259628e-15 1.989440e-15 -1.000000e+00
    outer loop
      vertex 1.610384e+01 -4.807386e+01 3.214467e-14
      vertex 1.608680e+01 -4.811046e+01 3.205037e-14
      vertex 1.605021e+01 -4.809342e+01 3.203819e-14
    endloop
  endfacet
  facet normal 1.259668e-15 1.989328e-15 -1.000000e+00
    outer loop
      vertex 1.610384e+01 -4.807386e+01 3.214467e-14
      vertex 1.605021e+01 -4.809342e+01 3.203819e-14
      vertex 1.606726e+01 -4.805681e+01 3.213249e-14
    endloop
  endfacet
  facet normal 1.259748e-15 1.989499e-15 -1.000000e+00
    outer loop
      vertex 1.610384e+01 -4.807386e+01 3.214467e-14
      vertex 1.606726e+01 -4.805681e+01 3.213249e-14
      vertex 1.610135e+01 -4.798361e+01 3.232108e-14
    endloop
  endfacet
  facet normal 1.259407e-15 1.989657e-15 -1.000000e+00
    outer loop
      vertex 1.617452e+01 -4.801769e+01 3.234544e-14
      vertex 1.614043e+01 -4.809089e+01 3.215685e-14
      vertex 1.610384e+01 -4.807386e+01 3.214467e-14
    endloop
  endfacet
  facet normal 1.259537e-15 1.989493e-15 -1.000000e+00
    outer loop
      vertex 1.610135e+01 -4.798361e+01 3.232108e-14
      vertex 1.617452e+01 -4.801769e+01 3.234544e-14
      vertex 1.610384e+01 -4.807386e+01 3.214467e-14
    endloop
  endfacet
  facet normal 1.259407e-15 1.989657e-15 -1.000000e+00
    outer loop
      vertex 1.610135e+01 -4.798361e+01 3.232108e-14
      vertex 1.606726e+01 -4.805681e+01 3.213249e-14
      vertex 1.599408e+01 -4.802274e+01 3.210813e-14
    endloop
  endfacet
  facet normal 1.259477e-15 1.989463e-15 -1.000000e+00
    outer loop
      vertex 1.610135e+01 -4.798361e+01 3.232108e-14
      vertex 1.599408e+01 -4.802274e+01 3.210813e-14
      vertex 1.602818e+01 -4.794953e+01 3.229672e-14
    endloop
  endfacet
  facet normal 1.259519e-15 1.989444e-15 -1.000000e+00
    outer loop
      vertex 1.602818e+01 -4.794953e+01 3.229672e-14
      vertex 1.599408e+01 -4.802274e+01 3.210813e-14
      vertex 1.592091e+01 -4.798866e+01 3.208377e-14
    endloop
  endfacet
  facet normal 1.259517e-15 1.989449e-15 -1.000000e+00
    outer loop
      vertex 1.602818e+01 -4.794953e+01 3.229672e-14
      vertex 1.592091e+01 -4.798866e+01 3.208377e-14
      vertex 1.595501e+01 -4.791545e+01 3.227236e-14
    endloop
  endfacet
  facet normal 1.259586e-15 1.989597e-15 -1.000000e+00
    outer loop
      vertex 1.602818e+01 -4.794953e+01 3.229672e-14
      vertex 1.595501e+01 -4.791545e+01 3.227236e-14
      vertex 1.602320e+01 -4.776904e+01 3.264955e-14
    endloop
  endfacet
  facet normal 1.259509e-15 1.989531e-15 -1.000000e+00
    outer loop
      vertex 1.616954e+01 -4.783719e+01 3.269826e-14
      vertex 1.610135e+01 -4.798361e+01 3.232108e-14
      vertex 1.602818e+01 -4.794953e+01 3.229672e-14
    endloop
  endfacet
  facet normal 1.259460e-15 1.989594e-15 -1.000000e+00
    outer loop
      vertex 1.602320e+01 -4.776904e+01 3.264955e-14
      vertex 1.616954e+01 -4.783719e+01 3.269826e-14
      vertex 1.602818e+01 -4.794953e+01 3.229672e-14
    endloop
  endfacet
  facet normal 1.259483e-15 1.989645e-15 -1.000000e+00
    outer loop
      vertex 1.602320e+01 -4.776904e+01 3.264955e-14
      vertex 1.595501e+01 -4.791545e+01 3.227236e-14
      vertex 1.580866e+01 -4.784729e+01 3.222364e-14
    endloop
  endfacet
  facet normal 1.259538e-15 1.989494e-15 -1.000000e+00
    outer loop
      vertex 1.602320e+01 -4.776904e+01 3.264955e-14
      vertex 1.580866e+01 -4.784729e+01 3.222364e-14
      vertex 1.587685e+01 -4.770088e+01 3.260082e-14
    endloop
  endfacet
  facet normal 1.259453e-15 1.989534e-15 -1.000000e+00
    outer loop
      vertex 1.587685e+01 -4.770088e+01 3.260082e-14
      vertex 1.580866e+01 -4.784729e+01 3.222364e-14
      vertex 1.566232e+01 -4.777914e+01 3.217492e-14
    endloop
  endfacet
  facet normal 1.259443e-15 1.989562e-15 -1.000000e+00
    outer loop
      vertex 1.587685e+01 -4.770088e+01 3.260082e-14
      vertex 1.566232e+01 -4.777914e+01 3.217492e-14
      vertex 1.573051e+01 -4.763272e+01 3.255211e-14
    endloop
  endfacet
  facet normal 1.259442e-15 1.989561e-15 -1.000000e+00
    outer loop
      vertex 1.587685e+01 -4.770088e+01 3.260082e-14
      vertex 1.573051e+01 -4.763272e+01 3.255211e-14
      vertex 1.586688e+01 -4.733989e+01 3.330647e-14
    endloop
  endfacet
  facet normal 1.259543e-15 1.989504e-15 -1.000000e+00
    outer loop
      vertex 1.615957e+01 -4.747621e+01 3.340391e-14
      vertex 1.602320e+01 -4.776904e+01 3.264955e-14
      vertex 1.587685e+01 -4.770088e+01 3.260082e-14
    endloop
  endfacet
  facet normal 1.259496e-15 1.989563e-15 -1.000000e+00
    outer loop
      vertex 1.586688e+01 -4.733989e+01 3.330647e-14
      vertex 1.615957e+01 -4.747621e+01 3.340391e-14
      vertex 1.587685e+01 -4.770088e+01 3.260082e-14
    endloop
  endfacet
  facet normal 1.259495e-15 1.989537e-15 -1.000000e+00
    outer loop
      vertex 1.586688e+01 -4.733989e+01 3.330647e-14
      vertex 1.573051e+01 -4.763272e+01 3.255211e-14
      vertex 1.543782e+01 -4.749641e+01 3.245467e-14
    endloop
  endfacet
  facet normal 1.259495e-15 1.989537e-15 -1.000000e+00
    outer loop
      vertex 1.586688e+01 -4.733989e+01 3.330647e-14
      vertex 1.543782e+01 -4.749641e+01 3.245467e-14
      vertex 1.557419e+01 -4.720358e+01 3.320903e-14
    endloop
  endfacet
  facet normal 1.259486e-15 1.989541e-15 -1.000000e+00
    outer loop
      vertex 1.557419e+01 -4.720358e+01 3.320903e-14
      vertex 1.543782e+01 -4.749641e+01 3.245467e-14
      vertex 1.514513e+01 -4.736010e+01 3.235723e-14
    endloop
  endfacet
  facet normal 1.259491e-15 1.989527e-15 -1.000000e+00
    outer loop
      vertex 1.557419e+01 -4.720358e+01 3.320903e-14
      vertex 1.514513e+01 -4.736010e+01 3.235723e-14
      vertex 1.528150e+01 -4.706726e+01 3.311160e-14
    endloop
  endfacet
  facet normal 1.259488e-15 1.989539e-15 -1.000000e+00
    outer loop
      vertex 2.366985e+01 -4.741047e+01 4.299378e-14
      vertex 2.353348e+01 -4.770330e+01 4.223941e-14
      vertex 2.324079e+01 -4.756698e+01 4.214197e-14
    endloop
  endfacet
  facet normal 1.259491e-15 1.989530e-15 -1.000000e+00
    outer loop
      vertex 2.366985e+01 -4.741047e+01 4.299378e-14
      vertex 2.324079e+01 -4.756698e+01 4.214197e-14
      vertex 2.337716e+01 -4.727415e+01 4.289634e-14
    endloop
  endfacet
  facet normal 1.259494e-15 1.989536e-15 -1.000000e+00
    outer loop
      vertex 2.346529e+01 -4.784971e+01 4.186223e-14
      vertex 2.339710e+01 -4.799613e+01 4.148504e-14
      vertex 2.310441e+01 -4.785981e+01 4.138761e-14
    endloop
  endfacet
  facet normal 1.259482e-15 1.989527e-15 -1.000000e+00
    outer loop
      vertex 2.324079e+01 -4.756698e+01 4.214197e-14
      vertex 2.353348e+01 -4.770330e+01 4.223941e-14
      vertex 2.346529e+01 -4.784971e+01 4.186223e-14
    endloop
  endfacet
  facet normal 1.259494e-15 1.989536e-15 -1.000000e+00
    outer loop
      vertex 2.310441e+01 -4.785981e+01 4.138761e-14
      vertex 2.324079e+01 -4.756698e+01 4.214197e-14
      vertex 2.346529e+01 -4.784971e+01 4.186223e-14
    endloop
  endfacet
  facet normal 1.259451e-15 1.989556e-15 -1.000000e+00
    outer loop
      vertex 2.324079e+01 -4.756698e+01 4.214197e-14
      vertex 2.310441e+01 -4.785981e+01 4.138761e-14
      vertex 2.281172e+01 -4.772351e+01 4.129017e-14
    endloop
  endfacet
  facet normal 1.259451e-15 1.989556e-15 -1.000000e+00
    outer loop
      vertex 2.324079e+01 -4.756698e+01 4.214197e-14
      vertex 2.281172e+01 -4.772351e+01 4.129017e-14
      vertex 2.294810e+01 -4.743068e+01 4.204453e-14
    endloop
  endfacet
  facet normal 1.259449e-15 1.989550e-15 -1.000000e+00
    outer loop
      vertex 2.337716e+01 -4.727415e+01 4.289634e-14
      vertex 2.324079e+01 -4.756698e+01 4.214197e-14
      vertex 2.294810e+01 -4.743068e+01 4.204453e-14
    endloop
  endfacet
  facet normal 1.259445e-15 1.989559e-15 -1.000000e+00
    outer loop
      vertex 2.337716e+01 -4.727415e+01 4.289634e-14
      vertex 2.294810e+01 -4.743068e+01 4.204453e-14
      vertex 2.308447e+01 -4.713784e+01 4.279890e-14
    endloop
  endfacet
  facet normal 1.259494e-15 1.989536e-15 -1.000000e+00
    outer loop
      vertex 2.332891e+01 -4.814254e+01 4.110786e-14
      vertex 2.326072e+01 -4.828896e+01 4.073068e-14
      vertex 2.296803e+01 -4.815265e+01 4.063324e-14
    endloop
  endfacet
  facet normal 1.259494e-15 1.989536e-15 -1.000000e+00
    outer loop
      vertex 2.310441e+01 -4.785981e+01 4.138761e-14
      vertex 2.339710e+01 -4.799613e+01 4.148504e-14
      vertex 2.332891e+01 -4.814254e+01 4.110786e-14
    endloop
  endfacet
  facet normal 1.259494e-15 1.989536e-15 -1.000000e+00
    outer loop
      vertex 2.296803e+01 -4.815265e+01 4.063324e-14
      vertex 2.310441e+01 -4.785981e+01 4.138761e-14
      vertex 2.332891e+01 -4.814254e+01 4.110786e-14
    endloop
  endfacet
  facet normal 1.259445e-15 1.989559e-15 -1.000000e+00
    outer loop
      vertex 2.253896e+01 -4.830917e+01 3.978143e-14
      vertex 2.267534e+01 -4.801634e+01 4.053580e-14
      vertex 2.296803e+01 -4.815265e+01 4.063324e-14
    endloop
  endfacet
  facet normal 1.259445e-15 1.989559e-15 -1.000000e+00
    outer loop
      vertex 2.310441e+01 -4.785981e+01 4.138761e-14
      vertex 2.296803e+01 -4.815265e+01 4.063324e-14
      vertex 2.267534e+01 -4.801634e+01 4.053580e-14
    endloop
  endfacet
  facet normal 1.259449e-15 1.989550e-15 -1.000000e+00
    outer loop
      vertex 2.310441e+01 -4.785981e+01 4.138761e-14
      vertex 2.267534e+01 -4.801634e+01 4.053580e-14
      vertex 2.281172e+01 -4.772351e+01 4.129017e-14
    endloop
  endfacet
  facet normal 1.259491e-15 1.989530e-15 -1.000000e+00
    outer loop
      vertex 2.281172e+01 -4.772351e+01 4.129017e-14
      vertex 2.267534e+01 -4.801634e+01 4.053580e-14
      vertex 2.195358e+01 -4.803654e+01 3.958656e-14
    endloop
  endfacet
  facet normal 1.259491e-15 1.989537e-15 -1.000000e+00
    outer loop
      vertex 2.267534e+01 -4.801634e+01 4.053580e-14
      vertex 2.253896e+01 -4.830917e+01 3.978143e-14
      vertex 2.195358e+01 -4.803654e+01 3.958656e-14
    endloop
  endfacet
  facet normal 1.259527e-15 1.989521e-15 -1.000000e+00
    outer loop
      vertex 2.326072e+01 -4.828896e+01 4.073068e-14
      vertex 2.332891e+01 -4.814254e+01 4.110786e-14
      vertex 2.347525e+01 -4.821070e+01 4.115658e-14
    endloop
  endfacet
  facet normal 1.259527e-15 1.989521e-15 -1.000000e+00
    outer loop
      vertex 2.354344e+01 -4.806429e+01 4.153376e-14
      vertex 2.347525e+01 -4.821070e+01 4.115658e-14
      vertex 2.332891e+01 -4.814254e+01 4.110786e-14
    endloop
  endfacet
  facet normal 1.259527e-15 1.989521e-15 -1.000000e+00
    outer loop
      vertex 2.354344e+01 -4.806429e+01 4.153376e-14
      vertex 2.332891e+01 -4.814254e+01 4.110786e-14
      vertex 2.339710e+01 -4.799613e+01 4.148504e-14
    endloop
  endfacet
  facet normal 1.259452e-15 1.989533e-15 -1.000000e+00
    outer loop
      vertex 2.425524e+01 -4.768309e+01 4.318865e-14
      vertex 2.418705e+01 -4.782951e+01 4.281147e-14
      vertex 2.404070e+01 -4.776136e+01 4.276275e-14
    endloop
  endfacet
  facet normal 1.259442e-15 1.989560e-15 -1.000000e+00
    outer loop
      vertex 2.425524e+01 -4.768309e+01 4.318865e-14
      vertex 2.404070e+01 -4.776136e+01 4.276275e-14
      vertex 2.410889e+01 -4.761494e+01 4.313993e-14
    endloop
  endfacet
  facet normal 1.259376e-15 1.989591e-15 -1.000000e+00
    outer loop
      vertex 2.404568e+01 -4.794184e+01 4.240993e-14
      vertex 2.397251e+01 -4.790777e+01 4.238557e-14
      vertex 2.404070e+01 -4.776136e+01 4.276275e-14
    endloop
  endfacet
  facet normal 1.259546e-15 1.989512e-15 -1.000000e+00
    outer loop
      vertex 2.418705e+01 -4.782951e+01 4.281147e-14
      vertex 2.411886e+01 -4.797593e+01 4.243429e-14
      vertex 2.404568e+01 -4.794184e+01 4.240993e-14
    endloop
  endfacet
  facet normal 1.259481e-15 1.989594e-15 -1.000000e+00
    outer loop
      vertex 2.404070e+01 -4.776136e+01 4.276275e-14
      vertex 2.418705e+01 -4.782951e+01 4.281147e-14
      vertex 2.404568e+01 -4.794184e+01 4.240993e-14
    endloop
  endfacet
  facet normal 1.259546e-15 1.989512e-15 -1.000000e+00
    outer loop
      vertex 2.389934e+01 -4.787369e+01 4.236121e-14
      vertex 2.382617e+01 -4.783961e+01 4.233685e-14
      vertex 2.389436e+01 -4.769320e+01 4.271403e-14
    endloop
  endfacet
  facet normal 1.259508e-15 1.989530e-15 -1.000000e+00
    outer loop
      vertex 2.404070e+01 -4.776136e+01 4.276275e-14
      vertex 2.397251e+01 -4.790777e+01 4.238557e-14
      vertex 2.389934e+01 -4.787369e+01 4.236121e-14
    endloop
  endfacet
  facet normal 1.259523e-15 1.989511e-15 -1.000000e+00
    outer loop
      vertex 2.389436e+01 -4.769320e+01 4.271403e-14
      vertex 2.404070e+01 -4.776136e+01 4.276275e-14
      vertex 2.389934e+01 -4.787369e+01 4.236121e-14
    endloop
  endfacet
  facet normal 1.259527e-15 1.989521e-15 -1.000000e+00
    outer loop
      vertex 2.410889e+01 -4.761494e+01 4.313993e-14
      vertex 2.404070e+01 -4.776136e+01 4.276275e-14
      vertex 2.389436e+01 -4.769320e+01 4.271403e-14
    endloop
  endfacet
  facet normal 1.259527e-15 1.989521e-15 -1.000000e+00
    outer loop
      vertex 2.410889e+01 -4.761494e+01 4.313993e-14
      vertex 2.389436e+01 -4.769320e+01 4.271403e-14
      vertex 2.396254e+01 -4.754678e+01 4.309122e-14
    endloop
  endfacet
  facet normal 1.259238e-15 1.989529e-15 -1.000000e+00
    outer loop
      vertex 2.394091e+01 -4.807122e+01 4.202056e-14
      vertex 2.390432e+01 -4.805419e+01 4.200839e-14
      vertex 2.393842e+01 -4.798098e+01 4.219698e-14
    endloop
  endfacet
  facet normal 1.259438e-15 1.989689e-15 -1.000000e+00
    outer loop
      vertex 2.401159e+01 -4.801506e+01 4.222134e-14
      vertex 2.397749e+01 -4.808826e+01 4.203274e-14
      vertex 2.394091e+01 -4.807122e+01 4.202056e-14
    endloop
  endfacet
  facet normal 1.259558e-15 1.989538e-15 -1.000000e+00
    outer loop
      vertex 2.393842e+01 -4.798098e+01 4.219698e-14
      vertex 2.401159e+01 -4.801506e+01 4.222134e-14
      vertex 2.394091e+01 -4.807122e+01 4.202056e-14
    endloop
  endfacet
  facet normal 1.259498e-15 1.989408e-15 -1.000000e+00
    outer loop
      vertex 2.404568e+01 -4.794184e+01 4.240993e-14
      vertex 2.401159e+01 -4.801506e+01 4.222134e-14
      vertex 2.393842e+01 -4.798098e+01 4.219698e-14
    endloop
  endfacet
  facet normal 1.259407e-15 1.989657e-15 -1.000000e+00
    outer loop
      vertex 2.404568e+01 -4.794184e+01 4.240993e-14
      vertex 2.393842e+01 -4.798098e+01 4.219698e-14
      vertex 2.397251e+01 -4.790777e+01 4.238557e-14
    endloop
  endfacet
  facet normal 1.259395e-15 1.990361e-15 -1.000000e+00
    outer loop
      vertex 2.386659e+01 -4.815911e+01 4.175212e-14
      vertex 2.386233e+01 -4.816825e+01 4.172854e-14
      vertex 2.385318e+01 -4.816400e+01 4.172550e-14
    endloop
  endfacet
  facet normal 1.260124e-15 1.988363e-15 -1.000000e+00
    outer loop
      vertex 2.386659e+01 -4.815911e+01 4.175212e-14
      vertex 2.385318e+01 -4.816400e+01 4.172550e-14
      vertex 2.385744e+01 -4.815484e+01 4.174907e-14
    endloop
  endfacet
  facet normal 1.259982e-15 1.988059e-15 -1.000000e+00
    outer loop
      vertex 2.387085e+01 -4.814995e+01 4.177569e-14
      vertex 2.386659e+01 -4.815911e+01 4.175212e-14
      vertex 2.385744e+01 -4.815484e+01 4.174907e-14
    endloop
  endfacet
  facet normal 1.259091e-15 1.990503e-15 -1.000000e+00
    outer loop
      vertex 2.387085e+01 -4.814995e+01 4.177569e-14
      vertex 2.385744e+01 -4.815484e+01 4.174907e-14
      vertex 2.386170e+01 -4.814569e+01 4.177265e-14
    endloop
  endfacet
  facet normal 1.258728e-15 1.989723e-15 -1.000000e+00
    outer loop
      vertex 2.387085e+01 -4.814995e+01 4.177569e-14
      vertex 2.386170e+01 -4.814569e+01 4.177265e-14
      vertex 2.387023e+01 -4.812739e+01 4.181979e-14
    endloop
  endfacet
  facet normal 1.260550e-15 1.988994e-15 -1.000000e+00
    outer loop
      vertex 2.388852e+01 -4.813591e+01 4.182588e-14
      vertex 2.388000e+01 -4.815422e+01 4.177873e-14
      vertex 2.387085e+01 -4.814995e+01 4.177569e-14
    endloop
  endfacet
  facet normal 1.259944e-15 1.989756e-15 -1.000000e+00
    outer loop
      vertex 2.387023e+01 -4.812739e+01 4.181979e-14
      vertex 2.388852e+01 -4.813591e+01 4.182588e-14
      vertex 2.387085e+01 -4.814995e+01 4.177569e-14
    endloop
  endfacet
  facet normal 1.259675e-15 1.989309e-15 -1.000000e+00
    outer loop
      vertex 2.394091e+01 -4.807122e+01 4.202056e-14
      vertex 2.392386e+01 -4.810783e+01 4.192627e-14
      vertex 2.388727e+01 -4.809079e+01 4.191409e-14
    endloop
  endfacet
  facet normal 1.259438e-15 1.989959e-15 -1.000000e+00
    outer loop
      vertex 2.394091e+01 -4.807122e+01 4.202056e-14
      vertex 2.388727e+01 -4.809079e+01 4.191409e-14
      vertex 2.390432e+01 -4.805419e+01 4.200839e-14
    endloop
  endfacet
  facet normal 1.259438e-15 1.989959e-15 -1.000000e+00
    outer loop
      vertex 2.390432e+01 -4.805419e+01 4.200839e-14
      vertex 2.388727e+01 -4.809079e+01 4.191409e-14
      vertex 2.385069e+01 -4.807375e+01 4.190191e-14
    endloop
  endfacet
  facet normal 1.259675e-15 1.989309e-15 -1.000000e+00
    outer loop
      vertex 2.390432e+01 -4.805419e+01 4.200839e-14
      vertex 2.385069e+01 -4.807375e+01 4.190191e-14
      vertex 2.386774e+01 -4.803714e+01 4.199621e-14
    endloop
  endfacet
  facet normal 1.259091e-15 1.989706e-15 -1.000000e+00
    outer loop
      vertex 2.385193e+01 -4.811887e+01 4.181370e-14
      vertex 2.383364e+01 -4.811036e+01 4.180761e-14
      vertex 2.385069e+01 -4.807375e+01 4.190191e-14
    endloop
  endfacet
  facet normal 1.259626e-15 1.989331e-15 -1.000000e+00
    outer loop
      vertex 2.388727e+01 -4.809079e+01 4.191409e-14
      vertex 2.387023e+01 -4.812739e+01 4.181979e-14
      vertex 2.385193e+01 -4.811887e+01 4.181370e-14
    endloop
  endfacet
  facet normal 1.259323e-15 1.989713e-15 -1.000000e+00
    outer loop
      vertex 2.385069e+01 -4.807375e+01 4.190191e-14
      vertex 2.388727e+01 -4.809079e+01 4.191409e-14
      vertex 2.385193e+01 -4.811887e+01 4.181370e-14
    endloop
  endfacet
  facet normal 1.259620e-15 1.989460e-15 -1.000000e+00
    outer loop
      vertex 2.385069e+01 -4.807375e+01 4.190191e-14
      vertex 2.383364e+01 -4.811036e+01 4.180761e-14
      vertex 2.379705e+01 -4.809331e+01 4.179543e-14
    endloop
  endfacet
  facet normal 1.259493e-15 1.989808e-15 -1.000000e+00
    outer loop
      vertex 2.385069e+01 -4.807375e+01 4.190191e-14
      vertex 2.379705e+01 -4.809331e+01 4.179543e-14
      vertex 2.381410e+01 -4.805671e+01 4.188973e-14
    endloop
  endfacet
  facet normal 1.259334e-15 1.989467e-15 -1.000000e+00
    outer loop
      vertex 2.386774e+01 -4.803714e+01 4.199621e-14
      vertex 2.385069e+01 -4.807375e+01 4.190191e-14
      vertex 2.381410e+01 -4.805671e+01 4.188973e-14
    endloop
  endfacet
  facet normal 1.259320e-15 1.989507e-15 -1.000000e+00
    outer loop
      vertex 2.386774e+01 -4.803714e+01 4.199621e-14
      vertex 2.381410e+01 -4.805671e+01 4.188973e-14
      vertex 2.383115e+01 -4.802011e+01 4.198402e-14
    endloop
  endfacet
  facet normal 1.259714e-15 1.989263e-15 -1.000000e+00
    outer loop
      vertex 2.387023e+01 -4.812739e+01 4.181979e-14
      vertex 2.386170e+01 -4.814569e+01 4.177265e-14
      vertex 2.384341e+01 -4.813717e+01 4.176655e-14
    endloop
  endfacet
  facet normal 1.259662e-15 1.989407e-15 -1.000000e+00
    outer loop
      vertex 2.387023e+01 -4.812739e+01 4.181979e-14
      vertex 2.384341e+01 -4.813717e+01 4.176655e-14
      vertex 2.385193e+01 -4.811887e+01 4.181370e-14
    endloop
  endfacet
  facet normal 1.259290e-15 1.988751e-15 -1.000000e+00
    outer loop
      vertex 2.385744e+01 -4.815484e+01 4.174907e-14
      vertex 2.385318e+01 -4.816400e+01 4.172550e-14
      vertex 2.383489e+01 -4.815548e+01 4.171941e-14
    endloop
  endfacet
  facet normal 1.260077e-15 1.990043e-15 -1.000000e+00
    outer loop
      vertex 2.384341e+01 -4.813717e+01 4.176655e-14
      vertex 2.386170e+01 -4.814569e+01 4.177265e-14
      vertex 2.385744e+01 -4.815484e+01 4.174907e-14
    endloop
  endfacet
  facet normal 1.259272e-15 1.989404e-15 -1.000000e+00
    outer loop
      vertex 2.383489e+01 -4.815548e+01 4.171941e-14
      vertex 2.384341e+01 -4.813717e+01 4.176655e-14
      vertex 2.385744e+01 -4.815484e+01 4.174907e-14
    endloop
  endfacet
  facet normal 1.259689e-15 1.989210e-15 -1.000000e+00
    outer loop
      vertex 2.384341e+01 -4.813717e+01 4.176655e-14
      vertex 2.383489e+01 -4.815548e+01 4.171941e-14
      vertex 2.381659e+01 -4.814695e+01 4.171332e-14
    endloop
  endfacet
  facet normal 1.259243e-15 1.990432e-15 -1.000000e+00
    outer loop
      vertex 2.384341e+01 -4.813717e+01 4.176655e-14
      vertex 2.381659e+01 -4.814695e+01 4.171332e-14
      vertex 2.382512e+01 -4.812866e+01 4.176047e-14
    endloop
  endfacet
  facet normal 1.258926e-15 1.989750e-15 -1.000000e+00
    outer loop
      vertex 2.385193e+01 -4.811887e+01 4.181370e-14
      vertex 2.384341e+01 -4.813717e+01 4.176655e-14
      vertex 2.382512e+01 -4.812866e+01 4.176047e-14
    endloop
  endfacet
  facet normal 1.259007e-15 1.989527e-15 -1.000000e+00
    outer loop
      vertex 2.385193e+01 -4.811887e+01 4.181370e-14
      vertex 2.382512e+01 -4.812866e+01 4.176047e-14
      vertex 2.383364e+01 -4.811036e+01 4.180761e-14
    endloop
  endfacet
  facet normal 1.259347e-15 1.989494e-15 -1.000000e+00
    outer loop
      vertex 2.381659e+01 -4.814695e+01 4.171332e-14
      vertex 2.379955e+01 -4.818356e+01 4.161902e-14
      vertex 2.376296e+01 -4.816652e+01 4.160684e-14
    endloop
  endfacet
  facet normal 1.259347e-15 1.989494e-15 -1.000000e+00
    outer loop
      vertex 2.381659e+01 -4.814695e+01 4.171332e-14
      vertex 2.376296e+01 -4.816652e+01 4.160684e-14
      vertex 2.378001e+01 -4.812992e+01 4.170114e-14
    endloop
  endfacet
  facet normal 1.259687e-15 1.990225e-15 -1.000000e+00
    outer loop
      vertex 2.382512e+01 -4.812866e+01 4.176047e-14
      vertex 2.381659e+01 -4.814695e+01 4.171332e-14
      vertex 2.378001e+01 -4.812992e+01 4.170114e-14
    endloop
  endfacet
  facet normal 1.259537e-15 1.989280e-15 -1.000000e+00
    outer loop
      vertex 2.379705e+01 -4.809331e+01 4.179543e-14
      vertex 2.383364e+01 -4.811036e+01 4.180761e-14
      vertex 2.382512e+01 -4.812866e+01 4.176047e-14
    endloop
  endfacet
  facet normal 1.259710e-15 1.989418e-15 -1.000000e+00
    outer loop
      vertex 2.378001e+01 -4.812992e+01 4.170114e-14
      vertex 2.379705e+01 -4.809331e+01 4.179543e-14
      vertex 2.382512e+01 -4.812866e+01 4.176047e-14
    endloop
  endfacet
  facet normal 1.259504e-15 1.989421e-15 -1.000000e+00
    outer loop
      vertex 2.378001e+01 -4.812992e+01 4.170114e-14
      vertex 2.376296e+01 -4.816652e+01 4.160684e-14
      vertex 2.368979e+01 -4.813244e+01 4.158248e-14
    endloop
  endfacet
  facet normal 1.259382e-15 1.989570e-15 -1.000000e+00
    outer loop
      vertex 2.372388e+01 -4.805924e+01 4.177107e-14
      vertex 2.379705e+01 -4.809331e+01 4.179543e-14
      vertex 2.378001e+01 -4.812992e+01 4.170114e-14
    endloop
  endfacet
  facet normal 1.259497e-15 1.989662e-15 -1.000000e+00
    outer loop
      vertex 2.368979e+01 -4.813244e+01 4.158248e-14
      vertex 2.372388e+01 -4.805924e+01 4.177107e-14
      vertex 2.378001e+01 -4.812992e+01 4.170114e-14
    endloop
  endfacet
  facet normal 1.259493e-15 1.989808e-15 -1.000000e+00
    outer loop
      vertex 2.381410e+01 -4.805671e+01 4.188973e-14
      vertex 2.379705e+01 -4.809331e+01 4.179543e-14
      vertex 2.372388e+01 -4.805924e+01 4.177107e-14
    endloop
  endfacet
  facet normal 1.259504e-15 1.989421e-15 -1.000000e+00
    outer loop
      vertex 2.375798e+01 -4.798603e+01 4.195966e-14
      vertex 2.383115e+01 -4.802011e+01 4.198402e-14
      vertex 2.381410e+01 -4.805671e+01 4.188973e-14
    endloop
  endfacet
  facet normal 1.259504e-15 1.989421e-15 -1.000000e+00
    outer loop
      vertex 2.372388e+01 -4.805924e+01 4.177107e-14
      vertex 2.375798e+01 -4.798603e+01 4.195966e-14
      vertex 2.381410e+01 -4.805671e+01 4.188973e-14
    endloop
  endfacet
  facet normal 1.259577e-15 1.989578e-15 -1.000000e+00
    outer loop
      vertex 2.397251e+01 -4.790777e+01 4.238557e-14
      vertex 2.393842e+01 -4.798098e+01 4.219698e-14
      vertex 2.386524e+01 -4.794690e+01 4.217262e-14
    endloop
  endfacet
  facet normal 1.259557e-15 1.989634e-15 -1.000000e+00
    outer loop
      vertex 2.397251e+01 -4.790777e+01 4.238557e-14
      vertex 2.386524e+01 -4.794690e+01 4.217262e-14
      vertex 2.389934e+01 -4.787369e+01 4.236121e-14
    endloop
  endfacet
  facet normal 1.259314e-15 1.989493e-15 -1.000000e+00
    outer loop
      vertex 2.386774e+01 -4.803714e+01 4.199621e-14
      vertex 2.383115e+01 -4.802011e+01 4.198402e-14
      vertex 2.386524e+01 -4.794690e+01 4.217262e-14
    endloop
  endfacet
  facet normal 1.259682e-15 1.989322e-15 -1.000000e+00
    outer loop
      vertex 2.393842e+01 -4.798098e+01 4.219698e-14
      vertex 2.390432e+01 -4.805419e+01 4.200839e-14
      vertex 2.386774e+01 -4.803714e+01 4.199621e-14
    endloop
  endfacet
  facet normal 1.259541e-15 1.989500e-15 -1.000000e+00
    outer loop
      vertex 2.386524e+01 -4.794690e+01 4.217262e-14
      vertex 2.393842e+01 -4.798098e+01 4.219698e-14
      vertex 2.386774e+01 -4.803714e+01 4.199621e-14
    endloop
  endfacet
  facet normal 1.259498e-15 1.989408e-15 -1.000000e+00
    outer loop
      vertex 2.386524e+01 -4.794690e+01 4.217262e-14
      vertex 2.383115e+01 -4.802011e+01 4.198402e-14
      vertex 2.375798e+01 -4.798603e+01 4.195966e-14
    endloop
  endfacet
  facet normal 1.259386e-15 1.989713e-15 -1.000000e+00
    outer loop
      vertex 2.386524e+01 -4.794690e+01 4.217262e-14
      vertex 2.375798e+01 -4.798603e+01 4.195966e-14
      vertex 2.379207e+01 -4.791282e+01 4.214826e-14
    endloop
  endfacet
  facet normal 1.259386e-15 1.989713e-15 -1.000000e+00
    outer loop
      vertex 2.389934e+01 -4.787369e+01 4.236121e-14
      vertex 2.386524e+01 -4.794690e+01 4.217262e-14
      vertex 2.379207e+01 -4.791282e+01 4.214826e-14
    endloop
  endfacet
  facet normal 1.259498e-15 1.989408e-15 -1.000000e+00
    outer loop
      vertex 2.389934e+01 -4.787369e+01 4.236121e-14
      vertex 2.379207e+01 -4.791282e+01 4.214826e-14
      vertex 2.382617e+01 -4.783961e+01 4.233685e-14
    endloop
  endfacet
  facet normal 1.259497e-15 1.989662e-15 -1.000000e+00
    outer loop
      vertex 2.379207e+01 -4.791282e+01 4.214826e-14
      vertex 2.375798e+01 -4.798603e+01 4.195966e-14
      vertex 2.361163e+01 -4.791787e+01 4.191095e-14
    endloop
  endfacet
  facet normal 1.259393e-15 1.989456e-15 -1.000000e+00
    outer loop
      vertex 2.367982e+01 -4.777146e+01 4.228813e-14
      vertex 2.382617e+01 -4.783961e+01 4.233685e-14
      vertex 2.379207e+01 -4.791282e+01 4.214826e-14
    endloop
  endfacet
  facet normal 1.259501e-15 1.989541e-15 -1.000000e+00
    outer loop
      vertex 2.361163e+01 -4.791787e+01 4.191095e-14
      vertex 2.367982e+01 -4.777146e+01 4.228813e-14
      vertex 2.379207e+01 -4.791282e+01 4.214826e-14
    endloop
  endfacet
  facet normal 1.259491e-15 1.989665e-15 -1.000000e+00
    outer loop
      vertex 2.372388e+01 -4.805924e+01 4.177107e-14
      vertex 2.368979e+01 -4.813244e+01 4.158248e-14
      vertex 2.354344e+01 -4.806429e+01 4.153376e-14
    endloop
  endfacet
  facet normal 1.259406e-15 1.989467e-15 -1.000000e+00
    outer loop
      vertex 2.361163e+01 -4.791787e+01 4.191095e-14
      vertex 2.375798e+01 -4.798603e+01 4.195966e-14
      vertex 2.372388e+01 -4.805924e+01 4.177107e-14
    endloop
  endfacet
  facet normal 1.259494e-15 1.989536e-15 -1.000000e+00
    outer loop
      vertex 2.354344e+01 -4.806429e+01 4.153376e-14
      vertex 2.361163e+01 -4.791787e+01 4.191095e-14
      vertex 2.372388e+01 -4.805924e+01 4.177107e-14
    endloop
  endfacet
  facet normal 1.259527e-15 1.989521e-15 -1.000000e+00
    outer loop
      vertex 2.361163e+01 -4.791787e+01 4.191095e-14
      vertex 2.354344e+01 -4.806429e+01 4.153376e-14
      vertex 2.339710e+01 -4.799613e+01 4.148504e-14
    endloop
  endfacet
  facet normal 1.259527e-15 1.989521e-15 -1.000000e+00
    outer loop
      vertex 2.361163e+01 -4.791787e+01 4.191095e-14
      vertex 2.339710e+01 -4.799613e+01 4.148504e-14
      vertex 2.346529e+01 -4.784971e+01 4.186223e-14
    endloop
  endfacet
  facet normal 1.259530e-15 1.989528e-15 -1.000000e+00
    outer loop
      vertex 2.367982e+01 -4.777146e+01 4.228813e-14
      vertex 2.361163e+01 -4.791787e+01 4.191095e-14
      vertex 2.346529e+01 -4.784971e+01 4.186223e-14
    endloop
  endfacet
  facet normal 1.259541e-15 1.989500e-15 -1.000000e+00
    outer loop
      vertex 2.367982e+01 -4.777146e+01 4.228813e-14
      vertex 2.346529e+01 -4.784971e+01 4.186223e-14
      vertex 2.353348e+01 -4.770330e+01 4.223941e-14
    endloop
  endfacet
  facet normal 1.259442e-15 1.989560e-15 -1.000000e+00
    outer loop
      vertex 2.389436e+01 -4.769320e+01 4.271403e-14
      vertex 2.382617e+01 -4.783961e+01 4.233685e-14
      vertex 2.367982e+01 -4.777146e+01 4.228813e-14
    endloop
  endfacet
  facet normal 1.259546e-15 1.989512e-15 -1.000000e+00
    outer loop
      vertex 2.367982e+01 -4.777146e+01 4.228813e-14
      vertex 2.353348e+01 -4.770330e+01 4.223941e-14
      vertex 2.366985e+01 -4.741047e+01 4.299378e-14
    endloop
  endfacet
  facet normal 1.259494e-15 1.989536e-15 -1.000000e+00
    outer loop
      vertex 2.366985e+01 -4.741047e+01 4.299378e-14
      vertex 2.396254e+01 -4.754678e+01 4.309122e-14
      vertex 2.389436e+01 -4.769320e+01 4.271403e-14
    endloop
  endfacet
  facet normal 1.259461e-15 1.989510e-15 -1.000000e+00
    outer loop
      vertex 2.389436e+01 -4.769320e+01 4.271403e-14
      vertex 2.367982e+01 -4.777146e+01 4.228813e-14
      vertex 2.366985e+01 -4.741047e+01 4.299378e-14
    endloop
  endfacet
  facet normal 1.259494e-15 1.989536e-15 -1.000000e+00
    outer loop
      vertex 2.452799e+01 -4.709743e+01 4.469739e-14
      vertex 2.439161e+01 -4.739026e+01 4.394302e-14
      vertex 2.409892e+01 -4.725395e+01 4.384558e-14
    endloop
  endfacet
  facet normal 1.259494e-15 1.989536e-15 -1.000000e+00
    outer loop
      vertex 2.452799e+01 -4.709743e+01 4.469739e-14
      vertex 2.409892e+01 -4.725395e+01 4.384558e-14
      vertex 2.423530e+01 -4.696112e+01 4.459995e-14
    endloop
  endfacet
  facet normal 1.259524e-15 1.989515e-15 -1.000000e+00
    outer loop
      vertex 2.410889e+01 -4.761494e+01 4.313993e-14
      vertex 2.396254e+01 -4.754678e+01 4.309122e-14
      vertex 2.409892e+01 -4.725395e+01 4.384558e-14
    endloop
  endfacet
  facet normal 1.259444e-15 1.989564e-15 -1.000000e+00
    outer loop
      vertex 2.439161e+01 -4.739026e+01 4.394302e-14
      vertex 2.425524e+01 -4.768309e+01 4.318865e-14
      vertex 2.410889e+01 -4.761494e+01 4.313993e-14
    endloop
  endfacet
  facet normal 1.259484e-15 1.989514e-15 -1.000000e+00
    outer loop
      vertex 2.409892e+01 -4.725395e+01 4.384558e-14
      vertex 2.439161e+01 -4.739026e+01 4.394302e-14
      vertex 2.410889e+01 -4.761494e+01 4.313993e-14
    endloop
  endfacet
  facet normal 1.259491e-15 1.989530e-15 -1.000000e+00
    outer loop
      vertex 2.409892e+01 -4.725395e+01 4.384558e-14
      vertex 2.396254e+01 -4.754678e+01 4.309122e-14
      vertex 2.366985e+01 -4.741047e+01 4.299378e-14
    endloop
  endfacet
  facet normal 1.259488e-15 1.989539e-15 -1.000000e+00
    outer loop
      vertex 2.409892e+01 -4.725395e+01 4.384558e-14
      vertex 2.366985e+01 -4.741047e+01 4.299378e-14
      vertex 2.380623e+01 -4.711763e+01 4.374814e-14
    endloop
  endfacet
  facet normal 1.259488e-15 1.989539e-15 -1.000000e+00
    outer loop
      vertex 2.423530e+01 -4.696112e+01 4.459995e-14
      vertex 2.409892e+01 -4.725395e+01 4.384558e-14
      vertex 2.380623e+01 -4.711763e+01 4.374814e-14
    endloop
  endfacet
  facet normal 1.259491e-15 1.989530e-15 -1.000000e+00
    outer loop
      vertex 2.423530e+01 -4.696112e+01 4.459995e-14
      vertex 2.380623e+01 -4.711763e+01 4.374814e-14
      vertex 2.394261e+01 -4.682480e+01 4.450251e-14
    endloop
  endfacet
  facet normal -8.618641e-15 -1.401309e-14 -1.000000e+00
    outer loop
      vertex 1.566232e+01 -4.777914e+01 3.217492e-14
      vertex 1.563895e+01 -4.791408e+01 3.426721e-14
      vertex 1.516524e+01 -4.763410e+01 3.442655e-14
    endloop
  endfacet
  facet normal -6.373995e-15 -1.440170e-14 -1.000000e+00
    outer loop
      vertex 1.563895e+01 -4.791408e+01 3.426721e-14
      vertex 1.566232e+01 -4.777914e+01 3.217492e-14
      vertex 1.580866e+01 -4.784729e+01 3.222364e-14
    endloop
  endfacet
  facet normal -5.519991e-15 -3.393686e-15 -1.000000e+00
    outer loop
      vertex 1.566232e+01 -4.777914e+01 3.217492e-14
      vertex 1.516524e+01 -4.763410e+01 3.442655e-14
      vertex 1.543782e+01 -4.749641e+01 3.245467e-14
    endloop
  endfacet
  facet normal -9.471387e-15 -6.531251e-15 -1.000000e+00
    outer loop
      vertex 1.592091e+01 -4.798866e+01 3.208377e-14
      vertex 1.563895e+01 -4.791408e+01 3.426721e-14
      vertex 1.580866e+01 -4.784729e+01 3.222364e-14
    endloop
  endfacet
  facet normal 1.259663e-15 1.989754e-15 -1.000000e+00
    outer loop
      vertex 1.599408e+01 -4.802274e+01 3.210813e-14
      vertex 1.605021e+01 -4.809342e+01 3.203819e-14
      vertex 1.592091e+01 -4.798866e+01 3.208377e-14
    endloop
  endfacet
  facet normal -1.132634e-14 -1.354433e-14 -1.000000e+00
    outer loop
      vertex 1.563895e+01 -4.791408e+01 3.426721e-14
      vertex 1.592091e+01 -4.798866e+01 3.208377e-14
      vertex 1.605021e+01 -4.809342e+01 3.203819e-14
    endloop
  endfacet
  facet normal 1.259327e-15 1.989487e-15 -1.000000e+00
    outer loop
      vertex 1.605021e+01 -4.809342e+01 3.203819e-14
      vertex 1.599408e+01 -4.802274e+01 3.210813e-14
      vertex 1.606726e+01 -4.805681e+01 3.213249e-14
    endloop
  endfacet
  facet normal 1.259414e-15 1.989497e-15 -1.000000e+00
    outer loop
      vertex 1.580866e+01 -4.784729e+01 3.222364e-14
      vertex 1.595501e+01 -4.791545e+01 3.227236e-14
      vertex 1.592091e+01 -4.798866e+01 3.208377e-14
    endloop
  endfacet
  facet normal -3.467415e-14 -6.708557e-14 -1.000000e+00
    outer loop
      vertex 1.563895e+01 -4.791408e+01 3.426721e-14
      vertex 1.605021e+01 -4.809342e+01 3.203819e-14
      vertex 1.613243e+01 -4.816644e+01 3.408595e-14
    endloop
  endfacet
  facet normal -4.712984e-15 4.771060e-15 -1.000000e+00
    outer loop
      vertex 1.470740e+01 -4.732434e+01 3.459081e-14
      vertex 1.528150e+01 -4.706726e+01 3.311160e-14
      vertex 1.514513e+01 -4.736010e+01 3.235723e-14
    endloop
  endfacet
  facet normal -2.922170e-15 -3.222671e-15 -1.000000e+00
    outer loop
      vertex 1.426725e+01 -4.698545e+01 3.478491e-14
      vertex 1.469612e+01 -4.679464e+01 3.291672e-14
      vertex 1.470740e+01 -4.732434e+01 3.459081e-14
    endloop
  endfacet
  facet normal -3.085391e-15 -2.855824e-15 -1.000000e+00
    outer loop
      vertex 1.469612e+01 -4.679464e+01 3.291672e-14
      vertex 1.426725e+01 -4.698545e+01 3.478491e-14
      vertex 1.384751e+01 -4.661902e+01 3.503352e-14
    endloop
  endfacet
  facet normal 1.259496e-15 1.989537e-15 -1.000000e+00
    outer loop
      vertex 1.543782e+01 -4.749641e+01 3.245467e-14
      vertex 1.573051e+01 -4.763272e+01 3.255211e-14
      vertex 1.566232e+01 -4.777914e+01 3.217492e-14
    endloop
  endfacet
  facet normal -3.297111e-15 -7.794243e-15 -1.000000e+00
    outer loop
      vertex 1.543782e+01 -4.749641e+01 3.245467e-14
      vertex 1.516524e+01 -4.763410e+01 3.442655e-14
      vertex 1.514513e+01 -4.736010e+01 3.235723e-14
    endloop
  endfacet
  facet normal -5.754224e-15 -7.974621e-15 -1.000000e+00
    outer loop
      vertex 1.514513e+01 -4.736010e+01 3.235723e-14
      vertex 1.516524e+01 -4.763410e+01 3.442655e-14
      vertex 1.470740e+01 -4.732434e+01 3.459081e-14
    endloop
  endfacet
  facet normal -7.679781e-14 -1.657147e-13 -1.000000e+00
    outer loop
      vertex 1.613243e+01 -4.816644e+01 3.408595e-14
      vertex 1.611486e+01 -4.814580e+01 3.201541e-14
      vertex 1.613315e+01 -4.815432e+01 3.202149e-14
    endloop
  endfacet
  facet normal 1.259292e-15 1.989411e-15 -1.000000e+00
    outer loop
      vertex 1.611486e+01 -4.814580e+01 3.201541e-14
      vertex 1.608680e+01 -4.811046e+01 3.205037e-14
      vertex 1.612338e+01 -4.812750e+01 3.206255e-14
    endloop
  endfacet
  facet normal -2.632641e-13 -3.244717e-13 -1.000000e+00
    outer loop
      vertex 1.613243e+01 -4.816644e+01 3.408595e-14
      vertex 1.605021e+01 -4.809342e+01 3.203819e-14
      vertex 1.611486e+01 -4.814580e+01 3.201541e-14
    endloop
  endfacet
  facet normal -2.551954e-14 -4.368409e-13 -1.000000e+00
    outer loop
      vertex 1.615144e+01 -4.816284e+01 3.202759e-14
      vertex 1.612876e+01 -4.817431e+01 3.761898e-14
      vertex 1.613243e+01 -4.816644e+01 3.408595e-14
    endloop
  endfacet
  facet normal 1.578407e-14 -5.184835e-13 -1.000000e+00
    outer loop
      vertex 1.612876e+01 -4.817431e+01 3.761898e-14
      vertex 1.615144e+01 -4.816284e+01 3.202759e-14
      vertex 1.619655e+01 -4.816158e+01 3.208691e-14
    endloop
  endfacet
  facet normal -2.782708e-14 -5.549627e-14 -1.000000e+00
    outer loop
      vertex 1.658722e+01 -4.837631e+01 3.607144e-14
      vertex 1.612876e+01 -4.817431e+01 3.761898e-14
      vertex 1.635995e+01 -4.819313e+01 3.222993e-14
    endloop
  endfacet
  facet normal -7.686489e-14 -1.657107e-13 -1.000000e+00
    outer loop
      vertex 1.615144e+01 -4.816284e+01 3.202759e-14
      vertex 1.613243e+01 -4.816644e+01 3.408595e-14
      vertex 1.613315e+01 -4.815432e+01 3.202149e-14
    endloop
  endfacet
  facet normal 1.259803e-15 1.989817e-15 -1.000000e+00
    outer loop
      vertex 1.608680e+01 -4.811046e+01 3.205037e-14
      vertex 1.611486e+01 -4.814580e+01 3.201541e-14
      vertex 1.605021e+01 -4.809342e+01 3.203819e-14
    endloop
  endfacet
  facet normal 1.259633e-15 1.989252e-15 -1.000000e+00
    outer loop
      vertex 1.615144e+01 -4.816284e+01 3.202759e-14
      vertex 1.615997e+01 -4.814454e+01 3.207473e-14
      vertex 1.619655e+01 -4.816158e+01 3.208691e-14
    endloop
  endfacet
  facet normal 1.259501e-15 1.989406e-15 -1.000000e+00
    outer loop
      vertex 1.619655e+01 -4.816158e+01 3.208691e-14
      vertex 1.621360e+01 -4.812497e+01 3.218121e-14
      vertex 1.628677e+01 -4.815905e+01 3.220557e-14
    endloop
  endfacet
  facet normal 1.259489e-15 1.989835e-15 -1.000000e+00
    outer loop
      vertex 1.635995e+01 -4.819313e+01 3.222993e-14
      vertex 1.619655e+01 -4.816158e+01 3.208691e-14
      vertex 1.628677e+01 -4.815905e+01 3.220557e-14
    endloop
  endfacet
  facet normal 1.259474e-15 1.989626e-15 -1.000000e+00
    outer loop
      vertex 1.654039e+01 -4.818808e+01 3.246724e-14
      vertex 1.635995e+01 -4.819313e+01 3.222993e-14
      vertex 1.639404e+01 -4.811992e+01 3.241852e-14
    endloop
  endfacet
  facet normal 1.838339e-15 -1.869023e-14 -1.000000e+00
    outer loop
      vertex 1.690127e+01 -4.817797e+01 3.294186e-14
      vertex 1.658722e+01 -4.837631e+01 3.607144e-14
      vertex 1.654039e+01 -4.818808e+01 3.246724e-14
    endloop
  endfacet
  facet normal 1.838321e-15 -1.869024e-14 -1.000000e+00
    outer loop
      vertex 1.658722e+01 -4.837631e+01 3.607144e-14
      vertex 1.635995e+01 -4.819313e+01 3.222993e-14
      vertex 1.654039e+01 -4.818808e+01 3.246724e-14
    endloop
  endfacet
  facet normal -4.093245e-14 -2.165324e-13 -1.000000e+00
    outer loop
      vertex 1.612876e+01 -4.817431e+01 3.761898e-14
      vertex 1.619655e+01 -4.816158e+01 3.208691e-14
      vertex 1.635995e+01 -4.819313e+01 3.222993e-14
    endloop
  endfacet
  facet normal 1.259495e-15 1.989536e-15 -1.000000e+00
    outer loop
      vertex 1.654039e+01 -4.818808e+01 3.246724e-14
      vertex 1.660858e+01 -4.804166e+01 3.284442e-14
      vertex 1.690127e+01 -4.817797e+01 3.294186e-14
    endloop
  endfacet
  facet normal -1.119727e-15 -2.970303e-16 -1.000000e+00
    outer loop
      vertex 1.438350e+01 -4.593635e+01 3.423058e-14
      vertex 1.384751e+01 -4.661902e+01 3.503352e-14
      vertex 1.344844e+01 -4.622461e+01 3.536322e-14
    endloop
  endfacet
  facet normal 1.784447e-15 2.923886e-15 -1.000000e+00
    outer loop
      vertex 1.213111e+01 -4.444605e+01 3.791947e-14
      vertex 1.353452e+01 -4.397258e+01 4.180814e-14
      vertex 1.241887e+01 -4.492022e+01 3.704656e-14
    endloop
  endfacet
  facet normal 1.913049e-15 2.542692e-15 -1.000000e+00
    outer loop
      vertex 1.324311e+01 -4.345450e+01 4.256799e-14
      vertex 1.353452e+01 -4.397258e+01 4.180814e-14
      vertex 1.213111e+01 -4.444605e+01 3.791947e-14
    endloop
  endfacet
  facet normal 1.527161e-15 2.975460e-15 -1.000000e+00
    outer loop
      vertex 1.324311e+01 -4.345450e+01 4.256799e-14
      vertex 1.213111e+01 -4.444605e+01 3.791947e-14
      vertex 1.187296e+01 -4.395511e+01 3.898599e-14
    endloop
  endfacet
  facet normal 1.972011e-15 2.827693e-15 -1.000000e+00
    outer loop
      vertex 1.387768e+01 -4.448284e+01 4.112293e-14
      vertex 1.307878e+01 -4.581117e+01 3.579139e-14
      vertex 1.273516e+01 -4.537582e+01 3.634480e-14
    endloop
  endfacet
  facet normal 1.930664e-15 2.880595e-15 -1.000000e+00
    outer loop
      vertex 1.241887e+01 -4.492022e+01 3.704656e-14
      vertex 1.387768e+01 -4.448284e+01 4.112293e-14
      vertex 1.273516e+01 -4.537582e+01 3.634480e-14
    endloop
  endfacet
  facet normal 1.990371e-15 2.681451e-15 -1.000000e+00
    outer loop
      vertex 1.387768e+01 -4.448284e+01 4.112293e-14
      vertex 1.241887e+01 -4.492022e+01 3.704656e-14
      vertex 1.353452e+01 -4.397258e+01 4.180814e-14
    endloop
  endfacet
  facet normal 2.009534e-15 2.805126e-15 -1.000000e+00
    outer loop
      vertex 1.426352e+01 -4.496654e+01 4.054145e-14
      vertex 1.307878e+01 -4.581117e+01 3.579139e-14
      vertex 1.387768e+01 -4.448284e+01 4.112293e-14
    endloop
  endfacet
  facet normal 1.110165e-15 3.034384e-15 -1.000000e+00
    outer loop
      vertex 1.297824e+01 -4.287920e+01 4.347777e-14
      vertex 1.187296e+01 -4.395511e+01 3.898599e-14
      vertex 1.164539e+01 -4.344926e+01 4.026830e-14
    endloop
  endfacet
  facet normal 3.654807e-16 3.497010e-15 -1.000000e+00
    outer loop
      vertex 1.127408e+01 -4.235930e+01 4.371594e-14
      vertex 1.276984e+01 -4.230770e+01 4.444307e-14
      vertex 1.144099e+01 -4.290615e+01 4.186459e-14
    endloop
  endfacet
  facet normal -4.482094e-16 3.756560e-15 -1.000000e+00
    outer loop
      vertex 1.261052e+01 -4.173264e+01 4.547104e-14
      vertex 1.127408e+01 -4.235930e+01 4.371594e-14
      vertex 1.114398e+01 -4.181227e+01 4.582920e-14
    endloop
  endfacet
  facet normal -3.426789e-16 1.813152e-15 -1.000000e+00
    outer loop
      vertex 1.261052e+01 -4.173264e+01 4.547104e-14
      vertex 1.114398e+01 -4.181227e+01 4.582920e-14
      vertex 1.249885e+01 -4.115975e+01 4.654804e-14
    endloop
  endfacet
  facet normal 1.743257e-15 2.384009e-15 -1.000000e+00
    outer loop
      vertex 1.297824e+01 -4.287920e+01 4.347777e-14
      vertex 1.324311e+01 -4.345450e+01 4.256799e-14
      vertex 1.187296e+01 -4.395511e+01 3.898599e-14
    endloop
  endfacet
  facet normal 4.204390e-16 1.904066e-15 -1.000000e+00
    outer loop
      vertex 1.127408e+01 -4.235930e+01 4.371594e-14
      vertex 1.261052e+01 -4.173264e+01 4.547104e-14
      vertex 1.276984e+01 -4.230770e+01 4.444307e-14
    endloop
  endfacet
  facet normal 1.013294e-15 2.058566e-15 -1.000000e+00
    outer loop
      vertex 1.276984e+01 -4.230770e+01 4.444307e-14
      vertex 1.297824e+01 -4.287920e+01 4.347777e-14
      vertex 1.144099e+01 -4.290615e+01 4.186459e-14
    endloop
  endfacet
  facet normal -1.454084e-15 4.120807e-15 -1.000000e+00
    outer loop
      vertex 1.249885e+01 -4.115975e+01 4.654804e-14
      vertex 1.114398e+01 -4.181227e+01 4.582920e-14
      vertex 1.104958e+01 -4.126842e+01 4.820758e-14
    endloop
  endfacet
  facet normal 9.913112e-16 3.312274e-15 -1.000000e+00
    outer loop
      vertex 1.144099e+01 -4.290615e+01 4.186459e-14
      vertex 1.297824e+01 -4.287920e+01 4.347777e-14
      vertex 1.164539e+01 -4.344926e+01 4.026830e-14
    endloop
  endfacet
  facet normal -1.150417e-15 -3.184940e-15 -1.000000e+00
    outer loop
      vertex 1.470740e+01 -4.732434e+01 3.459081e-14
      vertex 1.469612e+01 -4.679464e+01 3.291672e-14
      vertex 1.528150e+01 -4.706726e+01 3.311160e-14
    endloop
  endfacet
  facet normal 3.306685e-15 6.385199e-15 -1.000000e+00
    outer loop
      vertex 1.615648e+01 -4.654103e+01 3.936499e-14
      vertex 1.586688e+01 -4.733989e+01 3.330647e-14
      vertex 1.557419e+01 -4.720358e+01 3.320903e-14
    endloop
  endfacet
  facet normal 3.172295e-15 6.096640e-15 -1.000000e+00
    outer loop
      vertex 1.557419e+01 -4.720358e+01 3.320903e-14
      vertex 1.528150e+01 -4.706726e+01 3.311160e-14
      vertex 1.564032e+01 -4.620921e+01 3.948111e-14
    endloop
  endfacet
  facet normal -2.355145e-15 6.729536e-16 -1.000000e+00
    outer loop
      vertex 1.469612e+01 -4.679464e+01 3.291672e-14
      vertex 1.384751e+01 -4.661902e+01 3.503352e-14
      vertex 1.438350e+01 -4.593635e+01 3.423058e-14
    endloop
  endfacet
  facet normal 3.306675e-15 6.385202e-15 -1.000000e+00
    outer loop
      vertex 1.586688e+01 -4.733989e+01 3.330647e-14
      vertex 1.615648e+01 -4.654103e+01 3.936499e-14
      vertex 1.615957e+01 -4.747621e+01 3.340391e-14
    endloop
  endfacet
  facet normal 3.336984e-15 6.450255e-15 -1.000000e+00
    outer loop
      vertex 1.645226e+01 -4.761251e+01 3.350135e-14
      vertex 1.669210e+01 -4.682734e+01 3.936628e-14
      vertex 1.674495e+01 -4.774883e+01 3.359879e-14
    endloop
  endfacet
  facet normal 3.336837e-15 6.450300e-15 -1.000000e+00
    outer loop
      vertex 1.669210e+01 -4.682734e+01 3.936628e-14
      vertex 1.645226e+01 -4.761251e+01 3.350135e-14
      vertex 1.615957e+01 -4.747621e+01 3.340391e-14
    endloop
  endfacet
  facet normal 7.533310e-15 1.048609e-14 -1.000000e+00
    outer loop
      vertex 1.564032e+01 -4.620921e+01 3.948111e-14
      vertex 1.496888e+01 -4.620897e+01 3.442545e-14
      vertex 1.514930e+01 -4.583400e+01 3.971657e-14
    endloop
  endfacet
  facet normal 5.640577e-15 1.139679e-14 -1.000000e+00
    outer loop
      vertex 1.514930e+01 -4.583400e+01 3.971657e-14
      vertex 1.496888e+01 -4.620897e+01 3.442545e-14
      vertex 1.438350e+01 -4.593635e+01 3.423058e-14
    endloop
  endfacet
  facet normal 6.140226e-15 7.658286e-15 -1.000000e+00
    outer loop
      vertex 1.468877e+01 -4.541848e+01 4.007095e-14
      vertex 1.514930e+01 -4.583400e+01 3.971657e-14
      vertex 1.438350e+01 -4.593635e+01 3.423058e-14
    endloop
  endfacet
  facet normal 6.688923e-15 7.334849e-15 -1.000000e+00
    outer loop
      vertex 1.468877e+01 -4.541848e+01 4.007095e-14
      vertex 1.438350e+01 -4.593635e+01 3.423058e-14
      vertex 1.426352e+01 -4.496654e+01 4.054145e-14
    endloop
  endfacet
  facet normal 3.014810e-15 6.431777e-15 -1.000000e+00
    outer loop
      vertex 1.669210e+01 -4.682734e+01 3.936628e-14
      vertex 1.724135e+01 -4.706697e+01 3.948087e-14
      vertex 1.674495e+01 -4.774883e+01 3.359879e-14
    endloop
  endfacet
  facet normal 3.672900e-15 6.063350e-15 -1.000000e+00
    outer loop
      vertex 1.564032e+01 -4.620921e+01 3.948111e-14
      vertex 1.615648e+01 -4.654103e+01 3.936499e-14
      vertex 1.557419e+01 -4.720358e+01 3.320903e-14
    endloop
  endfacet
  facet normal 3.415718e-15 6.385563e-15 -1.000000e+00
    outer loop
      vertex 1.669210e+01 -4.682734e+01 3.936628e-14
      vertex 1.615957e+01 -4.747621e+01 3.340391e-14
      vertex 1.615648e+01 -4.654103e+01 3.936499e-14
    endloop
  endfacet
  facet normal 7.531122e-15 4.273901e-15 -1.000000e+00
    outer loop
      vertex 1.528150e+01 -4.706726e+01 3.311160e-14
      vertex 1.496888e+01 -4.620897e+01 3.442545e-14
      vertex 1.564032e+01 -4.620921e+01 3.948111e-14
    endloop
  endfacet
  facet normal -5.787970e-16 6.435717e-15 -1.000000e+00
    outer loop
      vertex 1.426352e+01 -4.496654e+01 4.054145e-14
      vertex 1.438350e+01 -4.593635e+01 3.423058e-14
      vertex 1.307878e+01 -4.581117e+01 3.579139e-14
    endloop
  endfacet
  facet normal -1.199844e-15 -3.713846e-17 -1.000000e+00
    outer loop
      vertex 1.307878e+01 -4.581117e+01 3.579139e-14
      vertex 1.438350e+01 -4.593635e+01 3.423058e-14
      vertex 1.344844e+01 -4.622461e+01 3.536322e-14
    endloop
  endfacet
  facet normal 3.248972e-15 6.261304e-15 -1.000000e+00
    outer loop
      vertex 1.724135e+01 -4.706697e+01 3.948087e-14
      vertex 1.703764e+01 -4.788514e+01 3.369622e-14
      vertex 1.674495e+01 -4.774883e+01 3.359879e-14
    endloop
  endfacet
  facet normal -2.196777e-15 -1.887578e-15 -1.000000e+00
    outer loop
      vertex 1.703764e+01 -4.788514e+01 3.369622e-14
      vertex 1.753211e+01 -4.870202e+01 3.415192e-14
      vertex 1.705537e+01 -4.855231e+01 3.491661e-14
    endloop
  endfacet
  facet normal 8.948459e-15 -1.591413e-15 -1.000000e+00
    outer loop
      vertex 1.705537e+01 -4.855231e+01 3.491661e-14
      vertex 1.690127e+01 -4.817797e+01 3.294186e-14
      vertex 1.703764e+01 -4.788514e+01 3.369622e-14
    endloop
  endfacet
  facet normal -5.264928e-15 -7.442812e-15 -1.000000e+00
    outer loop
      vertex 1.690127e+01 -4.817797e+01 3.294186e-14
      vertex 1.705537e+01 -4.855231e+01 3.491661e-14
      vertex 1.658722e+01 -4.837631e+01 3.607144e-14
    endloop
  endfacet
  facet normal 3.214157e-16 4.326977e-15 -1.000000e+00
    outer loop
      vertex 1.835785e+01 -4.740622e+01 4.002422e-14
      vertex 1.801631e+01 -4.882514e+01 3.377484e-14
      vertex 1.753211e+01 -4.870202e+01 3.415192e-14
    endloop
  endfacet
  facet normal 8.403667e-16 4.202061e-15 -1.000000e+00
    outer loop
      vertex 1.835785e+01 -4.740622e+01 4.002422e-14
      vertex 1.850686e+01 -4.892135e+01 3.378278e-14
      vertex 1.801631e+01 -4.882514e+01 3.377484e-14
    endloop
  endfacet
  facet normal 1.386823e-15 4.308730e-15 -1.000000e+00
    outer loop
      vertex 1.850686e+01 -4.892135e+01 3.378278e-14
      vertex 1.894182e+01 -4.751185e+01 4.045915e-14
      vertex 1.900187e+01 -4.899028e+01 3.417230e-14
    endloop
  endfacet
  facet normal 1.880683e-15 4.111626e-15 -1.000000e+00
    outer loop
      vertex 1.900187e+01 -4.899028e+01 3.417230e-14
      vertex 1.952384e+01 -4.757102e+01 4.098943e-14
      vertex 1.950017e+01 -4.903173e+01 3.493898e-14
    endloop
  endfacet
  facet normal 5.577910e-15 2.818488e-15 -1.000000e+00
    outer loop
      vertex 1.779846e+01 -4.725972e+01 3.970273e-14
      vertex 1.753211e+01 -4.870202e+01 3.415192e-14
      vertex 1.703764e+01 -4.788514e+01 3.369622e-14
    endloop
  endfacet
  facet normal 1.516882e-15 4.268594e-15 -1.000000e+00
    outer loop
      vertex 1.835785e+01 -4.740622e+01 4.002422e-14
      vertex 1.894182e+01 -4.751185e+01 4.045915e-14
      vertex 1.850686e+01 -4.892135e+01 3.378278e-14
    endloop
  endfacet
  facet normal 1.187950e-15 4.122854e-15 -1.000000e+00
    outer loop
      vertex 1.952384e+01 -4.757102e+01 4.098943e-14
      vertex 2.000033e+01 -4.758596e+01 4.149385e-14
      vertex 1.950017e+01 -4.903173e+01 3.493898e-14
    endloop
  endfacet
  facet normal 1.348940e-15 4.307191e-15 -1.000000e+00
    outer loop
      vertex 1.894182e+01 -4.751185e+01 4.045915e-14
      vertex 1.952384e+01 -4.757102e+01 4.098943e-14
      vertex 1.900187e+01 -4.899028e+01 3.417230e-14
    endloop
  endfacet
  facet normal 2.574276e-15 3.710751e-15 -1.000000e+00
    outer loop
      vertex 2.000033e+01 -4.758596e+01 4.149385e-14
      vertex 2.050274e+01 -4.903157e+01 3.742293e-14
      vertex 2.000040e+01 -4.904557e+01 3.607781e-14
    endloop
  endfacet
  facet normal 2.379212e-15 3.710742e-15 -1.000000e+00
    outer loop
      vertex 2.000033e+01 -4.758596e+01 4.149385e-14
      vertex 2.000040e+01 -4.904557e+01 3.607781e-14
      vertex 1.950017e+01 -4.903173e+01 3.493898e-14
    endloop
  endfacet
  facet normal 8.123611e-16 3.098405e-15 -1.000000e+00
    outer loop
      vertex 2.059503e+01 -4.756260e+01 4.204934e-14
      vertex 2.050274e+01 -4.903157e+01 3.742293e-14
      vertex 2.000033e+01 -4.758596e+01 4.149385e-14
    endloop
  endfacet
  facet normal 8.062123e-16 2.509983e-15 -1.000000e+00
    outer loop
      vertex 2.116475e+01 -4.749607e+01 4.267566e-14
      vertex 2.100188e+01 -4.898985e+01 3.879499e-14
      vertex 2.059503e+01 -4.756260e+01 4.204934e-14
    endloop
  endfacet
  facet normal 1.509660e-15 3.569773e-15 -1.000000e+00
    outer loop
      vertex 1.779846e+01 -4.725972e+01 3.970273e-14
      vertex 1.835785e+01 -4.740622e+01 4.002422e-14
      vertex 1.753211e+01 -4.870202e+01 3.415192e-14
    endloop
  endfacet
  facet normal 2.618749e-15 6.418218e-15 -1.000000e+00
    outer loop
      vertex 1.779846e+01 -4.725972e+01 3.970273e-14
      vertex 1.703764e+01 -4.788514e+01 3.369622e-14
      vertex 1.724135e+01 -4.706697e+01 3.948087e-14
    endloop
  endfacet
  facet normal -3.238506e-15 9.888950e-16 -1.000000e+00
    outer loop
      vertex 2.149690e+01 -4.892070e+01 4.019116e-14
      vertex 2.116475e+01 -4.749607e+01 4.267566e-14
      vertex 2.195358e+01 -4.803654e+01 3.958656e-14
    endloop
  endfacet
  facet normal 3.369483e-15 -2.424179e-15 -1.000000e+00
    outer loop
      vertex 2.198669e+01 -4.882444e+01 4.160814e-14
      vertex 2.149690e+01 -4.892070e+01 4.019116e-14
      vertex 2.195358e+01 -4.803654e+01 3.958656e-14
    endloop
  endfacet
  facet normal 2.495575e-15 2.325793e-15 -1.000000e+00
    outer loop
      vertex 2.116475e+01 -4.749607e+01 4.267566e-14
      vertex 2.149690e+01 -4.892070e+01 4.019116e-14
      vertex 2.100188e+01 -4.898985e+01 3.879499e-14
    endloop
  endfacet
  facet normal 2.498736e-15 2.992453e-15 -1.000000e+00
    outer loop
      vertex 2.100188e+01 -4.898985e+01 3.879499e-14
      vertex 2.050274e+01 -4.903157e+01 3.742293e-14
      vertex 2.059503e+01 -4.756260e+01 4.204934e-14
    endloop
  endfacet
  facet normal 5.322002e-15 -9.249223e-15 -1.000000e+00
    outer loop
      vertex 2.253896e+01 -4.830917e+01 3.978143e-14
      vertex 2.247014e+01 -4.870136e+01 4.304260e-14
      vertex 2.198669e+01 -4.882444e+01 4.160814e-14
    endloop
  endfacet
  facet normal 5.624341e-15 -9.975582e-15 -1.000000e+00
    outer loop
      vertex 2.296803e+01 -4.815265e+01 4.063324e-14
      vertex 2.294641e+01 -4.855166e+01 4.449210e-14
      vertex 2.253896e+01 -4.830917e+01 3.978143e-14
    endloop
  endfacet
  facet normal 5.987160e-15 -9.365947e-15 -1.000000e+00
    outer loop
      vertex 2.247014e+01 -4.870136e+01 4.304260e-14
      vertex 2.253896e+01 -4.830917e+01 3.978143e-14
      vertex 2.294641e+01 -4.855166e+01 4.449210e-14
    endloop
  endfacet
  facet normal -8.792639e-16 -2.602727e-15 -1.000000e+00
    outer loop
      vertex 2.253896e+01 -4.830917e+01 3.978143e-14
      vertex 2.198669e+01 -4.882444e+01 4.160814e-14
      vertex 2.195358e+01 -4.803654e+01 3.958656e-14
    endloop
  endfacet
  facet normal 1.547329e-14 -3.283081e-14 -1.000000e+00
    outer loop
      vertex 2.294641e+01 -4.855166e+01 4.449210e-14
      vertex 2.326072e+01 -4.828896e+01 4.073068e-14
      vertex 2.341442e+01 -4.837560e+01 4.595342e-14
    endloop
  endfacet
  facet normal -1.643215e-16 5.794530e-15 -1.000000e+00
    outer loop
      vertex 2.173764e+01 -4.738440e+01 4.340092e-14
      vertex 2.231270e+01 -4.722507e+01 4.422963e-14
      vertex 2.195358e+01 -4.803654e+01 3.958656e-14
    endloop
  endfacet
  facet normal -1.216144e-16 5.775629e-15 -1.000000e+00
    outer loop
      vertex 2.231270e+01 -4.722507e+01 4.422963e-14
      vertex 2.281172e+01 -4.772351e+01 4.129017e-14
      vertex 2.195358e+01 -4.803654e+01 3.958656e-14
    endloop
  endfacet
  facet normal 6.394542e-15 -3.144945e-14 -1.000000e+00
    outer loop
      vertex 2.347525e+01 -4.821070e+01 4.115658e-14
      vertex 2.376296e+01 -4.816652e+01 4.160684e-14
      vertex 2.341442e+01 -4.837560e+01 4.595342e-14
    endloop
  endfacet
  facet normal 1.455500e-14 -3.445993e-14 -1.000000e+00
    outer loop
      vertex 2.326072e+01 -4.828896e+01 4.073068e-14
      vertex 2.347525e+01 -4.821070e+01 4.115658e-14
      vertex 2.341442e+01 -4.837560e+01 4.595342e-14
    endloop
  endfacet
  facet normal 1.259442e-15 1.989560e-15 -1.000000e+00
    outer loop
      vertex 2.347525e+01 -4.821070e+01 4.115658e-14
      vertex 2.354344e+01 -4.806429e+01 4.153376e-14
      vertex 2.368979e+01 -4.813244e+01 4.158248e-14
    endloop
  endfacet
  facet normal 1.259498e-15 1.989408e-15 -1.000000e+00
    outer loop
      vertex 2.368979e+01 -4.813244e+01 4.158248e-14
      vertex 2.376296e+01 -4.816652e+01 4.160684e-14
      vertex 2.347525e+01 -4.821070e+01 4.115658e-14
    endloop
  endfacet
  facet normal -4.068482e-15 -9.450539e-15 -1.000000e+00
    outer loop
      vertex 2.296803e+01 -4.815265e+01 4.063324e-14
      vertex 2.326072e+01 -4.828896e+01 4.073068e-14
      vertex 2.294641e+01 -4.855166e+01 4.449210e-14
    endloop
  endfacet
  facet normal 1.182173e-16 5.888083e-15 -1.000000e+00
    outer loop
      vertex 2.116475e+01 -4.749607e+01 4.267566e-14
      vertex 2.173764e+01 -4.738440e+01 4.340092e-14
      vertex 2.195358e+01 -4.803654e+01 3.958656e-14
    endloop
  endfacet
  facet normal -5.262625e-15 -1.201646e-14 -1.000000e+00
    outer loop
      vertex 2.341442e+01 -4.837560e+01 4.595342e-14
      vertex 2.376296e+01 -4.816652e+01 4.160684e-14
      vertex 2.379955e+01 -4.818356e+01 4.161902e-14
    endloop
  endfacet
  facet normal 1.259737e-15 1.989313e-15 -1.000000e+00
    outer loop
      vertex 2.379955e+01 -4.818356e+01 4.161902e-14
      vertex 2.381659e+01 -4.814695e+01 4.171332e-14
      vertex 2.383489e+01 -4.815548e+01 4.171941e-14
    endloop
  endfacet
  facet normal 1.259620e-15 1.989460e-15 -1.000000e+00
    outer loop
      vertex 2.385318e+01 -4.816400e+01 4.172550e-14
      vertex 2.379955e+01 -4.818356e+01 4.161902e-14
      vertex 2.383489e+01 -4.815548e+01 4.171941e-14
    endloop
  endfacet
  facet normal 1.259337e-15 1.990236e-15 -1.000000e+00
    outer loop
      vertex 2.379955e+01 -4.818356e+01 4.161902e-14
      vertex 2.385318e+01 -4.816400e+01 4.172550e-14
      vertex 2.386233e+01 -4.816825e+01 4.172854e-14
    endloop
  endfacet
  facet normal 1.094952e-12 -5.075711e-13 -1.000000e+00
    outer loop
      vertex 2.386861e+01 -4.816591e+01 4.742116e-14
      vertex 2.386233e+01 -4.816825e+01 4.172854e-14
      vertex 2.386659e+01 -4.815911e+01 4.175212e-14
    endloop
  endfacet
  facet normal 1.757572e-13 -7.138118e-13 -1.000000e+00
    outer loop
      vertex 2.387228e+01 -4.817378e+01 4.742081e-14
      vertex 2.379955e+01 -4.818356e+01 4.161902e-14
      vertex 2.386233e+01 -4.816825e+01 4.172854e-14
    endloop
  endfacet
  facet normal -1.056699e-15 7.362107e-15 -1.000000e+00
    outer loop
      vertex 2.288420e+01 -4.701667e+01 4.515997e-14
      vertex 2.294810e+01 -4.743068e+01 4.204453e-14
      vertex 2.231270e+01 -4.722507e+01 4.422963e-14
    endloop
  endfacet
  facet normal 3.065679e-15 5.868055e-15 -1.000000e+00
    outer loop
      vertex 2.308447e+01 -4.713784e+01 4.279890e-14
      vertex 2.345950e+01 -4.675180e+01 4.621397e-14
      vertex 2.337716e+01 -4.727415e+01 4.289634e-14
    endloop
  endfacet
  facet normal -7.981664e-15 6.293385e-15 -1.000000e+00
    outer loop
      vertex 2.294810e+01 -4.743068e+01 4.204453e-14
      vertex 2.288420e+01 -4.701667e+01 4.515997e-14
      vertex 2.308447e+01 -4.713784e+01 4.279890e-14
    endloop
  endfacet
  facet normal 1.259494e-15 1.989536e-15 -1.000000e+00
    outer loop
      vertex 2.337716e+01 -4.727415e+01 4.289634e-14
      vertex 2.380623e+01 -4.711763e+01 4.374814e-14
      vertex 2.366985e+01 -4.741047e+01 4.299378e-14
    endloop
  endfacet
  facet normal -3.518345e-16 6.406768e-15 -1.000000e+00
    outer loop
      vertex 2.345950e+01 -4.675180e+01 4.621397e-14
      vertex 2.380623e+01 -4.711763e+01 4.374814e-14
      vertex 2.337716e+01 -4.727415e+01 4.289634e-14
    endloop
  endfacet
  facet normal -4.054208e-15 1.278474e-14 -1.000000e+00
    outer loop
      vertex 2.288420e+01 -4.701667e+01 4.515997e-14
      vertex 2.345950e+01 -4.675180e+01 4.621397e-14
      vertex 2.308447e+01 -4.713784e+01 4.279890e-14
    endloop
  endfacet
  facet normal -2.264167e-15 3.630597e-15 -1.000000e+00
    outer loop
      vertex 2.294810e+01 -4.743068e+01 4.204453e-14
      vertex 2.281172e+01 -4.772351e+01 4.129017e-14
      vertex 2.231270e+01 -4.722507e+01 4.422963e-14
    endloop
  endfacet
  facet normal 1.259725e-15 1.989286e-15 -1.000000e+00
    outer loop
      vertex 2.388727e+01 -4.809079e+01 4.191409e-14
      vertex 2.388852e+01 -4.813591e+01 4.182588e-14
      vertex 2.387023e+01 -4.812739e+01 4.181979e-14
    endloop
  endfacet
  facet normal 9.633009e-13 -1.420124e-12 -1.000000e+00
    outer loop
      vertex 2.386861e+01 -4.816591e+01 4.742116e-14
      vertex 2.388000e+01 -4.815422e+01 4.177873e-14
      vertex 2.397749e+01 -4.808826e+01 4.203274e-14
    endloop
  endfacet
  facet normal 5.181202e-13 -9.688456e-14 -1.000000e+00
    outer loop
      vertex 2.386233e+01 -4.816825e+01 4.172854e-14
      vertex 2.387044e+01 -4.816984e+01 4.608872e-14
      vertex 2.387228e+01 -4.817378e+01 4.742081e-14
    endloop
  endfacet
  facet normal 2.759150e-13 -7.510098e-13 -1.000000e+00
    outer loop
      vertex 2.386659e+01 -4.815911e+01 4.175212e-14
      vertex 2.388000e+01 -4.815422e+01 4.177873e-14
      vertex 2.386861e+01 -4.816591e+01 4.742116e-14
    endloop
  endfacet
  facet normal 1.260090e-15 1.988009e-15 -1.000000e+00
    outer loop
      vertex 2.388000e+01 -4.815422e+01 4.177873e-14
      vertex 2.386659e+01 -4.815911e+01 4.175212e-14
      vertex 2.387085e+01 -4.814995e+01 4.177569e-14
    endloop
  endfacet
  facet normal 1.259236e-15 1.989737e-15 -1.000000e+00
    outer loop
      vertex 2.392386e+01 -4.810783e+01 4.192627e-14
      vertex 2.397749e+01 -4.808826e+01 4.203274e-14
      vertex 2.388000e+01 -4.815422e+01 4.177873e-14
    endloop
  endfacet
  facet normal 1.259510e-15 1.989478e-15 -1.000000e+00
    outer loop
      vertex 2.388852e+01 -4.813591e+01 4.182588e-14
      vertex 2.392386e+01 -4.810783e+01 4.192627e-14
      vertex 2.388000e+01 -4.815422e+01 4.177873e-14
    endloop
  endfacet
  facet normal 1.259334e-15 1.989467e-15 -1.000000e+00
    outer loop
      vertex 2.397749e+01 -4.808826e+01 4.203274e-14
      vertex 2.392386e+01 -4.810783e+01 4.192627e-14
      vertex 2.394091e+01 -4.807122e+01 4.202056e-14
    endloop
  endfacet
  facet normal 1.259664e-15 1.989284e-15 -1.000000e+00
    outer loop
      vertex 2.388727e+01 -4.809079e+01 4.191409e-14
      vertex 2.392386e+01 -4.810783e+01 4.192627e-14
      vertex 2.388852e+01 -4.813591e+01 4.182588e-14
    endloop
  endfacet
  facet normal 1.331952e-13 -2.561569e-13 -1.000000e+00
    outer loop
      vertex 2.397749e+01 -4.808826e+01 4.203274e-14
      vertex 2.435730e+01 -4.791610e+01 4.852015e-14
      vertex 2.386861e+01 -4.816591e+01 4.742116e-14
    endloop
  endfacet
  facet normal 6.639149e-13 6.489993e-13 -1.000000e+00
    outer loop
      vertex 2.386861e+01 -4.816591e+01 4.742116e-14
      vertex 2.387044e+01 -4.816984e+01 4.608872e-14
      vertex 2.386233e+01 -4.816825e+01 4.172854e-14
    endloop
  endfacet
  facet normal 1.259386e-15 1.989713e-15 -1.000000e+00
    outer loop
      vertex 2.411886e+01 -4.797593e+01 4.243429e-14
      vertex 2.397749e+01 -4.808826e+01 4.203274e-14
      vertex 2.401159e+01 -4.801506e+01 4.222134e-14
    endloop
  endfacet
  facet normal 1.259498e-15 1.989408e-15 -1.000000e+00
    outer loop
      vertex 2.401159e+01 -4.801506e+01 4.222134e-14
      vertex 2.404568e+01 -4.794184e+01 4.240993e-14
      vertex 2.411886e+01 -4.797593e+01 4.243429e-14
    endloop
  endfacet
  facet normal 3.598992e-14 -4.171505e-14 -1.000000e+00
    outer loop
      vertex 2.435730e+01 -4.791610e+01 4.852015e-14
      vertex 2.397749e+01 -4.808826e+01 4.203274e-14
      vertex 2.411886e+01 -4.797593e+01 4.243429e-14
    endloop
  endfacet
  facet normal 2.816827e-14 -1.054261e-14 -1.000000e+00
    outer loop
      vertex 2.425524e+01 -4.768309e+01 4.318865e-14
      vertex 2.435730e+01 -4.791610e+01 4.852015e-14
      vertex 2.418705e+01 -4.782951e+01 4.281147e-14
    endloop
  endfacet
  facet normal 2.816828e-14 -1.054259e-14 -1.000000e+00
    outer loop
      vertex 2.411886e+01 -4.797593e+01 4.243429e-14
      vertex 2.418705e+01 -4.782951e+01 4.281147e-14
      vertex 2.435730e+01 -4.791610e+01 4.852015e-14
    endloop
  endfacet
  facet normal 1.154093e-14 -2.798758e-15 -1.000000e+00
    outer loop
      vertex 2.483398e+01 -4.763454e+01 4.973196e-14
      vertex 2.425524e+01 -4.768309e+01 4.318865e-14
      vertex 2.439161e+01 -4.739026e+01 4.394302e-14
    endloop
  endfacet
  facet normal 1.154091e-14 -2.798788e-15 -1.000000e+00
    outer loop
      vertex 2.452799e+01 -4.709743e+01 4.469739e-14
      vertex 2.483398e+01 -4.763454e+01 4.973196e-14
      vertex 2.439161e+01 -4.739026e+01 4.394302e-14
    endloop
  endfacet
  facet normal 1.275697e-14 -1.729357e-14 -1.000000e+00
    outer loop
      vertex 2.435730e+01 -4.791610e+01 4.852015e-14
      vertex 2.425524e+01 -4.768309e+01 4.318865e-14
      vertex 2.483398e+01 -4.763454e+01 4.973196e-14
    endloop
  endfacet
  facet normal 1.133787e-13 -2.499448e-13 -1.000000e+00
    outer loop
      vertex 2.341442e+01 -4.837560e+01 4.595342e-14
      vertex 2.379955e+01 -4.818356e+01 4.161902e-14
      vertex 2.387228e+01 -4.817378e+01 4.742081e-14
    endloop
  endfacet
  facet normal -2.823999e-15 1.040892e-15 -1.000000e+00
    outer loop
      vertex 1.106991e+01 -3.858596e+01 5.510627e-14
      vertex 1.117041e+01 -3.805326e+01 5.537693e-14
      vertex 1.258869e+01 -3.835285e+01 5.105988e-14
    endloop
  endfacet
  facet normal -2.742742e-15 1.425573e-15 -1.000000e+00
    outer loop
      vertex 1.130531e+01 -3.751825e+01 5.576966e-14
      vertex 1.258869e+01 -3.835285e+01 5.105988e-14
      vertex 1.117041e+01 -3.805326e+01 5.537693e-14
    endloop
  endfacet
  facet normal -2.337530e-15 1.706241e-15 -1.000000e+00
    outer loop
      vertex 1.273519e+01 -3.779345e+01 5.195768e-14
      vertex 1.130531e+01 -3.751825e+01 5.576966e-14
      vertex 1.147554e+01 -3.698408e+01 5.628314e-14
    endloop
  endfacet
  facet normal -3.677477e-15 2.209576e-15 -1.000000e+00
    outer loop
      vertex 1.096549e+01 -3.966420e+01 5.493116e-14
      vertex 1.240895e+01 -3.999533e+01 4.889121e-14
      vertex 1.096181e+01 -4.020219e+01 5.375594e-14
    endloop
  endfacet
  facet normal -3.787847e-15 3.024620e-16 -1.000000e+00
    outer loop
      vertex 1.100252e+01 -3.911341e+01 5.495749e-14
      vertex 1.242389e+01 -3.951884e+01 4.945091e-14
      vertex 1.096549e+01 -3.966420e+01 5.493116e-14
    endloop
  endfacet
  facet normal -3.289735e-15 7.023885e-16 -1.000000e+00
    outer loop
      vertex 1.100252e+01 -3.911341e+01 5.495749e-14
      vertex 1.106991e+01 -3.858596e+01 5.510627e-14
      vertex 1.248306e+01 -3.893682e+01 5.021094e-14
    endloop
  endfacet
  facet normal -1.962800e-15 1.954829e-15 -1.000000e+00
    outer loop
      vertex 1.168169e+01 -3.645414e+01 5.691447e-14
      vertex 1.292793e+01 -3.723635e+01 5.293925e-14
      vertex 1.147554e+01 -3.698408e+01 5.628314e-14
    endloop
  endfacet
  facet normal -1.310854e-15 2.375992e-15 -1.000000e+00
    outer loop
      vertex 1.345388e+01 -3.615148e+01 5.513185e-14
      vertex 1.192389e+01 -3.593193e+01 5.765909e-14
      vertex 1.219467e+01 -3.543332e+01 5.848882e-14
    endloop
  endfacet
  facet normal -1.162089e-15 2.636836e-15 -1.000000e+00
    outer loop
      vertex 1.345388e+01 -3.615148e+01 5.513185e-14
      vertex 1.219467e+01 -3.543332e+01 5.848882e-14
      vertex 1.249779e+01 -3.495030e+01 5.941023e-14
    endloop
  endfacet
  facet normal -8.995747e-16 2.809148e-15 -1.000000e+00
    outer loop
      vertex 1.249779e+01 -3.495030e+01 5.941023e-14
      vertex 1.283290e+01 -3.448457e+01 6.041707e-14
      vertex 1.378570e+01 -3.563532e+01 5.632733e-14
    endloop
  endfacet
  facet normal -4.456260e-16 3.134159e-15 -1.000000e+00
    outer loop
      vertex 1.319845e+01 -3.403924e+01 6.149949e-14
      vertex 1.359248e+01 -3.361724e+01 6.264653e-14
      vertex 1.457643e+01 -3.468377e+01 5.886538e-14
    endloop
  endfacet
  facet normal -2.598876e-16 3.305516e-15 -1.000000e+00
    outer loop
      vertex 1.457643e+01 -3.468377e+01 5.886538e-14
      vertex 1.359248e+01 -3.361724e+01 6.264653e-14
      vertex 1.401267e+01 -3.322123e+01 6.384635e-14
    endloop
  endfacet
  facet normal -6.620838e-16 2.974085e-15 -1.000000e+00
    outer loop
      vertex 1.283290e+01 -3.448457e+01 6.041707e-14
      vertex 1.319845e+01 -3.403924e+01 6.149949e-14
      vertex 1.416090e+01 -3.514430e+01 5.757573e-14
    endloop
  endfacet
  facet normal -1.620324e-15 2.177430e-15 -1.000000e+00
    outer loop
      vertex 1.316757e+01 -3.668710e+01 5.399959e-14
      vertex 1.168169e+01 -3.645414e+01 5.691447e-14
      vertex 1.192389e+01 -3.593193e+01 5.765909e-14
    endloop
  endfacet
  facet normal -7.243410e-17 3.460116e-15 -1.000000e+00
    outer loop
      vertex 1.445639e+01 -3.285353e+01 6.508646e-14
      vertex 1.502837e+01 -3.425852e+01 6.018362e-14
      vertex 1.401267e+01 -3.322123e+01 6.384635e-14
    endloop
  endfacet
  facet normal -3.886925e-15 1.296551e-15 -1.000000e+00
    outer loop
      vertex 1.096549e+01 -3.966420e+01 5.493116e-14
      vertex 1.242389e+01 -3.951884e+01 4.945091e-14
      vertex 1.240895e+01 -3.999533e+01 4.889121e-14
    endloop
  endfacet
  facet normal -3.402971e-15 1.651765e-15 -1.000000e+00
    outer loop
      vertex 1.242389e+01 -3.951884e+01 4.945091e-14
      vertex 1.100252e+01 -3.911341e+01 5.495749e-14
      vertex 1.248306e+01 -3.893682e+01 5.021094e-14
    endloop
  endfacet
  facet normal -2.969819e-15 1.990932e-15 -1.000000e+00
    outer loop
      vertex 1.258869e+01 -3.835285e+01 5.105988e-14
      vertex 1.248306e+01 -3.893682e+01 5.021094e-14
      vertex 1.106991e+01 -3.858596e+01 5.510627e-14
    endloop
  endfacet
  facet normal -2.243916e-15 2.192627e-15 -1.000000e+00
    outer loop
      vertex 1.130531e+01 -3.751825e+01 5.576966e-14
      vertex 1.273519e+01 -3.779345e+01 5.195768e-14
      vertex 1.258869e+01 -3.835285e+01 5.105988e-14
    endloop
  endfacet
  facet normal -1.281419e-15 1.818136e-15 -1.000000e+00
    outer loop
      vertex 1.243231e+01 -4.059003e+01 4.766913e-14
      vertex 1.249885e+01 -4.115975e+01 4.654804e-14
      vertex 1.104958e+01 -4.126842e+01 4.820758e-14
    endloop
  endfacet
  facet normal -3.634962e-15 1.912164e-15 -1.000000e+00
    outer loop
      vertex 1.240895e+01 -3.999533e+01 4.889121e-14
      vertex 1.243231e+01 -4.059003e+01 4.766913e-14
      vertex 1.096181e+01 -4.020219e+01 5.375594e-14
    endloop
  endfacet
  facet normal -2.727448e-15 5.353006e-15 -1.000000e+00
    outer loop
      vertex 1.243231e+01 -4.059003e+01 4.766913e-14
      vertex 1.098943e+01 -4.073081e+01 5.085091e-14
      vertex 1.096181e+01 -4.020219e+01 5.375594e-14
    endloop
  endfacet
  facet normal -1.883149e-15 2.413408e-15 -1.000000e+00
    outer loop
      vertex 1.292793e+01 -3.723635e+01 5.293925e-14
      vertex 1.273519e+01 -3.779345e+01 5.195768e-14
      vertex 1.147554e+01 -3.698408e+01 5.628314e-14
    endloop
  endfacet
  facet normal -8.657786e-16 2.872688e-15 -1.000000e+00
    outer loop
      vertex 1.249779e+01 -3.495030e+01 5.941023e-14
      vertex 1.378570e+01 -3.563532e+01 5.632733e-14
      vertex 1.345388e+01 -3.615148e+01 5.513185e-14
    endloop
  endfacet
  facet normal -1.552812e-15 2.608036e-15 -1.000000e+00
    outer loop
      vertex 1.292793e+01 -3.723635e+01 5.293925e-14
      vertex 1.168169e+01 -3.645414e+01 5.691447e-14
      vertex 1.316757e+01 -3.668710e+01 5.399959e-14
    endloop
  endfacet
  facet normal -4.231710e-16 3.182167e-15 -1.000000e+00
    outer loop
      vertex 1.319845e+01 -3.403924e+01 6.149949e-14
      vertex 1.457643e+01 -3.468377e+01 5.886538e-14
      vertex 1.416090e+01 -3.514430e+01 5.757573e-14
    endloop
  endfacet
  facet normal -2.008470e-17 3.481427e-15 -1.000000e+00
    outer loop
      vertex 1.445639e+01 -3.285353e+01 6.508646e-14
      vertex 1.551207e+01 -3.387268e+01 6.151719e-14
      vertex 1.502837e+01 -3.425852e+01 6.018362e-14
    endloop
  endfacet
  facet normal -2.111249e-16 3.324312e-15 -1.000000e+00
    outer loop
      vertex 1.502837e+01 -3.425852e+01 6.018362e-14
      vertex 1.457643e+01 -3.468377e+01 5.886538e-14
      vertex 1.401267e+01 -3.322123e+01 6.384635e-14
    endloop
  endfacet
  facet normal -6.353311e-16 3.027937e-15 -1.000000e+00
    outer loop
      vertex 1.416090e+01 -3.514430e+01 5.757573e-14
      vertex 1.378570e+01 -3.563532e+01 5.632733e-14
      vertex 1.283290e+01 -3.448457e+01 6.041707e-14
    endloop
  endfacet
  facet normal -1.252397e-15 2.783364e-15 -1.000000e+00
    outer loop
      vertex 1.316757e+01 -3.668710e+01 5.399959e-14
      vertex 1.192389e+01 -3.593193e+01 5.765909e-14
      vertex 1.345388e+01 -3.615148e+01 5.513185e-14
    endloop
  endfacet
  facet normal 1.055732e-16 3.611590e-15 -1.000000e+00
    outer loop
      vertex 1.551207e+01 -3.387268e+01 6.151719e-14
      vertex 1.445639e+01 -3.285353e+01 6.508646e-14
      vertex 1.492074e+01 -3.251615e+01 6.635399e-14
    endloop
  endfacet
  facet normal 2.781517e-16 3.757505e-15 -1.000000e+00
    outer loop
      vertex 1.540260e+01 -3.221065e+01 6.763592e-14
      vertex 1.602233e+01 -3.352951e+01 6.285266e-14
      vertex 1.492074e+01 -3.251615e+01 6.635399e-14
    endloop
  endfacet
  facet normal 1.695955e-16 3.639499e-15 -1.000000e+00
    outer loop
      vertex 1.551207e+01 -3.387268e+01 6.151719e-14
      vertex 1.492074e+01 -3.251615e+01 6.635399e-14
      vertex 1.602233e+01 -3.352951e+01 6.285266e-14
    endloop
  endfacet
  facet normal 3.594939e-16 3.795727e-15 -1.000000e+00
    outer loop
      vertex 1.654041e+01 -3.323811e+01 6.414500e-14
      vertex 1.602233e+01 -3.352951e+01 6.285266e-14
      vertex 1.540260e+01 -3.221065e+01 6.763592e-14
    endloop
  endfacet
  facet normal 4.484978e-16 3.894290e-15 -1.000000e+00
    outer loop
      vertex 1.589875e+01 -3.193821e+01 6.891939e-14
      vertex 1.654041e+01 -3.323811e+01 6.414500e-14
      vertex 1.540260e+01 -3.221065e+01 6.763592e-14
    endloop
  endfacet
  facet normal 5.488859e-16 3.978284e-15 -1.000000e+00
    outer loop
      vertex 1.654041e+01 -3.323811e+01 6.414500e-14
      vertex 1.640586e+01 -3.169957e+01 7.019192e-14
      vertex 1.711571e+01 -3.297323e+01 6.551454e-14
    endloop
  endfacet
  facet normal 1.004096e-15 4.229498e-15 -1.000000e+00
    outer loop
      vertex 1.768721e+01 -3.276484e+01 6.681394e-14
      vertex 1.743982e+01 -3.132450e+01 7.265741e-14
      vertex 1.826227e+01 -3.260551e+01 6.806522e-14
    endloop
  endfacet
  facet normal 7.742996e-16 4.111835e-15 -1.000000e+00
    outer loop
      vertex 1.692063e+01 -3.149503e+01 7.144161e-14
      vertex 1.768721e+01 -3.276484e+01 6.681394e-14
      vertex 1.711571e+01 -3.297323e+01 6.551454e-14
    endloop
  endfacet
  facet normal 6.336767e-16 3.985700e-15 -1.000000e+00
    outer loop
      vertex 1.654041e+01 -3.323811e+01 6.414500e-14
      vertex 1.589875e+01 -3.193821e+01 6.891939e-14
      vertex 1.640586e+01 -3.169957e+01 7.019192e-14
    endloop
  endfacet
  facet normal 9.553275e-16 4.221121e-15 -1.000000e+00
    outer loop
      vertex 1.768721e+01 -3.276484e+01 6.681394e-14
      vertex 1.692063e+01 -3.149503e+01 7.144161e-14
      vertex 1.743982e+01 -3.132450e+01 7.265741e-14
    endloop
  endfacet
  facet normal 1.118882e-15 4.303194e-15 -1.000000e+00
    outer loop
      vertex 1.743982e+01 -3.132450e+01 7.265741e-14
      vertex 1.796029e+01 -3.118753e+01 7.382920e-14
      vertex 1.826227e+01 -3.260551e+01 6.806522e-14
    endloop
  endfacet
  facet normal 1.284596e-15 4.338485e-15 -1.000000e+00
    outer loop
      vertex 1.847910e+01 -3.108327e+01 7.494797e-14
      vertex 1.826227e+01 -3.260551e+01 6.806522e-14
      vertex 1.796029e+01 -3.118753e+01 7.382920e-14
    endloop
  endfacet
  facet normal 1.440379e-15 4.396506e-15 -1.000000e+00
    outer loop
      vertex 1.902484e+01 -3.100718e+01 7.606860e-14
      vertex 1.883516e+01 -3.249384e+01 6.925927e-14
      vertex 1.847910e+01 -3.108327e+01 7.494797e-14
    endloop
  endfacet
  facet normal 1.237246e-15 4.345230e-15 -1.000000e+00
    outer loop
      vertex 1.847910e+01 -3.108327e+01 7.494797e-14
      vertex 1.883516e+01 -3.249384e+01 6.925927e-14
      vertex 1.826227e+01 -3.260551e+01 6.806522e-14
    endloop
  endfacet
  facet normal 1.484234e-15 4.390911e-15 -1.000000e+00
    outer loop
      vertex 1.940488e+01 -3.242730e+01 7.039702e-14
      vertex 1.883516e+01 -3.249384e+01 6.925927e-14
      vertex 1.902484e+01 -3.100718e+01 7.606860e-14
    endloop
  endfacet
  facet normal 1.595347e-15 4.420647e-15 -1.000000e+00
    outer loop
      vertex 1.956497e+01 -3.096490e+01 7.711718e-14
      vertex 1.940488e+01 -3.242730e+01 7.039702e-14
      vertex 1.902484e+01 -3.100718e+01 7.606860e-14
    endloop
  endfacet
  facet normal 7.929198e-16 4.114292e-15 -1.000000e+00
    outer loop
      vertex 1.640586e+01 -3.169957e+01 7.019192e-14
      vertex 1.692063e+01 -3.149503e+01 7.144161e-14
      vertex 1.711571e+01 -3.297323e+01 6.551454e-14
    endloop
  endfacet
  facet normal 1.737493e-15 4.405086e-15 -1.000000e+00
    outer loop
      vertex 1.999959e+01 -3.240394e+01 7.153322e-14
      vertex 1.940488e+01 -3.242730e+01 7.039702e-14
      vertex 1.956497e+01 -3.096490e+01 7.711718e-14
    endloop
  endfacet
  facet normal 1.572879e-15 3.793590e-15 -1.000000e+00
    outer loop
      vertex 2.108986e+01 -3.102037e+01 7.845035e-14
      vertex 2.105809e+01 -3.247805e+01 7.287052e-14
      vertex 2.047607e+01 -3.241889e+01 7.217952e-14
    endloop
  endfacet
  facet normal 1.484566e-15 4.086419e-15 -1.000000e+00
    outer loop
      vertex 2.047607e+01 -3.241889e+01 7.217952e-14
      vertex 1.999959e+01 -3.240394e+01 7.153322e-14
      vertex 2.055093e+01 -3.097123e+01 7.820637e-14
    endloop
  endfacet
  facet normal 1.663328e-15 3.290208e-15 -1.000000e+00
    outer loop
      vertex 2.215370e+01 -3.121473e+01 7.880766e-14
      vertex 2.220146e+01 -3.273019e+01 7.390090e-14
      vertex 2.164206e+01 -3.258368e+01 7.345249e-14
    endloop
  endfacet
  facet normal 1.590643e-15 2.770436e-15 -1.000000e+00
    outer loop
      vertex 2.374898e+01 -3.176842e+01 7.900866e-14
      vertex 2.330781e+01 -3.316257e+01 7.444452e-14
      vertex 2.275856e+01 -3.292293e+01 7.423476e-14
    endloop
  endfacet
  facet normal 1.665018e-15 3.080439e-15 -1.000000e+00
    outer loop
      vertex 2.275856e+01 -3.292293e+01 7.423476e-14
      vertex 2.220146e+01 -3.273019e+01 7.390090e-14
      vertex 2.268877e+01 -3.136354e+01 7.892218e-14
    endloop
  endfacet
  facet normal 1.634895e-15 3.528989e-15 -1.000000e+00
    outer loop
      vertex 2.164206e+01 -3.258368e+01 7.345249e-14
      vertex 2.105809e+01 -3.247805e+01 7.287052e-14
      vertex 2.161972e+01 -3.110072e+01 7.864931e-14
    endloop
  endfacet
  facet normal 8.283511e-16 4.120352e-15 -1.000000e+00
    outer loop
      vertex 2.047607e+01 -3.241889e+01 7.217952e-14
      vertex 2.055093e+01 -3.097123e+01 7.820637e-14
      vertex 2.108986e+01 -3.102037e+01 7.845035e-14
    endloop
  endfacet
  facet normal 9.528490e-16 3.807101e-15 -1.000000e+00
    outer loop
      vertex 2.105809e+01 -3.247805e+01 7.287052e-14
      vertex 2.108986e+01 -3.102037e+01 7.845035e-14
      vertex 2.161972e+01 -3.110072e+01 7.864931e-14
    endloop
  endfacet
  facet normal 1.048093e-15 3.520146e-15 -1.000000e+00
    outer loop
      vertex 2.215370e+01 -3.121473e+01 7.880766e-14
      vertex 2.164206e+01 -3.258368e+01 7.345249e-14
      vertex 2.161972e+01 -3.110072e+01 7.864931e-14
    endloop
  endfacet
  facet normal 1.185964e-15 3.059001e-15 -1.000000e+00
    outer loop
      vertex 2.322168e+01 -3.154797e+01 7.899001e-14
      vertex 2.275856e+01 -3.292293e+01 7.423476e-14
      vertex 2.268877e+01 -3.136354e+01 7.892218e-14
    endloop
  endfacet
  facet normal 1.298425e-15 3.021121e-15 -1.000000e+00
    outer loop
      vertex 2.322168e+01 -3.154797e+01 7.899001e-14
      vertex 2.374898e+01 -3.176842e+01 7.900866e-14
      vertex 2.275856e+01 -3.292293e+01 7.423476e-14
    endloop
  endfacet
  facet normal 1.124366e-15 3.273224e-15 -1.000000e+00
    outer loop
      vertex 2.268877e+01 -3.136354e+01 7.892218e-14
      vertex 2.220146e+01 -3.273019e+01 7.390090e-14
      vertex 2.215370e+01 -3.121473e+01 7.880766e-14
    endloop
  endfacet
  facet normal 6.643071e-16 4.402074e-15 -1.000000e+00
    outer loop
      vertex 2.055093e+01 -3.097123e+01 7.820637e-14
      vertex 1.999959e+01 -3.240394e+01 7.153322e-14
      vertex 1.999951e+01 -3.095443e+01 7.791402e-14
    endloop
  endfacet
  facet normal 1.727694e-15 4.402126e-15 -1.000000e+00
    outer loop
      vertex 1.999959e+01 -3.240394e+01 7.153322e-14
      vertex 1.956497e+01 -3.096490e+01 7.711718e-14
      vertex 1.999951e+01 -3.095443e+01 7.791402e-14
    endloop
  endfacet
  facet normal 1.346228e-15 2.847779e-15 -1.000000e+00
    outer loop
      vertex 2.426310e+01 -3.202272e+01 7.897661e-14
      vertex 2.330781e+01 -3.316257e+01 7.444452e-14
      vertex 2.374898e+01 -3.176842e+01 7.900866e-14
    endloop
  endfacet
  facet normal -2.358336e-15 7.836796e-15 -1.000000e+00
    outer loop
      vertex 2.397759e+01 -4.646038e+01 4.727589e-14
      vertex 2.394261e+01 -4.682480e+01 4.450251e-14
      vertex 2.345950e+01 -4.675180e+01 4.621397e-14
    endloop
  endfacet
  facet normal 3.711411e-15 7.254220e-15 -1.000000e+00
    outer loop
      vertex 2.423530e+01 -4.696112e+01 4.459995e-14
      vertex 2.394261e+01 -4.682480e+01 4.450251e-14
      vertex 2.397759e+01 -4.646038e+01 4.727589e-14
    endloop
  endfacet
  facet normal -9.728716e-16 4.843348e-15 -1.000000e+00
    outer loop
      vertex 2.448784e+01 -4.611723e+01 4.844150e-14
      vertex 2.423530e+01 -4.696112e+01 4.459995e-14
      vertex 2.397759e+01 -4.646038e+01 4.727589e-14
    endloop
  endfacet
  facet normal 2.152945e-15 3.907927e-15 -1.000000e+00
    outer loop
      vertex 2.452799e+01 -4.709743e+01 4.469739e-14
      vertex 2.423530e+01 -4.696112e+01 4.459995e-14
      vertex 2.448784e+01 -4.611723e+01 4.844150e-14
    endloop
  endfacet
  facet normal 2.895080e-15 -4.310307e-16 -1.000000e+00
    outer loop
      vertex 2.497155e+01 -4.573139e+01 4.967556e-14
      vertex 2.573922e+01 -4.698008e+01 5.243624e-14
      vertex 2.448784e+01 -4.611723e+01 4.844150e-14
    endloop
  endfacet
  facet normal 5.995402e-15 4.065324e-15 -1.000000e+00
    outer loop
      vertex 2.573922e+01 -4.698008e+01 5.243624e-14
      vertex 2.452799e+01 -4.709743e+01 4.469739e-14
      vertex 2.448784e+01 -4.611723e+01 4.844150e-14
    endloop
  endfacet
  facet normal 3.242618e-15 -4.101024e-16 -1.000000e+00
    outer loop
      vertex 2.497155e+01 -4.573139e+01 4.967556e-14
      vertex 2.542349e+01 -4.530614e+01 5.096662e-14
      vertex 2.616205e+01 -4.661006e+01 5.389624e-14
    endloop
  endfacet
  facet normal -2.945981e-15 3.948115e-15 -1.000000e+00
    outer loop
      vertex 2.394261e+01 -4.682480e+01 4.450251e-14
      vertex 2.380623e+01 -4.711763e+01 4.374814e-14
      vertex 2.345950e+01 -4.675180e+01 4.621397e-14
    endloop
  endfacet
  facet normal 5.424776e-15 1.667355e-15 -1.000000e+00
    outer loop
      vertex 2.900811e+01 -4.075934e+01 7.039519e-14
      vertex 2.751685e+01 -4.105309e+01 6.181571e-14
      vertex 2.757602e+01 -4.047107e+01 6.310711e-14
    endloop
  endfacet
  facet normal 5.643590e-15 1.265354e-15 -1.000000e+00
    outer loop
      vertex 2.885006e+01 -4.184069e+01 6.834316e-14
      vertex 2.741122e+01 -4.163706e+01 6.048065e-14
      vertex 2.751685e+01 -4.105309e+01 6.181571e-14
    endloop
  endfacet
  facet normal 4.154111e-15 -3.921664e-16 -1.000000e+00
    outer loop
      vertex 2.621421e+01 -4.435459e+01 5.366805e-14
      vertex 2.728129e+01 -4.535341e+01 5.849253e-14
      vertex 2.583901e+01 -4.484561e+01 5.230198e-14
    endloop
  endfacet
  facet normal 5.455189e-15 5.392198e-16 -1.000000e+00
    outer loop
      vertex 2.855480e+01 -4.291825e+01 6.581165e-14
      vertex 2.707198e+01 -4.275355e+01 5.781141e-14
      vertex 2.726472e+01 -4.219645e+01 5.916325e-14
    endloop
  endfacet
  facet normal 5.589077e-15 8.912936e-16 -1.000000e+00
    outer loop
      vertex 2.726472e+01 -4.219645e+01 5.916325e-14
      vertex 2.741122e+01 -4.163706e+01 6.048065e-14
      vertex 2.871817e+01 -4.238740e+01 6.711648e-14
    endloop
  endfacet
  facet normal 3.612612e-15 -3.599657e-16 -1.000000e+00
    outer loop
      vertex 2.583901e+01 -4.484561e+01 5.230198e-14
      vertex 2.656150e+01 -4.621405e+01 5.540466e-14
      vertex 2.542349e+01 -4.530614e+01 5.096662e-14
    endloop
  endfacet
  facet normal 4.514069e-15 -2.229216e-16 -1.000000e+00
    outer loop
      vertex 2.654603e+01 -4.383843e+01 5.505084e-14
      vertex 2.759793e+01 -4.489412e+01 6.003450e-14
      vertex 2.621421e+01 -4.435459e+01 5.366805e-14
    endloop
  endfacet
  facet normal 3.844672e-15 -6.908791e-17 -1.000000e+00
    outer loop
      vertex 2.616205e+01 -4.661006e+01 5.389624e-14
      vertex 2.542349e+01 -4.530614e+01 5.096662e-14
      vertex 2.656150e+01 -4.621405e+01 5.540466e-14
    endloop
  endfacet
  facet normal 4.182366e-15 -5.915327e-17 -1.000000e+00
    outer loop
      vertex 2.656150e+01 -4.621405e+01 5.540466e-14
      vertex 2.583901e+01 -4.484561e+01 5.230198e-14
      vertex 2.693526e+01 -4.579432e+01 5.694302e-14
    endloop
  endfacet
  facet normal 3.503027e-15 -5.727693e-17 -1.000000e+00
    outer loop
      vertex 2.497155e+01 -4.573139e+01 4.967556e-14
      vertex 2.616205e+01 -4.661006e+01 5.389624e-14
      vertex 2.573922e+01 -4.698008e+01 5.243624e-14
    endloop
  endfacet
  facet normal 4.657964e-15 1.461188e-16 -1.000000e+00
    outer loop
      vertex 2.621421e+01 -4.435459e+01 5.366805e-14
      vertex 2.759793e+01 -4.489412e+01 6.003450e-14
      vertex 2.728129e+01 -4.535341e+01 5.849253e-14
    endloop
  endfacet
  facet normal 4.950651e-15 2.120890e-16 -1.000000e+00
    outer loop
      vertex 2.654603e+01 -4.383843e+01 5.505084e-14
      vertex 2.788384e+01 -4.441935e+01 6.155067e-14
      vertex 2.759793e+01 -4.489412e+01 6.003450e-14
    endloop
  endfacet
  facet normal 4.332399e-15 1.142133e-16 -1.000000e+00
    outer loop
      vertex 2.583901e+01 -4.484561e+01 5.230198e-14
      vertex 2.728129e+01 -4.535341e+01 5.849253e-14
      vertex 2.693526e+01 -4.579432e+01 5.694302e-14
    endloop
  endfacet
  facet normal 6.856069e-15 -4.817607e-15 -1.000000e+00
    outer loop
      vertex 2.573922e+01 -4.698008e+01 5.243624e-14
      vertex 2.529559e+01 -4.732211e+01 5.104252e-14
      vertex 2.452799e+01 -4.709743e+01 4.469739e-14
    endloop
  endfacet
  facet normal 5.569715e-15 7.439122e-16 -1.000000e+00
    outer loop
      vertex 2.726472e+01 -4.219645e+01 5.916325e-14
      vertex 2.871817e+01 -4.238740e+01 6.711648e-14
      vertex 2.855480e+01 -4.291825e+01 6.581165e-14
    endloop
  endfacet
  facet normal 5.591165e-15 8.949290e-16 -1.000000e+00
    outer loop
      vertex 2.871817e+01 -4.238740e+01 6.711648e-14
      vertex 2.741122e+01 -4.163706e+01 6.048065e-14
      vertex 2.885006e+01 -4.184069e+01 6.834316e-14
    endloop
  endfacet
  facet normal 5.511303e-15 1.041428e-15 -1.000000e+00
    outer loop
      vertex 2.894623e+01 -4.129698e+01 6.943942e-14
      vertex 2.885006e+01 -4.184069e+01 6.834316e-14
      vertex 2.751685e+01 -4.105309e+01 6.181571e-14
    endloop
  endfacet
  facet normal 5.528369e-15 1.141447e-15 -1.000000e+00
    outer loop
      vertex 2.894623e+01 -4.129698e+01 6.943942e-14
      vertex 2.751685e+01 -4.105309e+01 6.181571e-14
      vertex 2.900811e+01 -4.075934e+01 7.039519e-14
    endloop
  endfacet
  facet normal 5.278436e-15 4.851398e-16 -1.000000e+00
    outer loop
      vertex 2.836018e+01 -4.343555e+01 6.443661e-14
      vertex 2.813811e+01 -4.393215e+01 6.302352e-14
      vertex 2.683234e+01 -4.330281e+01 5.643643e-14
    endloop
  endfacet
  facet normal 5.254599e-15 2.107827e-16 -1.000000e+00
    outer loop
      vertex 2.707198e+01 -4.275355e+01 5.781141e-14
      vertex 2.836018e+01 -4.343555e+01 6.443661e-14
      vertex 2.683234e+01 -4.330281e+01 5.643643e-14
    endloop
  endfacet
  facet normal 5.462280e-15 6.030630e-16 -1.000000e+00
    outer loop
      vertex 2.855480e+01 -4.291825e+01 6.581165e-14
      vertex 2.836018e+01 -4.343555e+01 6.443661e-14
      vertex 2.707198e+01 -4.275355e+01 5.781141e-14
    endloop
  endfacet
  facet normal 5.194935e-15 3.118919e-16 -1.000000e+00
    outer loop
      vertex 2.788384e+01 -4.441935e+01 6.155067e-14
      vertex 2.683234e+01 -4.330281e+01 5.643643e-14
      vertex 2.813811e+01 -4.393215e+01 6.302352e-14
    endloop
  endfacet
  facet normal 4.854959e-15 -8.278010e-18 -1.000000e+00
    outer loop
      vertex 2.788384e+01 -4.441935e+01 6.155067e-14
      vertex 2.654603e+01 -4.383843e+01 5.505084e-14
      vertex 2.683234e+01 -4.330281e+01 5.643643e-14
    endloop
  endfacet
  facet normal 5.337218e-15 1.232391e-15 -1.000000e+00
    outer loop
      vertex 2.900811e+01 -4.075934e+01 7.039519e-14
      vertex 2.757602e+01 -4.047107e+01 6.310711e-14
      vertex 2.903786e+01 -4.021262e+01 7.122775e-14
    endloop
  endfacet
  facet normal 6.627719e-15 -5.597754e-15 -1.000000e+00
    outer loop
      vertex 2.483398e+01 -4.763454e+01 4.973196e-14
      vertex 2.452799e+01 -4.709743e+01 4.469739e-14
      vertex 2.529559e+01 -4.732211e+01 5.104252e-14
    endloop
  endfacet
  facet normal 1.574377e-15 2.564479e-15 -1.000000e+00
    outer loop
      vertex 2.612596e+01 -3.334641e+01 7.834690e-14
      vertex 2.531115e+01 -3.457142e+01 7.392255e-14
      vertex 2.485061e+01 -3.415590e+01 7.426311e-14
    endloop
  endfacet
  facet normal 1.549655e-15 2.589778e-15 -1.000000e+00
    outer loop
      vertex 2.475499e+01 -3.230596e+01 7.889495e-14
      vertex 2.435959e+01 -3.378070e+01 7.446297e-14
      vertex 2.384343e+01 -3.344888e+01 7.452244e-14
    endloop
  endfacet
  facet normal 1.540583e-15 2.548836e-15 -1.000000e+00
    outer loop
      vertex 2.568955e+01 -3.296932e+01 7.857994e-14
      vertex 2.485061e+01 -3.415590e+01 7.426311e-14
      vertex 2.435959e+01 -3.378070e+01 7.446297e-14
    endloop
  endfacet
  facet normal 2.222717e-15 2.851395e-15 -1.000000e+00
    outer loop
      vertex 2.646539e+01 -3.601732e+01 7.209566e-14
      vertex 2.789630e+01 -3.559282e+01 7.648658e-14
      vertex 2.675680e+01 -3.653540e+01 7.126612e-14
    endloop
  endfacet
  facet normal 1.735802e-15 2.649003e-15 -1.000000e+00
    outer loop
      vertex 2.692300e+01 -3.418097e+01 7.773508e-14
      vertex 2.612224e+01 -3.550707e+01 7.283225e-14
      vertex 2.573639e+01 -3.502337e+01 7.344384e-14
    endloop
  endfacet
  facet normal 2.014914e-15 2.798656e-15 -1.000000e+00
    outer loop
      vertex 2.612224e+01 -3.550707e+01 7.283225e-14
      vertex 2.760380e+01 -3.510490e+01 7.694300e-14
      vertex 2.646539e+01 -3.601732e+01 7.209566e-14
    endloop
  endfacet
  facet normal 1.637719e-15 2.600215e-15 -1.000000e+00
    outer loop
      vertex 2.573639e+01 -3.502337e+01 7.344384e-14
      vertex 2.531115e+01 -3.457142e+01 7.392255e-14
      vertex 2.653796e+01 -3.375111e+01 7.806471e-14
    endloop
  endfacet
  facet normal 1.537690e-15 2.553578e-15 -1.000000e+00
    outer loop
      vertex 2.523154e+01 -3.262192e+01 7.876278e-14
      vertex 2.568955e+01 -3.296932e+01 7.857994e-14
      vertex 2.435959e+01 -3.378070e+01 7.446297e-14
    endloop
  endfacet
  facet normal 1.456329e-15 2.614800e-15 -1.000000e+00
    outer loop
      vertex 2.435959e+01 -3.378070e+01 7.446297e-14
      vertex 2.475499e+01 -3.230596e+01 7.889495e-14
      vertex 2.523154e+01 -3.262192e+01 7.876278e-14
    endloop
  endfacet
  facet normal 1.619900e-15 2.492757e-15 -1.000000e+00
    outer loop
      vertex 2.612596e+01 -3.334641e+01 7.834690e-14
      vertex 2.485061e+01 -3.415590e+01 7.426311e-14
      vertex 2.568955e+01 -3.296932e+01 7.857994e-14
    endloop
  endfacet
  facet normal 2.062461e-15 2.451749e-15 -1.000000e+00
    outer loop
      vertex 2.727889e+01 -3.463323e+01 7.736025e-14
      vertex 2.612224e+01 -3.550707e+01 7.283225e-14
      vertex 2.692300e+01 -3.418097e+01 7.773508e-14
    endloop
  endfacet
  facet normal 1.877835e-15 2.448933e-15 -1.000000e+00
    outer loop
      vertex 2.573639e+01 -3.502337e+01 7.344384e-14
      vertex 2.653796e+01 -3.375111e+01 7.806471e-14
      vertex 2.692300e+01 -3.418097e+01 7.773508e-14
    endloop
  endfacet
  facet normal 1.731491e-15 2.459975e-15 -1.000000e+00
    outer loop
      vertex 2.612596e+01 -3.334641e+01 7.834690e-14
      vertex 2.653796e+01 -3.375111e+01 7.806471e-14
      vertex 2.531115e+01 -3.457142e+01 7.392255e-14
    endloop
  endfacet
  facet normal 1.395867e-15 2.712434e-15 -1.000000e+00
    outer loop
      vertex 2.426310e+01 -3.202272e+01 7.897661e-14
      vertex 2.475499e+01 -3.230596e+01 7.889495e-14
      vertex 2.384343e+01 -3.344888e+01 7.452244e-14
    endloop
  endfacet
  facet normal 1.568248e-15 2.661708e-15 -1.000000e+00
    outer loop
      vertex 2.426310e+01 -3.202272e+01 7.897661e-14
      vertex 2.384343e+01 -3.344888e+01 7.452244e-14
      vertex 2.330781e+01 -3.316257e+01 7.444452e-14
    endloop
  endfacet
  facet normal 2.135226e-15 2.355434e-15 -1.000000e+00
    outer loop
      vertex 2.612224e+01 -3.550707e+01 7.283225e-14
      vertex 2.727889e+01 -3.463323e+01 7.736025e-14
      vertex 2.760380e+01 -3.510490e+01 7.694300e-14
    endloop
  endfacet
  facet normal 4.922475e-15 2.543677e-15 -1.000000e+00
    outer loop
      vertex 2.903819e+01 -3.979152e+01 7.177628e-14
      vertex 2.759097e+01 -3.999458e+01 6.413585e-14
      vertex 2.756760e+01 -3.939988e+01 6.553359e-14
    endloop
  endfacet
  facet normal 4.190565e-15 1.912045e-15 -1.000000e+00
    outer loop
      vertex 2.885258e+01 -3.816138e+01 7.375172e-14
      vertex 2.894802e+01 -3.870530e+01 7.311166e-14
      vertex 2.750107e+01 -3.883016e+01 6.680937e-14
    endloop
  endfacet
  facet normal 4.120793e-15 2.720587e-15 -1.000000e+00
    outer loop
      vertex 2.894802e+01 -3.870530e+01 7.311166e-14
      vertex 2.756760e+01 -3.939988e+01 6.553359e-14
      vertex 2.750107e+01 -3.883016e+01 6.680937e-14
    endloop
  endfacet
  facet normal 5.097170e-15 1.298592e-15 -1.000000e+00
    outer loop
      vertex 2.903819e+01 -3.979152e+01 7.177628e-14
      vertex 2.903786e+01 -4.021262e+01 7.122775e-14
      vertex 2.759097e+01 -3.999458e+01 6.413585e-14
    endloop
  endfacet
  facet normal 4.642083e-15 1.490843e-15 -1.000000e+00
    outer loop
      vertex 2.900966e+01 -3.924908e+01 7.245253e-14
      vertex 2.903819e+01 -3.979152e+01 7.177628e-14
      vertex 2.756760e+01 -3.939988e+01 6.553359e-14
    endloop
  endfacet
  facet normal 4.616511e-15 1.735394e-15 -1.000000e+00
    outer loop
      vertex 2.900966e+01 -3.924908e+01 7.245253e-14
      vertex 2.756760e+01 -3.939988e+01 6.553359e-14
      vertex 2.894802e+01 -3.870530e+01 7.311166e-14
    endloop
  endfacet
  facet normal 3.724708e-15 2.853486e-15 -1.000000e+00
    outer loop
      vertex 2.885258e+01 -3.816138e+01 7.375172e-14
      vertex 2.750107e+01 -3.883016e+01 6.680937e-14
      vertex 2.738940e+01 -3.825727e+01 6.802817e-14
    endloop
  endfacet
  facet normal 5.202243e-15 1.995845e-15 -1.000000e+00
    outer loop
      vertex 2.757602e+01 -4.047107e+01 6.310711e-14
      vertex 2.759097e+01 -3.999458e+01 6.413585e-14
      vertex 2.903786e+01 -4.021262e+01 7.122775e-14
    endloop
  endfacet
  facet normal 3.026094e-15 2.987874e-15 -1.000000e+00
    outer loop
      vertex 2.702168e+01 -3.711071e+01 7.026090e-14
      vertex 2.857156e+01 -3.712116e+01 7.491975e-14
      vertex 2.723008e+01 -3.768221e+01 6.918396e-14
    endloop
  endfacet
  facet normal 2.639444e-15 2.347607e-15 -1.000000e+00
    outer loop
      vertex 2.789630e+01 -3.559282e+01 7.648658e-14
      vertex 2.815540e+01 -3.609371e+01 7.599459e-14
      vertex 2.675680e+01 -3.653540e+01 7.126612e-14
    endloop
  endfacet
  facet normal 2.369673e-15 2.356033e-15 -1.000000e+00
    outer loop
      vertex 2.789630e+01 -3.559282e+01 7.648658e-14
      vertex 2.646539e+01 -3.601732e+01 7.209566e-14
      vertex 2.760380e+01 -3.510490e+01 7.694300e-14
    endloop
  endfacet
  facet normal 2.469898e-15 2.884463e-15 -1.000000e+00
    outer loop
      vertex 2.815540e+01 -3.609371e+01 7.599459e-14
      vertex 2.702168e+01 -3.711071e+01 7.026090e-14
      vertex 2.675680e+01 -3.653540e+01 7.126612e-14
    endloop
  endfacet
  facet normal 3.777961e-15 2.040858e-15 -1.000000e+00
    outer loop
      vertex 2.885258e+01 -3.816138e+01 7.375172e-14
      vertex 2.738940e+01 -3.825727e+01 6.802817e-14
      vertex 2.872870e+01 -3.764122e+01 7.434526e-14
    endloop
  endfacet
  facet normal 3.385837e-15 2.127723e-15 -1.000000e+00
    outer loop
      vertex 2.723008e+01 -3.768221e+01 6.918396e-14
      vertex 2.857156e+01 -3.712116e+01 7.491975e-14
      vertex 2.872870e+01 -3.764122e+01 7.434526e-14
    endloop
  endfacet
  facet normal 3.020663e-15 2.182566e-15 -1.000000e+00
    outer loop
      vertex 2.857156e+01 -3.712116e+01 7.491975e-14
      vertex 2.702168e+01 -3.711071e+01 7.026090e-14
      vertex 2.838054e+01 -3.660425e+01 7.547094e-14
    endloop
  endfacet
  facet normal 2.964606e-15 2.332973e-15 -1.000000e+00
    outer loop
      vertex 2.838054e+01 -3.660425e+01 7.547094e-14
      vertex 2.702168e+01 -3.711071e+01 7.026090e-14
      vertex 2.815540e+01 -3.609371e+01 7.599459e-14
    endloop
  endfacet
  facet normal 3.363574e-15 2.941752e-15 -1.000000e+00
    outer loop
      vertex 2.723008e+01 -3.768221e+01 6.918396e-14
      vertex 2.872870e+01 -3.764122e+01 7.434526e-14
      vertex 2.738940e+01 -3.825727e+01 6.802817e-14
    endloop
  endfacet
  facet normal -2.655899e-15 4.619675e-15 -1.000000e+00
    outer loop
      vertex 1.243231e+01 -4.059003e+01 4.766913e-14
      vertex 1.104958e+01 -4.126842e+01 4.820758e-14
      vertex 1.098943e+01 -4.073081e+01 5.085091e-14
    endloop
  endfacet
  facet normal 0.000000e+00 0.000000e+00 1.000000e+00
    outer loop
      vertex 1.645195e+01 -4.707785e+01 6.000000e-01
      vertex 1.624707e+01 -4.698243e+01 6.000000e-01
      vertex 1.615160e+01 -4.718741e+01 6.000000e-01
    endloop
  endfacet
  facet normal 0.000000e+00 0.000000e+00 1.000000e+00
    outer loop
      vertex 1.645195e+01 -4.707785e+01 6.000000e-01
      vertex 1.615160e+01 -4.718741e+01 6.000000e-01
      vertex 1.635648e+01 -4.728283e+01 6.000000e-01
    endloop
  endfacet
  facet normal 0.000000e+00 0.000000e+00 1.000000e+00
    outer loop
      vertex 1.645195e+01 -4.707785e+01 6.000000e-01
      vertex 1.634253e+01 -4.677745e+01 6.000000e-01
      vertex 1.624707e+01 -4.698243e+01 6.000000e-01
    endloop
  endfacet
  facet normal 0.000000e+00 0.000000e+00 1.000000e+00
    outer loop
      vertex 1.624707e+01 -4.698243e+01 6.000000e-01
      vertex 1.574184e+01 -4.699658e+01 6.000000e-01
      vertex 1.615160e+01 -4.718741e+01 6.000000e-01
    endloop
  endfacet
  facet normal 0.000000e+00 0.000000e+00 1.000000e+00
    outer loop
      vertex 1.593277e+01 -4.658661e+01 6.000000e-01
      vertex 1.624707e+01 -4.698243e+01 6.000000e-01
      vertex 1.634253e+01 -4.677745e+01 6.000000e-01
    endloop
  endfacet
  facet normal 0.000000e+00 0.000000e+00 1.000000e+00
    outer loop
      vertex 1.574184e+01 -4.699658e+01 6.000000e-01
      vertex 1.624707e+01 -4.698243e+01 6.000000e-01
      vertex 1.593277e+01 -4.658661e+01 6.000000e-01
    endloop
  endfacet
  facet normal 0.000000e+00 0.000000e+00 1.000000e+00
    outer loop
      vertex 1.626102e+01 -4.748781e+01 6.000000e-01
      vertex 1.605614e+01 -4.739240e+01 6.000000e-01
      vertex 1.596067e+01 -4.759738e+01 6.000000e-01
    endloop
  endfacet
  facet normal 0.000000e+00 0.000000e+00 1.000000e+00
    outer loop
      vertex 1.626102e+01 -4.748781e+01 6.000000e-01
      vertex 1.596067e+01 -4.759738e+01 6.000000e-01
      vertex 1.616555e+01 -4.769280e+01 6.000000e-01
    endloop
  endfacet
  facet normal 0.000000e+00 0.000000e+00 1.000000e+00
    outer loop
      vertex 1.635648e+01 -4.728283e+01 6.000000e-01
      vertex 1.615160e+01 -4.718741e+01 6.000000e-01
      vertex 1.605614e+01 -4.739240e+01 6.000000e-01
    endloop
  endfacet
  facet normal 0.000000e+00 0.000000e+00 1.000000e+00
    outer loop
      vertex 1.635648e+01 -4.728283e+01 6.000000e-01
      vertex 1.605614e+01 -4.739240e+01 6.000000e-01
      vertex 1.626102e+01 -4.748781e+01 6.000000e-01
    endloop
  endfacet
  facet normal 0.000000e+00 0.000000e+00 1.000000e+00
    outer loop
      vertex 1.617776e+01 -4.813501e+01 6.000000e-01
      vertex 1.617602e+01 -4.807183e+01 6.000000e-01
      vertex 1.615215e+01 -4.812308e+01 6.000000e-01
    endloop
  endfacet
  facet normal 0.000000e+00 0.000000e+00 1.000000e+00
    outer loop
      vertex 1.622724e+01 -4.809569e+01 6.000000e-01
      vertex 1.617776e+01 -4.813501e+01 6.000000e-01
      vertex 1.620337e+01 -4.814693e+01 6.000000e-01
    endloop
  endfacet
  facet normal 0.000000e+00 0.000000e+00 1.000000e+00
    outer loop
      vertex 1.617602e+01 -4.807183e+01 6.000000e-01
      vertex 1.617776e+01 -4.813501e+01 6.000000e-01
      vertex 1.622724e+01 -4.809569e+01 6.000000e-01
    endloop
  endfacet
  facet normal 0.000000e+00 0.000000e+00 1.000000e+00
    outer loop
      vertex 1.620337e+01 -4.814693e+01 6.000000e-01
      vertex 1.617776e+01 -4.813501e+01 6.000000e-01
      vertex 1.616583e+01 -4.816063e+01 6.000000e-01
    endloop
  endfacet
  facet normal 0.000000e+00 0.000000e+00 1.000000e+00
    outer loop
      vertex 1.620337e+01 -4.814693e+01 6.000000e-01
      vertex 1.616583e+01 -4.816063e+01 6.000000e-01
      vertex 1.619144e+01 -4.817256e+01 6.000000e-01
    endloop
  endfacet
  facet normal 0.000000e+00 0.000000e+00 1.000000e+00
    outer loop
      vertex 1.616583e+01 -4.816063e+01 6.000000e-01
      vertex 1.615302e+01 -4.815467e+01 6.000000e-01
      vertex 1.614706e+01 -4.816748e+01 6.000000e-01
    endloop
  endfacet
  facet normal 0.000000e+00 0.000000e+00 1.000000e+00
    outer loop
      vertex 1.616583e+01 -4.816063e+01 6.000000e-01
      vertex 1.614706e+01 -4.816748e+01 6.000000e-01
      vertex 1.615986e+01 -4.817344e+01 6.000000e-01
    endloop
  endfacet
  facet normal 0.000000e+00 0.000000e+00 1.000000e+00
    outer loop
      vertex 1.615302e+01 -4.815467e+01 6.000000e-01
      vertex 1.614022e+01 -4.814870e+01 6.000000e-01
      vertex 1.613425e+01 -4.816151e+01 6.000000e-01
    endloop
  endfacet
  facet normal 0.000000e+00 0.000000e+00 1.000000e+00
    outer loop
      vertex 1.615302e+01 -4.815467e+01 6.000000e-01
      vertex 1.613425e+01 -4.816151e+01 6.000000e-01
      vertex 1.614706e+01 -4.816748e+01 6.000000e-01
    endloop
  endfacet
  facet normal 0.000000e+00 0.000000e+00 1.000000e+00
    outer loop
      vertex 1.615302e+01 -4.815467e+01 6.000000e-01
      vertex 1.615215e+01 -4.812308e+01 6.000000e-01
      vertex 1.614022e+01 -4.814870e+01 6.000000e-01
    endloop
  endfacet
  facet normal 0.000000e+00 0.000000e+00 1.000000e+00
    outer loop
      vertex 1.617776e+01 -4.813501e+01 6.000000e-01
      vertex 1.615302e+01 -4.815467e+01 6.000000e-01
      vertex 1.616583e+01 -4.816063e+01 6.000000e-01
    endloop
  endfacet
  facet normal 0.000000e+00 0.000000e+00 1.000000e+00
    outer loop
      vertex 1.615215e+01 -4.812308e+01 6.000000e-01
      vertex 1.615302e+01 -4.815467e+01 6.000000e-01
      vertex 1.617776e+01 -4.813501e+01 6.000000e-01
    endloop
  endfacet
  facet normal 0.000000e+00 0.000000e+00 1.000000e+00
    outer loop
      vertex 1.615215e+01 -4.812308e+01 6.000000e-01
      vertex 1.612654e+01 -4.811115e+01 6.000000e-01
      vertex 1.611461e+01 -4.813678e+01 6.000000e-01
    endloop
  endfacet
  facet normal 0.000000e+00 0.000000e+00 1.000000e+00
    outer loop
      vertex 1.615215e+01 -4.812308e+01 6.000000e-01
      vertex 1.611461e+01 -4.813678e+01 6.000000e-01
      vertex 1.614022e+01 -4.814870e+01 6.000000e-01
    endloop
  endfacet
  facet normal 0.000000e+00 0.000000e+00 1.000000e+00
    outer loop
      vertex 1.612654e+01 -4.811115e+01 6.000000e-01
      vertex 1.610093e+01 -4.809922e+01 6.000000e-01
      vertex 1.608900e+01 -4.812484e+01 6.000000e-01
    endloop
  endfacet
  facet normal 0.000000e+00 0.000000e+00 1.000000e+00
    outer loop
      vertex 1.612654e+01 -4.811115e+01 6.000000e-01
      vertex 1.608900e+01 -4.812484e+01 6.000000e-01
      vertex 1.611461e+01 -4.813678e+01 6.000000e-01
    endloop
  endfacet
  facet normal 0.000000e+00 0.000000e+00 1.000000e+00
    outer loop
      vertex 1.612654e+01 -4.811115e+01 6.000000e-01
      vertex 1.612480e+01 -4.804798e+01 6.000000e-01
      vertex 1.610093e+01 -4.809922e+01 6.000000e-01
    endloop
  endfacet
  facet normal 0.000000e+00 0.000000e+00 1.000000e+00
    outer loop
      vertex 1.617602e+01 -4.807183e+01 6.000000e-01
      vertex 1.612654e+01 -4.811115e+01 6.000000e-01
      vertex 1.615215e+01 -4.812308e+01 6.000000e-01
    endloop
  endfacet
  facet normal 0.000000e+00 0.000000e+00 1.000000e+00
    outer loop
      vertex 1.612480e+01 -4.804798e+01 6.000000e-01
      vertex 1.612654e+01 -4.811115e+01 6.000000e-01
      vertex 1.617602e+01 -4.807183e+01 6.000000e-01
    endloop
  endfacet
  facet normal 0.000000e+00 0.000000e+00 1.000000e+00
    outer loop
      vertex 1.612480e+01 -4.804798e+01 6.000000e-01
      vertex 1.607358e+01 -4.802413e+01 6.000000e-01
      vertex 1.604971e+01 -4.807537e+01 6.000000e-01
    endloop
  endfacet
  facet normal 0.000000e+00 0.000000e+00 1.000000e+00
    outer loop
      vertex 1.612480e+01 -4.804798e+01 6.000000e-01
      vertex 1.604971e+01 -4.807537e+01 6.000000e-01
      vertex 1.610093e+01 -4.809922e+01 6.000000e-01
    endloop
  endfacet
  facet normal 0.000000e+00 0.000000e+00 1.000000e+00
    outer loop
      vertex 1.607358e+01 -4.802413e+01 6.000000e-01
      vertex 1.602236e+01 -4.800027e+01 6.000000e-01
      vertex 1.599849e+01 -4.805152e+01 6.000000e-01
    endloop
  endfacet
  facet normal 0.000000e+00 0.000000e+00 1.000000e+00
    outer loop
      vertex 1.607358e+01 -4.802413e+01 6.000000e-01
      vertex 1.599849e+01 -4.805152e+01 6.000000e-01
      vertex 1.604971e+01 -4.807537e+01 6.000000e-01
    endloop
  endfacet
  facet normal 0.000000e+00 0.000000e+00 1.000000e+00
    outer loop
      vertex 1.612480e+01 -4.804798e+01 6.000000e-01
      vertex 1.607009e+01 -4.789778e+01 6.000000e-01
      vertex 1.607358e+01 -4.802413e+01 6.000000e-01
    endloop
  endfacet
  facet normal 0.000000e+00 0.000000e+00 1.000000e+00
    outer loop
      vertex 1.607358e+01 -4.802413e+01 6.000000e-01
      vertex 1.607009e+01 -4.789778e+01 6.000000e-01
      vertex 1.602236e+01 -4.800027e+01 6.000000e-01
    endloop
  endfacet
  facet normal 0.000000e+00 0.000000e+00 1.000000e+00
    outer loop
      vertex 1.607009e+01 -4.789778e+01 6.000000e-01
      vertex 1.596765e+01 -4.785007e+01 6.000000e-01
      vertex 1.591992e+01 -4.795256e+01 6.000000e-01
    endloop
  endfacet
  facet normal 0.000000e+00 0.000000e+00 1.000000e+00
    outer loop
      vertex 1.607009e+01 -4.789778e+01 6.000000e-01
      vertex 1.591992e+01 -4.795256e+01 6.000000e-01
      vertex 1.602236e+01 -4.800027e+01 6.000000e-01
    endloop
  endfacet
  facet normal 0.000000e+00 0.000000e+00 1.000000e+00
    outer loop
      vertex 1.596765e+01 -4.785007e+01 6.000000e-01
      vertex 1.586521e+01 -4.780236e+01 6.000000e-01
      vertex 1.581747e+01 -4.790485e+01 6.000000e-01
    endloop
  endfacet
  facet normal 0.000000e+00 0.000000e+00 1.000000e+00
    outer loop
      vertex 1.596765e+01 -4.785007e+01 6.000000e-01
      vertex 1.581747e+01 -4.790485e+01 6.000000e-01
      vertex 1.591992e+01 -4.795256e+01 6.000000e-01
    endloop
  endfacet
  facet normal 0.000000e+00 0.000000e+00 1.000000e+00
    outer loop
      vertex 1.611782e+01 -4.779528e+01 6.000000e-01
      vertex 1.596765e+01 -4.785007e+01 6.000000e-01
      vertex 1.607009e+01 -4.789778e+01 6.000000e-01
    endloop
  endfacet
  facet normal 0.000000e+00 0.000000e+00 1.000000e+00
    outer loop
      vertex 1.596765e+01 -4.785007e+01 6.000000e-01
      vertex 1.596067e+01 -4.759738e+01 6.000000e-01
      vertex 1.586521e+01 -4.780236e+01 6.000000e-01
    endloop
  endfacet
  facet normal 0.000000e+00 0.000000e+00 1.000000e+00
    outer loop
      vertex 1.596067e+01 -4.759738e+01 6.000000e-01
      vertex 1.611782e+01 -4.779528e+01 6.000000e-01
      vertex 1.616555e+01 -4.769280e+01 6.000000e-01
    endloop
  endfacet
  facet normal 0.000000e+00 0.000000e+00 1.000000e+00
    outer loop
      vertex 1.611782e+01 -4.779528e+01 6.000000e-01
      vertex 1.596067e+01 -4.759738e+01 6.000000e-01
      vertex 1.596765e+01 -4.785007e+01 6.000000e-01
    endloop
  endfacet
  facet normal 0.000000e+00 0.000000e+00 1.000000e+00
    outer loop
      vertex 1.596067e+01 -4.759738e+01 6.000000e-01
      vertex 1.575579e+01 -4.750196e+01 6.000000e-01
      vertex 1.566032e+01 -4.770694e+01 6.000000e-01
    endloop
  endfacet
  facet normal 0.000000e+00 0.000000e+00 1.000000e+00
    outer loop
      vertex 1.596067e+01 -4.759738e+01 6.000000e-01
      vertex 1.566032e+01 -4.770694e+01 6.000000e-01
      vertex 1.586521e+01 -4.780236e+01 6.000000e-01
    endloop
  endfacet
  facet normal 0.000000e+00 0.000000e+00 1.000000e+00
    outer loop
      vertex 1.575579e+01 -4.750196e+01 6.000000e-01
      vertex 1.555091e+01 -4.740654e+01 6.000000e-01
      vertex 1.545544e+01 -4.761152e+01 6.000000e-01
    endloop
  endfacet
  facet normal 0.000000e+00 0.000000e+00 1.000000e+00
    outer loop
      vertex 1.575579e+01 -4.750196e+01 6.000000e-01
      vertex 1.545544e+01 -4.761152e+01 6.000000e-01
      vertex 1.566032e+01 -4.770694e+01 6.000000e-01
    endloop
  endfacet
  facet normal 0.000000e+00 0.000000e+00 1.000000e+00
    outer loop
      vertex 1.605614e+01 -4.739240e+01 6.000000e-01
      vertex 1.575579e+01 -4.750196e+01 6.000000e-01
      vertex 1.596067e+01 -4.759738e+01 6.000000e-01
    endloop
  endfacet
  facet normal 0.000000e+00 0.000000e+00 1.000000e+00
    outer loop
      vertex 1.575579e+01 -4.750196e+01 6.000000e-01
      vertex 1.574184e+01 -4.699658e+01 6.000000e-01
      vertex 1.555091e+01 -4.740654e+01 6.000000e-01
    endloop
  endfacet
  facet normal 0.000000e+00 0.000000e+00 1.000000e+00
    outer loop
      vertex 1.574184e+01 -4.699658e+01 6.000000e-01
      vertex 1.605614e+01 -4.739240e+01 6.000000e-01
      vertex 1.615160e+01 -4.718741e+01 6.000000e-01
    endloop
  endfacet
  facet normal 0.000000e+00 0.000000e+00 1.000000e+00
    outer loop
      vertex 1.605614e+01 -4.739240e+01 6.000000e-01
      vertex 1.574184e+01 -4.699658e+01 6.000000e-01
      vertex 1.575579e+01 -4.750196e+01 6.000000e-01
    endloop
  endfacet
  facet normal 0.000000e+00 0.000000e+00 1.000000e+00
    outer loop
      vertex 1.574184e+01 -4.699658e+01 6.000000e-01
      vertex 1.533207e+01 -4.680574e+01 6.000000e-01
      vertex 1.514114e+01 -4.721570e+01 6.000000e-01
    endloop
  endfacet
  facet normal 0.000000e+00 0.000000e+00 1.000000e+00
    outer loop
      vertex 1.574184e+01 -4.699658e+01 6.000000e-01
      vertex 1.514114e+01 -4.721570e+01 6.000000e-01
      vertex 1.555091e+01 -4.740654e+01 6.000000e-01
    endloop
  endfacet
  facet normal 0.000000e+00 0.000000e+00 1.000000e+00
    outer loop
      vertex 1.533207e+01 -4.680574e+01 6.000000e-01
      vertex 1.492230e+01 -4.661490e+01 6.000000e-01
      vertex 1.473137e+01 -4.702486e+01 6.000000e-01
    endloop
  endfacet
  facet normal 0.000000e+00 0.000000e+00 1.000000e+00
    outer loop
      vertex 1.533207e+01 -4.680574e+01 6.000000e-01
      vertex 1.473137e+01 -4.702486e+01 6.000000e-01
      vertex 1.514114e+01 -4.721570e+01 6.000000e-01
    endloop
  endfacet
  facet normal 0.000000e+00 0.000000e+00 1.000000e+00
    outer loop
      vertex 1.632968e+01 -4.814340e+01 6.000000e-01
      vertex 1.627846e+01 -4.811954e+01 6.000000e-01
      vertex 1.625459e+01 -4.817079e+01 6.000000e-01
    endloop
  endfacet
  facet normal 0.000000e+00 0.000000e+00 1.000000e+00
    outer loop
      vertex 1.632968e+01 -4.814340e+01 6.000000e-01
      vertex 1.625459e+01 -4.817079e+01 6.000000e-01
      vertex 1.630581e+01 -4.819464e+01 6.000000e-01
    endloop
  endfacet
  facet normal 0.000000e+00 0.000000e+00 1.000000e+00
    outer loop
      vertex 1.627846e+01 -4.811954e+01 6.000000e-01
      vertex 1.622724e+01 -4.809569e+01 6.000000e-01
      vertex 1.620337e+01 -4.814693e+01 6.000000e-01
    endloop
  endfacet
  facet normal 0.000000e+00 0.000000e+00 1.000000e+00
    outer loop
      vertex 1.627846e+01 -4.811954e+01 6.000000e-01
      vertex 1.620337e+01 -4.814693e+01 6.000000e-01
      vertex 1.625459e+01 -4.817079e+01 6.000000e-01
    endloop
  endfacet
  facet normal 0.000000e+00 0.000000e+00 1.000000e+00
    outer loop
      vertex 1.197023e+01 -4.224673e+01 6.000000e-01
      vertex 1.240790e+01 -4.344834e+01 6.000000e-01
      vertex 1.278976e+01 -4.262841e+01 6.000000e-01
    endloop
  endfacet
  facet normal 0.000000e+00 0.000000e+00 1.000000e+00
    outer loop
      vertex 2.416077e+01 -4.792418e+01 6.000000e-01
      vertex 2.405832e+01 -4.787647e+01 6.000000e-01
      vertex 2.401059e+01 -4.797895e+01 6.000000e-01
    endloop
  endfacet
  facet normal 0.000000e+00 0.000000e+00 1.000000e+00
    outer loop
      vertex 2.416077e+01 -4.792418e+01 6.000000e-01
      vertex 2.401059e+01 -4.797895e+01 6.000000e-01
      vertex 2.411303e+01 -4.802667e+01 6.000000e-01
    endloop
  endfacet
  facet normal 0.000000e+00 0.000000e+00 1.000000e+00
    outer loop
      vertex 2.388864e+01 -4.814042e+01 6.000000e-01
      vertex 2.387584e+01 -4.813446e+01 6.000000e-01
      vertex 2.386987e+01 -4.814727e+01 6.000000e-01
    endloop
  endfacet
  facet normal 0.000000e+00 0.000000e+00 1.000000e+00
    outer loop
      vertex 2.388864e+01 -4.814042e+01 6.000000e-01
      vertex 2.386987e+01 -4.814727e+01 6.000000e-01
      vertex 2.388268e+01 -4.815323e+01 6.000000e-01
    endloop
  endfacet
  facet normal 0.000000e+00 0.000000e+00 1.000000e+00
    outer loop
      vertex 2.388777e+01 -4.810884e+01 6.000000e-01
      vertex 2.386216e+01 -4.809691e+01 6.000000e-01
      vertex 2.385023e+01 -4.812253e+01 6.000000e-01
    endloop
  endfacet
  facet normal 0.000000e+00 0.000000e+00 1.000000e+00
    outer loop
      vertex 2.388777e+01 -4.810884e+01 6.000000e-01
      vertex 2.385023e+01 -4.812253e+01 6.000000e-01
      vertex 2.387584e+01 -4.813446e+01 6.000000e-01
    endloop
  endfacet
  facet normal 0.000000e+00 0.000000e+00 1.000000e+00
    outer loop
      vertex 2.386987e+01 -4.814727e+01 6.000000e-01
      vertex 2.385110e+01 -4.815412e+01 6.000000e-01
      vertex 2.386391e+01 -4.816008e+01 6.000000e-01
    endloop
  endfacet
  facet normal 0.000000e+00 0.000000e+00 1.000000e+00
    outer loop
      vertex 2.385110e+01 -4.815412e+01 6.000000e-01
      vertex 2.385023e+01 -4.812253e+01 6.000000e-01
      vertex 2.383830e+01 -4.814816e+01 6.000000e-01
    endloop
  endfacet
  facet normal 0.000000e+00 0.000000e+00 1.000000e+00
    outer loop
      vertex 2.385023e+01 -4.812253e+01 6.000000e-01
      vertex 2.386987e+01 -4.814727e+01 6.000000e-01
      vertex 2.387584e+01 -4.813446e+01 6.000000e-01
    endloop
  endfacet
  facet normal 0.000000e+00 0.000000e+00 1.000000e+00
    outer loop
      vertex 2.386987e+01 -4.814727e+01 6.000000e-01
      vertex 2.385023e+01 -4.812253e+01 6.000000e-01
      vertex 2.385110e+01 -4.815412e+01 6.000000e-01
    endloop
  endfacet
  facet normal 0.000000e+00 0.000000e+00 1.000000e+00
    outer loop
      vertex 2.385023e+01 -4.812253e+01 6.000000e-01
      vertex 2.382462e+01 -4.811061e+01 6.000000e-01
      vertex 2.381269e+01 -4.813623e+01 6.000000e-01
    endloop
  endfacet
  facet normal 0.000000e+00 0.000000e+00 1.000000e+00
    outer loop
      vertex 2.385023e+01 -4.812253e+01 6.000000e-01
      vertex 2.381269e+01 -4.813623e+01 6.000000e-01
      vertex 2.383830e+01 -4.814816e+01 6.000000e-01
    endloop
  endfacet
  facet normal 0.000000e+00 0.000000e+00 1.000000e+00
    outer loop
      vertex 2.386216e+01 -4.809691e+01 6.000000e-01
      vertex 2.383655e+01 -4.808498e+01 6.000000e-01
      vertex 2.382462e+01 -4.811061e+01 6.000000e-01
    endloop
  endfacet
  facet normal 0.000000e+00 0.000000e+00 1.000000e+00
    outer loop
      vertex 2.386216e+01 -4.809691e+01 6.000000e-01
      vertex 2.382462e+01 -4.811061e+01 6.000000e-01
      vertex 2.385023e+01 -4.812253e+01 6.000000e-01
    endloop
  endfacet
  facet normal 0.000000e+00 0.000000e+00 1.000000e+00
    outer loop
      vertex 2.386216e+01 -4.809691e+01 6.000000e-01
      vertex 2.386042e+01 -4.803374e+01 6.000000e-01
      vertex 2.383655e+01 -4.808498e+01 6.000000e-01
    endloop
  endfacet
  facet normal 0.000000e+00 0.000000e+00 1.000000e+00
    outer loop
      vertex 2.391164e+01 -4.805759e+01 6.000000e-01
      vertex 2.386216e+01 -4.809691e+01 6.000000e-01
      vertex 2.388777e+01 -4.810884e+01 6.000000e-01
    endloop
  endfacet
  facet normal 0.000000e+00 0.000000e+00 1.000000e+00
    outer loop
      vertex 2.386042e+01 -4.803374e+01 6.000000e-01
      vertex 2.386216e+01 -4.809691e+01 6.000000e-01
      vertex 2.391164e+01 -4.805759e+01 6.000000e-01
    endloop
  endfacet
  facet normal 0.000000e+00 0.000000e+00 1.000000e+00
    outer loop
      vertex 2.386733e+01 -4.816947e+01 6.000000e-01
      vertex 2.386092e+01 -4.816649e+01 6.000000e-01
      vertex 2.385794e+01 -4.817289e+01 6.000000e-01
    endloop
  endfacet
  facet normal 0.000000e+00 0.000000e+00 1.000000e+00
    outer loop
      vertex 2.386733e+01 -4.816947e+01 6.000000e-01
      vertex 2.385794e+01 -4.817289e+01 6.000000e-01
      vertex 2.386434e+01 -4.817588e+01 6.000000e-01
    endloop
  endfacet
  facet normal 0.000000e+00 0.000000e+00 1.000000e+00
    outer loop
      vertex 2.386092e+01 -4.816649e+01 6.000000e-01
      vertex 2.384513e+01 -4.816693e+01 6.000000e-01
      vertex 2.385794e+01 -4.817289e+01 6.000000e-01
    endloop
  endfacet
  facet normal 0.000000e+00 0.000000e+00 1.000000e+00
    outer loop
      vertex 2.385110e+01 -4.815412e+01 6.000000e-01
      vertex 2.386092e+01 -4.816649e+01 6.000000e-01
      vertex 2.386391e+01 -4.816008e+01 6.000000e-01
    endloop
  endfacet
  facet normal 0.000000e+00 0.000000e+00 1.000000e+00
    outer loop
      vertex 2.384513e+01 -4.816693e+01 6.000000e-01
      vertex 2.386092e+01 -4.816649e+01 6.000000e-01
      vertex 2.385110e+01 -4.815412e+01 6.000000e-01
    endloop
  endfacet
  facet normal 0.000000e+00 0.000000e+00 1.000000e+00
    outer loop
      vertex 2.384513e+01 -4.816693e+01 6.000000e-01
      vertex 2.383233e+01 -4.816097e+01 6.000000e-01
      vertex 2.382636e+01 -4.817378e+01 6.000000e-01
    endloop
  endfacet
  facet normal 0.000000e+00 0.000000e+00 1.000000e+00
    outer loop
      vertex 2.384513e+01 -4.816693e+01 6.000000e-01
      vertex 2.382636e+01 -4.817378e+01 6.000000e-01
      vertex 2.383917e+01 -4.817974e+01 6.000000e-01
    endloop
  endfacet
  facet normal 0.000000e+00 0.000000e+00 1.000000e+00
    outer loop
      vertex 2.385110e+01 -4.815412e+01 6.000000e-01
      vertex 2.383830e+01 -4.814816e+01 6.000000e-01
      vertex 2.383233e+01 -4.816097e+01 6.000000e-01
    endloop
  endfacet
  facet normal 0.000000e+00 0.000000e+00 1.000000e+00
    outer loop
      vertex 2.385110e+01 -4.815412e+01 6.000000e-01
      vertex 2.383233e+01 -4.816097e+01 6.000000e-01
      vertex 2.384513e+01 -4.816693e+01 6.000000e-01
    endloop
  endfacet
  facet normal 0.000000e+00 0.000000e+00 1.000000e+00
    outer loop
      vertex 2.383233e+01 -4.816097e+01 6.000000e-01
      vertex 2.380075e+01 -4.816185e+01 6.000000e-01
      vertex 2.382636e+01 -4.817378e+01 6.000000e-01
    endloop
  endfacet
  facet normal 0.000000e+00 0.000000e+00 1.000000e+00
    outer loop
      vertex 2.381269e+01 -4.813623e+01 6.000000e-01
      vertex 2.383233e+01 -4.816097e+01 6.000000e-01
      vertex 2.383830e+01 -4.814816e+01 6.000000e-01
    endloop
  endfacet
  facet normal 0.000000e+00 0.000000e+00 1.000000e+00
    outer loop
      vertex 2.380075e+01 -4.816185e+01 6.000000e-01
      vertex 2.383233e+01 -4.816097e+01 6.000000e-01
      vertex 2.381269e+01 -4.813623e+01 6.000000e-01
    endloop
  endfacet
  facet normal 0.000000e+00 0.000000e+00 1.000000e+00
    outer loop
      vertex 2.380075e+01 -4.816185e+01 6.000000e-01
      vertex 2.373760e+01 -4.816362e+01 6.000000e-01
      vertex 2.378882e+01 -4.818747e+01 6.000000e-01
    endloop
  endfacet
  facet normal 0.000000e+00 0.000000e+00 1.000000e+00
    outer loop
      vertex 2.376146e+01 -4.811238e+01 6.000000e-01
      vertex 2.380075e+01 -4.816185e+01 6.000000e-01
      vertex 2.381269e+01 -4.813623e+01 6.000000e-01
    endloop
  endfacet
  facet normal 0.000000e+00 0.000000e+00 1.000000e+00
    outer loop
      vertex 2.373760e+01 -4.816362e+01 6.000000e-01
      vertex 2.380075e+01 -4.816185e+01 6.000000e-01
      vertex 2.376146e+01 -4.811238e+01 6.000000e-01
    endloop
  endfacet
  facet normal 0.000000e+00 0.000000e+00 1.000000e+00
    outer loop
      vertex 2.373760e+01 -4.816362e+01 6.000000e-01
      vertex 2.368638e+01 -4.813977e+01 6.000000e-01
      vertex 2.366251e+01 -4.819101e+01 6.000000e-01
    endloop
  endfacet
  facet normal 0.000000e+00 0.000000e+00 1.000000e+00
    outer loop
      vertex 2.373760e+01 -4.816362e+01 6.000000e-01
      vertex 2.366251e+01 -4.819101e+01 6.000000e-01
      vertex 2.371373e+01 -4.821486e+01 6.000000e-01
    endloop
  endfacet
  facet normal 0.000000e+00 0.000000e+00 1.000000e+00
    outer loop
      vertex 2.376146e+01 -4.811238e+01 6.000000e-01
      vertex 2.371024e+01 -4.808852e+01 6.000000e-01
      vertex 2.368638e+01 -4.813977e+01 6.000000e-01
    endloop
  endfacet
  facet normal 0.000000e+00 0.000000e+00 1.000000e+00
    outer loop
      vertex 2.376146e+01 -4.811238e+01 6.000000e-01
      vertex 2.368638e+01 -4.813977e+01 6.000000e-01
      vertex 2.373760e+01 -4.816362e+01 6.000000e-01
    endloop
  endfacet
  facet normal 0.000000e+00 0.000000e+00 1.000000e+00
    outer loop
      vertex 2.386042e+01 -4.803374e+01 6.000000e-01
      vertex 2.380920e+01 -4.800988e+01 6.000000e-01
      vertex 2.378533e+01 -4.806113e+01 6.000000e-01
    endloop
  endfacet
  facet normal 0.000000e+00 0.000000e+00 1.000000e+00
    outer loop
      vertex 2.386042e+01 -4.803374e+01 6.000000e-01
      vertex 2.378533e+01 -4.806113e+01 6.000000e-01
      vertex 2.383655e+01 -4.808498e+01 6.000000e-01
    endloop
  endfacet
  facet normal 0.000000e+00 0.000000e+00 1.000000e+00
    outer loop
      vertex 2.382462e+01 -4.811061e+01 6.000000e-01
      vertex 2.376146e+01 -4.811238e+01 6.000000e-01
      vertex 2.381269e+01 -4.813623e+01 6.000000e-01
    endloop
  endfacet
  facet normal 0.000000e+00 0.000000e+00 1.000000e+00
    outer loop
      vertex 2.378533e+01 -4.806113e+01 6.000000e-01
      vertex 2.382462e+01 -4.811061e+01 6.000000e-01
      vertex 2.383655e+01 -4.808498e+01 6.000000e-01
    endloop
  endfacet
  facet normal 0.000000e+00 0.000000e+00 1.000000e+00
    outer loop
      vertex 2.376146e+01 -4.811238e+01 6.000000e-01
      vertex 2.382462e+01 -4.811061e+01 6.000000e-01
      vertex 2.378533e+01 -4.806113e+01 6.000000e-01
    endloop
  endfacet
  facet normal 0.000000e+00 0.000000e+00 1.000000e+00
    outer loop
      vertex 2.378533e+01 -4.806113e+01 6.000000e-01
      vertex 2.373411e+01 -4.803727e+01 6.000000e-01
      vertex 2.371024e+01 -4.808852e+01 6.000000e-01
    endloop
  endfacet
  facet normal 0.000000e+00 0.000000e+00 1.000000e+00
    outer loop
      vertex 2.378533e+01 -4.806113e+01 6.000000e-01
      vertex 2.371024e+01 -4.808852e+01 6.000000e-01
      vertex 2.376146e+01 -4.811238e+01 6.000000e-01
    endloop
  endfacet
  facet normal 0.000000e+00 0.000000e+00 1.000000e+00
    outer loop
      vertex 2.380920e+01 -4.800988e+01 6.000000e-01
      vertex 2.375798e+01 -4.798603e+01 6.000000e-01
      vertex 2.373411e+01 -4.803727e+01 6.000000e-01
    endloop
  endfacet
  facet normal 0.000000e+00 0.000000e+00 1.000000e+00
    outer loop
      vertex 2.380920e+01 -4.800988e+01 6.000000e-01
      vertex 2.373411e+01 -4.803727e+01 6.000000e-01
      vertex 2.378533e+01 -4.806113e+01 6.000000e-01
    endloop
  endfacet
  facet normal 0.000000e+00 0.000000e+00 1.000000e+00
    outer loop
      vertex 2.405832e+01 -4.787647e+01 6.000000e-01
      vertex 2.395588e+01 -4.782875e+01 6.000000e-01
      vertex 2.390815e+01 -4.793125e+01 6.000000e-01
    endloop
  endfacet
  facet normal 0.000000e+00 0.000000e+00 1.000000e+00
    outer loop
      vertex 2.405832e+01 -4.787647e+01 6.000000e-01
      vertex 2.390815e+01 -4.793125e+01 6.000000e-01
      vertex 2.401059e+01 -4.797895e+01 6.000000e-01
    endloop
  endfacet
  facet normal 0.000000e+00 0.000000e+00 1.000000e+00
    outer loop
      vertex 2.391164e+01 -4.805759e+01 6.000000e-01
      vertex 2.390815e+01 -4.793125e+01 6.000000e-01
      vertex 2.386042e+01 -4.803374e+01 6.000000e-01
    endloop
  endfacet
  facet normal 0.000000e+00 0.000000e+00 1.000000e+00
    outer loop
      vertex 2.401059e+01 -4.797895e+01 6.000000e-01
      vertex 2.391164e+01 -4.805759e+01 6.000000e-01
      vertex 2.396286e+01 -4.808145e+01 6.000000e-01
    endloop
  endfacet
  facet normal 0.000000e+00 0.000000e+00 1.000000e+00
    outer loop
      vertex 2.390815e+01 -4.793125e+01 6.000000e-01
      vertex 2.391164e+01 -4.805759e+01 6.000000e-01
      vertex 2.401059e+01 -4.797895e+01 6.000000e-01
    endloop
  endfacet
  facet normal 0.000000e+00 0.000000e+00 1.000000e+00
    outer loop
      vertex 2.395588e+01 -4.782875e+01 6.000000e-01
      vertex 2.385344e+01 -4.778105e+01 6.000000e-01
      vertex 2.380571e+01 -4.788353e+01 6.000000e-01
    endloop
  endfacet
  facet normal 0.000000e+00 0.000000e+00 1.000000e+00
    outer loop
      vertex 2.395588e+01 -4.782875e+01 6.000000e-01
      vertex 2.380571e+01 -4.788353e+01 6.000000e-01
      vertex 2.390815e+01 -4.793125e+01 6.000000e-01
    endloop
  endfacet
  facet normal 0.000000e+00 0.000000e+00 1.000000e+00
    outer loop
      vertex 2.424925e+01 -4.746650e+01 6.000000e-01
      vertex 2.423530e+01 -4.696112e+01 6.000000e-01
      vertex 2.404437e+01 -4.737108e+01 6.000000e-01
    endloop
  endfacet
  facet normal 0.000000e+00 0.000000e+00 1.000000e+00
    outer loop
      vertex 2.464507e+01 -4.715196e+01 6.000000e-01
      vertex 2.424925e+01 -4.746650e+01 6.000000e-01
      vertex 2.445414e+01 -4.756192e+01 6.000000e-01
    endloop
  endfacet
  facet normal 0.000000e+00 0.000000e+00 1.000000e+00
    outer loop
      vertex 2.423530e+01 -4.696112e+01 6.000000e-01
      vertex 2.424925e+01 -4.746650e+01 6.000000e-01
      vertex 2.464507e+01 -4.715196e+01 6.000000e-01
    endloop
  endfacet
  facet normal 0.000000e+00 0.000000e+00 1.000000e+00
    outer loop
      vertex 2.445414e+01 -4.756192e+01 6.000000e-01
      vertex 2.424925e+01 -4.746650e+01 6.000000e-01
      vertex 2.415379e+01 -4.767148e+01 6.000000e-01
    endloop
  endfacet
  facet normal 0.000000e+00 0.000000e+00 1.000000e+00
    outer loop
      vertex 2.445414e+01 -4.756192e+01 6.000000e-01
      vertex 2.415379e+01 -4.767148e+01 6.000000e-01
      vertex 2.435867e+01 -4.776690e+01 6.000000e-01
    endloop
  endfacet
  facet normal 0.000000e+00 0.000000e+00 1.000000e+00
    outer loop
      vertex 2.395588e+01 -4.782875e+01 6.000000e-01
      vertex 2.394891e+01 -4.757606e+01 6.000000e-01
      vertex 2.385344e+01 -4.778105e+01 6.000000e-01
    endloop
  endfacet
  facet normal 0.000000e+00 0.000000e+00 1.000000e+00
    outer loop
      vertex 2.415379e+01 -4.767148e+01 6.000000e-01
      vertex 2.395588e+01 -4.782875e+01 6.000000e-01
      vertex 2.405832e+01 -4.787647e+01 6.000000e-01
    endloop
  endfacet
  facet normal 0.000000e+00 0.000000e+00 1.000000e+00
    outer loop
      vertex 2.394891e+01 -4.757606e+01 6.000000e-01
      vertex 2.395588e+01 -4.782875e+01 6.000000e-01
      vertex 2.415379e+01 -4.767148e+01 6.000000e-01
    endloop
  endfacet
  facet normal 0.000000e+00 0.000000e+00 1.000000e+00
    outer loop
      vertex 2.424925e+01 -4.746650e+01 6.000000e-01
      vertex 2.404437e+01 -4.737108e+01 6.000000e-01
      vertex 2.394891e+01 -4.757606e+01 6.000000e-01
    endloop
  endfacet
  facet normal 0.000000e+00 0.000000e+00 1.000000e+00
    outer loop
      vertex 2.424925e+01 -4.746650e+01 6.000000e-01
      vertex 2.394891e+01 -4.757606e+01 6.000000e-01
      vertex 2.415379e+01 -4.767148e+01 6.000000e-01
    endloop
  endfacet
  facet normal 0.000000e+00 0.000000e+00 1.000000e+00
    outer loop
      vertex 2.373007e+01 -4.697526e+01 6.000000e-01
      vertex 2.423530e+01 -4.696112e+01 6.000000e-01
      vertex 2.382554e+01 -4.677028e+01 6.000000e-01
    endloop
  endfacet
  facet normal 0.000000e+00 0.000000e+00 1.000000e+00
    outer loop
      vertex 2.404437e+01 -4.737108e+01 6.000000e-01
      vertex 2.373007e+01 -4.697526e+01 6.000000e-01
      vertex 2.363461e+01 -4.718024e+01 6.000000e-01
    endloop
  endfacet
  facet normal 0.000000e+00 0.000000e+00 1.000000e+00
    outer loop
      vertex 2.423530e+01 -4.696112e+01 6.000000e-01
      vertex 2.373007e+01 -4.697526e+01 6.000000e-01
      vertex 2.404437e+01 -4.737108e+01 6.000000e-01
    endloop
  endfacet
  facet normal 0.000000e+00 0.000000e+00 1.000000e+00
    outer loop
      vertex 2.622832e+01 -4.589378e+01 6.000000e-01
      vertex 2.502693e+01 -4.633203e+01 6.000000e-01
      vertex 2.584646e+01 -4.671370e+01 6.000000e-01
    endloop
  endfacet
  facet normal 0.000000e+00 0.000000e+00 1.000000e+00
    outer loop
      vertex 1.677139e+01 -3.300840e+01 6.000000e-01
      vertex 1.662122e+01 -3.306319e+01 6.000000e-01
      vertex 1.672366e+01 -3.311090e+01 6.000000e-01
    endloop
  endfacet
  facet normal 0.000000e+00 0.000000e+00 1.000000e+00
    outer loop
      vertex 1.662122e+01 -3.306319e+01 6.000000e-01
      vertex 1.651878e+01 -3.301548e+01 6.000000e-01
      vertex 1.647104e+01 -3.311797e+01 6.000000e-01
    endloop
  endfacet
  facet normal 0.000000e+00 0.000000e+00 1.000000e+00
    outer loop
      vertex 1.662122e+01 -3.306319e+01 6.000000e-01
      vertex 1.647104e+01 -3.311797e+01 6.000000e-01
      vertex 1.657349e+01 -3.316568e+01 6.000000e-01
    endloop
  endfacet
  facet normal 0.000000e+00 0.000000e+00 1.000000e+00
    outer loop
      vertex 1.626616e+01 -3.302255e+01 6.000000e-01
      vertex 1.576093e+01 -3.303669e+01 6.000000e-01
      vertex 1.617070e+01 -3.322753e+01 6.000000e-01
    endloop
  endfacet
  facet normal 0.000000e+00 0.000000e+00 1.000000e+00
    outer loop
      vertex 1.595186e+01 -3.262673e+01 6.000000e-01
      vertex 1.626616e+01 -3.302255e+01 6.000000e-01
      vertex 1.636163e+01 -3.281757e+01 6.000000e-01
    endloop
  endfacet
  facet normal 0.000000e+00 0.000000e+00 1.000000e+00
    outer loop
      vertex 1.576093e+01 -3.303669e+01 6.000000e-01
      vertex 1.626616e+01 -3.302255e+01 6.000000e-01
      vertex 1.595186e+01 -3.262673e+01 6.000000e-01
    endloop
  endfacet
  facet normal 0.000000e+00 0.000000e+00 1.000000e+00
    outer loop
      vertex 1.595186e+01 -3.262673e+01 6.000000e-01
      vertex 1.535116e+01 -3.284585e+01 6.000000e-01
      vertex 1.576093e+01 -3.303669e+01 6.000000e-01
    endloop
  endfacet
  facet normal 0.000000e+00 0.000000e+00 1.000000e+00
    outer loop
      vertex 2.840787e+01 -3.693115e+01 6.000000e-01
      vertex 2.758833e+01 -3.654947e+01 6.000000e-01
      vertex 2.720647e+01 -3.736940e+01 6.000000e-01
    endloop
  endfacet
  facet normal 0.000000e+00 0.000000e+00 1.000000e+00
    outer loop
      vertex 2.840787e+01 -3.693115e+01 6.000000e-01
      vertex 2.720647e+01 -3.736940e+01 6.000000e-01
      vertex 2.802601e+01 -3.775108e+01 6.000000e-01
    endloop
  endfacet
  facet normal 0.000000e+00 0.000000e+00 1.000000e+00
    outer loop
      vertex 2.374916e+01 -3.301538e+01 6.000000e-01
      vertex 2.425440e+01 -3.300123e+01 6.000000e-01
      vertex 2.384463e+01 -3.281040e+01 6.000000e-01
    endloop
  endfacet
  facet normal 0.000000e+00 0.000000e+00 1.000000e+00
    outer loop
      vertex 2.406347e+01 -3.341120e+01 6.000000e-01
      vertex 2.374916e+01 -3.301538e+01 6.000000e-01
      vertex 2.365370e+01 -3.322036e+01 6.000000e-01
    endloop
  endfacet
  facet normal 0.000000e+00 0.000000e+00 1.000000e+00
    outer loop
      vertex 2.425440e+01 -3.300123e+01 6.000000e-01
      vertex 2.374916e+01 -3.301538e+01 6.000000e-01
      vertex 2.406347e+01 -3.341120e+01 6.000000e-01
    endloop
  endfacet
  facet normal 0.000000e+00 0.000000e+00 1.000000e+00
    outer loop
      vertex 2.384463e+01 -3.281040e+01 6.000000e-01
      vertex 2.363975e+01 -3.271498e+01 6.000000e-01
      vertex 2.354428e+01 -3.291996e+01 6.000000e-01
    endloop
  endfacet
  facet normal 0.000000e+00 0.000000e+00 1.000000e+00
    outer loop
      vertex 2.384463e+01 -3.281040e+01 6.000000e-01
      vertex 2.354428e+01 -3.291996e+01 6.000000e-01
      vertex 2.374916e+01 -3.301538e+01 6.000000e-01
    endloop
  endfacet
  facet normal 0.000000e+00 0.000000e+00 1.000000e+00
    outer loop
      vertex 2.354428e+01 -3.291996e+01 6.000000e-01
      vertex 2.365370e+01 -3.322036e+01 6.000000e-01
      vertex 2.374916e+01 -3.301538e+01 6.000000e-01
    endloop
  endfacet
  facet normal 0.000000e+00 0.000000e+00 1.000000e+00
    outer loop
      vertex 2.444533e+01 -3.259127e+01 6.000000e-01
      vertex 2.403556e+01 -3.240043e+01 6.000000e-01
      vertex 2.384463e+01 -3.281040e+01 6.000000e-01
    endloop
  endfacet
  facet normal 0.000000e+00 0.000000e+00 1.000000e+00
    outer loop
      vertex 2.444533e+01 -3.259127e+01 6.000000e-01
      vertex 2.384463e+01 -3.281040e+01 6.000000e-01
      vertex 2.425440e+01 -3.300123e+01 6.000000e-01
    endloop
  endfacet
  facet normal 0.000000e+00 0.000000e+00 1.000000e+00
    outer loop
      vertex 2.413103e+01 -3.219545e+01 6.000000e-01
      vertex 2.392614e+01 -3.210003e+01 6.000000e-01
      vertex 2.383068e+01 -3.230501e+01 6.000000e-01
    endloop
  endfacet
  facet normal 0.000000e+00 0.000000e+00 1.000000e+00
    outer loop
      vertex 2.413103e+01 -3.219545e+01 6.000000e-01
      vertex 2.383068e+01 -3.230501e+01 6.000000e-01
      vertex 2.403556e+01 -3.240043e+01 6.000000e-01
    endloop
  endfacet
  facet normal 0.000000e+00 0.000000e+00 1.000000e+00
    outer loop
      vertex 1.563895e+01 -4.791408e+01 6.000000e-01
      vertex 1.608900e+01 -4.812484e+01 6.000000e-01
      vertex 1.599849e+01 -4.805152e+01 6.000000e-01
    endloop
  endfacet
  facet normal 0.000000e+00 0.000000e+00 1.000000e+00
    outer loop
      vertex 1.581747e+01 -4.790485e+01 6.000000e-01
      vertex 1.563895e+01 -4.791408e+01 6.000000e-01
      vertex 1.599849e+01 -4.805152e+01 6.000000e-01
    endloop
  endfacet
  facet normal 0.000000e+00 0.000000e+00 1.000000e+00
    outer loop
      vertex 1.599849e+01 -4.805152e+01 6.000000e-01
      vertex 1.591992e+01 -4.795256e+01 6.000000e-01
      vertex 1.581747e+01 -4.790485e+01 6.000000e-01
    endloop
  endfacet
  facet normal 0.000000e+00 0.000000e+00 1.000000e+00
    outer loop
      vertex 1.516524e+01 -4.763410e+01 6.000000e-01
      vertex 1.563895e+01 -4.791408e+01 6.000000e-01
      vertex 1.545544e+01 -4.761152e+01 6.000000e-01
    endloop
  endfacet
  facet normal 0.000000e+00 0.000000e+00 1.000000e+00
    outer loop
      vertex 1.563895e+01 -4.791408e+01 6.000000e-01
      vertex 1.581747e+01 -4.790485e+01 6.000000e-01
      vertex 1.566032e+01 -4.770694e+01 6.000000e-01
    endloop
  endfacet
  facet normal 0.000000e+00 0.000000e+00 1.000000e+00
    outer loop
      vertex 1.602236e+01 -4.800027e+01 6.000000e-01
      vertex 1.591992e+01 -4.795256e+01 6.000000e-01
      vertex 1.599849e+01 -4.805152e+01 6.000000e-01
    endloop
  endfacet
  facet normal 0.000000e+00 0.000000e+00 1.000000e+00
    outer loop
      vertex 1.611461e+01 -4.813678e+01 6.000000e-01
      vertex 1.608900e+01 -4.812484e+01 6.000000e-01
      vertex 1.613243e+01 -4.816644e+01 6.000000e-01
    endloop
  endfacet
  facet normal 0.000000e+00 0.000000e+00 1.000000e+00
    outer loop
      vertex 1.563895e+01 -4.791408e+01 6.000000e-01
      vertex 1.613243e+01 -4.816644e+01 6.000000e-01
      vertex 1.608900e+01 -4.812484e+01 6.000000e-01
    endloop
  endfacet
  facet normal 0.000000e+00 0.000000e+00 1.000000e+00
    outer loop
      vertex 1.613425e+01 -4.816151e+01 6.000000e-01
      vertex 1.614022e+01 -4.814870e+01 6.000000e-01
      vertex 1.611461e+01 -4.813678e+01 6.000000e-01
    endloop
  endfacet
  facet normal 0.000000e+00 0.000000e+00 1.000000e+00
    outer loop
      vertex 1.608900e+01 -4.812484e+01 6.000000e-01
      vertex 1.610093e+01 -4.809922e+01 6.000000e-01
      vertex 1.604971e+01 -4.807537e+01 6.000000e-01
    endloop
  endfacet
  facet normal 0.000000e+00 0.000000e+00 1.000000e+00
    outer loop
      vertex 1.604971e+01 -4.807537e+01 6.000000e-01
      vertex 1.599849e+01 -4.805152e+01 6.000000e-01
      vertex 1.608900e+01 -4.812484e+01 6.000000e-01
    endloop
  endfacet
  facet normal 0.000000e+00 0.000000e+00 1.000000e+00
    outer loop
      vertex 1.611461e+01 -4.813678e+01 6.000000e-01
      vertex 1.613243e+01 -4.816644e+01 6.000000e-01
      vertex 1.613425e+01 -4.816151e+01 6.000000e-01
    endloop
  endfacet
  facet normal 0.000000e+00 0.000000e+00 1.000000e+00
    outer loop
      vertex 1.563895e+01 -4.791408e+01 6.000000e-01
      vertex 1.566032e+01 -4.770694e+01 6.000000e-01
      vertex 1.545544e+01 -4.761152e+01 6.000000e-01
    endloop
  endfacet
  facet normal 0.000000e+00 0.000000e+00 1.000000e+00
    outer loop
      vertex 1.514114e+01 -4.721570e+01 6.000000e-01
      vertex 1.516524e+01 -4.763410e+01 6.000000e-01
      vertex 1.545544e+01 -4.761152e+01 6.000000e-01
    endloop
  endfacet
  facet normal 0.000000e+00 0.000000e+00 1.000000e+00
    outer loop
      vertex 1.581747e+01 -4.790485e+01 6.000000e-01
      vertex 1.586521e+01 -4.780236e+01 6.000000e-01
      vertex 1.566032e+01 -4.770694e+01 6.000000e-01
    endloop
  endfacet
  facet normal 0.000000e+00 0.000000e+00 1.000000e+00
    outer loop
      vertex 1.492230e+01 -4.661490e+01 6.000000e-01
      vertex 1.426725e+01 -4.698545e+01 6.000000e-01
      vertex 1.473137e+01 -4.702486e+01 6.000000e-01
    endloop
  endfacet
  facet normal 0.000000e+00 0.000000e+00 1.000000e+00
    outer loop
      vertex 1.384751e+01 -4.661902e+01 6.000000e-01
      vertex 1.426725e+01 -4.698545e+01 6.000000e-01
      vertex 1.492230e+01 -4.661490e+01 6.000000e-01
    endloop
  endfacet
  facet normal 0.000000e+00 0.000000e+00 1.000000e+00
    outer loop
      vertex 1.470740e+01 -4.732434e+01 6.000000e-01
      vertex 1.473137e+01 -4.702486e+01 6.000000e-01
      vertex 1.426725e+01 -4.698545e+01 6.000000e-01
    endloop
  endfacet
  facet normal 0.000000e+00 0.000000e+00 1.000000e+00
    outer loop
      vertex 1.618391e+01 -4.794290e+01 6.000000e-01
      vertex 1.607009e+01 -4.789778e+01 6.000000e-01
      vertex 1.612480e+01 -4.804798e+01 6.000000e-01
    endloop
  endfacet
  facet normal 0.000000e+00 0.000000e+00 1.000000e+00
    outer loop
      vertex 1.622617e+01 -4.785226e+01 6.000000e-01
      vertex 1.611782e+01 -4.779528e+01 6.000000e-01
      vertex 1.618391e+01 -4.794290e+01 6.000000e-01
    endloop
  endfacet
  facet normal 0.000000e+00 0.000000e+00 1.000000e+00
    outer loop
      vertex 1.607009e+01 -4.789778e+01 6.000000e-01
      vertex 1.618391e+01 -4.794290e+01 6.000000e-01
      vertex 1.611782e+01 -4.779528e+01 6.000000e-01
    endloop
  endfacet
  facet normal 0.000000e+00 0.000000e+00 1.000000e+00
    outer loop
      vertex 1.626102e+01 -4.748781e+01 6.000000e-01
      vertex 1.622617e+01 -4.785226e+01 6.000000e-01
      vertex 1.660648e+01 -4.703656e+01 6.000000e-01
    endloop
  endfacet
  facet normal 0.000000e+00 0.000000e+00 1.000000e+00
    outer loop
      vertex 1.618391e+01 -4.794290e+01 6.000000e-01
      vertex 1.612480e+01 -4.804798e+01 6.000000e-01
      vertex 1.617602e+01 -4.807183e+01 6.000000e-01
    endloop
  endfacet
  facet normal 0.000000e+00 0.000000e+00 1.000000e+00
    outer loop
      vertex 1.611782e+01 -4.779528e+01 6.000000e-01
      vertex 1.622617e+01 -4.785226e+01 6.000000e-01
      vertex 1.616555e+01 -4.769280e+01 6.000000e-01
    endloop
  endfacet
  facet normal 0.000000e+00 0.000000e+00 1.000000e+00
    outer loop
      vertex 1.470740e+01 -4.732434e+01 6.000000e-01
      vertex 1.516524e+01 -4.763410e+01 6.000000e-01
      vertex 1.514114e+01 -4.721570e+01 6.000000e-01
    endloop
  endfacet
  facet normal 0.000000e+00 0.000000e+00 1.000000e+00
    outer loop
      vertex 1.614706e+01 -4.816748e+01 6.000000e-01
      vertex 1.613243e+01 -4.816644e+01 6.000000e-01
      vertex 1.612876e+01 -4.817431e+01 6.000000e-01
    endloop
  endfacet
  facet normal 0.000000e+00 0.000000e+00 1.000000e+00
    outer loop
      vertex 1.614706e+01 -4.816748e+01 6.000000e-01
      vertex 1.613425e+01 -4.816151e+01 6.000000e-01
      vertex 1.613243e+01 -4.816644e+01 6.000000e-01
    endloop
  endfacet
  facet normal 0.000000e+00 0.000000e+00 1.000000e+00
    outer loop
      vertex 1.615986e+01 -4.817344e+01 6.000000e-01
      vertex 1.614706e+01 -4.816748e+01 6.000000e-01
      vertex 1.612876e+01 -4.817431e+01 6.000000e-01
    endloop
  endfacet
  facet normal 0.000000e+00 0.000000e+00 1.000000e+00
    outer loop
      vertex 1.619144e+01 -4.817256e+01 6.000000e-01
      vertex 1.616583e+01 -4.816063e+01 6.000000e-01
      vertex 1.615986e+01 -4.817344e+01 6.000000e-01
    endloop
  endfacet
  facet normal 0.000000e+00 0.000000e+00 1.000000e+00
    outer loop
      vertex 1.630581e+01 -4.819464e+01 6.000000e-01
      vertex 1.615986e+01 -4.817344e+01 6.000000e-01
      vertex 1.612876e+01 -4.817431e+01 6.000000e-01
    endloop
  endfacet
  facet normal 0.000000e+00 0.000000e+00 1.000000e+00
    outer loop
      vertex 1.658722e+01 -4.837631e+01 6.000000e-01
      vertex 1.705537e+01 -4.855231e+01 6.000000e-01
      vertex 1.672942e+01 -4.818187e+01 6.000000e-01
    endloop
  endfacet
  facet normal 0.000000e+00 0.000000e+00 1.000000e+00
    outer loop
      vertex 1.619144e+01 -4.817256e+01 6.000000e-01
      vertex 1.615986e+01 -4.817344e+01 6.000000e-01
      vertex 1.630581e+01 -4.819464e+01 6.000000e-01
    endloop
  endfacet
  facet normal 0.000000e+00 0.000000e+00 1.000000e+00
    outer loop
      vertex 1.630581e+01 -4.819464e+01 6.000000e-01
      vertex 1.612876e+01 -4.817431e+01 6.000000e-01
      vertex 1.658722e+01 -4.837631e+01 6.000000e-01
    endloop
  endfacet
  facet normal 0.000000e+00 0.000000e+00 1.000000e+00
    outer loop
      vertex 1.619144e+01 -4.817256e+01 6.000000e-01
      vertex 1.625459e+01 -4.817079e+01 6.000000e-01
      vertex 1.620337e+01 -4.814693e+01 6.000000e-01
    endloop
  endfacet
  facet normal 0.000000e+00 0.000000e+00 1.000000e+00
    outer loop
      vertex 1.619144e+01 -4.817256e+01 6.000000e-01
      vertex 1.630581e+01 -4.819464e+01 6.000000e-01
      vertex 1.625459e+01 -4.817079e+01 6.000000e-01
    endloop
  endfacet
  facet normal 0.000000e+00 0.000000e+00 1.000000e+00
    outer loop
      vertex 1.630581e+01 -4.819464e+01 6.000000e-01
      vertex 1.658722e+01 -4.837631e+01 6.000000e-01
      vertex 1.632968e+01 -4.814340e+01 6.000000e-01
    endloop
  endfacet
  facet normal 0.000000e+00 0.000000e+00 1.000000e+00
    outer loop
      vertex 1.627454e+01 -4.798515e+01 6.000000e-01
      vertex 1.617602e+01 -4.807183e+01 6.000000e-01
      vertex 1.622724e+01 -4.809569e+01 6.000000e-01
    endloop
  endfacet
  facet normal 0.000000e+00 0.000000e+00 1.000000e+00
    outer loop
      vertex 1.627454e+01 -4.798515e+01 6.000000e-01
      vertex 1.622724e+01 -4.809569e+01 6.000000e-01
      vertex 1.627846e+01 -4.811954e+01 6.000000e-01
    endloop
  endfacet
  facet normal 0.000000e+00 0.000000e+00 1.000000e+00
    outer loop
      vertex 1.632968e+01 -4.814340e+01 6.000000e-01
      vertex 1.627454e+01 -4.798515e+01 6.000000e-01
      vertex 1.627846e+01 -4.811954e+01 6.000000e-01
    endloop
  endfacet
  facet normal 0.000000e+00 0.000000e+00 1.000000e+00
    outer loop
      vertex 1.622923e+01 -4.796402e+01 6.000000e-01
      vertex 1.617602e+01 -4.807183e+01 6.000000e-01
      vertex 1.627454e+01 -4.798515e+01 6.000000e-01
    endloop
  endfacet
  facet normal 0.000000e+00 0.000000e+00 1.000000e+00
    outer loop
      vertex 1.672942e+01 -4.818187e+01 6.000000e-01
      vertex 1.627454e+01 -4.798515e+01 6.000000e-01
      vertex 1.632968e+01 -4.814340e+01 6.000000e-01
    endloop
  endfacet
  facet normal 0.000000e+00 0.000000e+00 1.000000e+00
    outer loop
      vertex 1.622923e+01 -4.796402e+01 6.000000e-01
      vertex 1.618391e+01 -4.794290e+01 6.000000e-01
      vertex 1.617602e+01 -4.807183e+01 6.000000e-01
    endloop
  endfacet
  facet normal 0.000000e+00 0.000000e+00 1.000000e+00
    outer loop
      vertex 1.765173e+01 -4.849247e+01 6.000000e-01
      vertex 1.753211e+01 -4.870202e+01 6.000000e-01
      vertex 1.801631e+01 -4.882514e+01 6.000000e-01
    endloop
  endfacet
  facet normal 0.000000e+00 0.000000e+00 1.000000e+00
    outer loop
      vertex 1.718928e+01 -4.835091e+01 6.000000e-01
      vertex 1.672942e+01 -4.818187e+01 6.000000e-01
      vertex 1.705537e+01 -4.855231e+01 6.000000e-01
    endloop
  endfacet
  facet normal 0.000000e+00 0.000000e+00 1.000000e+00
    outer loop
      vertex 1.718928e+01 -4.835091e+01 6.000000e-01
      vertex 1.705537e+01 -4.855231e+01 6.000000e-01
      vertex 1.753211e+01 -4.870202e+01 6.000000e-01
    endloop
  endfacet
  facet normal 0.000000e+00 0.000000e+00 1.000000e+00
    outer loop
      vertex 1.801631e+01 -4.882514e+01 6.000000e-01
      vertex 1.811451e+01 -4.860698e+01 6.000000e-01
      vertex 1.765173e+01 -4.849247e+01 6.000000e-01
    endloop
  endfacet
  facet normal 0.000000e+00 0.000000e+00 1.000000e+00
    outer loop
      vertex 1.753211e+01 -4.870202e+01 6.000000e-01
      vertex 1.765173e+01 -4.849247e+01 6.000000e-01
      vertex 1.718928e+01 -4.835091e+01 6.000000e-01
    endloop
  endfacet
  facet normal 0.000000e+00 0.000000e+00 1.000000e+00
    outer loop
      vertex 1.850686e+01 -4.892135e+01 6.000000e-01
      vertex 1.811451e+01 -4.860698e+01 6.000000e-01
      vertex 1.801631e+01 -4.882514e+01 6.000000e-01
    endloop
  endfacet
  facet normal 0.000000e+00 0.000000e+00 1.000000e+00
    outer loop
      vertex 1.632968e+01 -4.814340e+01 6.000000e-01
      vertex 1.658722e+01 -4.837631e+01 6.000000e-01
      vertex 1.672942e+01 -4.818187e+01 6.000000e-01
    endloop
  endfacet
  facet normal 0.000000e+00 0.000000e+00 1.000000e+00
    outer loop
      vertex 1.514114e+01 -4.721570e+01 6.000000e-01
      vertex 1.473137e+01 -4.702486e+01 6.000000e-01
      vertex 1.470740e+01 -4.732434e+01 6.000000e-01
    endloop
  endfacet
  facet normal 0.000000e+00 0.000000e+00 1.000000e+00
    outer loop
      vertex 1.273516e+01 -4.537582e+01 6.000000e-01
      vertex 1.387768e+01 -4.448284e+01 6.000000e-01
      vertex 1.241887e+01 -4.492022e+01 6.000000e-01
    endloop
  endfacet
  facet normal 0.000000e+00 0.000000e+00 1.000000e+00
    outer loop
      vertex 1.241887e+01 -4.492022e+01 6.000000e-01
      vertex 1.353452e+01 -4.397258e+01 6.000000e-01
      vertex 1.213111e+01 -4.444605e+01 6.000000e-01
    endloop
  endfacet
  facet normal 0.000000e+00 0.000000e+00 1.000000e+00
    outer loop
      vertex 1.240790e+01 -4.344834e+01 6.000000e-01
      vertex 1.164539e+01 -4.344926e+01 6.000000e-01
      vertex 1.187296e+01 -4.395511e+01 6.000000e-01
    endloop
  endfacet
  facet normal 0.000000e+00 0.000000e+00 1.000000e+00
    outer loop
      vertex 1.144099e+01 -4.290615e+01 6.000000e-01
      vertex 1.164539e+01 -4.344926e+01 6.000000e-01
      vertex 1.240790e+01 -4.344834e+01 6.000000e-01
    endloop
  endfacet
  facet normal 0.000000e+00 0.000000e+00 1.000000e+00
    outer loop
      vertex 1.213111e+01 -4.444605e+01 6.000000e-01
      vertex 1.240790e+01 -4.344834e+01 6.000000e-01
      vertex 1.187296e+01 -4.395511e+01 6.000000e-01
    endloop
  endfacet
  facet normal 0.000000e+00 0.000000e+00 1.000000e+00
    outer loop
      vertex 1.213111e+01 -4.444605e+01 6.000000e-01
      vertex 1.353452e+01 -4.397258e+01 6.000000e-01
      vertex 1.240790e+01 -4.344834e+01 6.000000e-01
    endloop
  endfacet
  facet normal 0.000000e+00 0.000000e+00 1.000000e+00
    outer loop
      vertex 1.426352e+01 -4.496654e+01 6.000000e-01
      vertex 1.344844e+01 -4.622461e+01 6.000000e-01
      vertex 1.468877e+01 -4.541848e+01 6.000000e-01
    endloop
  endfacet
  facet normal 0.000000e+00 0.000000e+00 1.000000e+00
    outer loop
      vertex 1.307878e+01 -4.581117e+01 6.000000e-01
      vertex 1.344844e+01 -4.622461e+01 6.000000e-01
      vertex 1.426352e+01 -4.496654e+01 6.000000e-01
    endloop
  endfacet
  facet normal 0.000000e+00 0.000000e+00 1.000000e+00
    outer loop
      vertex 1.384751e+01 -4.661902e+01 6.000000e-01
      vertex 1.492230e+01 -4.661490e+01 6.000000e-01
      vertex 1.468877e+01 -4.541848e+01 6.000000e-01
    endloop
  endfacet
  facet normal 0.000000e+00 0.000000e+00 1.000000e+00
    outer loop
      vertex 1.307878e+01 -4.581117e+01 6.000000e-01
      vertex 1.426352e+01 -4.496654e+01 6.000000e-01
      vertex 1.387768e+01 -4.448284e+01 6.000000e-01
    endloop
  endfacet
  facet normal 0.000000e+00 0.000000e+00 1.000000e+00
    outer loop
      vertex 1.273516e+01 -4.537582e+01 6.000000e-01
      vertex 1.307878e+01 -4.581117e+01 6.000000e-01
      vertex 1.387768e+01 -4.448284e+01 6.000000e-01
    endloop
  endfacet
  facet normal 0.000000e+00 0.000000e+00 1.000000e+00
    outer loop
      vertex 1.387768e+01 -4.448284e+01 6.000000e-01
      vertex 1.353452e+01 -4.397258e+01 6.000000e-01
      vertex 1.241887e+01 -4.492022e+01 6.000000e-01
    endloop
  endfacet
  facet normal 0.000000e+00 0.000000e+00 1.000000e+00
    outer loop
      vertex 1.353452e+01 -4.397258e+01 6.000000e-01
      vertex 1.324311e+01 -4.345450e+01 6.000000e-01
      vertex 1.240790e+01 -4.344834e+01 6.000000e-01
    endloop
  endfacet
  facet normal 0.000000e+00 0.000000e+00 1.000000e+00
    outer loop
      vertex 1.197023e+01 -4.224673e+01 6.000000e-01
      vertex 1.127408e+01 -4.235930e+01 6.000000e-01
      vertex 1.144099e+01 -4.290615e+01 6.000000e-01
    endloop
  endfacet
  facet normal 0.000000e+00 0.000000e+00 1.000000e+00
    outer loop
      vertex 1.114398e+01 -4.181227e+01 6.000000e-01
      vertex 1.127408e+01 -4.235930e+01 6.000000e-01
      vertex 1.197023e+01 -4.224673e+01 6.000000e-01
    endloop
  endfacet
  facet normal 0.000000e+00 0.000000e+00 1.000000e+00
    outer loop
      vertex 1.104958e+01 -4.126842e+01 6.000000e-01
      vertex 1.114398e+01 -4.181227e+01 6.000000e-01
      vertex 1.249885e+01 -4.115975e+01 6.000000e-01
    endloop
  endfacet
  facet normal 0.000000e+00 0.000000e+00 1.000000e+00
    outer loop
      vertex 1.197023e+01 -4.224673e+01 6.000000e-01
      vertex 1.249885e+01 -4.115975e+01 6.000000e-01
      vertex 1.114398e+01 -4.181227e+01 6.000000e-01
    endloop
  endfacet
  facet normal 0.000000e+00 0.000000e+00 1.000000e+00
    outer loop
      vertex 1.104958e+01 -4.126842e+01 6.000000e-01
      vertex 1.249885e+01 -4.115975e+01 6.000000e-01
      vertex 1.243231e+01 -4.059003e+01 6.000000e-01
    endloop
  endfacet
  facet normal 0.000000e+00 0.000000e+00 1.000000e+00
    outer loop
      vertex 1.240790e+01 -4.344834e+01 6.000000e-01
      vertex 1.324311e+01 -4.345450e+01 6.000000e-01
      vertex 1.297824e+01 -4.287920e+01 6.000000e-01
    endloop
  endfacet
  facet normal 0.000000e+00 0.000000e+00 1.000000e+00
    outer loop
      vertex 1.297824e+01 -4.287920e+01 6.000000e-01
      vertex 1.278976e+01 -4.262841e+01 6.000000e-01
      vertex 1.240790e+01 -4.344834e+01 6.000000e-01
    endloop
  endfacet
  facet normal 0.000000e+00 0.000000e+00 1.000000e+00
    outer loop
      vertex 1.276984e+01 -4.230770e+01 6.000000e-01
      vertex 1.278976e+01 -4.262841e+01 6.000000e-01
      vertex 1.297824e+01 -4.287920e+01 6.000000e-01
    endloop
  endfacet
  facet normal 0.000000e+00 0.000000e+00 1.000000e+00
    outer loop
      vertex 1.197023e+01 -4.224673e+01 6.000000e-01
      vertex 1.278976e+01 -4.262841e+01 6.000000e-01
      vertex 1.276984e+01 -4.230770e+01 6.000000e-01
    endloop
  endfacet
  facet normal 0.000000e+00 0.000000e+00 1.000000e+00
    outer loop
      vertex 1.197023e+01 -4.224673e+01 6.000000e-01
      vertex 1.261052e+01 -4.173264e+01 6.000000e-01
      vertex 1.249885e+01 -4.115975e+01 6.000000e-01
    endloop
  endfacet
  facet normal 0.000000e+00 0.000000e+00 1.000000e+00
    outer loop
      vertex 1.276984e+01 -4.230770e+01 6.000000e-01
      vertex 1.261052e+01 -4.173264e+01 6.000000e-01
      vertex 1.197023e+01 -4.224673e+01 6.000000e-01
    endloop
  endfacet
  facet normal 0.000000e+00 0.000000e+00 1.000000e+00
    outer loop
      vertex 1.243231e+01 -4.059003e+01 6.000000e-01
      vertex 1.098943e+01 -4.073081e+01 6.000000e-01
      vertex 1.104958e+01 -4.126842e+01 6.000000e-01
    endloop
  endfacet
  facet normal 0.000000e+00 0.000000e+00 1.000000e+00
    outer loop
      vertex 1.240790e+01 -4.344834e+01 6.000000e-01
      vertex 1.197023e+01 -4.224673e+01 6.000000e-01
      vertex 1.144099e+01 -4.290615e+01 6.000000e-01
    endloop
  endfacet
  facet normal 0.000000e+00 0.000000e+00 1.000000e+00
    outer loop
      vertex 1.545544e+01 -4.761152e+01 6.000000e-01
      vertex 1.555091e+01 -4.740654e+01 6.000000e-01
      vertex 1.514114e+01 -4.721570e+01 6.000000e-01
    endloop
  endfacet
  facet normal 0.000000e+00 0.000000e+00 1.000000e+00
    outer loop
      vertex 1.533207e+01 -4.680574e+01 6.000000e-01
      vertex 1.574184e+01 -4.699658e+01 6.000000e-01
      vertex 1.593277e+01 -4.658661e+01 6.000000e-01
    endloop
  endfacet
  facet normal 0.000000e+00 0.000000e+00 1.000000e+00
    outer loop
      vertex 1.626102e+01 -4.748781e+01 6.000000e-01
      vertex 1.660648e+01 -4.703656e+01 6.000000e-01
      vertex 1.635648e+01 -4.728283e+01 6.000000e-01
    endloop
  endfacet
  facet normal 0.000000e+00 0.000000e+00 1.000000e+00
    outer loop
      vertex 1.635648e+01 -4.728283e+01 6.000000e-01
      vertex 1.660648e+01 -4.703656e+01 6.000000e-01
      vertex 1.645195e+01 -4.707785e+01 6.000000e-01
    endloop
  endfacet
  facet normal 0.000000e+00 0.000000e+00 1.000000e+00
    outer loop
      vertex 1.724135e+01 -4.706697e+01 6.000000e-01
      vertex 1.669712e+01 -4.707882e+01 6.000000e-01
      vertex 1.709002e+01 -4.724907e+01 6.000000e-01
    endloop
  endfacet
  facet normal 0.000000e+00 0.000000e+00 1.000000e+00
    outer loop
      vertex 1.660648e+01 -4.703656e+01 6.000000e-01
      vertex 1.669712e+01 -4.707882e+01 6.000000e-01
      vertex 1.669210e+01 -4.682734e+01 6.000000e-01
    endloop
  endfacet
  facet normal 0.000000e+00 0.000000e+00 1.000000e+00
    outer loop
      vertex 1.634253e+01 -4.677745e+01 6.000000e-01
      vertex 1.645195e+01 -4.707785e+01 6.000000e-01
      vertex 1.660648e+01 -4.703656e+01 6.000000e-01
    endloop
  endfacet
  facet normal 0.000000e+00 0.000000e+00 1.000000e+00
    outer loop
      vertex 1.564032e+01 -4.620921e+01 6.000000e-01
      vertex 1.492230e+01 -4.661490e+01 6.000000e-01
      vertex 1.533207e+01 -4.680574e+01 6.000000e-01
    endloop
  endfacet
  facet normal 0.000000e+00 0.000000e+00 1.000000e+00
    outer loop
      vertex 1.669210e+01 -4.682734e+01 6.000000e-01
      vertex 1.615648e+01 -4.654103e+01 6.000000e-01
      vertex 1.634253e+01 -4.677745e+01 6.000000e-01
    endloop
  endfacet
  facet normal 0.000000e+00 0.000000e+00 1.000000e+00
    outer loop
      vertex 1.593277e+01 -4.658661e+01 6.000000e-01
      vertex 1.634253e+01 -4.677745e+01 6.000000e-01
      vertex 1.615648e+01 -4.654103e+01 6.000000e-01
    endloop
  endfacet
  facet normal 0.000000e+00 0.000000e+00 1.000000e+00
    outer loop
      vertex 1.669210e+01 -4.682734e+01 6.000000e-01
      vertex 1.669712e+01 -4.707882e+01 6.000000e-01
      vertex 1.724135e+01 -4.706697e+01 6.000000e-01
    endloop
  endfacet
  facet normal 0.000000e+00 0.000000e+00 1.000000e+00
    outer loop
      vertex 1.634253e+01 -4.677745e+01 6.000000e-01
      vertex 1.660648e+01 -4.703656e+01 6.000000e-01
      vertex 1.669210e+01 -4.682734e+01 6.000000e-01
    endloop
  endfacet
  facet normal 0.000000e+00 0.000000e+00 1.000000e+00
    outer loop
      vertex 1.593277e+01 -4.658661e+01 6.000000e-01
      vertex 1.615648e+01 -4.654103e+01 6.000000e-01
      vertex 1.564032e+01 -4.620921e+01 6.000000e-01
    endloop
  endfacet
  facet normal 0.000000e+00 0.000000e+00 1.000000e+00
    outer loop
      vertex 1.533207e+01 -4.680574e+01 6.000000e-01
      vertex 1.593277e+01 -4.658661e+01 6.000000e-01
      vertex 1.564032e+01 -4.620921e+01 6.000000e-01
    endloop
  endfacet
  facet normal 0.000000e+00 0.000000e+00 1.000000e+00
    outer loop
      vertex 1.564032e+01 -4.620921e+01 6.000000e-01
      vertex 1.514930e+01 -4.583400e+01 6.000000e-01
      vertex 1.492230e+01 -4.661490e+01 6.000000e-01
    endloop
  endfacet
  facet normal 0.000000e+00 0.000000e+00 1.000000e+00
    outer loop
      vertex 1.832939e+01 -4.763034e+01 6.000000e-01
      vertex 1.835785e+01 -4.740622e+01 6.000000e-01
      vertex 1.790250e+01 -4.752427e+01 6.000000e-01
    endloop
  endfacet
  facet normal 0.000000e+00 0.000000e+00 1.000000e+00
    outer loop
      vertex 1.749010e+01 -4.739702e+01 6.000000e-01
      vertex 1.790250e+01 -4.752427e+01 6.000000e-01
      vertex 1.779846e+01 -4.725972e+01 6.000000e-01
    endloop
  endfacet
  facet normal 0.000000e+00 0.000000e+00 1.000000e+00
    outer loop
      vertex 1.790250e+01 -4.752427e+01 6.000000e-01
      vertex 1.835785e+01 -4.740622e+01 6.000000e-01
      vertex 1.779846e+01 -4.725972e+01 6.000000e-01
    endloop
  endfacet
  facet normal 0.000000e+00 0.000000e+00 1.000000e+00
    outer loop
      vertex 1.749010e+01 -4.739702e+01 6.000000e-01
      vertex 1.779846e+01 -4.725972e+01 6.000000e-01
      vertex 1.724135e+01 -4.706697e+01 6.000000e-01
    endloop
  endfacet
  facet normal 0.000000e+00 0.000000e+00 1.000000e+00
    outer loop
      vertex 1.749010e+01 -4.739702e+01 6.000000e-01
      vertex 1.724135e+01 -4.706697e+01 6.000000e-01
      vertex 1.709002e+01 -4.724907e+01 6.000000e-01
    endloop
  endfacet
  facet normal 0.000000e+00 0.000000e+00 1.000000e+00
    outer loop
      vertex 1.875453e+01 -4.771109e+01 6.000000e-01
      vertex 1.835785e+01 -4.740622e+01 6.000000e-01
      vertex 1.832939e+01 -4.763034e+01 6.000000e-01
    endloop
  endfacet
  facet normal 0.000000e+00 0.000000e+00 1.000000e+00
    outer loop
      vertex 1.514930e+01 -4.583400e+01 6.000000e-01
      vertex 1.468877e+01 -4.541848e+01 6.000000e-01
      vertex 1.492230e+01 -4.661490e+01 6.000000e-01
    endloop
  endfacet
  facet normal 0.000000e+00 0.000000e+00 1.000000e+00
    outer loop
      vertex 1.616555e+01 -4.769280e+01 6.000000e-01
      vertex 1.622617e+01 -4.785226e+01 6.000000e-01
      vertex 1.626102e+01 -4.748781e+01 6.000000e-01
    endloop
  endfacet
  facet normal 0.000000e+00 0.000000e+00 1.000000e+00
    outer loop
      vertex 1.468877e+01 -4.541848e+01 6.000000e-01
      vertex 1.344844e+01 -4.622461e+01 6.000000e-01
      vertex 1.384751e+01 -4.661902e+01 6.000000e-01
    endloop
  endfacet
  facet normal 0.000000e+00 0.000000e+00 1.000000e+00
    outer loop
      vertex 1.900187e+01 -4.899028e+01 6.000000e-01
      vertex 1.857547e+01 -4.869512e+01 6.000000e-01
      vertex 1.850686e+01 -4.892135e+01 6.000000e-01
    endloop
  endfacet
  facet normal 0.000000e+00 0.000000e+00 1.000000e+00
    outer loop
      vertex 1.857547e+01 -4.869512e+01 6.000000e-01
      vertex 1.811451e+01 -4.860698e+01 6.000000e-01
      vertex 1.850686e+01 -4.892135e+01 6.000000e-01
    endloop
  endfacet
  facet normal 0.000000e+00 0.000000e+00 1.000000e+00
    outer loop
      vertex 1.904333e+01 -4.875891e+01 6.000000e-01
      vertex 1.857547e+01 -4.869512e+01 6.000000e-01
      vertex 1.900187e+01 -4.899028e+01 6.000000e-01
    endloop
  endfacet
  facet normal 0.000000e+00 0.000000e+00 1.000000e+00
    outer loop
      vertex 1.950017e+01 -4.903173e+01 6.000000e-01
      vertex 1.904333e+01 -4.875891e+01 6.000000e-01
      vertex 1.900187e+01 -4.899028e+01 6.000000e-01
    endloop
  endfacet
  facet normal 0.000000e+00 0.000000e+00 1.000000e+00
    outer loop
      vertex 1.952346e+01 -4.879808e+01 6.000000e-01
      vertex 1.904333e+01 -4.875891e+01 6.000000e-01
      vertex 1.950017e+01 -4.903173e+01 6.000000e-01
    endloop
  endfacet
  facet normal 0.000000e+00 0.000000e+00 1.000000e+00
    outer loop
      vertex 1.950017e+01 -4.903173e+01 6.000000e-01
      vertex 2.000040e+01 -4.904557e+01 6.000000e-01
      vertex 1.952346e+01 -4.879808e+01 6.000000e-01
    endloop
  endfacet
  facet normal 0.000000e+00 0.000000e+00 1.000000e+00
    outer loop
      vertex 2.000039e+01 -4.881096e+01 6.000000e-01
      vertex 1.952346e+01 -4.879808e+01 6.000000e-01
      vertex 2.000040e+01 -4.904557e+01 6.000000e-01
    endloop
  endfacet
  facet normal 0.000000e+00 0.000000e+00 1.000000e+00
    outer loop
      vertex 2.046127e+01 -4.879889e+01 6.000000e-01
      vertex 2.000039e+01 -4.881096e+01 6.000000e-01
      vertex 2.000040e+01 -4.904557e+01 6.000000e-01
    endloop
  endfacet
  facet normal 0.000000e+00 0.000000e+00 1.000000e+00
    outer loop
      vertex 2.093028e+01 -4.876174e+01 6.000000e-01
      vertex 2.046127e+01 -4.879889e+01 6.000000e-01
      vertex 2.050274e+01 -4.903157e+01 6.000000e-01
    endloop
  endfacet
  facet normal 0.000000e+00 0.000000e+00 1.000000e+00
    outer loop
      vertex 2.000040e+01 -4.904557e+01 6.000000e-01
      vertex 2.050274e+01 -4.903157e+01 6.000000e-01
      vertex 2.046127e+01 -4.879889e+01 6.000000e-01
    endloop
  endfacet
  facet normal 0.000000e+00 0.000000e+00 1.000000e+00
    outer loop
      vertex 2.100188e+01 -4.898985e+01 6.000000e-01
      vertex 2.093028e+01 -4.876174e+01 6.000000e-01
      vertex 2.050274e+01 -4.903157e+01 6.000000e-01
    endloop
  endfacet
  facet normal 0.000000e+00 0.000000e+00 1.000000e+00
    outer loop
      vertex 1.952384e+01 -4.757102e+01 6.000000e-01
      vertex 1.917592e+01 -4.776740e+01 6.000000e-01
      vertex 1.959173e+01 -4.780030e+01 6.000000e-01
    endloop
  endfacet
  facet normal 0.000000e+00 0.000000e+00 1.000000e+00
    outer loop
      vertex 1.875453e+01 -4.771109e+01 6.000000e-01
      vertex 1.917592e+01 -4.776740e+01 6.000000e-01
      vertex 1.894182e+01 -4.751185e+01 6.000000e-01
    endloop
  endfacet
  facet normal 0.000000e+00 0.000000e+00 1.000000e+00
    outer loop
      vertex 1.894182e+01 -4.751185e+01 6.000000e-01
      vertex 1.917592e+01 -4.776740e+01 6.000000e-01
      vertex 1.952384e+01 -4.757102e+01 6.000000e-01
    endloop
  endfacet
  facet normal 0.000000e+00 0.000000e+00 1.000000e+00
    outer loop
      vertex 2.000034e+01 -4.781096e+01 6.000000e-01
      vertex 2.000033e+01 -4.758596e+01 6.000000e-01
      vertex 1.959173e+01 -4.780030e+01 6.000000e-01
    endloop
  endfacet
  facet normal 0.000000e+00 0.000000e+00 1.000000e+00
    outer loop
      vertex 1.952384e+01 -4.757102e+01 6.000000e-01
      vertex 1.959173e+01 -4.780030e+01 6.000000e-01
      vertex 2.000033e+01 -4.758596e+01 6.000000e-01
    endloop
  endfacet
  facet normal 0.000000e+00 0.000000e+00 1.000000e+00
    outer loop
      vertex 2.042577e+01 -4.779935e+01 6.000000e-01
      vertex 2.000033e+01 -4.758596e+01 6.000000e-01
      vertex 2.000034e+01 -4.781096e+01 6.000000e-01
    endloop
  endfacet
  facet normal 0.000000e+00 0.000000e+00 1.000000e+00
    outer loop
      vertex 2.085070e+01 -4.776452e+01 6.000000e-01
      vertex 2.059503e+01 -4.756260e+01 6.000000e-01
      vertex 2.042577e+01 -4.779935e+01 6.000000e-01
    endloop
  endfacet
  facet normal 0.000000e+00 0.000000e+00 1.000000e+00
    outer loop
      vertex 2.000033e+01 -4.758596e+01 6.000000e-01
      vertex 2.042577e+01 -4.779935e+01 6.000000e-01
      vertex 2.059503e+01 -4.756260e+01 6.000000e-01
    endloop
  endfacet
  facet normal 0.000000e+00 0.000000e+00 1.000000e+00
    outer loop
      vertex 2.116475e+01 -4.749607e+01 6.000000e-01
      vertex 2.059503e+01 -4.756260e+01 6.000000e-01
      vertex 2.085070e+01 -4.776452e+01 6.000000e-01
    endloop
  endfacet
  facet normal 0.000000e+00 0.000000e+00 1.000000e+00
    outer loop
      vertex 2.116475e+01 -4.749607e+01 6.000000e-01
      vertex 2.127393e+01 -4.770643e+01 6.000000e-01
      vertex 2.169359e+01 -4.762526e+01 6.000000e-01
    endloop
  endfacet
  facet normal 0.000000e+00 0.000000e+00 1.000000e+00
    outer loop
      vertex 2.085070e+01 -4.776452e+01 6.000000e-01
      vertex 2.127393e+01 -4.770643e+01 6.000000e-01
      vertex 2.116475e+01 -4.749607e+01 6.000000e-01
    endloop
  endfacet
  facet normal 0.000000e+00 0.000000e+00 1.000000e+00
    outer loop
      vertex 1.894182e+01 -4.751185e+01 6.000000e-01
      vertex 1.835785e+01 -4.740622e+01 6.000000e-01
      vertex 1.875453e+01 -4.771109e+01 6.000000e-01
    endloop
  endfacet
  facet normal 0.000000e+00 0.000000e+00 1.000000e+00
    outer loop
      vertex 2.116475e+01 -4.749607e+01 6.000000e-01
      vertex 2.169359e+01 -4.762526e+01 6.000000e-01
      vertex 2.173764e+01 -4.738440e+01 6.000000e-01
    endloop
  endfacet
  facet normal 0.000000e+00 0.000000e+00 1.000000e+00
    outer loop
      vertex 2.149690e+01 -4.892070e+01 6.000000e-01
      vertex 2.140558e+01 -4.869818e+01 6.000000e-01
      vertex 2.100188e+01 -4.898985e+01 6.000000e-01
    endloop
  endfacet
  facet normal 0.000000e+00 0.000000e+00 1.000000e+00
    outer loop
      vertex 2.140558e+01 -4.869818e+01 6.000000e-01
      vertex 2.093028e+01 -4.876174e+01 6.000000e-01
      vertex 2.100188e+01 -4.898985e+01 6.000000e-01
    endloop
  endfacet
  facet normal 0.000000e+00 0.000000e+00 1.000000e+00
    outer loop
      vertex 2.188511e+01 -4.860705e+01 6.000000e-01
      vertex 2.140558e+01 -4.869818e+01 6.000000e-01
      vertex 2.149690e+01 -4.892070e+01 6.000000e-01
    endloop
  endfacet
  facet normal 0.000000e+00 0.000000e+00 1.000000e+00
    outer loop
      vertex 2.188511e+01 -4.860705e+01 6.000000e-01
      vertex 2.198669e+01 -4.882444e+01 6.000000e-01
      vertex 2.236660e+01 -4.848736e+01 6.000000e-01
    endloop
  endfacet
  facet normal 0.000000e+00 0.000000e+00 1.000000e+00
    outer loop
      vertex 2.149690e+01 -4.892070e+01 6.000000e-01
      vertex 2.198669e+01 -4.882444e+01 6.000000e-01
      vertex 2.188511e+01 -4.860705e+01 6.000000e-01
    endloop
  endfacet
  facet normal 0.000000e+00 0.000000e+00 1.000000e+00
    outer loop
      vertex 2.283175e+01 -4.834378e+01 6.000000e-01
      vertex 2.247014e+01 -4.870136e+01 6.000000e-01
      vertex 2.294641e+01 -4.855166e+01 6.000000e-01
    endloop
  endfacet
  facet normal 0.000000e+00 0.000000e+00 1.000000e+00
    outer loop
      vertex 2.198669e+01 -4.882444e+01 6.000000e-01
      vertex 2.247014e+01 -4.870136e+01 6.000000e-01
      vertex 2.236660e+01 -4.848736e+01 6.000000e-01
    endloop
  endfacet
  facet normal 0.000000e+00 0.000000e+00 1.000000e+00
    outer loop
      vertex 2.236660e+01 -4.848736e+01 6.000000e-01
      vertex 2.247014e+01 -4.870136e+01 6.000000e-01
      vertex 2.283175e+01 -4.834378e+01 6.000000e-01
    endloop
  endfacet
  facet normal 0.000000e+00 0.000000e+00 1.000000e+00
    outer loop
      vertex 2.294641e+01 -4.855166e+01 6.000000e-01
      vertex 2.341442e+01 -4.837560e+01 6.000000e-01
      vertex 2.328299e+01 -4.817686e+01 6.000000e-01
    endloop
  endfacet
  facet normal 0.000000e+00 0.000000e+00 1.000000e+00
    outer loop
      vertex 2.366251e+01 -4.819101e+01 6.000000e-01
      vertex 2.328299e+01 -4.817686e+01 6.000000e-01
      vertex 2.341442e+01 -4.837560e+01 6.000000e-01
    endloop
  endfacet
  facet normal 0.000000e+00 0.000000e+00 1.000000e+00
    outer loop
      vertex 2.283175e+01 -4.834378e+01 6.000000e-01
      vertex 2.294641e+01 -4.855166e+01 6.000000e-01
      vertex 2.328299e+01 -4.817686e+01 6.000000e-01
    endloop
  endfacet
  facet normal 0.000000e+00 0.000000e+00 1.000000e+00
    outer loop
      vertex 2.341442e+01 -4.837560e+01 6.000000e-01
      vertex 2.371373e+01 -4.821486e+01 6.000000e-01
      vertex 2.366251e+01 -4.819101e+01 6.000000e-01
    endloop
  endfacet
  facet normal 0.000000e+00 0.000000e+00 1.000000e+00
    outer loop
      vertex 2.366251e+01 -4.819101e+01 6.000000e-01
      vertex 2.368638e+01 -4.813977e+01 6.000000e-01
      vertex 2.328299e+01 -4.817686e+01 6.000000e-01
    endloop
  endfacet
  facet normal 0.000000e+00 0.000000e+00 1.000000e+00
    outer loop
      vertex 2.371024e+01 -4.808852e+01 6.000000e-01
      vertex 2.328299e+01 -4.817686e+01 6.000000e-01
      vertex 2.368638e+01 -4.813977e+01 6.000000e-01
    endloop
  endfacet
  facet normal 0.000000e+00 0.000000e+00 1.000000e+00
    outer loop
      vertex 2.371373e+01 -4.821486e+01 6.000000e-01
      vertex 2.378882e+01 -4.818747e+01 6.000000e-01
      vertex 2.373760e+01 -4.816362e+01 6.000000e-01
    endloop
  endfacet
  facet normal 0.000000e+00 0.000000e+00 1.000000e+00
    outer loop
      vertex 2.383917e+01 -4.817974e+01 6.000000e-01
      vertex 2.378882e+01 -4.818747e+01 6.000000e-01
      vertex 2.371373e+01 -4.821486e+01 6.000000e-01
    endloop
  endfacet
  facet normal 0.000000e+00 0.000000e+00 1.000000e+00
    outer loop
      vertex 2.378882e+01 -4.818747e+01 6.000000e-01
      vertex 2.382636e+01 -4.817378e+01 6.000000e-01
      vertex 2.380075e+01 -4.816185e+01 6.000000e-01
    endloop
  endfacet
  facet normal 0.000000e+00 0.000000e+00 1.000000e+00
    outer loop
      vertex 2.378882e+01 -4.818747e+01 6.000000e-01
      vertex 2.383917e+01 -4.817974e+01 6.000000e-01
      vertex 2.382636e+01 -4.817378e+01 6.000000e-01
    endloop
  endfacet
  facet normal 0.000000e+00 0.000000e+00 1.000000e+00
    outer loop
      vertex 2.383917e+01 -4.817974e+01 6.000000e-01
      vertex 2.385794e+01 -4.817289e+01 6.000000e-01
      vertex 2.384513e+01 -4.816693e+01 6.000000e-01
    endloop
  endfacet
  facet normal 0.000000e+00 0.000000e+00 1.000000e+00
    outer loop
      vertex 2.383917e+01 -4.817974e+01 6.000000e-01
      vertex 2.386434e+01 -4.817588e+01 6.000000e-01
      vertex 2.385794e+01 -4.817289e+01 6.000000e-01
    endloop
  endfacet
  facet normal 0.000000e+00 0.000000e+00 1.000000e+00
    outer loop
      vertex 2.371373e+01 -4.821486e+01 6.000000e-01
      vertex 2.386434e+01 -4.817588e+01 6.000000e-01
      vertex 2.383917e+01 -4.817974e+01 6.000000e-01
    endloop
  endfacet
  facet normal 0.000000e+00 0.000000e+00 1.000000e+00
    outer loop
      vertex 2.341442e+01 -4.837560e+01 6.000000e-01
      vertex 2.386434e+01 -4.817588e+01 6.000000e-01
      vertex 2.371373e+01 -4.821486e+01 6.000000e-01
    endloop
  endfacet
  facet normal 0.000000e+00 0.000000e+00 1.000000e+00
    outer loop
      vertex 2.210818e+01 -4.752127e+01 6.000000e-01
      vertex 2.173764e+01 -4.738440e+01 6.000000e-01
      vertex 2.169359e+01 -4.762526e+01 6.000000e-01
    endloop
  endfacet
  facet normal 0.000000e+00 0.000000e+00 1.000000e+00
    outer loop
      vertex 2.387228e+01 -4.817378e+01 6.000000e-01
      vertex 2.386434e+01 -4.817588e+01 6.000000e-01
      vertex 2.341442e+01 -4.837560e+01 6.000000e-01
    endloop
  endfacet
  facet normal 0.000000e+00 0.000000e+00 1.000000e+00
    outer loop
      vertex 2.210818e+01 -4.752127e+01 6.000000e-01
      vertex 2.231270e+01 -4.722507e+01 6.000000e-01
      vertex 2.173764e+01 -4.738440e+01 6.000000e-01
    endloop
  endfacet
  facet normal 0.000000e+00 0.000000e+00 1.000000e+00
    outer loop
      vertex 2.373411e+01 -4.803727e+01 6.000000e-01
      vertex 2.372615e+01 -4.798479e+01 6.000000e-01
      vertex 2.371024e+01 -4.808852e+01 6.000000e-01
    endloop
  endfacet
  facet normal 0.000000e+00 0.000000e+00 1.000000e+00
    outer loop
      vertex 2.328299e+01 -4.817686e+01 6.000000e-01
      vertex 2.371024e+01 -4.808852e+01 6.000000e-01
      vertex 2.372615e+01 -4.798479e+01 6.000000e-01
    endloop
  endfacet
  facet normal 0.000000e+00 0.000000e+00 1.000000e+00
    outer loop
      vertex 2.375798e+01 -4.798603e+01 6.000000e-01
      vertex 2.372615e+01 -4.798479e+01 6.000000e-01
      vertex 2.373411e+01 -4.803727e+01 6.000000e-01
    endloop
  endfacet
  facet normal 0.000000e+00 0.000000e+00 1.000000e+00
    outer loop
      vertex 2.380571e+01 -4.788353e+01 6.000000e-01
      vertex 2.360545e+01 -4.748938e+01 6.000000e-01
      vertex 2.381678e+01 -4.794252e+01 6.000000e-01
    endloop
  endfacet
  facet normal 0.000000e+00 0.000000e+00 1.000000e+00
    outer loop
      vertex 2.210818e+01 -4.752127e+01 6.000000e-01
      vertex 2.251586e+01 -4.739497e+01 6.000000e-01
      vertex 2.231270e+01 -4.722507e+01 6.000000e-01
    endloop
  endfacet
  facet normal 0.000000e+00 0.000000e+00 1.000000e+00
    outer loop
      vertex 2.386042e+01 -4.803374e+01 6.000000e-01
      vertex 2.381678e+01 -4.794252e+01 6.000000e-01
      vertex 2.380920e+01 -4.800988e+01 6.000000e-01
    endloop
  endfacet
  facet normal 0.000000e+00 0.000000e+00 1.000000e+00
    outer loop
      vertex 2.381678e+01 -4.794252e+01 6.000000e-01
      vertex 2.375798e+01 -4.798603e+01 6.000000e-01
      vertex 2.380920e+01 -4.800988e+01 6.000000e-01
    endloop
  endfacet
  facet normal 0.000000e+00 0.000000e+00 1.000000e+00
    outer loop
      vertex 2.390815e+01 -4.793125e+01 6.000000e-01
      vertex 2.381678e+01 -4.794252e+01 6.000000e-01
      vertex 2.386042e+01 -4.803374e+01 6.000000e-01
    endloop
  endfacet
  facet normal 0.000000e+00 0.000000e+00 1.000000e+00
    outer loop
      vertex 2.380571e+01 -4.788353e+01 6.000000e-01
      vertex 2.385344e+01 -4.778105e+01 6.000000e-01
      vertex 2.360545e+01 -4.748938e+01 6.000000e-01
    endloop
  endfacet
  facet normal 0.000000e+00 0.000000e+00 1.000000e+00
    outer loop
      vertex 2.381678e+01 -4.794252e+01 6.000000e-01
      vertex 2.390815e+01 -4.793125e+01 6.000000e-01
      vertex 2.380571e+01 -4.788353e+01 6.000000e-01
    endloop
  endfacet
  facet normal 0.000000e+00 0.000000e+00 1.000000e+00
    outer loop
      vertex 2.375798e+01 -4.798603e+01 6.000000e-01
      vertex 2.381678e+01 -4.794252e+01 6.000000e-01
      vertex 2.372615e+01 -4.798479e+01 6.000000e-01
    endloop
  endfacet
  facet normal 0.000000e+00 0.000000e+00 1.000000e+00
    outer loop
      vertex 2.288420e+01 -4.701667e+01 6.000000e-01
      vertex 2.231270e+01 -4.722507e+01 6.000000e-01
      vertex 2.251586e+01 -4.739497e+01 6.000000e-01
    endloop
  endfacet
  facet normal 0.000000e+00 0.000000e+00 1.000000e+00
    outer loop
      vertex 2.330349e+01 -4.707850e+01 6.000000e-01
      vertex 2.288420e+01 -4.701667e+01 6.000000e-01
      vertex 2.291485e+01 -4.724708e+01 6.000000e-01
    endloop
  endfacet
  facet normal 0.000000e+00 0.000000e+00 1.000000e+00
    outer loop
      vertex 2.251586e+01 -4.739497e+01 6.000000e-01
      vertex 2.291485e+01 -4.724708e+01 6.000000e-01
      vertex 2.288420e+01 -4.701667e+01 6.000000e-01
    endloop
  endfacet
  facet normal 0.000000e+00 0.000000e+00 1.000000e+00
    outer loop
      vertex 2.345950e+01 -4.675180e+01 6.000000e-01
      vertex 2.288420e+01 -4.701667e+01 6.000000e-01
      vertex 2.330349e+01 -4.707850e+01 6.000000e-01
    endloop
  endfacet
  facet normal 0.000000e+00 0.000000e+00 1.000000e+00
    outer loop
      vertex 2.339412e+01 -4.703624e+01 6.000000e-01
      vertex 2.363461e+01 -4.718024e+01 6.000000e-01
      vertex 2.373007e+01 -4.697526e+01 6.000000e-01
    endloop
  endfacet
  facet normal 0.000000e+00 0.000000e+00 1.000000e+00
    outer loop
      vertex 2.339412e+01 -4.703624e+01 6.000000e-01
      vertex 2.360545e+01 -4.748938e+01 6.000000e-01
      vertex 2.363461e+01 -4.718024e+01 6.000000e-01
    endloop
  endfacet
  facet normal 0.000000e+00 0.000000e+00 1.000000e+00
    outer loop
      vertex 2.330349e+01 -4.707850e+01 6.000000e-01
      vertex 2.339412e+01 -4.703624e+01 6.000000e-01
      vertex 2.345950e+01 -4.675180e+01 6.000000e-01
    endloop
  endfacet
  facet normal 0.000000e+00 0.000000e+00 1.000000e+00
    outer loop
      vertex 2.345950e+01 -4.675180e+01 6.000000e-01
      vertex 2.339412e+01 -4.703624e+01 6.000000e-01
      vertex 2.373007e+01 -4.697526e+01 6.000000e-01
    endloop
  endfacet
  facet normal 0.000000e+00 0.000000e+00 1.000000e+00
    outer loop
      vertex 2.394891e+01 -4.757606e+01 6.000000e-01
      vertex 2.404437e+01 -4.737108e+01 6.000000e-01
      vertex 2.360545e+01 -4.748938e+01 6.000000e-01
    endloop
  endfacet
  facet normal 0.000000e+00 0.000000e+00 1.000000e+00
    outer loop
      vertex 2.404437e+01 -4.737108e+01 6.000000e-01
      vertex 2.363461e+01 -4.718024e+01 6.000000e-01
      vertex 2.360545e+01 -4.748938e+01 6.000000e-01
    endloop
  endfacet
  facet normal 0.000000e+00 0.000000e+00 1.000000e+00
    outer loop
      vertex 2.385344e+01 -4.778105e+01 6.000000e-01
      vertex 2.394891e+01 -4.757606e+01 6.000000e-01
      vertex 2.360545e+01 -4.748938e+01 6.000000e-01
    endloop
  endfacet
  facet normal 0.000000e+00 0.000000e+00 1.000000e+00
    outer loop
      vertex 2.345950e+01 -4.675180e+01 6.000000e-01
      vertex 2.373007e+01 -4.697526e+01 6.000000e-01
      vertex 2.382554e+01 -4.677028e+01 6.000000e-01
    endloop
  endfacet
  facet normal 0.000000e+00 0.000000e+00 1.000000e+00
    outer loop
      vertex 2.423530e+01 -4.696112e+01 6.000000e-01
      vertex 2.464507e+01 -4.715196e+01 6.000000e-01
      vertex 2.502693e+01 -4.633203e+01 6.000000e-01
    endloop
  endfacet
  facet normal 0.000000e+00 0.000000e+00 1.000000e+00
    outer loop
      vertex 2.397759e+01 -4.646038e+01 6.000000e-01
      vertex 2.345950e+01 -4.675180e+01 6.000000e-01
      vertex 2.382554e+01 -4.677028e+01 6.000000e-01
    endloop
  endfacet
  facet normal 0.000000e+00 0.000000e+00 1.000000e+00
    outer loop
      vertex 2.386861e+01 -4.816591e+01 6.000000e-01
      vertex 2.386391e+01 -4.816008e+01 6.000000e-01
      vertex 2.386092e+01 -4.816649e+01 6.000000e-01
    endloop
  endfacet
  facet normal 0.000000e+00 0.000000e+00 1.000000e+00
    outer loop
      vertex 2.388268e+01 -4.815323e+01 6.000000e-01
      vertex 2.386987e+01 -4.814727e+01 6.000000e-01
      vertex 2.386391e+01 -4.816008e+01 6.000000e-01
    endloop
  endfacet
  facet normal 0.000000e+00 0.000000e+00 1.000000e+00
    outer loop
      vertex 2.388864e+01 -4.814042e+01 6.000000e-01
      vertex 2.388777e+01 -4.810884e+01 6.000000e-01
      vertex 2.387584e+01 -4.813446e+01 6.000000e-01
    endloop
  endfacet
  facet normal 0.000000e+00 0.000000e+00 1.000000e+00
    outer loop
      vertex 2.396286e+01 -4.808145e+01 6.000000e-01
      vertex 2.388777e+01 -4.810884e+01 6.000000e-01
      vertex 2.388864e+01 -4.814042e+01 6.000000e-01
    endloop
  endfacet
  facet normal 0.000000e+00 0.000000e+00 1.000000e+00
    outer loop
      vertex 2.387044e+01 -4.816984e+01 6.000000e-01
      vertex 2.386733e+01 -4.816947e+01 6.000000e-01
      vertex 2.387228e+01 -4.817378e+01 6.000000e-01
    endloop
  endfacet
  facet normal 0.000000e+00 0.000000e+00 1.000000e+00
    outer loop
      vertex 2.386733e+01 -4.816947e+01 6.000000e-01
      vertex 2.386434e+01 -4.817588e+01 6.000000e-01
      vertex 2.387228e+01 -4.817378e+01 6.000000e-01
    endloop
  endfacet
  facet normal 0.000000e+00 0.000000e+00 1.000000e+00
    outer loop
      vertex 2.386861e+01 -4.816591e+01 6.000000e-01
      vertex 2.386733e+01 -4.816947e+01 6.000000e-01
      vertex 2.387044e+01 -4.816984e+01 6.000000e-01
    endloop
  endfacet
  facet normal 0.000000e+00 0.000000e+00 1.000000e+00
    outer loop
      vertex 2.386861e+01 -4.816591e+01 6.000000e-01
      vertex 2.388268e+01 -4.815323e+01 6.000000e-01
      vertex 2.386391e+01 -4.816008e+01 6.000000e-01
    endloop
  endfacet
  facet normal 0.000000e+00 0.000000e+00 1.000000e+00
    outer loop
      vertex 2.396286e+01 -4.808145e+01 6.000000e-01
      vertex 2.388864e+01 -4.814042e+01 6.000000e-01
      vertex 2.388268e+01 -4.815323e+01 6.000000e-01
    endloop
  endfacet
  facet normal 0.000000e+00 0.000000e+00 1.000000e+00
    outer loop
      vertex 2.388268e+01 -4.815323e+01 6.000000e-01
      vertex 2.386861e+01 -4.816591e+01 6.000000e-01
      vertex 2.411303e+01 -4.802667e+01 6.000000e-01
    endloop
  endfacet
  facet normal 0.000000e+00 0.000000e+00 1.000000e+00
    outer loop
      vertex 2.386861e+01 -4.816591e+01 6.000000e-01
      vertex 2.386092e+01 -4.816649e+01 6.000000e-01
      vertex 2.386733e+01 -4.816947e+01 6.000000e-01
    endloop
  endfacet
  facet normal 0.000000e+00 0.000000e+00 1.000000e+00
    outer loop
      vertex 2.388268e+01 -4.815323e+01 6.000000e-01
      vertex 2.411303e+01 -4.802667e+01 6.000000e-01
      vertex 2.396286e+01 -4.808145e+01 6.000000e-01
    endloop
  endfacet
  facet normal 0.000000e+00 0.000000e+00 1.000000e+00
    outer loop
      vertex 2.396286e+01 -4.808145e+01 6.000000e-01
      vertex 2.391164e+01 -4.805759e+01 6.000000e-01
      vertex 2.388777e+01 -4.810884e+01 6.000000e-01
    endloop
  endfacet
  facet normal 0.000000e+00 0.000000e+00 1.000000e+00
    outer loop
      vertex 2.411303e+01 -4.802667e+01 6.000000e-01
      vertex 2.401059e+01 -4.797895e+01 6.000000e-01
      vertex 2.396286e+01 -4.808145e+01 6.000000e-01
    endloop
  endfacet
  facet normal 0.000000e+00 0.000000e+00 1.000000e+00
    outer loop
      vertex 2.435730e+01 -4.791610e+01 6.000000e-01
      vertex 2.411303e+01 -4.802667e+01 6.000000e-01
      vertex 2.386861e+01 -4.816591e+01 6.000000e-01
    endloop
  endfacet
  facet normal 0.000000e+00 0.000000e+00 1.000000e+00
    outer loop
      vertex 2.416077e+01 -4.792418e+01 6.000000e-01
      vertex 2.415379e+01 -4.767148e+01 6.000000e-01
      vertex 2.405832e+01 -4.787647e+01 6.000000e-01
    endloop
  endfacet
  facet normal 0.000000e+00 0.000000e+00 1.000000e+00
    outer loop
      vertex 2.435867e+01 -4.776690e+01 6.000000e-01
      vertex 2.415379e+01 -4.767148e+01 6.000000e-01
      vertex 2.416077e+01 -4.792418e+01 6.000000e-01
    endloop
  endfacet
  facet normal 0.000000e+00 0.000000e+00 1.000000e+00
    outer loop
      vertex 2.435730e+01 -4.791610e+01 6.000000e-01
      vertex 2.416077e+01 -4.792418e+01 6.000000e-01
      vertex 2.411303e+01 -4.802667e+01 6.000000e-01
    endloop
  endfacet
  facet normal 0.000000e+00 0.000000e+00 1.000000e+00
    outer loop
      vertex 2.435867e+01 -4.776690e+01 6.000000e-01
      vertex 2.435730e+01 -4.791610e+01 6.000000e-01
      vertex 2.483398e+01 -4.763454e+01 6.000000e-01
    endloop
  endfacet
  facet normal 0.000000e+00 0.000000e+00 1.000000e+00
    outer loop
      vertex 2.416077e+01 -4.792418e+01 6.000000e-01
      vertex 2.435730e+01 -4.791610e+01 6.000000e-01
      vertex 2.435867e+01 -4.776690e+01 6.000000e-01
    endloop
  endfacet
  facet normal 0.000000e+00 0.000000e+00 1.000000e+00
    outer loop
      vertex 2.445414e+01 -4.756192e+01 6.000000e-01
      vertex 2.435867e+01 -4.776690e+01 6.000000e-01
      vertex 2.483398e+01 -4.763454e+01 6.000000e-01
    endloop
  endfacet
  facet normal 0.000000e+00 0.000000e+00 1.000000e+00
    outer loop
      vertex 2.529559e+01 -4.732211e+01 6.000000e-01
      vertex 2.464507e+01 -4.715196e+01 6.000000e-01
      vertex 2.483398e+01 -4.763454e+01 6.000000e-01
    endloop
  endfacet
  facet normal 0.000000e+00 0.000000e+00 1.000000e+00
    outer loop
      vertex 2.445414e+01 -4.756192e+01 6.000000e-01
      vertex 2.483398e+01 -4.763454e+01 6.000000e-01
      vertex 2.464507e+01 -4.715196e+01 6.000000e-01
    endloop
  endfacet
  facet normal 0.000000e+00 0.000000e+00 1.000000e+00
    outer loop
      vertex 2.464507e+01 -4.715196e+01 6.000000e-01
      vertex 2.529559e+01 -4.732211e+01 6.000000e-01
      vertex 2.502693e+01 -4.633203e+01 6.000000e-01
    endloop
  endfacet
  facet normal 0.000000e+00 0.000000e+00 1.000000e+00
    outer loop
      vertex 2.382554e+01 -4.677028e+01 6.000000e-01
      vertex 2.423530e+01 -4.696112e+01 6.000000e-01
      vertex 2.397759e+01 -4.646038e+01 6.000000e-01
    endloop
  endfacet
  facet normal 0.000000e+00 0.000000e+00 1.000000e+00
    outer loop
      vertex 1.100252e+01 -3.911341e+01 6.000000e-01
      vertex 1.248306e+01 -3.893682e+01 6.000000e-01
      vertex 1.106991e+01 -3.858596e+01 6.000000e-01
    endloop
  endfacet
  facet normal 0.000000e+00 0.000000e+00 1.000000e+00
    outer loop
      vertex 1.106991e+01 -3.858596e+01 6.000000e-01
      vertex 1.258869e+01 -3.835285e+01 6.000000e-01
      vertex 1.117041e+01 -3.805326e+01 6.000000e-01
    endloop
  endfacet
  facet normal 0.000000e+00 0.000000e+00 1.000000e+00
    outer loop
      vertex 1.147554e+01 -3.698408e+01 6.000000e-01
      vertex 1.130531e+01 -3.751825e+01 6.000000e-01
      vertex 1.273519e+01 -3.779345e+01 6.000000e-01
    endloop
  endfacet
  facet normal 0.000000e+00 0.000000e+00 1.000000e+00
    outer loop
      vertex 1.258869e+01 -3.835285e+01 6.000000e-01
      vertex 1.130531e+01 -3.751825e+01 6.000000e-01
      vertex 1.117041e+01 -3.805326e+01 6.000000e-01
    endloop
  endfacet
  facet normal 0.000000e+00 0.000000e+00 1.000000e+00
    outer loop
      vertex 1.292793e+01 -3.723635e+01 6.000000e-01
      vertex 1.168169e+01 -3.645414e+01 6.000000e-01
      vertex 1.147554e+01 -3.698408e+01 6.000000e-01
    endloop
  endfacet
  facet normal 0.000000e+00 0.000000e+00 1.000000e+00
    outer loop
      vertex 1.096549e+01 -3.966420e+01 6.000000e-01
      vertex 1.096181e+01 -4.020219e+01 6.000000e-01
      vertex 1.240895e+01 -3.999533e+01 6.000000e-01
    endloop
  endfacet
  facet normal 0.000000e+00 0.000000e+00 1.000000e+00
    outer loop
      vertex 1.100252e+01 -3.911341e+01 6.000000e-01
      vertex 1.096549e+01 -3.966420e+01 6.000000e-01
      vertex 1.242389e+01 -3.951884e+01 6.000000e-01
    endloop
  endfacet
  facet normal 0.000000e+00 0.000000e+00 1.000000e+00
    outer loop
      vertex 1.248306e+01 -3.893682e+01 6.000000e-01
      vertex 1.258869e+01 -3.835285e+01 6.000000e-01
      vertex 1.106991e+01 -3.858596e+01 6.000000e-01
    endloop
  endfacet
  facet normal 0.000000e+00 0.000000e+00 1.000000e+00
    outer loop
      vertex 1.273519e+01 -3.779345e+01 6.000000e-01
      vertex 1.130531e+01 -3.751825e+01 6.000000e-01
      vertex 1.258869e+01 -3.835285e+01 6.000000e-01
    endloop
  endfacet
  facet normal 0.000000e+00 0.000000e+00 1.000000e+00
    outer loop
      vertex 1.292793e+01 -3.723635e+01 6.000000e-01
      vertex 1.147554e+01 -3.698408e+01 6.000000e-01
      vertex 1.273519e+01 -3.779345e+01 6.000000e-01
    endloop
  endfacet
  facet normal 0.000000e+00 0.000000e+00 1.000000e+00
    outer loop
      vertex 1.292793e+01 -3.723635e+01 6.000000e-01
      vertex 1.316757e+01 -3.668710e+01 6.000000e-01
      vertex 1.168169e+01 -3.645414e+01 6.000000e-01
    endloop
  endfacet
  facet normal 0.000000e+00 0.000000e+00 1.000000e+00
    outer loop
      vertex 1.316757e+01 -3.668710e+01 6.000000e-01
      vertex 1.192389e+01 -3.593193e+01 6.000000e-01
      vertex 1.168169e+01 -3.645414e+01 6.000000e-01
    endloop
  endfacet
  facet normal 0.000000e+00 0.000000e+00 1.000000e+00
    outer loop
      vertex 1.192389e+01 -3.593193e+01 6.000000e-01
      vertex 1.345388e+01 -3.615148e+01 6.000000e-01
      vertex 1.219467e+01 -3.543332e+01 6.000000e-01
    endloop
  endfacet
  facet normal 0.000000e+00 0.000000e+00 1.000000e+00
    outer loop
      vertex 1.219467e+01 -3.543332e+01 6.000000e-01
      vertex 1.345388e+01 -3.615148e+01 6.000000e-01
      vertex 1.249779e+01 -3.495030e+01 6.000000e-01
    endloop
  endfacet
  facet normal 0.000000e+00 0.000000e+00 1.000000e+00
    outer loop
      vertex 1.319845e+01 -3.403924e+01 6.000000e-01
      vertex 1.283290e+01 -3.448457e+01 6.000000e-01
      vertex 1.416090e+01 -3.514430e+01 6.000000e-01
    endloop
  endfacet
  facet normal 0.000000e+00 0.000000e+00 1.000000e+00
    outer loop
      vertex 1.378570e+01 -3.563532e+01 6.000000e-01
      vertex 1.283290e+01 -3.448457e+01 6.000000e-01
      vertex 1.249779e+01 -3.495030e+01 6.000000e-01
    endloop
  endfacet
  facet normal 0.000000e+00 0.000000e+00 1.000000e+00
    outer loop
      vertex 1.319845e+01 -3.403924e+01 6.000000e-01
      vertex 1.416090e+01 -3.514430e+01 6.000000e-01
      vertex 1.457643e+01 -3.468377e+01 6.000000e-01
    endloop
  endfacet
  facet normal 0.000000e+00 0.000000e+00 1.000000e+00
    outer loop
      vertex 1.378570e+01 -3.563532e+01 6.000000e-01
      vertex 1.249779e+01 -3.495030e+01 6.000000e-01
      vertex 1.345388e+01 -3.615148e+01 6.000000e-01
    endloop
  endfacet
  facet normal 0.000000e+00 0.000000e+00 1.000000e+00
    outer loop
      vertex 1.416090e+01 -3.514430e+01 6.000000e-01
      vertex 1.283290e+01 -3.448457e+01 6.000000e-01
      vertex 1.378570e+01 -3.563532e+01 6.000000e-01
    endloop
  endfacet
  facet normal 0.000000e+00 0.000000e+00 1.000000e+00
    outer loop
      vertex 1.445639e+01 -3.285353e+01 6.000000e-01
      vertex 1.401267e+01 -3.322123e+01 6.000000e-01
      vertex 1.502837e+01 -3.425852e+01 6.000000e-01
    endloop
  endfacet
  facet normal 0.000000e+00 0.000000e+00 1.000000e+00
    outer loop
      vertex 1.457643e+01 -3.468377e+01 6.000000e-01
      vertex 1.401267e+01 -3.322123e+01 6.000000e-01
      vertex 1.359248e+01 -3.361724e+01 6.000000e-01
    endloop
  endfacet
  facet normal 0.000000e+00 0.000000e+00 1.000000e+00
    outer loop
      vertex 1.457643e+01 -3.468377e+01 6.000000e-01
      vertex 1.359248e+01 -3.361724e+01 6.000000e-01
      vertex 1.319845e+01 -3.403924e+01 6.000000e-01
    endloop
  endfacet
  facet normal 0.000000e+00 0.000000e+00 1.000000e+00
    outer loop
      vertex 1.492074e+01 -3.251615e+01 6.000000e-01
      vertex 1.445639e+01 -3.285353e+01 6.000000e-01
      vertex 1.535116e+01 -3.284585e+01 6.000000e-01
    endloop
  endfacet
  facet normal 0.000000e+00 0.000000e+00 1.000000e+00
    outer loop
      vertex 1.316757e+01 -3.668710e+01 6.000000e-01
      vertex 1.345388e+01 -3.615148e+01 6.000000e-01
      vertex 1.192389e+01 -3.593193e+01 6.000000e-01
    endloop
  endfacet
  facet normal 0.000000e+00 0.000000e+00 1.000000e+00
    outer loop
      vertex 1.096549e+01 -3.966420e+01 6.000000e-01
      vertex 1.240895e+01 -3.999533e+01 6.000000e-01
      vertex 1.242389e+01 -3.951884e+01 6.000000e-01
    endloop
  endfacet
  facet normal 0.000000e+00 0.000000e+00 1.000000e+00
    outer loop
      vertex 1.100252e+01 -3.911341e+01 6.000000e-01
      vertex 1.242389e+01 -3.951884e+01 6.000000e-01
      vertex 1.248306e+01 -3.893682e+01 6.000000e-01
    endloop
  endfacet
  facet normal 0.000000e+00 0.000000e+00 1.000000e+00
    outer loop
      vertex 1.457643e+01 -3.468377e+01 6.000000e-01
      vertex 1.502837e+01 -3.425852e+01 6.000000e-01
      vertex 1.401267e+01 -3.322123e+01 6.000000e-01
    endloop
  endfacet
  facet normal 0.000000e+00 0.000000e+00 1.000000e+00
    outer loop
      vertex 1.502837e+01 -3.425852e+01 6.000000e-01
      vertex 1.551207e+01 -3.387268e+01 6.000000e-01
      vertex 1.445639e+01 -3.285353e+01 6.000000e-01
    endloop
  endfacet
  facet normal 0.000000e+00 0.000000e+00 1.000000e+00
    outer loop
      vertex 1.535116e+01 -3.284585e+01 6.000000e-01
      vertex 1.445639e+01 -3.285353e+01 6.000000e-01
      vertex 1.551207e+01 -3.387268e+01 6.000000e-01
    endloop
  endfacet
  facet normal 0.000000e+00 0.000000e+00 1.000000e+00
    outer loop
      vertex 1.576093e+01 -3.303669e+01 6.000000e-01
      vertex 1.551207e+01 -3.387268e+01 6.000000e-01
      vertex 1.602233e+01 -3.352951e+01 6.000000e-01
    endloop
  endfacet
  facet normal 0.000000e+00 0.000000e+00 1.000000e+00
    outer loop
      vertex 1.654041e+01 -3.323811e+01 6.000000e-01
      vertex 1.647104e+01 -3.311797e+01 6.000000e-01
      vertex 1.617070e+01 -3.322753e+01 6.000000e-01
    endloop
  endfacet
  facet normal 0.000000e+00 0.000000e+00 1.000000e+00
    outer loop
      vertex 1.602233e+01 -3.352951e+01 6.000000e-01
      vertex 1.654041e+01 -3.323811e+01 6.000000e-01
      vertex 1.617070e+01 -3.322753e+01 6.000000e-01
    endloop
  endfacet
  facet normal 0.000000e+00 0.000000e+00 1.000000e+00
    outer loop
      vertex 1.602233e+01 -3.352951e+01 6.000000e-01
      vertex 1.617070e+01 -3.322753e+01 6.000000e-01
      vertex 1.576093e+01 -3.303669e+01 6.000000e-01
    endloop
  endfacet
  facet normal 0.000000e+00 0.000000e+00 1.000000e+00
    outer loop
      vertex 1.551207e+01 -3.387268e+01 6.000000e-01
      vertex 1.576093e+01 -3.303669e+01 6.000000e-01
      vertex 1.535116e+01 -3.284585e+01 6.000000e-01
    endloop
  endfacet
  facet normal 0.000000e+00 0.000000e+00 1.000000e+00
    outer loop
      vertex 1.096181e+01 -4.020219e+01 6.000000e-01
      vertex 1.243231e+01 -4.059003e+01 6.000000e-01
      vertex 1.240895e+01 -3.999533e+01 6.000000e-01
    endloop
  endfacet
  facet normal 0.000000e+00 0.000000e+00 1.000000e+00
    outer loop
      vertex 1.647104e+01 -3.311797e+01 6.000000e-01
      vertex 1.651878e+01 -3.301548e+01 6.000000e-01
      vertex 1.626616e+01 -3.302255e+01 6.000000e-01
    endloop
  endfacet
  facet normal 0.000000e+00 0.000000e+00 1.000000e+00
    outer loop
      vertex 1.636163e+01 -3.281757e+01 6.000000e-01
      vertex 1.626616e+01 -3.302255e+01 6.000000e-01
      vertex 1.651878e+01 -3.301548e+01 6.000000e-01
    endloop
  endfacet
  facet normal 0.000000e+00 0.000000e+00 1.000000e+00
    outer loop
      vertex 1.617070e+01 -3.322753e+01 6.000000e-01
      vertex 1.647104e+01 -3.311797e+01 6.000000e-01
      vertex 1.626616e+01 -3.302255e+01 6.000000e-01
    endloop
  endfacet
  facet normal 0.000000e+00 0.000000e+00 1.000000e+00
    outer loop
      vertex 1.636163e+01 -3.281757e+01 6.000000e-01
      vertex 1.656353e+01 -3.286304e+01 6.000000e-01
      vertex 1.618313e+01 -3.204738e+01 6.000000e-01
    endloop
  endfacet
  facet normal 0.000000e+00 0.000000e+00 1.000000e+00
    outer loop
      vertex 1.595186e+01 -3.262673e+01 6.000000e-01
      vertex 1.636163e+01 -3.281757e+01 6.000000e-01
      vertex 1.618313e+01 -3.204738e+01 6.000000e-01
    endloop
  endfacet
  facet normal 0.000000e+00 0.000000e+00 1.000000e+00
    outer loop
      vertex 1.651878e+01 -3.301548e+01 6.000000e-01
      vertex 1.656353e+01 -3.286304e+01 6.000000e-01
      vertex 1.636163e+01 -3.281757e+01 6.000000e-01
    endloop
  endfacet
  facet normal 0.000000e+00 0.000000e+00 1.000000e+00
    outer loop
      vertex 1.660579e+01 -3.295367e+01 6.000000e-01
      vertex 1.656353e+01 -3.286304e+01 6.000000e-01
      vertex 1.651878e+01 -3.301548e+01 6.000000e-01
    endloop
  endfacet
  facet normal 0.000000e+00 0.000000e+00 1.000000e+00
    outer loop
      vertex 1.672366e+01 -3.311090e+01 6.000000e-01
      vertex 1.662122e+01 -3.306319e+01 6.000000e-01
      vertex 1.657349e+01 -3.316568e+01 6.000000e-01
    endloop
  endfacet
  facet normal 0.000000e+00 0.000000e+00 1.000000e+00
    outer loop
      vertex 1.654041e+01 -3.323811e+01 6.000000e-01
      vertex 1.672366e+01 -3.311090e+01 6.000000e-01
      vertex 1.657349e+01 -3.316568e+01 6.000000e-01
    endloop
  endfacet
  facet normal 0.000000e+00 0.000000e+00 1.000000e+00
    outer loop
      vertex 1.662122e+01 -3.306319e+01 6.000000e-01
      vertex 1.677139e+01 -3.300840e+01 6.000000e-01
      vertex 1.665111e+01 -3.293254e+01 6.000000e-01
    endloop
  endfacet
  facet normal 0.000000e+00 0.000000e+00 1.000000e+00
    outer loop
      vertex 1.665111e+01 -3.293254e+01 6.000000e-01
      vertex 1.677139e+01 -3.300840e+01 6.000000e-01
      vertex 1.669642e+01 -3.291140e+01 6.000000e-01
    endloop
  endfacet
  facet normal 0.000000e+00 0.000000e+00 1.000000e+00
    outer loop
      vertex 1.660579e+01 -3.295367e+01 6.000000e-01
      vertex 1.662122e+01 -3.306319e+01 6.000000e-01
      vertex 1.665111e+01 -3.293254e+01 6.000000e-01
    endloop
  endfacet
  facet normal 0.000000e+00 0.000000e+00 1.000000e+00
    outer loop
      vertex 1.662122e+01 -3.306319e+01 6.000000e-01
      vertex 1.660579e+01 -3.295367e+01 6.000000e-01
      vertex 1.651878e+01 -3.301548e+01 6.000000e-01
    endloop
  endfacet
  facet normal 0.000000e+00 0.000000e+00 1.000000e+00
    outer loop
      vertex 1.711571e+01 -3.297323e+01 6.000000e-01
      vertex 1.677139e+01 -3.300840e+01 6.000000e-01
      vertex 1.672366e+01 -3.311090e+01 6.000000e-01
    endloop
  endfacet
  facet normal 0.000000e+00 0.000000e+00 1.000000e+00
    outer loop
      vertex 1.654041e+01 -3.323811e+01 6.000000e-01
      vertex 1.657349e+01 -3.316568e+01 6.000000e-01
      vertex 1.647104e+01 -3.311797e+01 6.000000e-01
    endloop
  endfacet
  facet normal 0.000000e+00 0.000000e+00 1.000000e+00
    outer loop
      vertex 1.540260e+01 -3.221065e+01 6.000000e-01
      vertex 1.535116e+01 -3.284585e+01 6.000000e-01
      vertex 1.595186e+01 -3.262673e+01 6.000000e-01
    endloop
  endfacet
  facet normal 0.000000e+00 0.000000e+00 1.000000e+00
    outer loop
      vertex 1.672366e+01 -3.311090e+01 6.000000e-01
      vertex 1.654041e+01 -3.323811e+01 6.000000e-01
      vertex 1.711571e+01 -3.297323e+01 6.000000e-01
    endloop
  endfacet
  facet normal 0.000000e+00 0.000000e+00 1.000000e+00
    outer loop
      vertex 1.540260e+01 -3.221065e+01 6.000000e-01
      vertex 1.492074e+01 -3.251615e+01 6.000000e-01
      vertex 1.535116e+01 -3.284585e+01 6.000000e-01
    endloop
  endfacet
  facet normal 0.000000e+00 0.000000e+00 1.000000e+00
    outer loop
      vertex 1.589875e+01 -3.193821e+01 6.000000e-01
      vertex 1.540260e+01 -3.221065e+01 6.000000e-01
      vertex 1.595186e+01 -3.262673e+01 6.000000e-01
    endloop
  endfacet
  facet normal 0.000000e+00 0.000000e+00 1.000000e+00
    outer loop
      vertex 1.618313e+01 -3.204738e+01 6.000000e-01
      vertex 1.589875e+01 -3.193821e+01 6.000000e-01
      vertex 1.595186e+01 -3.262673e+01 6.000000e-01
    endloop
  endfacet
  facet normal 0.000000e+00 0.000000e+00 1.000000e+00
    outer loop
      vertex 1.618313e+01 -3.204738e+01 6.000000e-01
      vertex 1.627376e+01 -3.200512e+01 6.000000e-01
      vertex 1.589875e+01 -3.193821e+01 6.000000e-01
    endloop
  endfacet
  facet normal 0.000000e+00 0.000000e+00 1.000000e+00
    outer loop
      vertex 1.640586e+01 -3.169957e+01 6.000000e-01
      vertex 1.589875e+01 -3.193821e+01 6.000000e-01
      vertex 1.627376e+01 -3.200512e+01 6.000000e-01
    endloop
  endfacet
  facet normal 0.000000e+00 0.000000e+00 1.000000e+00
    outer loop
      vertex 1.746735e+01 -3.260064e+01 6.000000e-01
      vertex 1.711571e+01 -3.297323e+01 6.000000e-01
      vertex 1.768721e+01 -3.276484e+01 6.000000e-01
    endloop
  endfacet
  facet normal 0.000000e+00 0.000000e+00 1.000000e+00
    outer loop
      vertex 1.707576e+01 -3.274657e+01 6.000000e-01
      vertex 1.677139e+01 -3.300840e+01 6.000000e-01
      vertex 1.711571e+01 -3.297323e+01 6.000000e-01
    endloop
  endfacet
  facet normal 0.000000e+00 0.000000e+00 1.000000e+00
    outer loop
      vertex 1.707576e+01 -3.274657e+01 6.000000e-01
      vertex 1.711571e+01 -3.297323e+01 6.000000e-01
      vertex 1.746735e+01 -3.260064e+01 6.000000e-01
    endloop
  endfacet
  facet normal 0.000000e+00 0.000000e+00 1.000000e+00
    outer loop
      vertex 1.768721e+01 -3.276484e+01 6.000000e-01
      vertex 1.826227e+01 -3.260551e+01 6.000000e-01
      vertex 1.786979e+01 -3.247482e+01 6.000000e-01
    endloop
  endfacet
  facet normal 0.000000e+00 0.000000e+00 1.000000e+00
    outer loop
      vertex 1.786979e+01 -3.247482e+01 6.000000e-01
      vertex 1.826227e+01 -3.260551e+01 6.000000e-01
      vertex 1.828154e+01 -3.237019e+01 6.000000e-01
    endloop
  endfacet
  facet normal 0.000000e+00 0.000000e+00 1.000000e+00
    outer loop
      vertex 1.746735e+01 -3.260064e+01 6.000000e-01
      vertex 1.768721e+01 -3.276484e+01 6.000000e-01
      vertex 1.786979e+01 -3.247482e+01 6.000000e-01
    endloop
  endfacet
  facet normal 0.000000e+00 0.000000e+00 1.000000e+00
    outer loop
      vertex 1.671438e+01 -3.181406e+01 6.000000e-01
      vertex 1.640586e+01 -3.169957e+01 6.000000e-01
      vertex 1.627376e+01 -3.200512e+01 6.000000e-01
    endloop
  endfacet
  facet normal 0.000000e+00 0.000000e+00 1.000000e+00
    outer loop
      vertex 1.669642e+01 -3.291140e+01 6.000000e-01
      vertex 1.677139e+01 -3.300840e+01 6.000000e-01
      vertex 1.707576e+01 -3.274657e+01 6.000000e-01
    endloop
  endfacet
  facet normal 0.000000e+00 0.000000e+00 1.000000e+00
    outer loop
      vertex 1.716005e+01 -3.164888e+01 6.000000e-01
      vertex 1.692063e+01 -3.149503e+01 6.000000e-01
      vertex 1.671438e+01 -3.181406e+01 6.000000e-01
    endloop
  endfacet
  facet normal 0.000000e+00 0.000000e+00 1.000000e+00
    outer loop
      vertex 1.640586e+01 -3.169957e+01 6.000000e-01
      vertex 1.671438e+01 -3.181406e+01 6.000000e-01
      vertex 1.692063e+01 -3.149503e+01 6.000000e-01
    endloop
  endfacet
  facet normal 0.000000e+00 0.000000e+00 1.000000e+00
    outer loop
      vertex 1.743982e+01 -3.132450e+01 6.000000e-01
      vertex 1.692063e+01 -3.149503e+01 6.000000e-01
      vertex 1.716005e+01 -3.164888e+01 6.000000e-01
    endloop
  endfacet
  facet normal 0.000000e+00 0.000000e+00 1.000000e+00
    outer loop
      vertex 1.796029e+01 -3.118753e+01 6.000000e-01
      vertex 1.743982e+01 -3.132450e+01 6.000000e-01
      vertex 1.761809e+01 -3.150680e+01 6.000000e-01
    endloop
  endfacet
  facet normal 0.000000e+00 0.000000e+00 1.000000e+00
    outer loop
      vertex 1.716005e+01 -3.164888e+01 6.000000e-01
      vertex 1.761809e+01 -3.150680e+01 6.000000e-01
      vertex 1.743982e+01 -3.132450e+01 6.000000e-01
    endloop
  endfacet
  facet normal 0.000000e+00 0.000000e+00 1.000000e+00
    outer loop
      vertex 1.808671e+01 -3.138906e+01 6.000000e-01
      vertex 1.796029e+01 -3.118753e+01 6.000000e-01
      vertex 1.761809e+01 -3.150680e+01 6.000000e-01
    endloop
  endfacet
  facet normal 0.000000e+00 0.000000e+00 1.000000e+00
    outer loop
      vertex 1.847910e+01 -3.108327e+01 6.000000e-01
      vertex 1.808671e+01 -3.138906e+01 6.000000e-01
      vertex 1.856365e+01 -3.129673e+01 6.000000e-01
    endloop
  endfacet
  facet normal 0.000000e+00 0.000000e+00 1.000000e+00
    outer loop
      vertex 1.856365e+01 -3.129673e+01 6.000000e-01
      vertex 1.904360e+01 -3.123097e+01 6.000000e-01
      vertex 1.902484e+01 -3.100718e+01 6.000000e-01
    endloop
  endfacet
  facet normal 0.000000e+00 0.000000e+00 1.000000e+00
    outer loop
      vertex 1.952787e+01 -3.119159e+01 6.000000e-01
      vertex 1.902484e+01 -3.100718e+01 6.000000e-01
      vertex 1.904360e+01 -3.123097e+01 6.000000e-01
    endloop
  endfacet
  facet normal 0.000000e+00 0.000000e+00 1.000000e+00
    outer loop
      vertex 1.847910e+01 -3.108327e+01 6.000000e-01
      vertex 1.856365e+01 -3.129673e+01 6.000000e-01
      vertex 1.902484e+01 -3.100718e+01 6.000000e-01
    endloop
  endfacet
  facet normal 0.000000e+00 0.000000e+00 1.000000e+00
    outer loop
      vertex 1.847910e+01 -3.108327e+01 6.000000e-01
      vertex 1.796029e+01 -3.118753e+01 6.000000e-01
      vertex 1.808671e+01 -3.138906e+01 6.000000e-01
    endloop
  endfacet
  facet normal 0.000000e+00 0.000000e+00 1.000000e+00
    outer loop
      vertex 1.870091e+01 -3.228765e+01 6.000000e-01
      vertex 1.828154e+01 -3.237019e+01 6.000000e-01
      vertex 1.826227e+01 -3.260551e+01 6.000000e-01
    endloop
  endfacet
  facet normal 0.000000e+00 0.000000e+00 1.000000e+00
    outer loop
      vertex 1.912611e+01 -3.222795e+01 6.000000e-01
      vertex 1.883516e+01 -3.249384e+01 6.000000e-01
      vertex 1.940488e+01 -3.242730e+01 6.000000e-01
    endloop
  endfacet
  facet normal 0.000000e+00 0.000000e+00 1.000000e+00
    outer loop
      vertex 1.826227e+01 -3.260551e+01 6.000000e-01
      vertex 1.883516e+01 -3.249384e+01 6.000000e-01
      vertex 1.870091e+01 -3.228765e+01 6.000000e-01
    endloop
  endfacet
  facet normal 0.000000e+00 0.000000e+00 1.000000e+00
    outer loop
      vertex 1.870091e+01 -3.228765e+01 6.000000e-01
      vertex 1.883516e+01 -3.249384e+01 6.000000e-01
      vertex 1.912611e+01 -3.222795e+01 6.000000e-01
    endloop
  endfacet
  facet normal 0.000000e+00 0.000000e+00 1.000000e+00
    outer loop
      vertex 1.999959e+01 -3.240394e+01 6.000000e-01
      vertex 1.955528e+01 -3.219160e+01 6.000000e-01
      vertex 1.940488e+01 -3.242730e+01 6.000000e-01
    endloop
  endfacet
  facet normal 0.000000e+00 0.000000e+00 1.000000e+00
    outer loop
      vertex 1.912611e+01 -3.222795e+01 6.000000e-01
      vertex 1.940488e+01 -3.242730e+01 6.000000e-01
      vertex 1.955528e+01 -3.219160e+01 6.000000e-01
    endloop
  endfacet
  facet normal 0.000000e+00 0.000000e+00 1.000000e+00
    outer loop
      vertex 1.998647e+01 -3.217896e+01 6.000000e-01
      vertex 1.955528e+01 -3.219160e+01 6.000000e-01
      vertex 1.999959e+01 -3.240394e+01 6.000000e-01
    endloop
  endfacet
  facet normal 0.000000e+00 0.000000e+00 1.000000e+00
    outer loop
      vertex 2.047607e+01 -3.241889e+01 6.000000e-01
      vertex 2.041773e+01 -3.219012e+01 6.000000e-01
      vertex 1.999959e+01 -3.240394e+01 6.000000e-01
    endloop
  endfacet
  facet normal 0.000000e+00 0.000000e+00 1.000000e+00
    outer loop
      vertex 1.998647e+01 -3.217896e+01 6.000000e-01
      vertex 1.999959e+01 -3.240394e+01 6.000000e-01
      vertex 2.041773e+01 -3.219012e+01 6.000000e-01
    endloop
  endfacet
  facet normal 0.000000e+00 0.000000e+00 1.000000e+00
    outer loop
      vertex 2.084708e+01 -3.222499e+01 6.000000e-01
      vertex 2.041773e+01 -3.219012e+01 6.000000e-01
      vertex 2.047607e+01 -3.241889e+01 6.000000e-01
    endloop
  endfacet
  facet normal 0.000000e+00 0.000000e+00 1.000000e+00
    outer loop
      vertex 2.127259e+01 -3.228325e+01 6.000000e-01
      vertex 2.084708e+01 -3.222499e+01 6.000000e-01
      vertex 2.105809e+01 -3.247805e+01 6.000000e-01
    endloop
  endfacet
  facet normal 0.000000e+00 0.000000e+00 1.000000e+00
    outer loop
      vertex 2.047607e+01 -3.241889e+01 6.000000e-01
      vertex 2.105809e+01 -3.247805e+01 6.000000e-01
      vertex 2.084708e+01 -3.222499e+01 6.000000e-01
    endloop
  endfacet
  facet normal 0.000000e+00 0.000000e+00 1.000000e+00
    outer loop
      vertex 2.001430e+01 -3.117896e+01 6.000000e-01
      vertex 1.956497e+01 -3.096490e+01 6.000000e-01
      vertex 1.952787e+01 -3.119159e+01 6.000000e-01
    endloop
  endfacet
  facet normal 0.000000e+00 0.000000e+00 1.000000e+00
    outer loop
      vertex 1.999951e+01 -3.095443e+01 6.000000e-01
      vertex 1.956497e+01 -3.096490e+01 6.000000e-01
      vertex 2.001430e+01 -3.117896e+01 6.000000e-01
    endloop
  endfacet
  facet normal 0.000000e+00 0.000000e+00 1.000000e+00
    outer loop
      vertex 2.055093e+01 -3.097123e+01 6.000000e-01
      vertex 1.999951e+01 -3.095443e+01 6.000000e-01
      vertex 2.050067e+01 -3.119317e+01 6.000000e-01
    endloop
  endfacet
  facet normal 0.000000e+00 0.000000e+00 1.000000e+00
    outer loop
      vertex 2.001430e+01 -3.117896e+01 6.000000e-01
      vertex 2.050067e+01 -3.119317e+01 6.000000e-01
      vertex 1.999951e+01 -3.095443e+01 6.000000e-01
    endloop
  endfacet
  facet normal 0.000000e+00 0.000000e+00 1.000000e+00
    outer loop
      vertex 2.098475e+01 -3.123412e+01 6.000000e-01
      vertex 2.055093e+01 -3.097123e+01 6.000000e-01
      vertex 2.050067e+01 -3.119317e+01 6.000000e-01
    endloop
  endfacet
  facet normal 0.000000e+00 0.000000e+00 1.000000e+00
    outer loop
      vertex 2.146436e+01 -3.130142e+01 6.000000e-01
      vertex 2.108986e+01 -3.102037e+01 6.000000e-01
      vertex 2.098475e+01 -3.123412e+01 6.000000e-01
    endloop
  endfacet
  facet normal 0.000000e+00 0.000000e+00 1.000000e+00
    outer loop
      vertex 2.055093e+01 -3.097123e+01 6.000000e-01
      vertex 2.098475e+01 -3.123412e+01 6.000000e-01
      vertex 2.108986e+01 -3.102037e+01 6.000000e-01
    endloop
  endfacet
  facet normal 0.000000e+00 0.000000e+00 1.000000e+00
    outer loop
      vertex 2.161972e+01 -3.110072e+01 6.000000e-01
      vertex 2.108986e+01 -3.102037e+01 6.000000e-01
      vertex 2.146436e+01 -3.130142e+01 6.000000e-01
    endloop
  endfacet
  facet normal 0.000000e+00 0.000000e+00 1.000000e+00
    outer loop
      vertex 2.215370e+01 -3.121473e+01 6.000000e-01
      vertex 2.161972e+01 -3.110072e+01 6.000000e-01
      vertex 2.193740e+01 -3.139447e+01 6.000000e-01
    endloop
  endfacet
  facet normal 0.000000e+00 0.000000e+00 1.000000e+00
    outer loop
      vertex 2.146436e+01 -3.130142e+01 6.000000e-01
      vertex 2.193740e+01 -3.139447e+01 6.000000e-01
      vertex 2.161972e+01 -3.110072e+01 6.000000e-01
    endloop
  endfacet
  facet normal 0.000000e+00 0.000000e+00 1.000000e+00
    outer loop
      vertex 1.952787e+01 -3.119159e+01 6.000000e-01
      vertex 1.956497e+01 -3.096490e+01 6.000000e-01
      vertex 1.902484e+01 -3.100718e+01 6.000000e-01
    endloop
  endfacet
  facet normal 0.000000e+00 0.000000e+00 1.000000e+00
    outer loop
      vertex 2.215370e+01 -3.121473e+01 6.000000e-01
      vertex 2.193740e+01 -3.139447e+01 6.000000e-01
      vertex 2.240183e+01 -3.151244e+01 6.000000e-01
    endloop
  endfacet
  facet normal 0.000000e+00 0.000000e+00 1.000000e+00
    outer loop
      vertex 2.127259e+01 -3.228325e+01 6.000000e-01
      vertex 2.105809e+01 -3.247805e+01 6.000000e-01
      vertex 2.164206e+01 -3.258368e+01 6.000000e-01
    endloop
  endfacet
  facet normal 0.000000e+00 0.000000e+00 1.000000e+00
    outer loop
      vertex 2.502693e+01 -4.633203e+01 6.000000e-01
      vertex 2.497155e+01 -4.573139e+01 6.000000e-01
      vertex 2.448784e+01 -4.611723e+01 6.000000e-01
    endloop
  endfacet
  facet normal 0.000000e+00 0.000000e+00 1.000000e+00
    outer loop
      vertex 2.423530e+01 -4.696112e+01 6.000000e-01
      vertex 2.502693e+01 -4.633203e+01 6.000000e-01
      vertex 2.448784e+01 -4.611723e+01 6.000000e-01
    endloop
  endfacet
  facet normal 0.000000e+00 0.000000e+00 1.000000e+00
    outer loop
      vertex 2.756760e+01 -3.939988e+01 6.000000e-01
      vertex 2.759097e+01 -3.999458e+01 6.000000e-01
      vertex 2.903819e+01 -3.979152e+01 6.000000e-01
    endloop
  endfacet
  facet normal 0.000000e+00 0.000000e+00 1.000000e+00
    outer loop
      vertex 2.759097e+01 -3.999458e+01 6.000000e-01
      vertex 2.757602e+01 -4.047107e+01 6.000000e-01
      vertex 2.903786e+01 -4.021262e+01 6.000000e-01
    endloop
  endfacet
  facet normal 0.000000e+00 0.000000e+00 1.000000e+00
    outer loop
      vertex 2.497155e+01 -4.573139e+01 6.000000e-01
      vertex 2.622832e+01 -4.589378e+01 6.000000e-01
      vertex 2.542349e+01 -4.530614e+01 6.000000e-01
    endloop
  endfacet
  facet normal 0.000000e+00 0.000000e+00 1.000000e+00
    outer loop
      vertex 2.502693e+01 -4.633203e+01 6.000000e-01
      vertex 2.622832e+01 -4.589378e+01 6.000000e-01
      vertex 2.497155e+01 -4.573139e+01 6.000000e-01
    endloop
  endfacet
  facet normal 0.000000e+00 0.000000e+00 1.000000e+00
    outer loop
      vertex 2.542349e+01 -4.530614e+01 6.000000e-01
      vertex 2.622832e+01 -4.589378e+01 6.000000e-01
      vertex 2.583901e+01 -4.484561e+01 6.000000e-01
    endloop
  endfacet
  facet normal 0.000000e+00 0.000000e+00 1.000000e+00
    outer loop
      vertex 2.751685e+01 -4.105309e+01 6.000000e-01
      vertex 2.741122e+01 -4.163706e+01 6.000000e-01
      vertex 2.885006e+01 -4.184069e+01 6.000000e-01
    endloop
  endfacet
  facet normal 0.000000e+00 0.000000e+00 1.000000e+00
    outer loop
      vertex 2.621421e+01 -4.435459e+01 6.000000e-01
      vertex 2.583901e+01 -4.484561e+01 6.000000e-01
      vertex 2.728129e+01 -4.535341e+01 6.000000e-01
    endloop
  endfacet
  facet normal 0.000000e+00 0.000000e+00 1.000000e+00
    outer loop
      vertex 2.900811e+01 -4.075934e+01 6.000000e-01
      vertex 2.757602e+01 -4.047107e+01 6.000000e-01
      vertex 2.751685e+01 -4.105309e+01 6.000000e-01
    endloop
  endfacet
  facet normal 0.000000e+00 0.000000e+00 1.000000e+00
    outer loop
      vertex 2.529559e+01 -4.732211e+01 6.000000e-01
      vertex 2.573922e+01 -4.698008e+01 6.000000e-01
      vertex 2.502693e+01 -4.633203e+01 6.000000e-01
    endloop
  endfacet
  facet normal 0.000000e+00 0.000000e+00 1.000000e+00
    outer loop
      vertex 2.738940e+01 -3.825727e+01 6.000000e-01
      vertex 2.802601e+01 -3.775108e+01 6.000000e-01
      vertex 2.723008e+01 -3.768221e+01 6.000000e-01
    endloop
  endfacet
  facet normal 0.000000e+00 0.000000e+00 1.000000e+00
    outer loop
      vertex 2.702168e+01 -3.711071e+01 6.000000e-01
      vertex 2.723008e+01 -3.768221e+01 6.000000e-01
      vertex 2.720647e+01 -3.736940e+01 6.000000e-01
    endloop
  endfacet
  facet normal 0.000000e+00 0.000000e+00 1.000000e+00
    outer loop
      vertex 2.723008e+01 -3.768221e+01 6.000000e-01
      vertex 2.802601e+01 -3.775108e+01 6.000000e-01
      vertex 2.720647e+01 -3.736940e+01 6.000000e-01
    endloop
  endfacet
  facet normal 0.000000e+00 0.000000e+00 1.000000e+00
    outer loop
      vertex 2.758833e+01 -3.654947e+01 6.000000e-01
      vertex 2.675680e+01 -3.653540e+01 6.000000e-01
      vertex 2.702168e+01 -3.711071e+01 6.000000e-01
    endloop
  endfacet
  facet normal 0.000000e+00 0.000000e+00 1.000000e+00
    outer loop
      vertex 2.646539e+01 -3.601732e+01 6.000000e-01
      vertex 2.675680e+01 -3.653540e+01 6.000000e-01
      vertex 2.758833e+01 -3.654947e+01 6.000000e-01
    endloop
  endfacet
  facet normal 0.000000e+00 0.000000e+00 1.000000e+00
    outer loop
      vertex 2.720647e+01 -3.736940e+01 6.000000e-01
      vertex 2.758833e+01 -3.654947e+01 6.000000e-01
      vertex 2.702168e+01 -3.711071e+01 6.000000e-01
    endloop
  endfacet
  facet normal 0.000000e+00 0.000000e+00 1.000000e+00
    outer loop
      vertex 2.885258e+01 -3.816138e+01 6.000000e-01
      vertex 2.802601e+01 -3.775108e+01 6.000000e-01
      vertex 2.750107e+01 -3.883016e+01 6.000000e-01
    endloop
  endfacet
  facet normal 0.000000e+00 0.000000e+00 1.000000e+00
    outer loop
      vertex 2.802601e+01 -3.775108e+01 6.000000e-01
      vertex 2.738940e+01 -3.825727e+01 6.000000e-01
      vertex 2.750107e+01 -3.883016e+01 6.000000e-01
    endloop
  endfacet
  facet normal 0.000000e+00 0.000000e+00 1.000000e+00
    outer loop
      vertex 2.872870e+01 -3.764122e+01 6.000000e-01
      vertex 2.802601e+01 -3.775108e+01 6.000000e-01
      vertex 2.885258e+01 -3.816138e+01 6.000000e-01
    endloop
  endfacet
  facet normal 0.000000e+00 0.000000e+00 1.000000e+00
    outer loop
      vertex 2.894802e+01 -3.870530e+01 6.000000e-01
      vertex 2.750107e+01 -3.883016e+01 6.000000e-01
      vertex 2.756760e+01 -3.939988e+01 6.000000e-01
    endloop
  endfacet
  facet normal 0.000000e+00 0.000000e+00 1.000000e+00
    outer loop
      vertex 2.872870e+01 -3.764122e+01 6.000000e-01
      vertex 2.857156e+01 -3.712116e+01 6.000000e-01
      vertex 2.802601e+01 -3.775108e+01 6.000000e-01
    endloop
  endfacet
  facet normal 0.000000e+00 0.000000e+00 1.000000e+00
    outer loop
      vertex 2.840787e+01 -3.693115e+01 6.000000e-01
      vertex 2.802601e+01 -3.775108e+01 6.000000e-01
      vertex 2.857156e+01 -3.712116e+01 6.000000e-01
    endloop
  endfacet
  facet normal 0.000000e+00 0.000000e+00 1.000000e+00
    outer loop
      vertex 2.838054e+01 -3.660425e+01 6.000000e-01
      vertex 2.840787e+01 -3.693115e+01 6.000000e-01
      vertex 2.857156e+01 -3.712116e+01 6.000000e-01
    endloop
  endfacet
  facet normal 0.000000e+00 0.000000e+00 1.000000e+00
    outer loop
      vertex 2.840787e+01 -3.693115e+01 6.000000e-01
      vertex 2.838054e+01 -3.660425e+01 6.000000e-01
      vertex 2.758833e+01 -3.654947e+01 6.000000e-01
    endloop
  endfacet
  facet normal 0.000000e+00 0.000000e+00 1.000000e+00
    outer loop
      vertex 2.750107e+01 -3.883016e+01 6.000000e-01
      vertex 2.894802e+01 -3.870530e+01 6.000000e-01
      vertex 2.885258e+01 -3.816138e+01 6.000000e-01
    endloop
  endfacet
  facet normal 0.000000e+00 0.000000e+00 1.000000e+00
    outer loop
      vertex 2.616205e+01 -4.661006e+01 6.000000e-01
      vertex 2.584646e+01 -4.671370e+01 6.000000e-01
      vertex 2.573922e+01 -4.698008e+01 6.000000e-01
    endloop
  endfacet
  facet normal 0.000000e+00 0.000000e+00 1.000000e+00
    outer loop
      vertex 2.584646e+01 -4.671370e+01 6.000000e-01
      vertex 2.502693e+01 -4.633203e+01 6.000000e-01
      vertex 2.573922e+01 -4.698008e+01 6.000000e-01
    endloop
  endfacet
  facet normal 0.000000e+00 0.000000e+00 1.000000e+00
    outer loop
      vertex 2.622832e+01 -4.589378e+01 6.000000e-01
      vertex 2.584646e+01 -4.671370e+01 6.000000e-01
      vertex 2.616205e+01 -4.661006e+01 6.000000e-01
    endloop
  endfacet
  facet normal 0.000000e+00 0.000000e+00 1.000000e+00
    outer loop
      vertex 2.693526e+01 -4.579432e+01 6.000000e-01
      vertex 2.728129e+01 -4.535341e+01 6.000000e-01
      vertex 2.583901e+01 -4.484561e+01 6.000000e-01
    endloop
  endfacet
  facet normal 0.000000e+00 0.000000e+00 1.000000e+00
    outer loop
      vertex 2.656150e+01 -4.621405e+01 6.000000e-01
      vertex 2.622832e+01 -4.589378e+01 6.000000e-01
      vertex 2.616205e+01 -4.661006e+01 6.000000e-01
    endloop
  endfacet
  facet normal 0.000000e+00 0.000000e+00 1.000000e+00
    outer loop
      vertex 2.759793e+01 -4.489412e+01 6.000000e-01
      vertex 2.654603e+01 -4.383843e+01 6.000000e-01
      vertex 2.621421e+01 -4.435459e+01 6.000000e-01
    endloop
  endfacet
  facet normal 0.000000e+00 0.000000e+00 1.000000e+00
    outer loop
      vertex 2.654603e+01 -4.383843e+01 6.000000e-01
      vertex 2.788384e+01 -4.441935e+01 6.000000e-01
      vertex 2.683234e+01 -4.330281e+01 6.000000e-01
    endloop
  endfacet
  facet normal 0.000000e+00 0.000000e+00 1.000000e+00
    outer loop
      vertex 2.622832e+01 -4.589378e+01 6.000000e-01
      vertex 2.693526e+01 -4.579432e+01 6.000000e-01
      vertex 2.583901e+01 -4.484561e+01 6.000000e-01
    endloop
  endfacet
  facet normal 0.000000e+00 0.000000e+00 1.000000e+00
    outer loop
      vertex 2.622832e+01 -4.589378e+01 6.000000e-01
      vertex 2.656150e+01 -4.621405e+01 6.000000e-01
      vertex 2.693526e+01 -4.579432e+01 6.000000e-01
    endloop
  endfacet
  facet normal 0.000000e+00 0.000000e+00 1.000000e+00
    outer loop
      vertex 2.759793e+01 -4.489412e+01 6.000000e-01
      vertex 2.788384e+01 -4.441935e+01 6.000000e-01
      vertex 2.654603e+01 -4.383843e+01 6.000000e-01
    endloop
  endfacet
  facet normal 0.000000e+00 0.000000e+00 1.000000e+00
    outer loop
      vertex 2.759793e+01 -4.489412e+01 6.000000e-01
      vertex 2.621421e+01 -4.435459e+01 6.000000e-01
      vertex 2.728129e+01 -4.535341e+01 6.000000e-01
    endloop
  endfacet
  facet normal 0.000000e+00 0.000000e+00 1.000000e+00
    outer loop
      vertex 2.788384e+01 -4.441935e+01 6.000000e-01
      vertex 2.813811e+01 -4.393215e+01 6.000000e-01
      vertex 2.683234e+01 -4.330281e+01 6.000000e-01
    endloop
  endfacet
  facet normal 0.000000e+00 0.000000e+00 1.000000e+00
    outer loop
      vertex 2.813811e+01 -4.393215e+01 6.000000e-01
      vertex 2.836018e+01 -4.343555e+01 6.000000e-01
      vertex 2.683234e+01 -4.330281e+01 6.000000e-01
    endloop
  endfacet
  facet normal 0.000000e+00 0.000000e+00 1.000000e+00
    outer loop
      vertex 2.726472e+01 -4.219645e+01 6.000000e-01
      vertex 2.707198e+01 -4.275355e+01 6.000000e-01
      vertex 2.855480e+01 -4.291825e+01 6.000000e-01
    endloop
  endfacet
  facet normal 0.000000e+00 0.000000e+00 1.000000e+00
    outer loop
      vertex 2.900811e+01 -4.075934e+01 6.000000e-01
      vertex 2.903786e+01 -4.021262e+01 6.000000e-01
      vertex 2.757602e+01 -4.047107e+01 6.000000e-01
    endloop
  endfacet
  facet normal 0.000000e+00 0.000000e+00 1.000000e+00
    outer loop
      vertex 2.894623e+01 -4.129698e+01 6.000000e-01
      vertex 2.900811e+01 -4.075934e+01 6.000000e-01
      vertex 2.751685e+01 -4.105309e+01 6.000000e-01
    endloop
  endfacet
  facet normal 0.000000e+00 0.000000e+00 1.000000e+00
    outer loop
      vertex 2.759097e+01 -3.999458e+01 6.000000e-01
      vertex 2.903786e+01 -4.021262e+01 6.000000e-01
      vertex 2.903819e+01 -3.979152e+01 6.000000e-01
    endloop
  endfacet
  facet normal 0.000000e+00 0.000000e+00 1.000000e+00
    outer loop
      vertex 2.903819e+01 -3.979152e+01 6.000000e-01
      vertex 2.900966e+01 -3.924908e+01 6.000000e-01
      vertex 2.756760e+01 -3.939988e+01 6.000000e-01
    endloop
  endfacet
  facet normal 0.000000e+00 0.000000e+00 1.000000e+00
    outer loop
      vertex 2.900966e+01 -3.924908e+01 6.000000e-01
      vertex 2.894802e+01 -3.870530e+01 6.000000e-01
      vertex 2.756760e+01 -3.939988e+01 6.000000e-01
    endloop
  endfacet
  facet normal 0.000000e+00 0.000000e+00 1.000000e+00
    outer loop
      vertex 2.855480e+01 -4.291825e+01 6.000000e-01
      vertex 2.871817e+01 -4.238740e+01 6.000000e-01
      vertex 2.726472e+01 -4.219645e+01 6.000000e-01
    endloop
  endfacet
  facet normal 0.000000e+00 0.000000e+00 1.000000e+00
    outer loop
      vertex 2.707198e+01 -4.275355e+01 6.000000e-01
      vertex 2.836018e+01 -4.343555e+01 6.000000e-01
      vertex 2.855480e+01 -4.291825e+01 6.000000e-01
    endloop
  endfacet
  facet normal 0.000000e+00 0.000000e+00 1.000000e+00
    outer loop
      vertex 2.741122e+01 -4.163706e+01 6.000000e-01
      vertex 2.871817e+01 -4.238740e+01 6.000000e-01
      vertex 2.885006e+01 -4.184069e+01 6.000000e-01
    endloop
  endfacet
  facet normal 0.000000e+00 0.000000e+00 1.000000e+00
    outer loop
      vertex 2.741122e+01 -4.163706e+01 6.000000e-01
      vertex 2.726472e+01 -4.219645e+01 6.000000e-01
      vertex 2.871817e+01 -4.238740e+01 6.000000e-01
    endloop
  endfacet
  facet normal 0.000000e+00 0.000000e+00 1.000000e+00
    outer loop
      vertex 2.751685e+01 -4.105309e+01 6.000000e-01
      vertex 2.885006e+01 -4.184069e+01 6.000000e-01
      vertex 2.894623e+01 -4.129698e+01 6.000000e-01
    endloop
  endfacet
  facet normal 0.000000e+00 0.000000e+00 1.000000e+00
    outer loop
      vertex 2.683234e+01 -4.330281e+01 6.000000e-01
      vertex 2.836018e+01 -4.343555e+01 6.000000e-01
      vertex 2.707198e+01 -4.275355e+01 6.000000e-01
    endloop
  endfacet
  facet normal 0.000000e+00 0.000000e+00 1.000000e+00
    outer loop
      vertex 2.448784e+01 -4.611723e+01 6.000000e-01
      vertex 2.397759e+01 -4.646038e+01 6.000000e-01
      vertex 2.423530e+01 -4.696112e+01 6.000000e-01
    endloop
  endfacet
  facet normal 0.000000e+00 0.000000e+00 1.000000e+00
    outer loop
      vertex 2.211091e+01 -3.246940e+01 6.000000e-01
      vertex 2.164206e+01 -3.258368e+01 6.000000e-01
      vertex 2.220146e+01 -3.273019e+01 6.000000e-01
    endloop
  endfacet
  facet normal 0.000000e+00 0.000000e+00 1.000000e+00
    outer loop
      vertex 2.251701e+01 -3.259533e+01 6.000000e-01
      vertex 2.220146e+01 -3.273019e+01 6.000000e-01
      vertex 2.275856e+01 -3.292293e+01 6.000000e-01
    endloop
  endfacet
  facet normal 0.000000e+00 0.000000e+00 1.000000e+00
    outer loop
      vertex 2.220146e+01 -3.273019e+01 6.000000e-01
      vertex 2.251701e+01 -3.259533e+01 6.000000e-01
      vertex 2.211091e+01 -3.246940e+01 6.000000e-01
    endloop
  endfacet
  facet normal 0.000000e+00 0.000000e+00 1.000000e+00
    outer loop
      vertex 2.169543e+01 -3.236506e+01 6.000000e-01
      vertex 2.164206e+01 -3.258368e+01 6.000000e-01
      vertex 2.211091e+01 -3.246940e+01 6.000000e-01
    endloop
  endfacet
  facet normal 0.000000e+00 0.000000e+00 1.000000e+00
    outer loop
      vertex 2.169543e+01 -3.236506e+01 6.000000e-01
      vertex 2.127259e+01 -3.228325e+01 6.000000e-01
      vertex 2.164206e+01 -3.258368e+01 6.000000e-01
    endloop
  endfacet
  facet normal 0.000000e+00 0.000000e+00 1.000000e+00
    outer loop
      vertex 2.291214e+01 -3.274173e+01 6.000000e-01
      vertex 2.251701e+01 -3.259533e+01 6.000000e-01
      vertex 2.275856e+01 -3.292293e+01 6.000000e-01
    endloop
  endfacet
  facet normal 0.000000e+00 0.000000e+00 1.000000e+00
    outer loop
      vertex 2.339343e+01 -3.295334e+01 6.000000e-01
      vertex 2.330781e+01 -3.316257e+01 6.000000e-01
      vertex 2.365370e+01 -3.322036e+01 6.000000e-01
    endloop
  endfacet
  facet normal 0.000000e+00 0.000000e+00 1.000000e+00
    outer loop
      vertex 2.291214e+01 -3.274173e+01 6.000000e-01
      vertex 2.275856e+01 -3.292293e+01 6.000000e-01
      vertex 2.330280e+01 -3.291108e+01 6.000000e-01
    endloop
  endfacet
  facet normal 0.000000e+00 0.000000e+00 1.000000e+00
    outer loop
      vertex 2.330280e+01 -3.291108e+01 6.000000e-01
      vertex 2.275856e+01 -3.292293e+01 6.000000e-01
      vertex 2.330781e+01 -3.316257e+01 6.000000e-01
    endloop
  endfacet
  facet normal 0.000000e+00 0.000000e+00 1.000000e+00
    outer loop
      vertex 2.384343e+01 -3.344888e+01 6.000000e-01
      vertex 2.365370e+01 -3.322036e+01 6.000000e-01
      vertex 2.330781e+01 -3.316257e+01 6.000000e-01
    endloop
  endfacet
  facet normal 0.000000e+00 0.000000e+00 1.000000e+00
    outer loop
      vertex 2.330781e+01 -3.316257e+01 6.000000e-01
      vertex 2.339343e+01 -3.295334e+01 6.000000e-01
      vertex 2.330280e+01 -3.291108e+01 6.000000e-01
    endloop
  endfacet
  facet normal 0.000000e+00 0.000000e+00 1.000000e+00
    outer loop
      vertex 2.363975e+01 -3.271498e+01 6.000000e-01
      vertex 2.339343e+01 -3.295334e+01 6.000000e-01
      vertex 2.354428e+01 -3.291996e+01 6.000000e-01
    endloop
  endfacet
  facet normal 0.000000e+00 0.000000e+00 1.000000e+00
    outer loop
      vertex 2.365370e+01 -3.322036e+01 6.000000e-01
      vertex 2.354428e+01 -3.291996e+01 6.000000e-01
      vertex 2.339343e+01 -3.295334e+01 6.000000e-01
    endloop
  endfacet
  facet normal 0.000000e+00 0.000000e+00 1.000000e+00
    outer loop
      vertex 2.268877e+01 -3.136354e+01 6.000000e-01
      vertex 2.240183e+01 -3.151244e+01 6.000000e-01
      vertex 2.285577e+01 -3.165431e+01 6.000000e-01
    endloop
  endfacet
  facet normal 0.000000e+00 0.000000e+00 1.000000e+00
    outer loop
      vertex 2.322168e+01 -3.154797e+01 6.000000e-01
      vertex 2.285577e+01 -3.165431e+01 6.000000e-01
      vertex 2.329748e+01 -3.181887e+01 6.000000e-01
    endloop
  endfacet
  facet normal 0.000000e+00 0.000000e+00 1.000000e+00
    outer loop
      vertex 2.329748e+01 -3.181887e+01 6.000000e-01
      vertex 2.374898e+01 -3.176842e+01 6.000000e-01
      vertex 2.322168e+01 -3.154797e+01 6.000000e-01
    endloop
  endfacet
  facet normal 0.000000e+00 0.000000e+00 1.000000e+00
    outer loop
      vertex 2.268877e+01 -3.136354e+01 6.000000e-01
      vertex 2.285577e+01 -3.165431e+01 6.000000e-01
      vertex 2.322168e+01 -3.154797e+01 6.000000e-01
    endloop
  endfacet
  facet normal 0.000000e+00 0.000000e+00 1.000000e+00
    outer loop
      vertex 2.268877e+01 -3.136354e+01 6.000000e-01
      vertex 2.215370e+01 -3.121473e+01 6.000000e-01
      vertex 2.240183e+01 -3.151244e+01 6.000000e-01
    endloop
  endfacet
  facet normal 0.000000e+00 0.000000e+00 1.000000e+00
    outer loop
      vertex 2.372537e+01 -3.200476e+01 6.000000e-01
      vertex 2.374898e+01 -3.176842e+01 6.000000e-01
      vertex 2.329748e+01 -3.181887e+01 6.000000e-01
    endloop
  endfacet
  facet normal 0.000000e+00 0.000000e+00 1.000000e+00
    outer loop
      vertex 2.384463e+01 -3.281040e+01 6.000000e-01
      vertex 2.403556e+01 -3.240043e+01 6.000000e-01
      vertex 2.383068e+01 -3.230501e+01 6.000000e-01
    endloop
  endfacet
  facet normal 0.000000e+00 0.000000e+00 1.000000e+00
    outer loop
      vertex 2.384463e+01 -3.281040e+01 6.000000e-01
      vertex 2.383068e+01 -3.230501e+01 6.000000e-01
      vertex 2.363975e+01 -3.271498e+01 6.000000e-01
    endloop
  endfacet
  facet normal 0.000000e+00 0.000000e+00 1.000000e+00
    outer loop
      vertex 2.339343e+01 -3.295334e+01 6.000000e-01
      vertex 2.363975e+01 -3.271498e+01 6.000000e-01
      vertex 2.381601e+01 -3.204701e+01 6.000000e-01
    endloop
  endfacet
  facet normal 0.000000e+00 0.000000e+00 1.000000e+00
    outer loop
      vertex 2.392614e+01 -3.210003e+01 6.000000e-01
      vertex 2.381601e+01 -3.204701e+01 6.000000e-01
      vertex 2.383068e+01 -3.230501e+01 6.000000e-01
    endloop
  endfacet
  facet normal 0.000000e+00 0.000000e+00 1.000000e+00
    outer loop
      vertex 2.383068e+01 -3.230501e+01 6.000000e-01
      vertex 2.381601e+01 -3.204701e+01 6.000000e-01
      vertex 2.363975e+01 -3.271498e+01 6.000000e-01
    endloop
  endfacet
  facet normal 0.000000e+00 0.000000e+00 1.000000e+00
    outer loop
      vertex 2.374898e+01 -3.176842e+01 6.000000e-01
      vertex 2.372537e+01 -3.200476e+01 6.000000e-01
      vertex 2.381601e+01 -3.204701e+01 6.000000e-01
    endloop
  endfacet
  facet normal 0.000000e+00 0.000000e+00 1.000000e+00
    outer loop
      vertex 2.374898e+01 -3.176842e+01 6.000000e-01
      vertex 2.381601e+01 -3.204701e+01 6.000000e-01
      vertex 2.392614e+01 -3.210003e+01 6.000000e-01
    endloop
  endfacet
  facet normal 0.000000e+00 0.000000e+00 1.000000e+00
    outer loop
      vertex 2.392614e+01 -3.210003e+01 6.000000e-01
      vertex 2.426310e+01 -3.202272e+01 6.000000e-01
      vertex 2.374898e+01 -3.176842e+01 6.000000e-01
    endloop
  endfacet
  facet normal 0.000000e+00 0.000000e+00 1.000000e+00
    outer loop
      vertex 2.573639e+01 -3.502337e+01 6.000000e-01
      vertex 2.653796e+01 -3.375111e+01 6.000000e-01
      vertex 2.531115e+01 -3.457142e+01 6.000000e-01
    endloop
  endfacet
  facet normal 0.000000e+00 0.000000e+00 1.000000e+00
    outer loop
      vertex 2.573639e+01 -3.502337e+01 6.000000e-01
      vertex 2.612224e+01 -3.550707e+01 6.000000e-01
      vertex 2.692300e+01 -3.418097e+01 6.000000e-01
    endloop
  endfacet
  facet normal 0.000000e+00 0.000000e+00 1.000000e+00
    outer loop
      vertex 2.406347e+01 -3.341120e+01 6.000000e-01
      vertex 2.384343e+01 -3.344888e+01 6.000000e-01
      vertex 2.435959e+01 -3.378070e+01 6.000000e-01
    endloop
  endfacet
  facet normal 0.000000e+00 0.000000e+00 1.000000e+00
    outer loop
      vertex 2.406347e+01 -3.341120e+01 6.000000e-01
      vertex 2.365370e+01 -3.322036e+01 6.000000e-01
      vertex 2.384343e+01 -3.344888e+01 6.000000e-01
    endloop
  endfacet
  facet normal 0.000000e+00 0.000000e+00 1.000000e+00
    outer loop
      vertex 2.568955e+01 -3.296932e+01 6.000000e-01
      vertex 2.435959e+01 -3.378070e+01 6.000000e-01
      vertex 2.485061e+01 -3.415590e+01 6.000000e-01
    endloop
  endfacet
  facet normal 0.000000e+00 0.000000e+00 1.000000e+00
    outer loop
      vertex 2.531115e+01 -3.457142e+01 6.000000e-01
      vertex 2.612596e+01 -3.334641e+01 6.000000e-01
      vertex 2.485061e+01 -3.415590e+01 6.000000e-01
    endloop
  endfacet
  facet normal 0.000000e+00 0.000000e+00 1.000000e+00
    outer loop
      vertex 2.838054e+01 -3.660425e+01 6.000000e-01
      vertex 2.815540e+01 -3.609371e+01 6.000000e-01
      vertex 2.758833e+01 -3.654947e+01 6.000000e-01
    endloop
  endfacet
  facet normal 0.000000e+00 0.000000e+00 1.000000e+00
    outer loop
      vertex 2.612224e+01 -3.550707e+01 6.000000e-01
      vertex 2.646539e+01 -3.601732e+01 6.000000e-01
      vertex 2.760380e+01 -3.510490e+01 6.000000e-01
    endloop
  endfacet
  facet normal 0.000000e+00 0.000000e+00 1.000000e+00
    outer loop
      vertex 2.789630e+01 -3.559282e+01 6.000000e-01
      vertex 2.646539e+01 -3.601732e+01 6.000000e-01
      vertex 2.758833e+01 -3.654947e+01 6.000000e-01
    endloop
  endfacet
  facet normal 0.000000e+00 0.000000e+00 1.000000e+00
    outer loop
      vertex 2.758833e+01 -3.654947e+01 6.000000e-01
      vertex 2.815540e+01 -3.609371e+01 6.000000e-01
      vertex 2.789630e+01 -3.559282e+01 6.000000e-01
    endloop
  endfacet
  facet normal 0.000000e+00 0.000000e+00 1.000000e+00
    outer loop
      vertex 2.760380e+01 -3.510490e+01 6.000000e-01
      vertex 2.646539e+01 -3.601732e+01 6.000000e-01
      vertex 2.789630e+01 -3.559282e+01 6.000000e-01
    endloop
  endfacet
  facet normal 0.000000e+00 0.000000e+00 1.000000e+00
    outer loop
      vertex 2.727889e+01 -3.463323e+01 6.000000e-01
      vertex 2.612224e+01 -3.550707e+01 6.000000e-01
      vertex 2.760380e+01 -3.510490e+01 6.000000e-01
    endloop
  endfacet
  facet normal 0.000000e+00 0.000000e+00 1.000000e+00
    outer loop
      vertex 2.406347e+01 -3.341120e+01 6.000000e-01
      vertex 2.435959e+01 -3.378070e+01 6.000000e-01
      vertex 2.425440e+01 -3.300123e+01 6.000000e-01
    endloop
  endfacet
  facet normal 0.000000e+00 0.000000e+00 1.000000e+00
    outer loop
      vertex 2.413103e+01 -3.219545e+01 6.000000e-01
      vertex 2.403556e+01 -3.240043e+01 6.000000e-01
      vertex 2.444533e+01 -3.259127e+01 6.000000e-01
    endloop
  endfacet
  facet normal 0.000000e+00 0.000000e+00 1.000000e+00
    outer loop
      vertex 2.444533e+01 -3.259127e+01 6.000000e-01
      vertex 2.425440e+01 -3.300123e+01 6.000000e-01
      vertex 2.523154e+01 -3.262192e+01 6.000000e-01
    endloop
  endfacet
  facet normal 0.000000e+00 0.000000e+00 1.000000e+00
    outer loop
      vertex 2.444533e+01 -3.259127e+01 6.000000e-01
      vertex 2.475499e+01 -3.230596e+01 6.000000e-01
      vertex 2.426310e+01 -3.202272e+01 6.000000e-01
    endloop
  endfacet
  facet normal 0.000000e+00 0.000000e+00 1.000000e+00
    outer loop
      vertex 2.392614e+01 -3.210003e+01 6.000000e-01
      vertex 2.413103e+01 -3.219545e+01 6.000000e-01
      vertex 2.426310e+01 -3.202272e+01 6.000000e-01
    endloop
  endfacet
  facet normal 0.000000e+00 0.000000e+00 1.000000e+00
    outer loop
      vertex 2.413103e+01 -3.219545e+01 6.000000e-01
      vertex 2.444533e+01 -3.259127e+01 6.000000e-01
      vertex 2.426310e+01 -3.202272e+01 6.000000e-01
    endloop
  endfacet
  facet normal 0.000000e+00 0.000000e+00 1.000000e+00
    outer loop
      vertex 2.475499e+01 -3.230596e+01 6.000000e-01
      vertex 2.444533e+01 -3.259127e+01 6.000000e-01
      vertex 2.523154e+01 -3.262192e+01 6.000000e-01
    endloop
  endfacet
  facet normal 0.000000e+00 0.000000e+00 1.000000e+00
    outer loop
      vertex 2.573639e+01 -3.502337e+01 6.000000e-01
      vertex 2.692300e+01 -3.418097e+01 6.000000e-01
      vertex 2.653796e+01 -3.375111e+01 6.000000e-01
    endloop
  endfacet
  facet normal 0.000000e+00 0.000000e+00 1.000000e+00
    outer loop
      vertex 2.692300e+01 -3.418097e+01 6.000000e-01
      vertex 2.612224e+01 -3.550707e+01 6.000000e-01
      vertex 2.727889e+01 -3.463323e+01 6.000000e-01
    endloop
  endfacet
  facet normal 0.000000e+00 0.000000e+00 1.000000e+00
    outer loop
      vertex 2.612596e+01 -3.334641e+01 6.000000e-01
      vertex 2.531115e+01 -3.457142e+01 6.000000e-01
      vertex 2.653796e+01 -3.375111e+01 6.000000e-01
    endloop
  endfacet
  facet normal 0.000000e+00 0.000000e+00 1.000000e+00
    outer loop
      vertex 2.485061e+01 -3.415590e+01 6.000000e-01
      vertex 2.612596e+01 -3.334641e+01 6.000000e-01
      vertex 2.568955e+01 -3.296932e+01 6.000000e-01
    endloop
  endfacet
  facet normal 0.000000e+00 0.000000e+00 1.000000e+00
    outer loop
      vertex 2.523154e+01 -3.262192e+01 6.000000e-01
      vertex 2.435959e+01 -3.378070e+01 6.000000e-01
      vertex 2.568955e+01 -3.296932e+01 6.000000e-01
    endloop
  endfacet
  facet normal 0.000000e+00 0.000000e+00 1.000000e+00
    outer loop
      vertex 2.523154e+01 -3.262192e+01 6.000000e-01
      vertex 2.425440e+01 -3.300123e+01 6.000000e-01
      vertex 2.435959e+01 -3.378070e+01 6.000000e-01
    endloop
  endfacet
  facet normal 0.000000e+00 0.000000e+00 1.000000e+00
    outer loop
      vertex 1.096181e+01 -4.020219e+01 6.000000e-01
      vertex 1.098943e+01 -4.073081e+01 6.000000e-01
      vertex 1.243231e+01 -4.059003e+01 6.000000e-01
    endloop
  endfacet
  facet normal -4.226677e-01 9.062847e-01 0.000000e+00
    outer loop
      vertex 1.618313e+01 -3.204738e+01 3.100000e+00
      vertex 1.618313e+01 -3.204738e+01 3.600000e+00
      vertex 1.627376e+01 -3.200512e+01 3.600000e+00
    endloop
  endfacet
  facet normal -4.226677e-01 9.062847e-01 0.000000e+00
    outer loop
      vertex 1.618313e+01 -3.204738e+01 3.100000e+00
      vertex 1.627376e+01 -3.200512e+01 3.600000e+00
      vertex 1.627376e+01 -3.200512e+01 3.225000e+00
    endloop
  endfacet
  facet normal -4.226677e-01 9.062847e-01 0.000000e+00
    outer loop
      vertex 1.618313e+01 -3.204738e+01 2.100000e+00
      vertex 1.618313e+01 -3.204738e+01 2.600000e+00
      vertex 1.627376e+01 -3.200512e+01 2.475000e+00
    endloop
  endfacet
  facet normal -4.226677e-01 9.062847e-01 0.000000e+00
    outer loop
      vertex 1.618313e+01 -3.204738e+01 2.100000e+00
      vertex 1.627376e+01 -3.200512e+01 2.475000e+00
      vertex 1.627376e+01 -3.200512e+01 2.100000e+00
    endloop
  endfacet
  facet normal -4.226677e-01 9.062847e-01 0.000000e+00
    outer loop
      vertex 1.618313e+01 -3.204738e+01 2.600000e+00
      vertex 1.618313e+01 -3.204738e+01 3.100000e+00
      vertex 1.627376e+01 -3.200512e+01 2.850000e+00
    endloop
  endfacet
  facet normal -4.226677e-01 9.062847e-01 0.000000e+00
    outer loop
      vertex 1.618313e+01 -3.204738e+01 1.600000e+00
      vertex 1.618313e+01 -3.204738e+01 2.100000e+00
      vertex 1.627376e+01 -3.200512e+01 2.100000e+00
    endloop
  endfacet
  facet normal -4.226677e-01 9.062847e-01 0.000000e+00
    outer loop
      vertex 1.618313e+01 -3.204738e+01 1.600000e+00
      vertex 1.627376e+01 -3.200512e+01 2.100000e+00
      vertex 1.627376e+01 -3.200512e+01 1.725000e+00
    endloop
  endfacet
  facet normal -4.226677e-01 9.062847e-01 0.000000e+00
    outer loop
      vertex 1.618313e+01 -3.204738e+01 6.000000e-01
      vertex 1.618313e+01 -3.204738e+01 1.100000e+00
      vertex 1.627376e+01 -3.200512e+01 9.750000e-01
    endloop
  endfacet
  facet normal -4.226677e-01 9.062847e-01 0.000000e+00
    outer loop
      vertex 1.618313e+01 -3.204738e+01 6.000000e-01
      vertex 1.627376e+01 -3.200512e+01 9.750000e-01
      vertex 1.627376e+01 -3.200512e+01 6.000000e-01
    endloop
  endfacet
  facet normal -4.226677e-01 9.062847e-01 0.000000e+00
    outer loop
      vertex 1.627376e+01 -3.200512e+01 1.350000e+00
      vertex 1.618313e+01 -3.204738e+01 1.100000e+00
      vertex 1.618313e+01 -3.204738e+01 1.600000e+00
    endloop
  endfacet
  facet normal -4.226677e-01 9.062847e-01 0.000000e+00
    outer loop
      vertex 1.618313e+01 -3.204738e+01 3.100000e+00
      vertex 1.627376e+01 -3.200512e+01 3.225000e+00
      vertex 1.627376e+01 -3.200512e+01 2.850000e+00
    endloop
  endfacet
  facet normal -4.226677e-01 9.062847e-01 0.000000e+00
    outer loop
      vertex 1.618313e+01 -3.204738e+01 2.600000e+00
      vertex 1.627376e+01 -3.200512e+01 2.850000e+00
      vertex 1.627376e+01 -3.200512e+01 2.475000e+00
    endloop
  endfacet
  facet normal -4.226677e-01 9.062847e-01 0.000000e+00
    outer loop
      vertex 1.618313e+01 -3.204738e+01 1.600000e+00
      vertex 1.627376e+01 -3.200512e+01 1.725000e+00
      vertex 1.627376e+01 -3.200512e+01 1.350000e+00
    endloop
  endfacet
  facet normal -4.226677e-01 9.062847e-01 0.000000e+00
    outer loop
      vertex 1.618313e+01 -3.204738e+01 1.100000e+00
      vertex 1.627376e+01 -3.200512e+01 1.350000e+00
      vertex 1.627376e+01 -3.200512e+01 9.750000e-01
    endloop
  endfacet
  facet normal -3.978179e-01 9.174644e-01 0.000000e+00
    outer loop
      vertex 1.627376e+01 -3.200512e+01 3.225000e+00
      vertex 1.627376e+01 -3.200512e+01 3.600000e+00
      vertex 1.671438e+01 -3.181406e+01 3.600000e+00
    endloop
  endfacet
  facet normal -3.978179e-01 9.174644e-01 0.000000e+00
    outer loop
      vertex 1.627376e+01 -3.200512e+01 1.350000e+00
      vertex 1.671438e+01 -3.181406e+01 2.100000e+00
      vertex 1.671438e+01 -3.181406e+01 6.000000e-01
    endloop
  endfacet
  facet normal -3.978179e-01 9.174644e-01 0.000000e+00
    outer loop
      vertex 1.627376e+01 -3.200512e+01 2.100000e+00
      vertex 1.627376e+01 -3.200512e+01 2.475000e+00
      vertex 1.671438e+01 -3.181406e+01 2.100000e+00
    endloop
  endfacet
  facet normal -3.978179e-01 9.174644e-01 0.000000e+00
    outer loop
      vertex 1.671438e+01 -3.181406e+01 3.600000e+00
      vertex 1.627376e+01 -3.200512e+01 2.850000e+00
      vertex 1.627376e+01 -3.200512e+01 3.225000e+00
    endloop
  endfacet
  facet normal -3.978179e-01 9.174644e-01 0.000000e+00
    outer loop
      vertex 1.627376e+01 -3.200512e+01 2.475000e+00
      vertex 1.627376e+01 -3.200512e+01 2.850000e+00
      vertex 1.671438e+01 -3.181406e+01 2.100000e+00
    endloop
  endfacet
  facet normal -3.978179e-01 9.174644e-01 0.000000e+00
    outer loop
      vertex 1.627376e+01 -3.200512e+01 2.850000e+00
      vertex 1.671438e+01 -3.181406e+01 3.600000e+00
      vertex 1.671438e+01 -3.181406e+01 2.100000e+00
    endloop
  endfacet
  facet normal -3.475246e-01 9.376709e-01 0.000000e+00
    outer loop
      vertex 1.716005e+01 -3.164888e+01 3.600000e+00
      vertex 1.716005e+01 -3.164888e+01 2.100000e+00
      vertex 1.671438e+01 -3.181406e+01 2.100000e+00
    endloop
  endfacet
  facet normal -3.475246e-01 9.376709e-01 0.000000e+00
    outer loop
      vertex 1.716005e+01 -3.164888e+01 3.600000e+00
      vertex 1.671438e+01 -3.181406e+01 2.100000e+00
      vertex 1.671438e+01 -3.181406e+01 3.600000e+00
    endloop
  endfacet
  facet normal -2.436830e-01 9.698550e-01 0.000000e+00
    outer loop
      vertex 1.761809e+01 -3.150680e+01 2.100000e+00
      vertex 1.761809e+01 -3.150680e+01 3.600000e+00
      vertex 1.808671e+01 -3.138906e+01 3.600000e+00
    endloop
  endfacet
  facet normal -2.436830e-01 9.698550e-01 0.000000e+00
    outer loop
      vertex 1.761809e+01 -3.150680e+01 2.100000e+00
      vertex 1.808671e+01 -3.138906e+01 3.600000e+00
      vertex 1.808671e+01 -3.138906e+01 2.100000e+00
    endloop
  endfacet
  facet normal -1.900460e-01 9.817752e-01 0.000000e+00
    outer loop
      vertex 1.856365e+01 -3.129673e+01 3.600000e+00
      vertex 1.856365e+01 -3.129673e+01 2.100000e+00
      vertex 1.808671e+01 -3.138906e+01 2.100000e+00
    endloop
  endfacet
  facet normal -1.900460e-01 9.817752e-01 0.000000e+00
    outer loop
      vertex 1.856365e+01 -3.129673e+01 3.600000e+00
      vertex 1.808671e+01 -3.138906e+01 2.100000e+00
      vertex 1.808671e+01 -3.138906e+01 3.600000e+00
    endloop
  endfacet
  facet normal -2.962681e-01 9.551048e-01 0.000000e+00
    outer loop
      vertex 1.761809e+01 -3.150680e+01 2.100000e+00
      vertex 1.761809e+01 -3.150680e+01 6.000000e-01
      vertex 1.716005e+01 -3.164888e+01 6.000000e-01
    endloop
  endfacet
  facet normal -2.962681e-01 9.551048e-01 0.000000e+00
    outer loop
      vertex 1.761809e+01 -3.150680e+01 2.100000e+00
      vertex 1.716005e+01 -3.164888e+01 6.000000e-01
      vertex 1.716005e+01 -3.164888e+01 2.100000e+00
    endloop
  endfacet
  facet normal -2.962681e-01 9.551048e-01 0.000000e+00
    outer loop
      vertex 1.761809e+01 -3.150680e+01 3.600000e+00
      vertex 1.761809e+01 -3.150680e+01 2.100000e+00
      vertex 1.716005e+01 -3.164888e+01 2.100000e+00
    endloop
  endfacet
  facet normal -2.962681e-01 9.551048e-01 0.000000e+00
    outer loop
      vertex 1.761809e+01 -3.150680e+01 3.600000e+00
      vertex 1.716005e+01 -3.164888e+01 2.100000e+00
      vertex 1.716005e+01 -3.164888e+01 3.600000e+00
    endloop
  endfacet
  facet normal -8.103977e-02 9.967109e-01 0.000000e+00
    outer loop
      vertex 1.952787e+01 -3.119159e+01 3.600000e+00
      vertex 1.952787e+01 -3.119159e+01 2.100000e+00
      vertex 1.904360e+01 -3.123097e+01 2.100000e+00
    endloop
  endfacet
  facet normal -8.103977e-02 9.967109e-01 0.000000e+00
    outer loop
      vertex 1.952787e+01 -3.119159e+01 3.600000e+00
      vertex 1.904360e+01 -3.123097e+01 2.100000e+00
      vertex 1.904360e+01 -3.123097e+01 3.600000e+00
    endloop
  endfacet
  facet normal -1.357595e-01 9.907418e-01 0.000000e+00
    outer loop
      vertex 1.904360e+01 -3.123097e+01 3.600000e+00
      vertex 1.904360e+01 -3.123097e+01 2.100000e+00
      vertex 1.856365e+01 -3.129673e+01 2.100000e+00
    endloop
  endfacet
  facet normal -1.357595e-01 9.907418e-01 0.000000e+00
    outer loop
      vertex 1.904360e+01 -3.123097e+01 3.600000e+00
      vertex 1.856365e+01 -3.129673e+01 2.100000e+00
      vertex 1.856365e+01 -3.129673e+01 3.600000e+00
    endloop
  endfacet
  facet normal -2.596474e-02 9.996629e-01 0.000000e+00
    outer loop
      vertex 2.001430e+01 -3.117896e+01 3.600000e+00
      vertex 2.001430e+01 -3.117896e+01 2.100000e+00
      vertex 1.952787e+01 -3.119159e+01 2.100000e+00
    endloop
  endfacet
  facet normal -2.596474e-02 9.996629e-01 0.000000e+00
    outer loop
      vertex 2.001430e+01 -3.117896e+01 3.600000e+00
      vertex 1.952787e+01 -3.119159e+01 2.100000e+00
      vertex 1.952787e+01 -3.119159e+01 3.600000e+00
    endloop
  endfacet
  facet normal -3.475246e-01 9.376709e-01 0.000000e+00
    outer loop
      vertex 1.671438e+01 -3.181406e+01 6.000000e-01
      vertex 1.671438e+01 -3.181406e+01 2.100000e+00
      vertex 1.716005e+01 -3.164888e+01 2.100000e+00
    endloop
  endfacet
  facet normal -3.475246e-01 9.376709e-01 0.000000e+00
    outer loop
      vertex 1.671438e+01 -3.181406e+01 6.000000e-01
      vertex 1.716005e+01 -3.164888e+01 2.100000e+00
      vertex 1.716005e+01 -3.164888e+01 6.000000e-01
    endloop
  endfacet
  facet normal -3.978179e-01 9.174644e-01 0.000000e+00
    outer loop
      vertex 1.671438e+01 -3.181406e+01 2.100000e+00
      vertex 1.627376e+01 -3.200512e+01 1.350000e+00
      vertex 1.627376e+01 -3.200512e+01 1.725000e+00
    endloop
  endfacet
  facet normal -3.978179e-01 9.174644e-01 0.000000e+00
    outer loop
      vertex 1.627376e+01 -3.200512e+01 9.750000e-01
      vertex 1.627376e+01 -3.200512e+01 1.350000e+00
      vertex 1.671438e+01 -3.181406e+01 6.000000e-01
    endloop
  endfacet
  facet normal -2.436830e-01 9.698550e-01 0.000000e+00
    outer loop
      vertex 1.761809e+01 -3.150680e+01 6.000000e-01
      vertex 1.761809e+01 -3.150680e+01 2.100000e+00
      vertex 1.808671e+01 -3.138906e+01 2.100000e+00
    endloop
  endfacet
  facet normal -2.436830e-01 9.698550e-01 -1.345944e-17
    outer loop
      vertex 1.761809e+01 -3.150680e+01 6.000000e-01
      vertex 1.808671e+01 -3.138906e+01 2.100000e+00
      vertex 1.808671e+01 -3.138906e+01 6.000000e-01
    endloop
  endfacet
  facet normal -3.978179e-01 9.174644e-01 0.000000e+00
    outer loop
      vertex 1.627376e+01 -3.200512e+01 9.750000e-01
      vertex 1.671438e+01 -3.181406e+01 6.000000e-01
      vertex 1.627376e+01 -3.200512e+01 6.000000e-01
    endloop
  endfacet
  facet normal -3.978179e-01 9.174644e-01 0.000000e+00
    outer loop
      vertex 1.627376e+01 -3.200512e+01 1.725000e+00
      vertex 1.627376e+01 -3.200512e+01 2.100000e+00
      vertex 1.671438e+01 -3.181406e+01 2.100000e+00
    endloop
  endfacet
  facet normal -1.357595e-01 9.907418e-01 0.000000e+00
    outer loop
      vertex 1.904360e+01 -3.123097e+01 2.100000e+00
      vertex 1.904360e+01 -3.123097e+01 6.000000e-01
      vertex 1.856365e+01 -3.129673e+01 6.000000e-01
    endloop
  endfacet
  facet normal -1.357595e-01 9.907418e-01 6.874653e-18
    outer loop
      vertex 1.904360e+01 -3.123097e+01 2.100000e+00
      vertex 1.856365e+01 -3.129673e+01 6.000000e-01
      vertex 1.856365e+01 -3.129673e+01 2.100000e+00
    endloop
  endfacet
  facet normal -2.596474e-02 9.996629e-01 0.000000e+00
    outer loop
      vertex 1.952787e+01 -3.119159e+01 6.000000e-01
      vertex 1.952787e+01 -3.119159e+01 2.100000e+00
      vertex 2.001430e+01 -3.117896e+01 2.100000e+00
    endloop
  endfacet
  facet normal -2.596474e-02 9.996629e-01 -1.734139e-18
    outer loop
      vertex 1.952787e+01 -3.119159e+01 6.000000e-01
      vertex 2.001430e+01 -3.117896e+01 2.100000e+00
      vertex 2.001430e+01 -3.117896e+01 6.000000e-01
    endloop
  endfacet
  facet normal -8.103977e-02 9.967109e-01 0.000000e+00
    outer loop
      vertex 1.952787e+01 -3.119159e+01 2.100000e+00
      vertex 1.952787e+01 -3.119159e+01 6.000000e-01
      vertex 1.904360e+01 -3.123097e+01 6.000000e-01
    endloop
  endfacet
  facet normal -8.103977e-02 9.967109e-01 0.000000e+00
    outer loop
      vertex 1.952787e+01 -3.119159e+01 2.100000e+00
      vertex 1.904360e+01 -3.123097e+01 6.000000e-01
      vertex 1.904360e+01 -3.123097e+01 2.100000e+00
    endloop
  endfacet
  facet normal -1.900460e-01 9.817752e-01 0.000000e+00
    outer loop
      vertex 1.856365e+01 -3.129673e+01 2.100000e+00
      vertex 1.856365e+01 -3.129673e+01 6.000000e-01
      vertex 1.808671e+01 -3.138906e+01 6.000000e-01
    endloop
  endfacet
  facet normal -1.900460e-01 9.817752e-01 0.000000e+00
    outer loop
      vertex 1.856365e+01 -3.129673e+01 2.100000e+00
      vertex 1.808671e+01 -3.138906e+01 6.000000e-01
      vertex 1.808671e+01 -3.138906e+01 2.100000e+00
    endloop
  endfacet
  facet normal 2.921169e-02 9.995732e-01 0.000000e+00
    outer loop
      vertex 2.001430e+01 -3.117896e+01 2.100000e+00
      vertex 2.001430e+01 -3.117896e+01 3.600000e+00
      vertex 2.050067e+01 -3.119317e+01 3.600000e+00
    endloop
  endfacet
  facet normal 2.921169e-02 9.995732e-01 -1.733983e-18
    outer loop
      vertex 2.001430e+01 -3.117896e+01 2.100000e+00
      vertex 2.050067e+01 -3.119317e+01 3.600000e+00
      vertex 2.050067e+01 -3.119317e+01 2.100000e+00
    endloop
  endfacet
  facet normal 8.428604e-02 9.964416e-01 0.000000e+00
    outer loop
      vertex 2.098475e+01 -3.123412e+01 3.600000e+00
      vertex 2.098475e+01 -3.123412e+01 2.100000e+00
      vertex 2.050067e+01 -3.119317e+01 2.100000e+00
    endloop
  endfacet
  facet normal 8.428604e-02 9.964416e-01 0.000000e+00
    outer loop
      vertex 2.098475e+01 -3.123412e+01 3.600000e+00
      vertex 2.050067e+01 -3.119317e+01 2.100000e+00
      vertex 2.050067e+01 -3.119317e+01 3.600000e+00
    endloop
  endfacet
  facet normal 1.389575e-01 9.902983e-01 0.000000e+00
    outer loop
      vertex 2.146436e+01 -3.130142e+01 3.600000e+00
      vertex 2.146436e+01 -3.130142e+01 2.100000e+00
      vertex 2.098475e+01 -3.123412e+01 2.100000e+00
    endloop
  endfacet
  facet normal 1.389575e-01 9.902983e-01 0.000000e+00
    outer loop
      vertex 2.146436e+01 -3.130142e+01 3.600000e+00
      vertex 2.098475e+01 -3.123412e+01 2.100000e+00
      vertex 2.098475e+01 -3.123412e+01 3.600000e+00
    endloop
  endfacet
  facet normal 8.428604e-02 9.964416e-01 0.000000e+00
    outer loop
      vertex 2.098475e+01 -3.123412e+01 2.100000e+00
      vertex 2.098475e+01 -3.123412e+01 6.000000e-01
      vertex 2.050067e+01 -3.119317e+01 6.000000e-01
    endloop
  endfacet
  facet normal 8.428604e-02 9.964416e-01 0.000000e+00
    outer loop
      vertex 2.098475e+01 -3.123412e+01 2.100000e+00
      vertex 2.050067e+01 -3.119317e+01 6.000000e-01
      vertex 2.050067e+01 -3.119317e+01 2.100000e+00
    endloop
  endfacet
  facet normal 1.930064e-01 9.811975e-01 0.000000e+00
    outer loop
      vertex 2.193740e+01 -3.139447e+01 3.600000e+00
      vertex 2.193740e+01 -3.139447e+01 2.100000e+00
      vertex 2.146436e+01 -3.130142e+01 2.100000e+00
    endloop
  endfacet
  facet normal 1.930064e-01 9.811975e-01 0.000000e+00
    outer loop
      vertex 2.193740e+01 -3.139447e+01 3.600000e+00
      vertex 2.146436e+01 -3.130142e+01 2.100000e+00
      vertex 2.146436e+01 -3.130142e+01 3.600000e+00
    endloop
  endfacet
  facet normal 1.389575e-01 9.902983e-01 0.000000e+00
    outer loop
      vertex 2.146436e+01 -3.130142e+01 2.100000e+00
      vertex 2.146436e+01 -3.130142e+01 6.000000e-01
      vertex 2.098475e+01 -3.123412e+01 6.000000e-01
    endloop
  endfacet
  facet normal 1.389575e-01 9.902983e-01 0.000000e+00
    outer loop
      vertex 2.146436e+01 -3.130142e+01 2.100000e+00
      vertex 2.098475e+01 -3.123412e+01 6.000000e-01
      vertex 2.098475e+01 -3.123412e+01 2.100000e+00
    endloop
  endfacet
  facet normal 2.921169e-02 9.995732e-01 0.000000e+00
    outer loop
      vertex 2.001430e+01 -3.117896e+01 6.000000e-01
      vertex 2.001430e+01 -3.117896e+01 2.100000e+00
      vertex 2.050067e+01 -3.119317e+01 2.100000e+00
    endloop
  endfacet
  facet normal 2.921169e-02 9.995732e-01 1.733983e-18
    outer loop
      vertex 2.001430e+01 -3.117896e+01 6.000000e-01
      vertex 2.050067e+01 -3.119317e+01 2.100000e+00
      vertex 2.050067e+01 -3.119317e+01 6.000000e-01
    endloop
  endfacet
  facet normal 2.461959e-01 9.692201e-01 0.000000e+00
    outer loop
      vertex 2.240183e+01 -3.151244e+01 3.600000e+00
      vertex 2.240183e+01 -3.151244e+01 2.100000e+00
      vertex 2.193740e+01 -3.139447e+01 2.100000e+00
    endloop
  endfacet
  facet normal 2.461959e-01 9.692201e-01 0.000000e+00
    outer loop
      vertex 2.240183e+01 -3.151244e+01 3.600000e+00
      vertex 2.193740e+01 -3.139447e+01 2.100000e+00
      vertex 2.193740e+01 -3.139447e+01 3.600000e+00
    endloop
  endfacet
  facet normal 3.984555e-01 9.171877e-01 0.000000e+00
    outer loop
      vertex 2.372537e+01 -3.200476e+01 3.225000e+00
      vertex 2.329748e+01 -3.181887e+01 3.600000e+00
      vertex 2.372537e+01 -3.200476e+01 3.600000e+00
    endloop
  endfacet
  facet normal 3.491116e-01 9.370812e-01 0.000000e+00
    outer loop
      vertex 2.329748e+01 -3.181887e+01 3.600000e+00
      vertex 2.329748e+01 -3.181887e+01 2.100000e+00
      vertex 2.285577e+01 -3.165431e+01 2.100000e+00
    endloop
  endfacet
  facet normal 3.491116e-01 9.370812e-01 0.000000e+00
    outer loop
      vertex 2.329748e+01 -3.181887e+01 3.600000e+00
      vertex 2.285577e+01 -3.165431e+01 2.100000e+00
      vertex 2.285577e+01 -3.165431e+01 3.600000e+00
    endloop
  endfacet
  facet normal 3.984555e-01 9.171877e-01 0.000000e+00
    outer loop
      vertex 2.329748e+01 -3.181887e+01 2.100000e+00
      vertex 2.329748e+01 -3.181887e+01 3.600000e+00
      vertex 2.372537e+01 -3.200476e+01 2.850000e+00
    endloop
  endfacet
  facet normal 3.984555e-01 9.171877e-01 0.000000e+00
    outer loop
      vertex 2.372537e+01 -3.200476e+01 3.225000e+00
      vertex 2.372537e+01 -3.200476e+01 2.850000e+00
      vertex 2.329748e+01 -3.181887e+01 3.600000e+00
    endloop
  endfacet
  facet normal 2.982967e-01 9.544732e-01 0.000000e+00
    outer loop
      vertex 2.285577e+01 -3.165431e+01 3.600000e+00
      vertex 2.285577e+01 -3.165431e+01 2.100000e+00
      vertex 2.240183e+01 -3.151244e+01 2.100000e+00
    endloop
  endfacet
  facet normal 2.982967e-01 9.544732e-01 0.000000e+00
    outer loop
      vertex 2.285577e+01 -3.165431e+01 3.600000e+00
      vertex 2.240183e+01 -3.151244e+01 2.100000e+00
      vertex 2.240183e+01 -3.151244e+01 3.600000e+00
    endloop
  endfacet
  facet normal 3.984555e-01 9.171877e-01 0.000000e+00
    outer loop
      vertex 2.329748e+01 -3.181887e+01 2.100000e+00
      vertex 2.372537e+01 -3.200476e+01 2.850000e+00
      vertex 2.372537e+01 -3.200476e+01 2.475000e+00
    endloop
  endfacet
  facet normal 1.930064e-01 9.811975e-01 0.000000e+00
    outer loop
      vertex 2.193740e+01 -3.139447e+01 2.100000e+00
      vertex 2.193740e+01 -3.139447e+01 6.000000e-01
      vertex 2.146436e+01 -3.130142e+01 6.000000e-01
    endloop
  endfacet
  facet normal 1.930064e-01 9.811975e-01 0.000000e+00
    outer loop
      vertex 2.193740e+01 -3.139447e+01 2.100000e+00
      vertex 2.146436e+01 -3.130142e+01 6.000000e-01
      vertex 2.146436e+01 -3.130142e+01 2.100000e+00
    endloop
  endfacet
  facet normal 2.461959e-01 9.692201e-01 0.000000e+00
    outer loop
      vertex 2.193740e+01 -3.139447e+01 6.000000e-01
      vertex 2.193740e+01 -3.139447e+01 2.100000e+00
      vertex 2.240183e+01 -3.151244e+01 2.100000e+00
    endloop
  endfacet
  facet normal 2.461959e-01 9.692201e-01 0.000000e+00
    outer loop
      vertex 2.193740e+01 -3.139447e+01 6.000000e-01
      vertex 2.240183e+01 -3.151244e+01 2.100000e+00
      vertex 2.240183e+01 -3.151244e+01 6.000000e-01
    endloop
  endfacet
  facet normal 2.982967e-01 9.544732e-01 0.000000e+00
    outer loop
      vertex 2.240183e+01 -3.151244e+01 6.000000e-01
      vertex 2.240183e+01 -3.151244e+01 2.100000e+00
      vertex 2.285577e+01 -3.165431e+01 2.100000e+00
    endloop
  endfacet
  facet normal 2.982967e-01 9.544732e-01 0.000000e+00
    outer loop
      vertex 2.240183e+01 -3.151244e+01 6.000000e-01
      vertex 2.285577e+01 -3.165431e+01 2.100000e+00
      vertex 2.285577e+01 -3.165431e+01 6.000000e-01
    endloop
  endfacet
  facet normal 3.984555e-01 9.171877e-01 0.000000e+00
    outer loop
      vertex 2.372537e+01 -3.200476e+01 1.725000e+00
      vertex 2.329748e+01 -3.181887e+01 2.100000e+00
      vertex 2.372537e+01 -3.200476e+01 2.100000e+00
    endloop
  endfacet
  facet normal 3.984555e-01 9.171877e-01 0.000000e+00
    outer loop
      vertex 2.372537e+01 -3.200476e+01 2.475000e+00
      vertex 2.372537e+01 -3.200476e+01 2.100000e+00
      vertex 2.329748e+01 -3.181887e+01 2.100000e+00
    endloop
  endfacet
  facet normal 3.984555e-01 9.171877e-01 0.000000e+00
    outer loop
      vertex 2.329748e+01 -3.181887e+01 2.100000e+00
      vertex 2.372537e+01 -3.200476e+01 1.725000e+00
      vertex 2.372537e+01 -3.200476e+01 1.350000e+00
    endloop
  endfacet
  facet normal 3.984555e-01 9.171877e-01 0.000000e+00
    outer loop
      vertex 2.329748e+01 -3.181887e+01 6.000000e-01
      vertex 2.329748e+01 -3.181887e+01 2.100000e+00
      vertex 2.372537e+01 -3.200476e+01 1.350000e+00
    endloop
  endfacet
  facet normal 3.491116e-01 9.370812e-01 0.000000e+00
    outer loop
      vertex 2.329748e+01 -3.181887e+01 2.100000e+00
      vertex 2.329748e+01 -3.181887e+01 6.000000e-01
      vertex 2.285577e+01 -3.165431e+01 6.000000e-01
    endloop
  endfacet
  facet normal 3.491116e-01 9.370812e-01 0.000000e+00
    outer loop
      vertex 2.329748e+01 -3.181887e+01 2.100000e+00
      vertex 2.285577e+01 -3.165431e+01 6.000000e-01
      vertex 2.285577e+01 -3.165431e+01 2.100000e+00
    endloop
  endfacet
  facet normal 3.984555e-01 9.171877e-01 0.000000e+00
    outer loop
      vertex 2.329748e+01 -3.181887e+01 6.000000e-01
      vertex 2.372537e+01 -3.200476e+01 9.750000e-01
      vertex 2.372537e+01 -3.200476e+01 6.000000e-01
    endloop
  endfacet
  facet normal 3.984555e-01 9.171877e-01 0.000000e+00
    outer loop
      vertex 2.329748e+01 -3.181887e+01 6.000000e-01
      vertex 2.372537e+01 -3.200476e+01 1.350000e+00
      vertex 2.372537e+01 -3.200476e+01 9.750000e-01
    endloop
  endfacet
  facet normal 4.225278e-01 9.063500e-01 0.000000e+00
    outer loop
      vertex 2.372537e+01 -3.200476e+01 3.225000e+00
      vertex 2.372537e+01 -3.200476e+01 3.600000e+00
      vertex 2.381601e+01 -3.204701e+01 3.600000e+00
    endloop
  endfacet
  facet normal 4.225278e-01 9.063500e-01 0.000000e+00
    outer loop
      vertex 2.372537e+01 -3.200476e+01 3.225000e+00
      vertex 2.381601e+01 -3.204701e+01 3.600000e+00
      vertex 2.381601e+01 -3.204701e+01 3.225000e+00
    endloop
  endfacet
  facet normal 4.225278e-01 9.063500e-01 0.000000e+00
    outer loop
      vertex 2.372537e+01 -3.200476e+01 2.475000e+00
      vertex 2.372537e+01 -3.200476e+01 2.850000e+00
      vertex 2.381601e+01 -3.204701e+01 2.850000e+00
    endloop
  endfacet
  facet normal 4.225278e-01 9.063500e-01 0.000000e+00
    outer loop
      vertex 2.372537e+01 -3.200476e+01 2.475000e+00
      vertex 2.381601e+01 -3.204701e+01 2.850000e+00
      vertex 2.381601e+01 -3.204701e+01 2.475000e+00
    endloop
  endfacet
  facet normal 4.225278e-01 9.063500e-01 0.000000e+00
    outer loop
      vertex 2.372537e+01 -3.200476e+01 2.850000e+00
      vertex 2.372537e+01 -3.200476e+01 3.225000e+00
      vertex 2.381601e+01 -3.204701e+01 3.225000e+00
    endloop
  endfacet
  facet normal 4.225278e-01 9.063500e-01 0.000000e+00
    outer loop
      vertex 2.372537e+01 -3.200476e+01 2.850000e+00
      vertex 2.381601e+01 -3.204701e+01 3.225000e+00
      vertex 2.381601e+01 -3.204701e+01 2.850000e+00
    endloop
  endfacet
  facet normal 4.225278e-01 9.063500e-01 0.000000e+00
    outer loop
      vertex 2.372537e+01 -3.200476e+01 1.725000e+00
      vertex 2.372537e+01 -3.200476e+01 2.100000e+00
      vertex 2.381601e+01 -3.204701e+01 2.100000e+00
    endloop
  endfacet
  facet normal 4.225278e-01 9.063500e-01 0.000000e+00
    outer loop
      vertex 2.372537e+01 -3.200476e+01 1.725000e+00
      vertex 2.381601e+01 -3.204701e+01 2.100000e+00
      vertex 2.381601e+01 -3.204701e+01 1.725000e+00
    endloop
  endfacet
  facet normal 4.225278e-01 9.063500e-01 0.000000e+00
    outer loop
      vertex 2.372537e+01 -3.200476e+01 9.750000e-01
      vertex 2.372537e+01 -3.200476e+01 1.350000e+00
      vertex 2.381601e+01 -3.204701e+01 1.350000e+00
    endloop
  endfacet
  facet normal 4.225278e-01 9.063500e-01 0.000000e+00
    outer loop
      vertex 2.372537e+01 -3.200476e+01 9.750000e-01
      vertex 2.381601e+01 -3.204701e+01 1.350000e+00
      vertex 2.381601e+01 -3.204701e+01 9.750000e-01
    endloop
  endfacet
  facet normal 4.225278e-01 9.063500e-01 0.000000e+00
    outer loop
      vertex 2.372537e+01 -3.200476e+01 6.000000e-01
      vertex 2.372537e+01 -3.200476e+01 9.750000e-01
      vertex 2.381601e+01 -3.204701e+01 9.750000e-01
    endloop
  endfacet
  facet normal 4.225278e-01 9.063500e-01 0.000000e+00
    outer loop
      vertex 2.372537e+01 -3.200476e+01 6.000000e-01
      vertex 2.381601e+01 -3.204701e+01 9.750000e-01
      vertex 2.381601e+01 -3.204701e+01 6.000000e-01
    endloop
  endfacet
  facet normal 4.225278e-01 9.063500e-01 0.000000e+00
    outer loop
      vertex 2.372537e+01 -3.200476e+01 1.350000e+00
      vertex 2.372537e+01 -3.200476e+01 1.725000e+00
      vertex 2.381601e+01 -3.204701e+01 1.725000e+00
    endloop
  endfacet
  facet normal 4.225278e-01 9.063500e-01 0.000000e+00
    outer loop
      vertex 2.372537e+01 -3.200476e+01 1.350000e+00
      vertex 2.381601e+01 -3.204701e+01 1.725000e+00
      vertex 2.381601e+01 -3.204701e+01 1.350000e+00
    endloop
  endfacet
  facet normal 4.225278e-01 9.063500e-01 0.000000e+00
    outer loop
      vertex 2.372537e+01 -3.200476e+01 2.100000e+00
      vertex 2.372537e+01 -3.200476e+01 2.475000e+00
      vertex 2.381601e+01 -3.204701e+01 2.475000e+00
    endloop
  endfacet
  facet normal 4.225278e-01 9.063500e-01 0.000000e+00
    outer loop
      vertex 2.372537e+01 -3.200476e+01 2.100000e+00
      vertex 2.381601e+01 -3.204701e+01 2.475000e+00
      vertex 2.381601e+01 -3.204701e+01 2.100000e+00
    endloop
  endfacet
  facet normal 9.063294e-01 -4.225719e-01 0.000000e+00
    outer loop
      vertex 2.381601e+01 -3.204701e+01 3.225000e+00
      vertex 2.381601e+01 -3.204701e+01 3.600000e+00
      vertex 2.339343e+01 -3.295334e+01 3.600000e+00
    endloop
  endfacet
  facet normal 9.063294e-01 -4.225719e-01 0.000000e+00
    outer loop
      vertex 2.381601e+01 -3.204701e+01 3.225000e+00
      vertex 2.339343e+01 -3.295334e+01 3.600000e+00
      vertex 2.339343e+01 -3.295334e+01 3.225000e+00
    endloop
  endfacet
  facet normal 9.063294e-01 -4.225719e-01 0.000000e+00
    outer loop
      vertex 2.381601e+01 -3.204701e+01 2.475000e+00
      vertex 2.381601e+01 -3.204701e+01 2.850000e+00
      vertex 2.339343e+01 -3.295334e+01 2.850000e+00
    endloop
  endfacet
  facet normal 9.063294e-01 -4.225719e-01 0.000000e+00
    outer loop
      vertex 2.381601e+01 -3.204701e+01 2.475000e+00
      vertex 2.339343e+01 -3.295334e+01 2.850000e+00
      vertex 2.339343e+01 -3.295334e+01 2.475000e+00
    endloop
  endfacet
  facet normal 9.063294e-01 -4.225719e-01 0.000000e+00
    outer loop
      vertex 2.381601e+01 -3.204701e+01 2.850000e+00
      vertex 2.381601e+01 -3.204701e+01 3.225000e+00
      vertex 2.339343e+01 -3.295334e+01 3.225000e+00
    endloop
  endfacet
  facet normal 9.063294e-01 -4.225719e-01 0.000000e+00
    outer loop
      vertex 2.381601e+01 -3.204701e+01 2.850000e+00
      vertex 2.339343e+01 -3.295334e+01 3.225000e+00
      vertex 2.339343e+01 -3.295334e+01 2.850000e+00
    endloop
  endfacet
  facet normal 9.063294e-01 -4.225719e-01 0.000000e+00
    outer loop
      vertex 2.381601e+01 -3.204701e+01 1.725000e+00
      vertex 2.381601e+01 -3.204701e+01 2.100000e+00
      vertex 2.339343e+01 -3.295334e+01 2.100000e+00
    endloop
  endfacet
  facet normal 9.063294e-01 -4.225719e-01 0.000000e+00
    outer loop
      vertex 2.381601e+01 -3.204701e+01 1.725000e+00
      vertex 2.339343e+01 -3.295334e+01 2.100000e+00
      vertex 2.339343e+01 -3.295334e+01 1.725000e+00
    endloop
  endfacet
  facet normal 9.063294e-01 -4.225719e-01 0.000000e+00
    outer loop
      vertex 2.381601e+01 -3.204701e+01 9.750000e-01
      vertex 2.381601e+01 -3.204701e+01 1.350000e+00
      vertex 2.339343e+01 -3.295334e+01 1.350000e+00
    endloop
  endfacet
  facet normal 9.063294e-01 -4.225719e-01 0.000000e+00
    outer loop
      vertex 2.381601e+01 -3.204701e+01 9.750000e-01
      vertex 2.339343e+01 -3.295334e+01 1.350000e+00
      vertex 2.339343e+01 -3.295334e+01 9.750000e-01
    endloop
  endfacet
  facet normal 9.063294e-01 -4.225719e-01 0.000000e+00
    outer loop
      vertex 2.381601e+01 -3.204701e+01 6.000000e-01
      vertex 2.381601e+01 -3.204701e+01 9.750000e-01
      vertex 2.339343e+01 -3.295334e+01 9.750000e-01
    endloop
  endfacet
  facet normal 9.063294e-01 -4.225719e-01 0.000000e+00
    outer loop
      vertex 2.381601e+01 -3.204701e+01 6.000000e-01
      vertex 2.339343e+01 -3.295334e+01 9.750000e-01
      vertex 2.339343e+01 -3.295334e+01 6.000000e-01
    endloop
  endfacet
  facet normal 9.063294e-01 -4.225719e-01 0.000000e+00
    outer loop
      vertex 2.381601e+01 -3.204701e+01 1.350000e+00
      vertex 2.381601e+01 -3.204701e+01 1.725000e+00
      vertex 2.339343e+01 -3.295334e+01 1.725000e+00
    endloop
  endfacet
  facet normal 9.063294e-01 -4.225719e-01 0.000000e+00
    outer loop
      vertex 2.381601e+01 -3.204701e+01 1.350000e+00
      vertex 2.339343e+01 -3.295334e+01 1.725000e+00
      vertex 2.339343e+01 -3.295334e+01 1.350000e+00
    endloop
  endfacet
  facet normal 9.063294e-01 -4.225719e-01 0.000000e+00
    outer loop
      vertex 2.381601e+01 -3.204701e+01 2.100000e+00
      vertex 2.381601e+01 -3.204701e+01 2.475000e+00
      vertex 2.339343e+01 -3.295334e+01 2.475000e+00
    endloop
  endfacet
  facet normal 9.063294e-01 -4.225719e-01 0.000000e+00
    outer loop
      vertex 2.381601e+01 -3.204701e+01 2.100000e+00
      vertex 2.339343e+01 -3.295334e+01 2.475000e+00
      vertex 2.339343e+01 -3.295334e+01 2.100000e+00
    endloop
  endfacet
  facet normal -4.225905e-01 -9.063208e-01 0.000000e+00
    outer loop
      vertex 2.339343e+01 -3.295334e+01 3.225000e+00
      vertex 2.339343e+01 -3.295334e+01 3.600000e+00
      vertex 2.330280e+01 -3.291108e+01 3.600000e+00
    endloop
  endfacet
  facet normal -4.225905e-01 -9.063208e-01 0.000000e+00
    outer loop
      vertex 2.339343e+01 -3.295334e+01 3.225000e+00
      vertex 2.330280e+01 -3.291108e+01 3.600000e+00
      vertex 2.330280e+01 -3.291108e+01 3.225000e+00
    endloop
  endfacet
  facet normal -4.225905e-01 -9.063208e-01 0.000000e+00
    outer loop
      vertex 2.339343e+01 -3.295334e+01 2.475000e+00
      vertex 2.339343e+01 -3.295334e+01 2.850000e+00
      vertex 2.330280e+01 -3.291108e+01 2.850000e+00
    endloop
  endfacet
  facet normal -4.225905e-01 -9.063208e-01 0.000000e+00
    outer loop
      vertex 2.339343e+01 -3.295334e+01 2.475000e+00
      vertex 2.330280e+01 -3.291108e+01 2.850000e+00
      vertex 2.330280e+01 -3.291108e+01 2.475000e+00
    endloop
  endfacet
  facet normal -4.225905e-01 -9.063208e-01 0.000000e+00
    outer loop
      vertex 2.339343e+01 -3.295334e+01 2.850000e+00
      vertex 2.339343e+01 -3.295334e+01 3.225000e+00
      vertex 2.330280e+01 -3.291108e+01 3.225000e+00
    endloop
  endfacet
  facet normal -4.225905e-01 -9.063208e-01 0.000000e+00
    outer loop
      vertex 2.339343e+01 -3.295334e+01 2.850000e+00
      vertex 2.330280e+01 -3.291108e+01 3.225000e+00
      vertex 2.330280e+01 -3.291108e+01 2.850000e+00
    endloop
  endfacet
  facet normal -4.225905e-01 -9.063208e-01 0.000000e+00
    outer loop
      vertex 2.339343e+01 -3.295334e+01 1.725000e+00
      vertex 2.339343e+01 -3.295334e+01 2.100000e+00
      vertex 2.330280e+01 -3.291108e+01 2.100000e+00
    endloop
  endfacet
  facet normal -4.225905e-01 -9.063208e-01 0.000000e+00
    outer loop
      vertex 2.339343e+01 -3.295334e+01 1.725000e+00
      vertex 2.330280e+01 -3.291108e+01 2.100000e+00
      vertex 2.330280e+01 -3.291108e+01 1.725000e+00
    endloop
  endfacet
  facet normal -4.225905e-01 -9.063208e-01 0.000000e+00
    outer loop
      vertex 2.339343e+01 -3.295334e+01 9.750000e-01
      vertex 2.339343e+01 -3.295334e+01 1.350000e+00
      vertex 2.330280e+01 -3.291108e+01 1.350000e+00
    endloop
  endfacet
  facet normal -4.225905e-01 -9.063208e-01 0.000000e+00
    outer loop
      vertex 2.339343e+01 -3.295334e+01 9.750000e-01
      vertex 2.330280e+01 -3.291108e+01 1.350000e+00
      vertex 2.330280e+01 -3.291108e+01 9.750000e-01
    endloop
  endfacet
  facet normal -4.225905e-01 -9.063208e-01 0.000000e+00
    outer loop
      vertex 2.339343e+01 -3.295334e+01 6.000000e-01
      vertex 2.339343e+01 -3.295334e+01 9.750000e-01
      vertex 2.330280e+01 -3.291108e+01 9.750000e-01
    endloop
  endfacet
  facet normal -4.225905e-01 -9.063208e-01 0.000000e+00
    outer loop
      vertex 2.339343e+01 -3.295334e+01 6.000000e-01
      vertex 2.330280e+01 -3.291108e+01 9.750000e-01
      vertex 2.330280e+01 -3.291108e+01 6.000000e-01
    endloop
  endfacet
  facet normal -4.225905e-01 -9.063208e-01 0.000000e+00
    outer loop
      vertex 2.339343e+01 -3.295334e+01 1.350000e+00
      vertex 2.339343e+01 -3.295334e+01 1.725000e+00
      vertex 2.330280e+01 -3.291108e+01 1.725000e+00
    endloop
  endfacet
  facet normal -4.225905e-01 -9.063208e-01 0.000000e+00
    outer loop
      vertex 2.339343e+01 -3.295334e+01 1.350000e+00
      vertex 2.330280e+01 -3.291108e+01 1.725000e+00
      vertex 2.330280e+01 -3.291108e+01 1.350000e+00
    endloop
  endfacet
  facet normal -4.225905e-01 -9.063208e-01 0.000000e+00
    outer loop
      vertex 2.339343e+01 -3.295334e+01 2.100000e+00
      vertex 2.339343e+01 -3.295334e+01 2.475000e+00
      vertex 2.330280e+01 -3.291108e+01 2.475000e+00
    endloop
  endfacet
  facet normal -4.225905e-01 -9.063208e-01 0.000000e+00
    outer loop
      vertex 2.339343e+01 -3.295334e+01 2.100000e+00
      vertex 2.330280e+01 -3.291108e+01 2.475000e+00
      vertex 2.330280e+01 -3.291108e+01 2.100000e+00
    endloop
  endfacet
  facet normal 3.863829e-01 -9.223384e-01 0.000000e+00
    outer loop
      vertex 1.688448e+01 -3.282670e+01 2.100000e+00
      vertex 1.707576e+01 -3.274657e+01 2.100000e+00
      vertex 1.707576e+01 -3.274657e+01 2.850000e+00
    endloop
  endfacet
  facet normal 3.863829e-01 -9.223384e-01 0.000000e+00
    outer loop
      vertex 1.688448e+01 -3.282670e+01 2.100000e+00
      vertex 1.707576e+01 -3.274657e+01 2.850000e+00
      vertex 1.688448e+01 -3.282670e+01 2.850000e+00
    endloop
  endfacet
  facet normal 3.863829e-01 -9.223384e-01 0.000000e+00
    outer loop
      vertex 1.688448e+01 -3.282670e+01 1.350000e+00
      vertex 1.707576e+01 -3.274657e+01 1.350000e+00
      vertex 1.707576e+01 -3.274657e+01 2.100000e+00
    endloop
  endfacet
  facet normal 3.863829e-01 -9.223384e-01 0.000000e+00
    outer loop
      vertex 1.688448e+01 -3.282670e+01 1.350000e+00
      vertex 1.707576e+01 -3.274657e+01 2.100000e+00
      vertex 1.688448e+01 -3.282670e+01 2.100000e+00
    endloop
  endfacet
  facet normal -3.977355e-01 -9.175001e-01 -0.000000e+00
    outer loop
      vertex 2.330280e+01 -3.291108e+01 3.225000e+00
      vertex 2.330280e+01 -3.291108e+01 3.600000e+00
      vertex 2.291214e+01 -3.274173e+01 3.600000e+00
    endloop
  endfacet
  facet normal -2.961846e-01 -9.551307e-01 0.000000e+00
    outer loop
      vertex 2.251701e+01 -3.259533e+01 2.100000e+00
      vertex 2.251701e+01 -3.259533e+01 3.600000e+00
      vertex 2.211091e+01 -3.246940e+01 3.600000e+00
    endloop
  endfacet
  facet normal -2.961846e-01 -9.551307e-01 0.000000e+00
    outer loop
      vertex 2.251701e+01 -3.259533e+01 2.100000e+00
      vertex 2.211091e+01 -3.246940e+01 3.600000e+00
      vertex 2.211091e+01 -3.246940e+01 2.100000e+00
    endloop
  endfacet
  facet normal -3.474304e-01 -9.377058e-01 -0.000000e+00
    outer loop
      vertex 2.251701e+01 -3.259533e+01 3.600000e+00
      vertex 2.251701e+01 -3.259533e+01 2.100000e+00
      vertex 2.291214e+01 -3.274173e+01 2.100000e+00
    endloop
  endfacet
  facet normal -3.474304e-01 -9.377058e-01 -1.301328e-17
    outer loop
      vertex 2.251701e+01 -3.259533e+01 3.600000e+00
      vertex 2.291214e+01 -3.274173e+01 2.100000e+00
      vertex 2.291214e+01 -3.274173e+01 3.600000e+00
    endloop
  endfacet
  facet normal -3.977355e-01 -9.175001e-01 -0.000000e+00
    outer loop
      vertex 2.330280e+01 -3.291108e+01 2.100000e+00
      vertex 2.330280e+01 -3.291108e+01 2.475000e+00
      vertex 2.291214e+01 -3.274173e+01 2.100000e+00
    endloop
  endfacet
  facet normal -3.977355e-01 -9.175001e-01 0.000000e+00
    outer loop
      vertex 2.330280e+01 -3.291108e+01 2.850000e+00
      vertex 2.330280e+01 -3.291108e+01 3.225000e+00
      vertex 2.291214e+01 -3.274173e+01 3.600000e+00
    endloop
  endfacet
  facet normal -3.977355e-01 -9.175001e-01 0.000000e+00
    outer loop
      vertex 2.291214e+01 -3.274173e+01 2.100000e+00
      vertex 2.330280e+01 -3.291108e+01 2.475000e+00
      vertex 2.330280e+01 -3.291108e+01 2.850000e+00
    endloop
  endfacet
  facet normal -3.977355e-01 -9.175001e-01 -0.000000e+00
    outer loop
      vertex 2.291214e+01 -3.274173e+01 2.100000e+00
      vertex 2.330280e+01 -3.291108e+01 2.850000e+00
      vertex 2.291214e+01 -3.274173e+01 3.600000e+00
    endloop
  endfacet
  facet normal -3.474304e-01 -9.377058e-01 0.000000e+00
    outer loop
      vertex 2.291214e+01 -3.274173e+01 6.000000e-01
      vertex 2.291214e+01 -3.274173e+01 2.100000e+00
      vertex 2.251701e+01 -3.259533e+01 2.100000e+00
    endloop
  endfacet
  facet normal -3.474304e-01 -9.377058e-01 0.000000e+00
    outer loop
      vertex 2.291214e+01 -3.274173e+01 6.000000e-01
      vertex 2.251701e+01 -3.259533e+01 2.100000e+00
      vertex 2.251701e+01 -3.259533e+01 6.000000e-01
    endloop
  endfacet
  facet normal -3.977355e-01 -9.175001e-01 -0.000000e+00
    outer loop
      vertex 2.330280e+01 -3.291108e+01 1.350000e+00
      vertex 2.291214e+01 -3.274173e+01 2.100000e+00
      vertex 2.291214e+01 -3.274173e+01 6.000000e-01
    endloop
  endfacet
  facet normal -1.899506e-01 -9.817936e-01 0.000000e+00
    outer loop
      vertex 2.169543e+01 -3.236506e+01 2.100000e+00
      vertex 2.169543e+01 -3.236506e+01 3.600000e+00
      vertex 2.127259e+01 -3.228325e+01 3.600000e+00
    endloop
  endfacet
  facet normal -1.899506e-01 -9.817936e-01 -0.000000e+00
    outer loop
      vertex 2.169543e+01 -3.236506e+01 2.100000e+00
      vertex 2.127259e+01 -3.228325e+01 3.600000e+00
      vertex 2.127259e+01 -3.228325e+01 2.100000e+00
    endloop
  endfacet
  facet normal -1.356491e-01 -9.907569e-01 -0.000000e+00
    outer loop
      vertex 2.084708e+01 -3.222499e+01 3.600000e+00
      vertex 2.084708e+01 -3.222499e+01 2.100000e+00
      vertex 2.127259e+01 -3.228325e+01 2.100000e+00
    endloop
  endfacet
  facet normal -1.356491e-01 -9.907569e-01 0.000000e+00
    outer loop
      vertex 2.084708e+01 -3.222499e+01 3.600000e+00
      vertex 2.127259e+01 -3.228325e+01 2.100000e+00
      vertex 2.127259e+01 -3.228325e+01 3.600000e+00
    endloop
  endfacet
  facet normal -2.435863e-01 -9.698792e-01 -0.000000e+00
    outer loop
      vertex 2.169543e+01 -3.236506e+01 2.100000e+00
      vertex 2.169543e+01 -3.236506e+01 6.000000e-01
      vertex 2.211091e+01 -3.246940e+01 6.000000e-01
    endloop
  endfacet
  facet normal -2.435863e-01 -9.698792e-01 0.000000e+00
    outer loop
      vertex 2.169543e+01 -3.236506e+01 2.100000e+00
      vertex 2.211091e+01 -3.246940e+01 6.000000e-01
      vertex 2.211091e+01 -3.246940e+01 2.100000e+00
    endloop
  endfacet
  facet normal -2.435863e-01 -9.698792e-01 -0.000000e+00
    outer loop
      vertex 2.169543e+01 -3.236506e+01 3.600000e+00
      vertex 2.169543e+01 -3.236506e+01 2.100000e+00
      vertex 2.211091e+01 -3.246940e+01 2.100000e+00
    endloop
  endfacet
  facet normal -2.435863e-01 -9.698792e-01 0.000000e+00
    outer loop
      vertex 2.169543e+01 -3.236506e+01 3.600000e+00
      vertex 2.211091e+01 -3.246940e+01 2.100000e+00
      vertex 2.211091e+01 -3.246940e+01 3.600000e+00
    endloop
  endfacet
  facet normal -2.587346e-02 -9.996652e-01 -0.000000e+00
    outer loop
      vertex 1.998647e+01 -3.217896e+01 3.600000e+00
      vertex 1.998647e+01 -3.217896e+01 2.100000e+00
      vertex 2.041773e+01 -3.219012e+01 2.100000e+00
    endloop
  endfacet
  facet normal -2.587346e-02 -9.996652e-01 0.000000e+00
    outer loop
      vertex 1.998647e+01 -3.217896e+01 3.600000e+00
      vertex 2.041773e+01 -3.219012e+01 2.100000e+00
      vertex 2.041773e+01 -3.219012e+01 3.600000e+00
    endloop
  endfacet
  facet normal 2.930579e-02 -9.995705e-01 0.000000e+00
    outer loop
      vertex 1.955528e+01 -3.219160e+01 3.600000e+00
      vertex 1.955528e+01 -3.219160e+01 2.100000e+00
      vertex 1.998647e+01 -3.217896e+01 2.100000e+00
    endloop
  endfacet
  facet normal 2.930579e-02 -9.995705e-01 0.000000e+00
    outer loop
      vertex 1.955528e+01 -3.219160e+01 3.600000e+00
      vertex 1.998647e+01 -3.217896e+01 2.100000e+00
      vertex 1.998647e+01 -3.217896e+01 3.600000e+00
    endloop
  endfacet
  facet normal -8.094082e-02 -9.967189e-01 -0.000000e+00
    outer loop
      vertex 2.041773e+01 -3.219012e+01 3.600000e+00
      vertex 2.041773e+01 -3.219012e+01 2.100000e+00
      vertex 2.084708e+01 -3.222499e+01 2.100000e+00
    endloop
  endfacet
  facet normal -8.094082e-02 -9.967189e-01 0.000000e+00
    outer loop
      vertex 2.041773e+01 -3.219012e+01 3.600000e+00
      vertex 2.084708e+01 -3.222499e+01 2.100000e+00
      vertex 2.084708e+01 -3.222499e+01 3.600000e+00
    endloop
  endfacet
  facet normal 8.438841e-02 -9.964330e-01 0.000000e+00
    outer loop
      vertex 1.955528e+01 -3.219160e+01 2.100000e+00
      vertex 1.955528e+01 -3.219160e+01 3.600000e+00
      vertex 1.912611e+01 -3.222795e+01 3.600000e+00
    endloop
  endfacet
  facet normal 8.438841e-02 -9.964330e-01 0.000000e+00
    outer loop
      vertex 1.955528e+01 -3.219160e+01 2.100000e+00
      vertex 1.912611e+01 -3.222795e+01 3.600000e+00
      vertex 1.912611e+01 -3.222795e+01 2.100000e+00
    endloop
  endfacet
  facet normal -2.961846e-01 -9.551307e-01 -0.000000e+00
    outer loop
      vertex 2.211091e+01 -3.246940e+01 2.100000e+00
      vertex 2.211091e+01 -3.246940e+01 6.000000e-01
      vertex 2.251701e+01 -3.259533e+01 6.000000e-01
    endloop
  endfacet
  facet normal -2.961846e-01 -9.551307e-01 0.000000e+00
    outer loop
      vertex 2.211091e+01 -3.246940e+01 2.100000e+00
      vertex 2.251701e+01 -3.259533e+01 6.000000e-01
      vertex 2.251701e+01 -3.259533e+01 2.100000e+00
    endloop
  endfacet
  facet normal -3.977355e-01 -9.175001e-01 0.000000e+00
    outer loop
      vertex 2.291214e+01 -3.274173e+01 2.100000e+00
      vertex 2.330280e+01 -3.291108e+01 1.350000e+00
      vertex 2.330280e+01 -3.291108e+01 1.725000e+00
    endloop
  endfacet
  facet normal -3.977355e-01 -9.175001e-01 0.000000e+00
    outer loop
      vertex 2.330280e+01 -3.291108e+01 9.750000e-01
      vertex 2.330280e+01 -3.291108e+01 1.350000e+00
      vertex 2.291214e+01 -3.274173e+01 6.000000e-01
    endloop
  endfacet
  facet normal -1.899506e-01 -9.817936e-01 0.000000e+00
    outer loop
      vertex 2.169543e+01 -3.236506e+01 6.000000e-01
      vertex 2.169543e+01 -3.236506e+01 2.100000e+00
      vertex 2.127259e+01 -3.228325e+01 2.100000e+00
    endloop
  endfacet
  facet normal -1.899506e-01 -9.817936e-01 -0.000000e+00
    outer loop
      vertex 2.169543e+01 -3.236506e+01 6.000000e-01
      vertex 2.127259e+01 -3.228325e+01 2.100000e+00
      vertex 2.127259e+01 -3.228325e+01 6.000000e-01
    endloop
  endfacet
  facet normal -3.977355e-01 -9.175001e-01 0.000000e+00
    outer loop
      vertex 2.330280e+01 -3.291108e+01 9.750000e-01
      vertex 2.291214e+01 -3.274173e+01 6.000000e-01
      vertex 2.330280e+01 -3.291108e+01 6.000000e-01
    endloop
  endfacet
  facet normal -3.977355e-01 -9.175001e-01 -0.000000e+00
    outer loop
      vertex 2.330280e+01 -3.291108e+01 1.725000e+00
      vertex 2.330280e+01 -3.291108e+01 2.100000e+00
      vertex 2.291214e+01 -3.274173e+01 2.100000e+00
    endloop
  endfacet
  facet normal -8.094082e-02 -9.967189e-01 -0.000000e+00
    outer loop
      vertex 2.041773e+01 -3.219012e+01 2.100000e+00
      vertex 2.041773e+01 -3.219012e+01 6.000000e-01
      vertex 2.084708e+01 -3.222499e+01 6.000000e-01
    endloop
  endfacet
  facet normal -8.094082e-02 -9.967189e-01 0.000000e+00
    outer loop
      vertex 2.041773e+01 -3.219012e+01 2.100000e+00
      vertex 2.084708e+01 -3.222499e+01 6.000000e-01
      vertex 2.084708e+01 -3.222499e+01 2.100000e+00
    endloop
  endfacet
  facet normal 2.930579e-02 -9.995705e-01 0.000000e+00
    outer loop
      vertex 1.955528e+01 -3.219160e+01 2.100000e+00
      vertex 1.955528e+01 -3.219160e+01 6.000000e-01
      vertex 1.998647e+01 -3.217896e+01 6.000000e-01
    endloop
  endfacet
  facet normal 2.930579e-02 -9.995705e-01 0.000000e+00
    outer loop
      vertex 1.955528e+01 -3.219160e+01 2.100000e+00
      vertex 1.998647e+01 -3.217896e+01 6.000000e-01
      vertex 1.998647e+01 -3.217896e+01 2.100000e+00
    endloop
  endfacet
  facet normal -2.587346e-02 -9.996652e-01 -0.000000e+00
    outer loop
      vertex 1.998647e+01 -3.217896e+01 2.100000e+00
      vertex 1.998647e+01 -3.217896e+01 6.000000e-01
      vertex 2.041773e+01 -3.219012e+01 6.000000e-01
    endloop
  endfacet
  facet normal -2.587346e-02 -9.996652e-01 0.000000e+00
    outer loop
      vertex 1.998647e+01 -3.217896e+01 2.100000e+00
      vertex 2.041773e+01 -3.219012e+01 6.000000e-01
      vertex 2.041773e+01 -3.219012e+01 2.100000e+00
    endloop
  endfacet
  facet normal -1.356491e-01 -9.907569e-01 -0.000000e+00
    outer loop
      vertex 2.084708e+01 -3.222499e+01 2.100000e+00
      vertex 2.084708e+01 -3.222499e+01 6.000000e-01
      vertex 2.127259e+01 -3.228325e+01 6.000000e-01
    endloop
  endfacet
  facet normal -1.356491e-01 -9.907569e-01 0.000000e+00
    outer loop
      vertex 2.084708e+01 -3.222499e+01 2.100000e+00
      vertex 2.127259e+01 -3.228325e+01 6.000000e-01
      vertex 2.127259e+01 -3.228325e+01 2.100000e+00
    endloop
  endfacet
  facet normal 8.438841e-02 -9.964330e-01 0.000000e+00
    outer loop
      vertex 1.955528e+01 -3.219160e+01 6.000000e-01
      vertex 1.955528e+01 -3.219160e+01 2.100000e+00
      vertex 1.912611e+01 -3.222795e+01 2.100000e+00
    endloop
  endfacet
  facet normal 8.438841e-02 -9.964330e-01 0.000000e+00
    outer loop
      vertex 1.955528e+01 -3.219160e+01 6.000000e-01
      vertex 1.912611e+01 -3.222795e+01 2.100000e+00
      vertex 1.912611e+01 -3.222795e+01 6.000000e-01
    endloop
  endfacet
  facet normal 1.931026e-01 -9.811786e-01 0.000000e+00
    outer loop
      vertex 1.828154e+01 -3.237019e+01 3.600000e+00
      vertex 1.828154e+01 -3.237019e+01 2.100000e+00
      vertex 1.870091e+01 -3.228765e+01 2.100000e+00
    endloop
  endfacet
  facet normal 1.931026e-01 -9.811786e-01 0.000000e+00
    outer loop
      vertex 1.828154e+01 -3.237019e+01 3.600000e+00
      vertex 1.870091e+01 -3.228765e+01 2.100000e+00
      vertex 1.870091e+01 -3.228765e+01 3.600000e+00
    endloop
  endfacet
  facet normal 2.983916e-01 -9.544435e-01 0.000000e+00
    outer loop
      vertex 1.786979e+01 -3.247482e+01 2.100000e+00
      vertex 1.786979e+01 -3.247482e+01 3.600000e+00
      vertex 1.746735e+01 -3.260064e+01 3.600000e+00
    endloop
  endfacet
  facet normal 2.983916e-01 -9.544435e-01 1.324556e-17
    outer loop
      vertex 1.786979e+01 -3.247482e+01 2.100000e+00
      vertex 1.746735e+01 -3.260064e+01 3.600000e+00
      vertex 1.746735e+01 -3.260064e+01 2.100000e+00
    endloop
  endfacet
  facet normal 2.462856e-01 -9.691973e-01 0.000000e+00
    outer loop
      vertex 1.786979e+01 -3.247482e+01 3.600000e+00
      vertex 1.786979e+01 -3.247482e+01 2.100000e+00
      vertex 1.828154e+01 -3.237019e+01 2.100000e+00
    endloop
  endfacet
  facet normal 2.462856e-01 -9.691973e-01 0.000000e+00
    outer loop
      vertex 1.786979e+01 -3.247482e+01 3.600000e+00
      vertex 1.828154e+01 -3.237019e+01 2.100000e+00
      vertex 1.828154e+01 -3.237019e+01 3.600000e+00
    endloop
  endfacet
  facet normal 1.390562e-01 -9.902845e-01 0.000000e+00
    outer loop
      vertex 1.870091e+01 -3.228765e+01 2.100000e+00
      vertex 1.870091e+01 -3.228765e+01 6.000000e-01
      vertex 1.912611e+01 -3.222795e+01 6.000000e-01
    endloop
  endfacet
  facet normal 1.390562e-01 -9.902845e-01 0.000000e+00
    outer loop
      vertex 1.870091e+01 -3.228765e+01 2.100000e+00
      vertex 1.912611e+01 -3.222795e+01 6.000000e-01
      vertex 1.912611e+01 -3.222795e+01 2.100000e+00
    endloop
  endfacet
  facet normal 1.390562e-01 -9.902845e-01 0.000000e+00
    outer loop
      vertex 1.870091e+01 -3.228765e+01 3.600000e+00
      vertex 1.870091e+01 -3.228765e+01 2.100000e+00
      vertex 1.912611e+01 -3.222795e+01 2.100000e+00
    endloop
  endfacet
  facet normal 1.390562e-01 -9.902845e-01 0.000000e+00
    outer loop
      vertex 1.870091e+01 -3.228765e+01 3.600000e+00
      vertex 1.912611e+01 -3.222795e+01 2.100000e+00
      vertex 1.912611e+01 -3.222795e+01 3.600000e+00
    endloop
  endfacet
  facet normal 3.492118e-01 -9.370438e-01 0.000000e+00
    outer loop
      vertex 1.707576e+01 -3.274657e+01 3.600000e+00
      vertex 1.707576e+01 -3.274657e+01 2.850000e+00
      vertex 1.746735e+01 -3.260064e+01 3.600000e+00
    endloop
  endfacet
  facet normal 2.462856e-01 -9.691973e-01 0.000000e+00
    outer loop
      vertex 1.786979e+01 -3.247482e+01 2.100000e+00
      vertex 1.786979e+01 -3.247482e+01 6.000000e-01
      vertex 1.828154e+01 -3.237019e+01 6.000000e-01
    endloop
  endfacet
  facet normal 2.462856e-01 -9.691973e-01 0.000000e+00
    outer loop
      vertex 1.786979e+01 -3.247482e+01 2.100000e+00
      vertex 1.828154e+01 -3.237019e+01 6.000000e-01
      vertex 1.828154e+01 -3.237019e+01 2.100000e+00
    endloop
  endfacet
  facet normal 1.931026e-01 -9.811786e-01 0.000000e+00
    outer loop
      vertex 1.828154e+01 -3.237019e+01 2.100000e+00
      vertex 1.828154e+01 -3.237019e+01 6.000000e-01
      vertex 1.870091e+01 -3.228765e+01 6.000000e-01
    endloop
  endfacet
  facet normal 1.931026e-01 -9.811786e-01 0.000000e+00
    outer loop
      vertex 1.828154e+01 -3.237019e+01 2.100000e+00
      vertex 1.870091e+01 -3.228765e+01 6.000000e-01
      vertex 1.870091e+01 -3.228765e+01 2.100000e+00
    endloop
  endfacet
  facet normal 4.106694e-01 -9.117844e-01 0.000000e+00
    outer loop
      vertex 1.688448e+01 -3.282670e+01 2.850000e+00
      vertex 1.669642e+01 -3.291140e+01 3.600000e+00
      vertex 1.669642e+01 -3.291140e+01 3.385714e+00
    endloop
  endfacet
  facet normal 4.106694e-01 -9.117844e-01 0.000000e+00
    outer loop
      vertex 1.688448e+01 -3.282670e+01 2.850000e+00
      vertex 1.669642e+01 -3.291140e+01 3.171429e+00
      vertex 1.669642e+01 -3.291140e+01 2.957143e+00
    endloop
  endfacet
  facet normal 4.106694e-01 -9.117844e-01 0.000000e+00
    outer loop
      vertex 1.688448e+01 -3.282670e+01 2.850000e+00
      vertex 1.669642e+01 -3.291140e+01 3.385714e+00
      vertex 1.669642e+01 -3.291140e+01 3.171429e+00
    endloop
  endfacet
  facet normal 3.863829e-01 -9.223384e-01 0.000000e+00
    outer loop
      vertex 1.688448e+01 -3.282670e+01 2.850000e+00
      vertex 1.707576e+01 -3.274657e+01 2.850000e+00
      vertex 1.707576e+01 -3.274657e+01 3.600000e+00
    endloop
  endfacet
  facet normal 4.106694e-01 -9.117844e-01 0.000000e+00
    outer loop
      vertex 1.688448e+01 -3.282670e+01 2.850000e+00
      vertex 1.669642e+01 -3.291140e+01 2.742857e+00
      vertex 1.669642e+01 -3.291140e+01 2.528571e+00
    endloop
  endfacet
  facet normal 4.106694e-01 -9.117844e-01 0.000000e+00
    outer loop
      vertex 1.688448e+01 -3.282670e+01 2.100000e+00
      vertex 1.688448e+01 -3.282670e+01 2.850000e+00
      vertex 1.669642e+01 -3.291140e+01 2.528571e+00
    endloop
  endfacet
  facet normal 4.106694e-01 -9.117844e-01 0.000000e+00
    outer loop
      vertex 1.688448e+01 -3.282670e+01 2.100000e+00
      vertex 1.669642e+01 -3.291140e+01 2.528571e+00
      vertex 1.669642e+01 -3.291140e+01 2.314286e+00
    endloop
  endfacet
  facet normal 4.106694e-01 -9.117844e-01 0.000000e+00
    outer loop
      vertex 1.669642e+01 -3.291140e+01 2.742857e+00
      vertex 1.688448e+01 -3.282670e+01 2.850000e+00
      vertex 1.669642e+01 -3.291140e+01 2.957143e+00
    endloop
  endfacet
  facet normal 3.492118e-01 -9.370438e-01 0.000000e+00
    outer loop
      vertex 1.707576e+01 -3.274657e+01 2.850000e+00
      vertex 1.746735e+01 -3.260064e+01 2.100000e+00
      vertex 1.746735e+01 -3.260064e+01 3.600000e+00
    endloop
  endfacet
  facet normal 3.985251e-01 -9.171502e-01 -3.651108e-03
    outer loop
      vertex 1.669642e+01 -3.291140e+01 3.600000e+00
      vertex 1.688448e+01 -3.282670e+01 2.850000e+00
      vertex 1.707576e+01 -3.274657e+01 3.600000e+00
    endloop
  endfacet
  facet normal 2.983916e-01 -9.544435e-01 0.000000e+00
    outer loop
      vertex 1.786979e+01 -3.247482e+01 6.000000e-01
      vertex 1.786979e+01 -3.247482e+01 2.100000e+00
      vertex 1.746735e+01 -3.260064e+01 2.100000e+00
    endloop
  endfacet
  facet normal 2.983916e-01 -9.544435e-01 -1.324556e-17
    outer loop
      vertex 1.786979e+01 -3.247482e+01 6.000000e-01
      vertex 1.746735e+01 -3.260064e+01 2.100000e+00
      vertex 1.746735e+01 -3.260064e+01 6.000000e-01
    endloop
  endfacet
  facet normal 3.492118e-01 -9.370438e-01 0.000000e+00
    outer loop
      vertex 1.746735e+01 -3.260064e+01 2.100000e+00
      vertex 1.707576e+01 -3.274657e+01 2.100000e+00
      vertex 1.707576e+01 -3.274657e+01 1.350000e+00
    endloop
  endfacet
  facet normal 3.492118e-01 -9.370438e-01 0.000000e+00
    outer loop
      vertex 1.707576e+01 -3.274657e+01 2.100000e+00
      vertex 1.746735e+01 -3.260064e+01 2.100000e+00
      vertex 1.707576e+01 -3.274657e+01 2.850000e+00
    endloop
  endfacet
  facet normal 3.492118e-01 -9.370438e-01 0.000000e+00
    outer loop
      vertex 1.707576e+01 -3.274657e+01 1.350000e+00
      vertex 1.746735e+01 -3.260064e+01 6.000000e-01
      vertex 1.746735e+01 -3.260064e+01 2.100000e+00
    endloop
  endfacet
  facet normal 3.492118e-01 -9.370438e-01 0.000000e+00
    outer loop
      vertex 1.707576e+01 -3.274657e+01 1.350000e+00
      vertex 1.707576e+01 -3.274657e+01 6.000000e-01
      vertex 1.746735e+01 -3.260064e+01 6.000000e-01
    endloop
  endfacet
  facet normal 3.863829e-01 -9.223384e-01 0.000000e+00
    outer loop
      vertex 1.707576e+01 -3.274657e+01 6.000000e-01
      vertex 1.707576e+01 -3.274657e+01 1.350000e+00
      vertex 1.688448e+01 -3.282670e+01 1.350000e+00
    endloop
  endfacet
  facet normal 4.106694e-01 -9.117844e-01 0.000000e+00
    outer loop
      vertex 1.669642e+01 -3.291140e+01 1.885714e+00
      vertex 1.688448e+01 -3.282670e+01 2.100000e+00
      vertex 1.669642e+01 -3.291140e+01 2.100000e+00
    endloop
  endfacet
  facet normal 4.106694e-01 -9.117844e-01 0.000000e+00
    outer loop
      vertex 1.669642e+01 -3.291140e+01 2.314286e+00
      vertex 1.669642e+01 -3.291140e+01 2.100000e+00
      vertex 1.688448e+01 -3.282670e+01 2.100000e+00
    endloop
  endfacet
  facet normal 4.106694e-01 -9.117844e-01 0.000000e+00
    outer loop
      vertex 1.688448e+01 -3.282670e+01 2.100000e+00
      vertex 1.669642e+01 -3.291140e+01 1.885714e+00
      vertex 1.669642e+01 -3.291140e+01 1.671429e+00
    endloop
  endfacet
  facet normal 4.106694e-01 -9.117844e-01 0.000000e+00
    outer loop
      vertex 1.688448e+01 -3.282670e+01 1.350000e+00
      vertex 1.688448e+01 -3.282670e+01 2.100000e+00
      vertex 1.669642e+01 -3.291140e+01 1.671429e+00
    endloop
  endfacet
  facet normal 4.106694e-01 -9.117844e-01 0.000000e+00
    outer loop
      vertex 1.669642e+01 -3.291140e+01 1.457143e+00
      vertex 1.688448e+01 -3.282670e+01 1.350000e+00
      vertex 1.669642e+01 -3.291140e+01 1.671429e+00
    endloop
  endfacet
  facet normal 4.106694e-01 -9.117844e-01 0.000000e+00
    outer loop
      vertex 1.669642e+01 -3.291140e+01 1.028571e+00
      vertex 1.688448e+01 -3.282670e+01 1.350000e+00
      vertex 1.669642e+01 -3.291140e+01 1.242857e+00
    endloop
  endfacet
  facet normal 4.106694e-01 -9.117844e-01 0.000000e+00
    outer loop
      vertex 1.669642e+01 -3.291140e+01 1.457143e+00
      vertex 1.669642e+01 -3.291140e+01 1.242857e+00
      vertex 1.688448e+01 -3.282670e+01 1.350000e+00
    endloop
  endfacet
  facet normal 4.106694e-01 -9.117844e-01 0.000000e+00
    outer loop
      vertex 1.688448e+01 -3.282670e+01 1.350000e+00
      vertex 1.669642e+01 -3.291140e+01 1.028571e+00
      vertex 1.669642e+01 -3.291140e+01 8.142857e-01
    endloop
  endfacet
  facet normal 4.106694e-01 -9.117844e-01 0.000000e+00
    outer loop
      vertex 1.688448e+01 -3.282670e+01 1.350000e+00
      vertex 1.669642e+01 -3.291140e+01 8.142857e-01
      vertex 1.669642e+01 -3.291140e+01 6.000000e-01
    endloop
  endfacet
  facet normal 3.985251e-01 -9.171502e-01 3.651108e-03
    outer loop
      vertex 1.707576e+01 -3.274657e+01 6.000000e-01
      vertex 1.688448e+01 -3.282670e+01 1.350000e+00
      vertex 1.669642e+01 -3.291140e+01 6.000000e-01
    endloop
  endfacet
  facet normal 4.226677e-01 -9.062847e-01 0.000000e+00
    outer loop
      vertex 1.665111e+01 -3.293254e+01 3.300000e+00
      vertex 1.667377e+01 -3.292197e+01 3.300000e+00
      vertex 1.667377e+01 -3.292197e+01 3.450000e+00
    endloop
  endfacet
  facet normal 4.226677e-01 -9.062847e-01 0.000000e+00
    outer loop
      vertex 1.665111e+01 -3.293254e+01 3.300000e+00
      vertex 1.667377e+01 -3.292197e+01 3.450000e+00
      vertex 1.665111e+01 -3.293254e+01 3.450000e+00
    endloop
  endfacet
  facet normal 4.226677e-01 -9.062847e-01 0.000000e+00
    outer loop
      vertex 1.665111e+01 -3.293254e+01 7.500000e-01
      vertex 1.667377e+01 -3.292197e+01 7.500000e-01
      vertex 1.667377e+01 -3.292197e+01 9.000000e-01
    endloop
  endfacet
  facet normal 4.226677e-01 -9.062847e-01 0.000000e+00
    outer loop
      vertex 1.665111e+01 -3.293254e+01 7.500000e-01
      vertex 1.667377e+01 -3.292197e+01 9.000000e-01
      vertex 1.665111e+01 -3.293254e+01 9.000000e-01
    endloop
  endfacet
  facet normal 4.226641e-01 -9.062864e-01 0.000000e+00
    outer loop
      vertex 1.662845e+01 -3.294310e+01 3.300000e+00
      vertex 1.665111e+01 -3.293254e+01 3.300000e+00
      vertex 1.665111e+01 -3.293254e+01 3.450000e+00
    endloop
  endfacet
  facet normal 4.226641e-01 -9.062864e-01 0.000000e+00
    outer loop
      vertex 1.662845e+01 -3.294310e+01 3.300000e+00
      vertex 1.665111e+01 -3.293254e+01 3.450000e+00
      vertex 1.662845e+01 -3.294310e+01 3.450000e+00
    endloop
  endfacet
  facet normal 4.226641e-01 -9.062864e-01 0.000000e+00
    outer loop
      vertex 1.662845e+01 -3.294310e+01 7.500000e-01
      vertex 1.665111e+01 -3.293254e+01 7.500000e-01
      vertex 1.665111e+01 -3.293254e+01 9.000000e-01
    endloop
  endfacet
  facet normal 4.226641e-01 -9.062864e-01 0.000000e+00
    outer loop
      vertex 1.662845e+01 -3.294310e+01 7.500000e-01
      vertex 1.665111e+01 -3.293254e+01 9.000000e-01
      vertex 1.662845e+01 -3.294310e+01 9.000000e-01
    endloop
  endfacet
  facet normal 4.226677e-01 -9.062847e-01 0.000000e+00
    outer loop
      vertex 1.667377e+01 -3.292197e+01 3.450000e+00
      vertex 1.669642e+01 -3.291140e+01 3.385714e+00
      vertex 1.669642e+01 -3.291140e+01 3.600000e+00
    endloop
  endfacet
  facet normal 4.226677e-01 -9.062847e-01 0.000000e+00
    outer loop
      vertex 1.667377e+01 -3.292197e+01 3.300000e+00
      vertex 1.669642e+01 -3.291140e+01 2.957143e+00
      vertex 1.669642e+01 -3.291140e+01 3.171429e+00
    endloop
  endfacet
  facet normal 4.226677e-01 -9.062847e-01 0.000000e+00
    outer loop
      vertex 1.665111e+01 -3.293254e+01 2.700000e+00
      vertex 1.669642e+01 -3.291140e+01 2.742857e+00
      vertex 1.669642e+01 -3.291140e+01 2.957143e+00
    endloop
  endfacet
  facet normal 4.226677e-01 -9.062847e-01 0.000000e+00
    outer loop
      vertex 1.669642e+01 -3.291140e+01 3.171429e+00
      vertex 1.669642e+01 -3.291140e+01 3.385714e+00
      vertex 1.667377e+01 -3.292197e+01 3.300000e+00
    endloop
  endfacet
  facet normal 4.226677e-01 -9.062847e-01 0.000000e+00
    outer loop
      vertex 1.665111e+01 -3.293254e+01 3.450000e+00
      vertex 1.667377e+01 -3.292197e+01 3.450000e+00
      vertex 1.665111e+01 -3.293254e+01 3.600000e+00
    endloop
  endfacet
  facet normal 4.226677e-01 -9.062847e-01 0.000000e+00
    outer loop
      vertex 1.669642e+01 -3.291140e+01 3.600000e+00
      vertex 1.665111e+01 -3.293254e+01 3.600000e+00
      vertex 1.667377e+01 -3.292197e+01 3.450000e+00
    endloop
  endfacet
  facet normal 4.226641e-01 -9.062864e-01 0.000000e+00
    outer loop
      vertex 1.662845e+01 -3.294310e+01 3.450000e+00
      vertex 1.665111e+01 -3.293254e+01 3.450000e+00
      vertex 1.665111e+01 -3.293254e+01 3.600000e+00
    endloop
  endfacet
  facet normal 4.226677e-01 -9.062847e-01 0.000000e+00
    outer loop
      vertex 1.669642e+01 -3.291140e+01 2.957143e+00
      vertex 1.665111e+01 -3.293254e+01 3.300000e+00
      vertex 1.665111e+01 -3.293254e+01 2.700000e+00
    endloop
  endfacet
  facet normal 4.226659e-01 -9.062856e-01 0.000000e+00
    outer loop
      vertex 1.665111e+01 -3.293254e+01 2.700000e+00
      vertex 1.665111e+01 -3.293254e+01 3.300000e+00
      vertex 1.660579e+01 -3.295367e+01 3.000000e+00
    endloop
  endfacet
  facet normal 4.226659e-01 -9.062856e-01 0.000000e+00
    outer loop
      vertex 1.665111e+01 -3.293254e+01 2.700000e+00
      vertex 1.660579e+01 -3.295367e+01 3.000000e+00
      vertex 1.660579e+01 -3.295367e+01 2.700000e+00
    endloop
  endfacet
  facet normal 4.226677e-01 -9.062847e-01 0.000000e+00
    outer loop
      vertex 1.667377e+01 -3.292197e+01 3.300000e+00
      vertex 1.665111e+01 -3.293254e+01 3.300000e+00
      vertex 1.669642e+01 -3.291140e+01 2.957143e+00
    endloop
  endfacet
  facet normal 4.226677e-01 -9.062847e-01 0.000000e+00
    outer loop
      vertex 1.669642e+01 -3.291140e+01 3.385714e+00
      vertex 1.667377e+01 -3.292197e+01 3.450000e+00
      vertex 1.667377e+01 -3.292197e+01 3.300000e+00
    endloop
  endfacet
  facet normal 4.226677e-01 -9.062847e-01 0.000000e+00
    outer loop
      vertex 1.669642e+01 -3.291140e+01 2.528571e+00
      vertex 1.669642e+01 -3.291140e+01 2.742857e+00
      vertex 1.665111e+01 -3.293254e+01 2.700000e+00
    endloop
  endfacet
  facet normal 4.226677e-01 -9.062847e-01 0.000000e+00
    outer loop
      vertex 1.665111e+01 -3.293254e+01 2.400000e+00
      vertex 1.669642e+01 -3.291140e+01 2.314286e+00
      vertex 1.669642e+01 -3.291140e+01 2.528571e+00
    endloop
  endfacet
  facet normal 4.226677e-01 -9.062847e-01 0.000000e+00
    outer loop
      vertex 1.669642e+01 -3.291140e+01 2.100000e+00
      vertex 1.669642e+01 -3.291140e+01 2.314286e+00
      vertex 1.665111e+01 -3.293254e+01 2.400000e+00
    endloop
  endfacet
  facet normal 4.226677e-01 -9.062847e-01 0.000000e+00
    outer loop
      vertex 1.669642e+01 -3.291140e+01 2.100000e+00
      vertex 1.665111e+01 -3.293254e+01 2.400000e+00
      vertex 1.665111e+01 -3.293254e+01 2.100000e+00
    endloop
  endfacet
  facet normal 4.226677e-01 -9.062847e-01 0.000000e+00
    outer loop
      vertex 1.665111e+01 -3.293254e+01 1.800000e+00
      vertex 1.669642e+01 -3.291140e+01 1.671429e+00
      vertex 1.669642e+01 -3.291140e+01 1.885714e+00
    endloop
  endfacet
  facet normal 4.226677e-01 -9.062847e-01 0.000000e+00
    outer loop
      vertex 1.669642e+01 -3.291140e+01 1.242857e+00
      vertex 1.669642e+01 -3.291140e+01 1.457143e+00
      vertex 1.665111e+01 -3.293254e+01 1.500000e+00
    endloop
  endfacet
  facet normal 4.226677e-01 -9.062847e-01 0.000000e+00
    outer loop
      vertex 1.669642e+01 -3.291140e+01 1.242857e+00
      vertex 1.665111e+01 -3.293254e+01 1.500000e+00
      vertex 1.665111e+01 -3.293254e+01 1.200000e+00
    endloop
  endfacet
  facet normal 4.226677e-01 -9.062847e-01 0.000000e+00
    outer loop
      vertex 1.669642e+01 -3.291140e+01 1.885714e+00
      vertex 1.669642e+01 -3.291140e+01 2.100000e+00
      vertex 1.665111e+01 -3.293254e+01 2.100000e+00
    endloop
  endfacet
  facet normal 4.226677e-01 -9.062847e-01 0.000000e+00
    outer loop
      vertex 1.669642e+01 -3.291140e+01 1.885714e+00
      vertex 1.665111e+01 -3.293254e+01 2.100000e+00
      vertex 1.665111e+01 -3.293254e+01 1.800000e+00
    endloop
  endfacet
  facet normal 4.226677e-01 -9.062847e-01 0.000000e+00
    outer loop
      vertex 1.667377e+01 -3.292197e+01 9.000000e-01
      vertex 1.669642e+01 -3.291140e+01 1.028571e+00
      vertex 1.665111e+01 -3.293254e+01 1.200000e+00
    endloop
  endfacet
  facet normal 4.226677e-01 -9.062847e-01 0.000000e+00
    outer loop
      vertex 1.669642e+01 -3.291140e+01 1.028571e+00
      vertex 1.669642e+01 -3.291140e+01 1.242857e+00
      vertex 1.665111e+01 -3.293254e+01 1.200000e+00
    endloop
  endfacet
  facet normal 4.226677e-01 -9.062847e-01 0.000000e+00
    outer loop
      vertex 1.669642e+01 -3.291140e+01 8.142857e-01
      vertex 1.669642e+01 -3.291140e+01 1.028571e+00
      vertex 1.667377e+01 -3.292197e+01 9.000000e-01
    endloop
  endfacet
  facet normal 4.226677e-01 -9.062847e-01 0.000000e+00
    outer loop
      vertex 1.669642e+01 -3.291140e+01 6.000000e-01
      vertex 1.669642e+01 -3.291140e+01 8.142857e-01
      vertex 1.667377e+01 -3.292197e+01 7.500000e-01
    endloop
  endfacet
  facet normal 4.226677e-01 -9.062847e-01 0.000000e+00
    outer loop
      vertex 1.667377e+01 -3.292197e+01 9.000000e-01
      vertex 1.667377e+01 -3.292197e+01 7.500000e-01
      vertex 1.669642e+01 -3.291140e+01 8.142857e-01
    endloop
  endfacet
  facet normal 4.226677e-01 -9.062847e-01 0.000000e+00
    outer loop
      vertex 1.665111e+01 -3.293254e+01 6.000000e-01
      vertex 1.669642e+01 -3.291140e+01 6.000000e-01
      vertex 1.667377e+01 -3.292197e+01 7.500000e-01
    endloop
  endfacet
  facet normal 4.226677e-01 -9.062847e-01 0.000000e+00
    outer loop
      vertex 1.665111e+01 -3.293254e+01 1.500000e+00
      vertex 1.669642e+01 -3.291140e+01 1.457143e+00
      vertex 1.669642e+01 -3.291140e+01 1.671429e+00
    endloop
  endfacet
  facet normal 4.226677e-01 -9.062847e-01 0.000000e+00
    outer loop
      vertex 1.669642e+01 -3.291140e+01 2.528571e+00
      vertex 1.665111e+01 -3.293254e+01 2.700000e+00
      vertex 1.665111e+01 -3.293254e+01 2.400000e+00
    endloop
  endfacet
  facet normal 4.226641e-01 -9.062864e-01 3.359033e-07
    outer loop
      vertex 1.662845e+01 -3.294310e+01 3.300000e+00
      vertex 1.660579e+01 -3.295367e+01 3.000000e+00
      vertex 1.665111e+01 -3.293254e+01 3.300000e+00
    endloop
  endfacet
  facet normal 4.226677e-01 -9.062847e-01 0.000000e+00
    outer loop
      vertex 1.660579e+01 -3.295367e+01 3.300000e+00
      vertex 1.662845e+01 -3.294310e+01 3.300000e+00
      vertex 1.662845e+01 -3.294310e+01 3.450000e+00
    endloop
  endfacet
  facet normal 4.226659e-01 -9.062856e-01 0.000000e+00
    outer loop
      vertex 1.665111e+01 -3.293254e+01 2.100000e+00
      vertex 1.665111e+01 -3.293254e+01 2.400000e+00
      vertex 1.660579e+01 -3.295367e+01 2.400000e+00
    endloop
  endfacet
  facet normal 4.226659e-01 -9.062856e-01 0.000000e+00
    outer loop
      vertex 1.665111e+01 -3.293254e+01 2.100000e+00
      vertex 1.660579e+01 -3.295367e+01 2.400000e+00
      vertex 1.660579e+01 -3.295367e+01 2.100000e+00
    endloop
  endfacet
  facet normal 4.226659e-01 -9.062856e-01 0.000000e+00
    outer loop
      vertex 1.665111e+01 -3.293254e+01 1.800000e+00
      vertex 1.665111e+01 -3.293254e+01 2.100000e+00
      vertex 1.660579e+01 -3.295367e+01 2.100000e+00
    endloop
  endfacet
  facet normal 4.226659e-01 -9.062856e-01 0.000000e+00
    outer loop
      vertex 1.665111e+01 -3.293254e+01 1.800000e+00
      vertex 1.660579e+01 -3.295367e+01 2.100000e+00
      vertex 1.660579e+01 -3.295367e+01 1.800000e+00
    endloop
  endfacet
  facet normal 4.226677e-01 -9.062847e-01 0.000000e+00
    outer loop
      vertex 1.662845e+01 -3.294310e+01 3.450000e+00
      vertex 1.660579e+01 -3.295367e+01 3.600000e+00
      vertex 1.660579e+01 -3.295367e+01 3.300000e+00
    endloop
  endfacet
  facet normal 4.226677e-01 -9.062847e-01 0.000000e+00
    outer loop
      vertex 1.662845e+01 -3.294310e+01 3.300000e+00
      vertex 1.660579e+01 -3.295367e+01 3.300000e+00
      vertex 1.660579e+01 -3.295367e+01 3.000000e+00
    endloop
  endfacet
  facet normal 4.226659e-01 -9.062856e-01 0.000000e+00
    outer loop
      vertex 1.660579e+01 -3.295367e+01 2.700000e+00
      vertex 1.660579e+01 -3.295367e+01 2.400000e+00
      vertex 1.665111e+01 -3.293254e+01 2.400000e+00
    endloop
  endfacet
  facet normal 4.226659e-01 -9.062856e-01 0.000000e+00
    outer loop
      vertex 1.660579e+01 -3.295367e+01 2.700000e+00
      vertex 1.665111e+01 -3.293254e+01 2.400000e+00
      vertex 1.665111e+01 -3.293254e+01 2.700000e+00
    endloop
  endfacet
  facet normal 4.226659e-01 -9.062856e-01 -3.359050e-07
    outer loop
      vertex 1.660579e+01 -3.295367e+01 3.600000e+00
      vertex 1.662845e+01 -3.294310e+01 3.450000e+00
      vertex 1.665111e+01 -3.293254e+01 3.600000e+00
    endloop
  endfacet
  facet normal 4.226659e-01 -9.062856e-01 -1.679523e-07
    outer loop
      vertex 1.665111e+01 -3.293254e+01 1.200000e+00
      vertex 1.660579e+01 -3.295367e+01 1.200000e+00
      vertex 1.662845e+01 -3.294310e+01 9.000000e-01
    endloop
  endfacet
  facet normal 4.226641e-01 -9.062864e-01 0.000000e+00
    outer loop
      vertex 1.665111e+01 -3.293254e+01 1.200000e+00
      vertex 1.662845e+01 -3.294310e+01 9.000000e-01
      vertex 1.665111e+01 -3.293254e+01 9.000000e-01
    endloop
  endfacet
  facet normal 4.226677e-01 -9.062847e-01 -6.288613e-18
    outer loop
      vertex 1.667377e+01 -3.292197e+01 9.000000e-01
      vertex 1.665111e+01 -3.293254e+01 1.200000e+00
      vertex 1.665111e+01 -3.293254e+01 9.000000e-01
    endloop
  endfacet
  facet normal 4.226641e-01 -9.062864e-01 0.000000e+00
    outer loop
      vertex 1.662845e+01 -3.294310e+01 7.500000e-01
      vertex 1.665111e+01 -3.293254e+01 6.000000e-01
      vertex 1.665111e+01 -3.293254e+01 7.500000e-01
    endloop
  endfacet
  facet normal 4.226677e-01 -9.062847e-01 0.000000e+00
    outer loop
      vertex 1.667377e+01 -3.292197e+01 7.500000e-01
      vertex 1.665111e+01 -3.293254e+01 7.500000e-01
      vertex 1.665111e+01 -3.293254e+01 6.000000e-01
    endloop
  endfacet
  facet normal 4.226659e-01 -9.062856e-01 0.000000e+00
    outer loop
      vertex 1.665111e+01 -3.293254e+01 1.200000e+00
      vertex 1.665111e+01 -3.293254e+01 1.500000e+00
      vertex 1.660579e+01 -3.295367e+01 1.500000e+00
    endloop
  endfacet
  facet normal 4.226659e-01 -9.062856e-01 0.000000e+00
    outer loop
      vertex 1.665111e+01 -3.293254e+01 1.200000e+00
      vertex 1.660579e+01 -3.295367e+01 1.500000e+00
      vertex 1.660579e+01 -3.295367e+01 1.200000e+00
    endloop
  endfacet
  facet normal 4.226677e-01 -9.062847e-01 0.000000e+00
    outer loop
      vertex 1.660579e+01 -3.295367e+01 1.200000e+00
      vertex 1.660579e+01 -3.295367e+01 9.000000e-01
      vertex 1.662845e+01 -3.294310e+01 9.000000e-01
    endloop
  endfacet
  facet normal 4.226677e-01 -9.062847e-01 0.000000e+00
    outer loop
      vertex 1.660579e+01 -3.295367e+01 6.000000e-01
      vertex 1.662845e+01 -3.294310e+01 7.500000e-01
      vertex 1.660579e+01 -3.295367e+01 9.000000e-01
    endloop
  endfacet
  facet normal 4.226677e-01 -9.062847e-01 0.000000e+00
    outer loop
      vertex 1.660579e+01 -3.295367e+01 9.000000e-01
      vertex 1.662845e+01 -3.294310e+01 7.500000e-01
      vertex 1.662845e+01 -3.294310e+01 9.000000e-01
    endloop
  endfacet
  facet normal 4.226659e-01 -9.062856e-01 3.359048e-07
    outer loop
      vertex 1.665111e+01 -3.293254e+01 6.000000e-01
      vertex 1.662845e+01 -3.294310e+01 7.500000e-01
      vertex 1.660579e+01 -3.295367e+01 6.000000e-01
    endloop
  endfacet
  facet normal 4.226659e-01 -9.062856e-01 0.000000e+00
    outer loop
      vertex 1.660579e+01 -3.295367e+01 1.800000e+00
      vertex 1.660579e+01 -3.295367e+01 1.500000e+00
      vertex 1.665111e+01 -3.293254e+01 1.500000e+00
    endloop
  endfacet
  facet normal 4.226659e-01 -9.062856e-01 0.000000e+00
    outer loop
      vertex 1.660579e+01 -3.295367e+01 1.800000e+00
      vertex 1.665111e+01 -3.293254e+01 1.500000e+00
      vertex 1.665111e+01 -3.293254e+01 1.800000e+00
    endloop
  endfacet
  facet normal 4.226677e-01 -9.062847e-01 0.000000e+00
    outer loop
      vertex 1.669642e+01 -3.291140e+01 1.671429e+00
      vertex 1.665111e+01 -3.293254e+01 1.800000e+00
      vertex 1.665111e+01 -3.293254e+01 1.500000e+00
    endloop
  endfacet
  facet normal 4.225886e-01 9.063216e-01 0.000000e+00
    outer loop
      vertex 1.660648e+01 -4.703656e+01 3.100000e+00
      vertex 1.660648e+01 -4.703656e+01 3.600000e+00
      vertex 1.669712e+01 -4.707882e+01 3.600000e+00
    endloop
  endfacet
  facet normal 4.225886e-01 9.063216e-01 0.000000e+00
    outer loop
      vertex 1.660648e+01 -4.703656e+01 3.100000e+00
      vertex 1.669712e+01 -4.707882e+01 3.600000e+00
      vertex 1.669712e+01 -4.707882e+01 3.225000e+00
    endloop
  endfacet
  facet normal 4.225886e-01 9.063216e-01 0.000000e+00
    outer loop
      vertex 1.660648e+01 -4.703656e+01 2.100000e+00
      vertex 1.660648e+01 -4.703656e+01 2.600000e+00
      vertex 1.669712e+01 -4.707882e+01 2.475000e+00
    endloop
  endfacet
  facet normal 4.225886e-01 9.063216e-01 0.000000e+00
    outer loop
      vertex 1.660648e+01 -4.703656e+01 2.100000e+00
      vertex 1.669712e+01 -4.707882e+01 2.475000e+00
      vertex 1.669712e+01 -4.707882e+01 2.100000e+00
    endloop
  endfacet
  facet normal 4.225886e-01 9.063216e-01 0.000000e+00
    outer loop
      vertex 1.660648e+01 -4.703656e+01 2.600000e+00
      vertex 1.660648e+01 -4.703656e+01 3.100000e+00
      vertex 1.669712e+01 -4.707882e+01 2.850000e+00
    endloop
  endfacet
  facet normal 4.225886e-01 9.063216e-01 0.000000e+00
    outer loop
      vertex 1.660648e+01 -4.703656e+01 1.600000e+00
      vertex 1.660648e+01 -4.703656e+01 2.100000e+00
      vertex 1.669712e+01 -4.707882e+01 2.100000e+00
    endloop
  endfacet
  facet normal 4.225886e-01 9.063216e-01 -1.257774e-17
    outer loop
      vertex 1.660648e+01 -4.703656e+01 1.600000e+00
      vertex 1.669712e+01 -4.707882e+01 2.100000e+00
      vertex 1.669712e+01 -4.707882e+01 1.725000e+00
    endloop
  endfacet
  facet normal 4.225886e-01 9.063216e-01 0.000000e+00
    outer loop
      vertex 1.660648e+01 -4.703656e+01 6.000000e-01
      vertex 1.660648e+01 -4.703656e+01 1.100000e+00
      vertex 1.669712e+01 -4.707882e+01 9.750000e-01
    endloop
  endfacet
  facet normal 4.225886e-01 9.063216e-01 0.000000e+00
    outer loop
      vertex 1.660648e+01 -4.703656e+01 6.000000e-01
      vertex 1.669712e+01 -4.707882e+01 9.750000e-01
      vertex 1.669712e+01 -4.707882e+01 6.000000e-01
    endloop
  endfacet
  facet normal 4.225886e-01 9.063216e-01 0.000000e+00
    outer loop
      vertex 1.669712e+01 -4.707882e+01 1.350000e+00
      vertex 1.660648e+01 -4.703656e+01 1.100000e+00
      vertex 1.660648e+01 -4.703656e+01 1.600000e+00
    endloop
  endfacet
  facet normal 4.225886e-01 9.063216e-01 0.000000e+00
    outer loop
      vertex 1.660648e+01 -4.703656e+01 3.100000e+00
      vertex 1.669712e+01 -4.707882e+01 3.225000e+00
      vertex 1.669712e+01 -4.707882e+01 2.850000e+00
    endloop
  endfacet
  facet normal 4.225886e-01 9.063216e-01 0.000000e+00
    outer loop
      vertex 1.660648e+01 -4.703656e+01 2.600000e+00
      vertex 1.669712e+01 -4.707882e+01 2.850000e+00
      vertex 1.669712e+01 -4.707882e+01 2.475000e+00
    endloop
  endfacet
  facet normal 4.225886e-01 9.063216e-01 0.000000e+00
    outer loop
      vertex 1.660648e+01 -4.703656e+01 1.600000e+00
      vertex 1.669712e+01 -4.707882e+01 1.725000e+00
      vertex 1.669712e+01 -4.707882e+01 1.350000e+00
    endloop
  endfacet
  facet normal 4.225886e-01 9.063216e-01 0.000000e+00
    outer loop
      vertex 1.660648e+01 -4.703656e+01 1.100000e+00
      vertex 1.669712e+01 -4.707882e+01 1.350000e+00
      vertex 1.669712e+01 -4.707882e+01 9.750000e-01
    endloop
  endfacet
  facet normal 3.975865e-01 9.175647e-01 0.000000e+00
    outer loop
      vertex 1.669712e+01 -4.707882e+01 3.225000e+00
      vertex 1.669712e+01 -4.707882e+01 3.600000e+00
      vertex 1.709002e+01 -4.724907e+01 3.600000e+00
    endloop
  endfacet
  facet normal 3.468463e-01 9.379220e-01 0.000000e+00
    outer loop
      vertex 1.709002e+01 -4.724907e+01 6.000000e-01
      vertex 1.709002e+01 -4.724907e+01 2.100000e+00
      vertex 1.749010e+01 -4.739702e+01 2.100000e+00
    endloop
  endfacet
  facet normal 3.468463e-01 9.379220e-01 0.000000e+00
    outer loop
      vertex 1.709002e+01 -4.724907e+01 6.000000e-01
      vertex 1.749010e+01 -4.739702e+01 2.100000e+00
      vertex 1.749010e+01 -4.739702e+01 6.000000e-01
    endloop
  endfacet
  facet normal 3.975865e-01 9.175647e-01 0.000000e+00
    outer loop
      vertex 1.669712e+01 -4.707882e+01 2.100000e+00
      vertex 1.669712e+01 -4.707882e+01 2.475000e+00
      vertex 1.709002e+01 -4.724907e+01 2.100000e+00
    endloop
  endfacet
  facet normal 3.975865e-01 9.175647e-01 0.000000e+00
    outer loop
      vertex 1.709002e+01 -4.724907e+01 3.600000e+00
      vertex 1.669712e+01 -4.707882e+01 2.850000e+00
      vertex 1.669712e+01 -4.707882e+01 3.225000e+00
    endloop
  endfacet
  facet normal 3.975865e-01 9.175647e-01 0.000000e+00
    outer loop
      vertex 1.669712e+01 -4.707882e+01 2.475000e+00
      vertex 1.669712e+01 -4.707882e+01 2.850000e+00
      vertex 1.709002e+01 -4.724907e+01 2.100000e+00
    endloop
  endfacet
  facet normal 3.975865e-01 9.175647e-01 0.000000e+00
    outer loop
      vertex 1.669712e+01 -4.707882e+01 2.850000e+00
      vertex 1.709002e+01 -4.724907e+01 3.600000e+00
      vertex 1.709002e+01 -4.724907e+01 2.100000e+00
    endloop
  endfacet
  facet normal 3.468463e-01 9.379220e-01 0.000000e+00
    outer loop
      vertex 1.749010e+01 -4.739702e+01 3.600000e+00
      vertex 1.749010e+01 -4.739702e+01 2.100000e+00
      vertex 1.709002e+01 -4.724907e+01 2.100000e+00
    endloop
  endfacet
  facet normal 3.468463e-01 9.379220e-01 0.000000e+00
    outer loop
      vertex 1.749010e+01 -4.739702e+01 3.600000e+00
      vertex 1.709002e+01 -4.724907e+01 2.100000e+00
      vertex 1.709002e+01 -4.724907e+01 3.600000e+00
    endloop
  endfacet
  facet normal 2.411412e-01 9.704900e-01 0.000000e+00
    outer loop
      vertex 1.790250e+01 -4.752427e+01 2.100000e+00
      vertex 1.790250e+01 -4.752427e+01 3.600000e+00
      vertex 1.832939e+01 -4.763034e+01 3.600000e+00
    endloop
  endfacet
  facet normal 2.411412e-01 9.704900e-01 0.000000e+00
    outer loop
      vertex 1.790250e+01 -4.752427e+01 2.100000e+00
      vertex 1.832939e+01 -4.763034e+01 3.600000e+00
      vertex 1.832939e+01 -4.763034e+01 2.100000e+00
    endloop
  endfacet
  facet normal 1.866007e-01 9.824358e-01 0.000000e+00
    outer loop
      vertex 1.875453e+01 -4.771109e+01 3.600000e+00
      vertex 1.875453e+01 -4.771109e+01 2.100000e+00
      vertex 1.832939e+01 -4.763034e+01 2.100000e+00
    endloop
  endfacet
  facet normal 1.866007e-01 9.824358e-01 -6.817018e-18
    outer loop
      vertex 1.875453e+01 -4.771109e+01 3.600000e+00
      vertex 1.832939e+01 -4.763034e+01 2.100000e+00
      vertex 1.832939e+01 -4.763034e+01 3.600000e+00
    endloop
  endfacet
  facet normal 2.948475e-01 9.555443e-01 0.000000e+00
    outer loop
      vertex 1.790250e+01 -4.752427e+01 2.100000e+00
      vertex 1.790250e+01 -4.752427e+01 6.000000e-01
      vertex 1.749010e+01 -4.739702e+01 6.000000e-01
    endloop
  endfacet
  facet normal 2.948475e-01 9.555443e-01 0.000000e+00
    outer loop
      vertex 1.790250e+01 -4.752427e+01 2.100000e+00
      vertex 1.749010e+01 -4.739702e+01 6.000000e-01
      vertex 1.749010e+01 -4.739702e+01 2.100000e+00
    endloop
  endfacet
  facet normal 2.948475e-01 9.555443e-01 0.000000e+00
    outer loop
      vertex 1.790250e+01 -4.752427e+01 3.600000e+00
      vertex 1.790250e+01 -4.752427e+01 2.100000e+00
      vertex 1.749010e+01 -4.739702e+01 2.100000e+00
    endloop
  endfacet
  facet normal 2.948475e-01 9.555443e-01 0.000000e+00
    outer loop
      vertex 1.790250e+01 -4.752427e+01 3.600000e+00
      vertex 1.749010e+01 -4.739702e+01 2.100000e+00
      vertex 1.749010e+01 -4.739702e+01 3.600000e+00
    endloop
  endfacet
  facet normal 7.887000e-02 9.968849e-01 0.000000e+00
    outer loop
      vertex 1.959173e+01 -4.780030e+01 3.600000e+00
      vertex 1.959173e+01 -4.780030e+01 2.100000e+00
      vertex 1.917592e+01 -4.776740e+01 2.100000e+00
    endloop
  endfacet
  facet normal 7.887000e-02 9.968849e-01 0.000000e+00
    outer loop
      vertex 1.959173e+01 -4.780030e+01 3.600000e+00
      vertex 1.917592e+01 -4.776740e+01 2.100000e+00
      vertex 1.917592e+01 -4.776740e+01 3.600000e+00
    endloop
  endfacet
  facet normal 1.324401e-01 9.911910e-01 0.000000e+00
    outer loop
      vertex 1.917592e+01 -4.776740e+01 3.600000e+00
      vertex 1.917592e+01 -4.776740e+01 2.100000e+00
      vertex 1.875453e+01 -4.771109e+01 2.100000e+00
    endloop
  endfacet
  facet normal 1.324401e-01 9.911910e-01 0.000000e+00
    outer loop
      vertex 1.917592e+01 -4.776740e+01 3.600000e+00
      vertex 1.875453e+01 -4.771109e+01 2.100000e+00
      vertex 1.875453e+01 -4.771109e+01 3.600000e+00
    endloop
  endfacet
  facet normal 2.609430e-02 9.996595e-01 0.000000e+00
    outer loop
      vertex 1.959173e+01 -4.780030e+01 2.100000e+00
      vertex 1.959173e+01 -4.780030e+01 3.600000e+00
      vertex 2.000034e+01 -4.781096e+01 3.600000e+00
    endloop
  endfacet
  facet normal 2.609430e-02 9.996595e-01 0.000000e+00
    outer loop
      vertex 1.959173e+01 -4.780030e+01 2.100000e+00
      vertex 2.000034e+01 -4.781096e+01 3.600000e+00
      vertex 2.000034e+01 -4.781096e+01 2.100000e+00
    endloop
  endfacet
  facet normal 3.975865e-01 9.175647e-01 0.000000e+00
    outer loop
      vertex 1.709002e+01 -4.724907e+01 6.000000e-01
      vertex 1.669712e+01 -4.707882e+01 1.350000e+00
      vertex 1.709002e+01 -4.724907e+01 2.100000e+00
    endloop
  endfacet
  facet normal 3.975865e-01 9.175647e-01 0.000000e+00
    outer loop
      vertex 1.669712e+01 -4.707882e+01 1.350000e+00
      vertex 1.669712e+01 -4.707882e+01 1.725000e+00
      vertex 1.709002e+01 -4.724907e+01 2.100000e+00
    endloop
  endfacet
  facet normal 3.975865e-01 9.175647e-01 0.000000e+00
    outer loop
      vertex 1.709002e+01 -4.724907e+01 6.000000e-01
      vertex 1.669712e+01 -4.707882e+01 9.750000e-01
      vertex 1.669712e+01 -4.707882e+01 1.350000e+00
    endloop
  endfacet
  facet normal 3.975865e-01 9.175647e-01 0.000000e+00
    outer loop
      vertex 1.669712e+01 -4.707882e+01 9.750000e-01
      vertex 1.709002e+01 -4.724907e+01 6.000000e-01
      vertex 1.669712e+01 -4.707882e+01 6.000000e-01
    endloop
  endfacet
  facet normal 3.975865e-01 9.175647e-01 0.000000e+00
    outer loop
      vertex 1.669712e+01 -4.707882e+01 1.725000e+00
      vertex 1.669712e+01 -4.707882e+01 2.100000e+00
      vertex 1.709002e+01 -4.724907e+01 2.100000e+00
    endloop
  endfacet
  facet normal 1.866007e-01 9.824358e-01 0.000000e+00
    outer loop
      vertex 1.875453e+01 -4.771109e+01 2.100000e+00
      vertex 1.875453e+01 -4.771109e+01 6.000000e-01
      vertex 1.832939e+01 -4.763034e+01 6.000000e-01
    endloop
  endfacet
  facet normal 1.866007e-01 9.824358e-01 0.000000e+00
    outer loop
      vertex 1.875453e+01 -4.771109e+01 2.100000e+00
      vertex 1.832939e+01 -4.763034e+01 6.000000e-01
      vertex 1.832939e+01 -4.763034e+01 2.100000e+00
    endloop
  endfacet
  facet normal 7.887000e-02 9.968849e-01 0.000000e+00
    outer loop
      vertex 1.959173e+01 -4.780030e+01 2.100000e+00
      vertex 1.959173e+01 -4.780030e+01 6.000000e-01
      vertex 1.917592e+01 -4.776740e+01 6.000000e-01
    endloop
  endfacet
  facet normal 7.887000e-02 9.968849e-01 0.000000e+00
    outer loop
      vertex 1.959173e+01 -4.780030e+01 2.100000e+00
      vertex 1.917592e+01 -4.776740e+01 6.000000e-01
      vertex 1.917592e+01 -4.776740e+01 2.100000e+00
    endloop
  endfacet
  facet normal 1.324401e-01 9.911910e-01 0.000000e+00
    outer loop
      vertex 1.917592e+01 -4.776740e+01 2.100000e+00
      vertex 1.917592e+01 -4.776740e+01 6.000000e-01
      vertex 1.875453e+01 -4.771109e+01 6.000000e-01
    endloop
  endfacet
  facet normal 1.324401e-01 9.911910e-01 0.000000e+00
    outer loop
      vertex 1.917592e+01 -4.776740e+01 2.100000e+00
      vertex 1.875453e+01 -4.771109e+01 6.000000e-01
      vertex 1.875453e+01 -4.771109e+01 2.100000e+00
    endloop
  endfacet
  facet normal 2.609430e-02 9.996595e-01 0.000000e+00
    outer loop
      vertex 1.959173e+01 -4.780030e+01 6.000000e-01
      vertex 1.959173e+01 -4.780030e+01 2.100000e+00
      vertex 2.000034e+01 -4.781096e+01 2.100000e+00
    endloop
  endfacet
  facet normal 2.609430e-02 9.996595e-01 0.000000e+00
    outer loop
      vertex 1.959173e+01 -4.780030e+01 6.000000e-01
      vertex 2.000034e+01 -4.781096e+01 2.100000e+00
      vertex 2.000034e+01 -4.781096e+01 6.000000e-01
    endloop
  endfacet
  facet normal 2.411412e-01 9.704900e-01 0.000000e+00
    outer loop
      vertex 1.832939e+01 -4.763034e+01 2.100000e+00
      vertex 1.832939e+01 -4.763034e+01 6.000000e-01
      vertex 1.790250e+01 -4.752427e+01 6.000000e-01
    endloop
  endfacet
  facet normal 2.411412e-01 9.704900e-01 0.000000e+00
    outer loop
      vertex 1.832939e+01 -4.763034e+01 2.100000e+00
      vertex 1.790250e+01 -4.752427e+01 6.000000e-01
      vertex 1.790250e+01 -4.752427e+01 2.100000e+00
    endloop
  endfacet
  facet normal -8.168723e-02 9.966580e-01 0.000000e+00
    outer loop
      vertex 2.085070e+01 -4.776452e+01 3.600000e+00
      vertex 2.085070e+01 -4.776452e+01 2.100000e+00
      vertex 2.042577e+01 -4.779935e+01 2.100000e+00
    endloop
  endfacet
  facet normal -8.168723e-02 9.966580e-01 0.000000e+00
    outer loop
      vertex 2.085070e+01 -4.776452e+01 3.600000e+00
      vertex 2.042577e+01 -4.779935e+01 2.100000e+00
      vertex 2.042577e+01 -4.779935e+01 3.600000e+00
    endloop
  endfacet
  facet normal -1.359798e-01 9.907116e-01 0.000000e+00
    outer loop
      vertex 2.127393e+01 -4.770643e+01 3.600000e+00
      vertex 2.127393e+01 -4.770643e+01 2.100000e+00
      vertex 2.085070e+01 -4.776452e+01 2.100000e+00
    endloop
  endfacet
  facet normal -1.359798e-01 9.907116e-01 0.000000e+00
    outer loop
      vertex 2.127393e+01 -4.770643e+01 3.600000e+00
      vertex 2.085070e+01 -4.776452e+01 2.100000e+00
      vertex 2.085070e+01 -4.776452e+01 3.600000e+00
    endloop
  endfacet
  facet normal -2.728447e-02 9.996277e-01 0.000000e+00
    outer loop
      vertex 2.042577e+01 -4.779935e+01 2.100000e+00
      vertex 2.042577e+01 -4.779935e+01 6.000000e-01
      vertex 2.000034e+01 -4.781096e+01 6.000000e-01
    endloop
  endfacet
  facet normal -2.728447e-02 9.996277e-01 0.000000e+00
    outer loop
      vertex 2.042577e+01 -4.779935e+01 2.100000e+00
      vertex 2.000034e+01 -4.781096e+01 6.000000e-01
      vertex 2.000034e+01 -4.781096e+01 2.100000e+00
    endloop
  endfacet
  facet normal -2.728447e-02 9.996277e-01 0.000000e+00
    outer loop
      vertex 2.042577e+01 -4.779935e+01 3.600000e+00
      vertex 2.042577e+01 -4.779935e+01 2.100000e+00
      vertex 2.000034e+01 -4.781096e+01 2.100000e+00
    endloop
  endfacet
  facet normal -2.728447e-02 9.996277e-01 8.670388e-19
    outer loop
      vertex 2.042577e+01 -4.779935e+01 3.600000e+00
      vertex 2.000034e+01 -4.781096e+01 2.100000e+00
      vertex 2.000034e+01 -4.781096e+01 3.600000e+00
    endloop
  endfacet
  facet normal -1.359798e-01 9.907116e-01 0.000000e+00
    outer loop
      vertex 2.127393e+01 -4.770643e+01 2.100000e+00
      vertex 2.127393e+01 -4.770643e+01 6.000000e-01
      vertex 2.085070e+01 -4.776452e+01 6.000000e-01
    endloop
  endfacet
  facet normal -1.359798e-01 9.907116e-01 0.000000e+00
    outer loop
      vertex 2.127393e+01 -4.770643e+01 2.100000e+00
      vertex 2.085070e+01 -4.776452e+01 6.000000e-01
      vertex 2.085070e+01 -4.776452e+01 2.100000e+00
    endloop
  endfacet
  facet normal -8.168723e-02 9.966580e-01 0.000000e+00
    outer loop
      vertex 2.085070e+01 -4.776452e+01 2.100000e+00
      vertex 2.085070e+01 -4.776452e+01 6.000000e-01
      vertex 2.042577e+01 -4.779935e+01 6.000000e-01
    endloop
  endfacet
  facet normal -8.168723e-02 9.966580e-01 0.000000e+00
    outer loop
      vertex 2.085070e+01 -4.776452e+01 2.100000e+00
      vertex 2.042577e+01 -4.779935e+01 6.000000e-01
      vertex 2.042577e+01 -4.779935e+01 2.100000e+00
    endloop
  endfacet
  facet normal -1.898984e-01 9.818037e-01 0.000000e+00
    outer loop
      vertex 2.127393e+01 -4.770643e+01 2.100000e+00
      vertex 2.127393e+01 -4.770643e+01 3.600000e+00
      vertex 2.169359e+01 -4.762526e+01 3.600000e+00
    endloop
  endfacet
  facet normal -1.898984e-01 9.818037e-01 0.000000e+00
    outer loop
      vertex 2.127393e+01 -4.770643e+01 2.100000e+00
      vertex 2.169359e+01 -4.762526e+01 3.600000e+00
      vertex 2.169359e+01 -4.762526e+01 2.100000e+00
    endloop
  endfacet
  facet normal -2.433036e-01 9.699502e-01 0.000000e+00
    outer loop
      vertex 2.210818e+01 -4.752127e+01 3.600000e+00
      vertex 2.210818e+01 -4.752127e+01 2.100000e+00
      vertex 2.169359e+01 -4.762526e+01 2.100000e+00
    endloop
  endfacet
  facet normal -2.433036e-01 9.699502e-01 0.000000e+00
    outer loop
      vertex 2.210818e+01 -4.752127e+01 3.600000e+00
      vertex 2.169359e+01 -4.762526e+01 2.100000e+00
      vertex 2.169359e+01 -4.762526e+01 3.600000e+00
    endloop
  endfacet
  facet normal -3.475468e-01 9.376627e-01 0.000000e+00
    outer loop
      vertex 2.291485e+01 -4.724708e+01 3.600000e+00
      vertex 2.291485e+01 -4.724708e+01 2.100000e+00
      vertex 2.251586e+01 -4.739497e+01 2.100000e+00
    endloop
  endfacet
  facet normal -3.475468e-01 9.376627e-01 0.000000e+00
    outer loop
      vertex 2.291485e+01 -4.724708e+01 3.600000e+00
      vertex 2.251586e+01 -4.739497e+01 2.100000e+00
      vertex 2.251586e+01 -4.739497e+01 3.600000e+00
    endloop
  endfacet
  facet normal -2.959206e-01 9.552125e-01 0.000000e+00
    outer loop
      vertex 2.251586e+01 -4.739497e+01 3.600000e+00
      vertex 2.251586e+01 -4.739497e+01 2.100000e+00
      vertex 2.210818e+01 -4.752127e+01 2.100000e+00
    endloop
  endfacet
  facet normal -2.959206e-01 9.552125e-01 0.000000e+00
    outer loop
      vertex 2.251586e+01 -4.739497e+01 3.600000e+00
      vertex 2.210818e+01 -4.752127e+01 2.100000e+00
      vertex 2.210818e+01 -4.752127e+01 3.600000e+00
    endloop
  endfacet
  facet normal -3.979434e-01 9.174100e-01 0.000000e+00
    outer loop
      vertex 2.291485e+01 -4.724708e+01 3.600000e+00
      vertex 2.330349e+01 -4.707850e+01 3.600000e+00
      vertex 2.330349e+01 -4.707850e+01 3.171429e+00
    endloop
  endfacet
  facet normal -3.979434e-01 9.174100e-01 0.000000e+00
    outer loop
      vertex 2.291485e+01 -4.724708e+01 2.100000e+00
      vertex 2.291485e+01 -4.724708e+01 3.600000e+00
      vertex 2.330349e+01 -4.707850e+01 3.171429e+00
    endloop
  endfacet
  facet normal -3.979434e-01 9.174100e-01 0.000000e+00
    outer loop
      vertex 2.291485e+01 -4.724708e+01 2.100000e+00
      vertex 2.330349e+01 -4.707850e+01 3.171429e+00
      vertex 2.330349e+01 -4.707850e+01 2.742857e+00
    endloop
  endfacet
  facet normal -3.979434e-01 9.174100e-01 0.000000e+00
    outer loop
      vertex 2.291485e+01 -4.724708e+01 2.100000e+00
      vertex 2.330349e+01 -4.707850e+01 2.742857e+00
      vertex 2.330349e+01 -4.707850e+01 2.314286e+00
    endloop
  endfacet
  facet normal -1.898984e-01 9.818037e-01 0.000000e+00
    outer loop
      vertex 2.127393e+01 -4.770643e+01 6.000000e-01
      vertex 2.127393e+01 -4.770643e+01 2.100000e+00
      vertex 2.169359e+01 -4.762526e+01 2.100000e+00
    endloop
  endfacet
  facet normal -1.898984e-01 9.818037e-01 0.000000e+00
    outer loop
      vertex 2.127393e+01 -4.770643e+01 6.000000e-01
      vertex 2.169359e+01 -4.762526e+01 2.100000e+00
      vertex 2.169359e+01 -4.762526e+01 6.000000e-01
    endloop
  endfacet
  facet normal -2.433036e-01 9.699502e-01 0.000000e+00
    outer loop
      vertex 2.210818e+01 -4.752127e+01 2.100000e+00
      vertex 2.210818e+01 -4.752127e+01 6.000000e-01
      vertex 2.169359e+01 -4.762526e+01 6.000000e-01
    endloop
  endfacet
  facet normal -2.433036e-01 9.699502e-01 0.000000e+00
    outer loop
      vertex 2.210818e+01 -4.752127e+01 2.100000e+00
      vertex 2.169359e+01 -4.762526e+01 6.000000e-01
      vertex 2.169359e+01 -4.762526e+01 2.100000e+00
    endloop
  endfacet
  facet normal -2.959206e-01 9.552125e-01 0.000000e+00
    outer loop
      vertex 2.210818e+01 -4.752127e+01 6.000000e-01
      vertex 2.210818e+01 -4.752127e+01 2.100000e+00
      vertex 2.251586e+01 -4.739497e+01 2.100000e+00
    endloop
  endfacet
  facet normal -2.959206e-01 9.552125e-01 0.000000e+00
    outer loop
      vertex 2.210818e+01 -4.752127e+01 6.000000e-01
      vertex 2.251586e+01 -4.739497e+01 2.100000e+00
      vertex 2.251586e+01 -4.739497e+01 6.000000e-01
    endloop
  endfacet
  facet normal -3.475468e-01 9.376627e-01 0.000000e+00
    outer loop
      vertex 2.291485e+01 -4.724708e+01 2.100000e+00
      vertex 2.291485e+01 -4.724708e+01 6.000000e-01
      vertex 2.251586e+01 -4.739497e+01 6.000000e-01
    endloop
  endfacet
  facet normal -3.475468e-01 9.376627e-01 0.000000e+00
    outer loop
      vertex 2.291485e+01 -4.724708e+01 2.100000e+00
      vertex 2.251586e+01 -4.739497e+01 6.000000e-01
      vertex 2.251586e+01 -4.739497e+01 2.100000e+00
    endloop
  endfacet
  facet normal -3.979434e-01 9.174100e-01 0.000000e+00
    outer loop
      vertex 2.291485e+01 -4.724708e+01 2.100000e+00
      vertex 2.330349e+01 -4.707850e+01 1.885714e+00
      vertex 2.330349e+01 -4.707850e+01 1.457143e+00
    endloop
  endfacet
  facet normal -3.979434e-01 9.174100e-01 0.000000e+00
    outer loop
      vertex 2.330349e+01 -4.707850e+01 1.885714e+00
      vertex 2.291485e+01 -4.724708e+01 2.100000e+00
      vertex 2.330349e+01 -4.707850e+01 2.314286e+00
    endloop
  endfacet
  facet normal -3.979434e-01 9.174100e-01 0.000000e+00
    outer loop
      vertex 2.291485e+01 -4.724708e+01 6.000000e-01
      vertex 2.291485e+01 -4.724708e+01 2.100000e+00
      vertex 2.330349e+01 -4.707850e+01 1.457143e+00
    endloop
  endfacet
  facet normal -3.979434e-01 9.174100e-01 0.000000e+00
    outer loop
      vertex 2.291485e+01 -4.724708e+01 6.000000e-01
      vertex 2.330349e+01 -4.707850e+01 1.457143e+00
      vertex 2.330349e+01 -4.707850e+01 1.028571e+00
    endloop
  endfacet
  facet normal -3.979434e-01 9.174100e-01 0.000000e+00
    outer loop
      vertex 2.291485e+01 -4.724708e+01 6.000000e-01
      vertex 2.330349e+01 -4.707850e+01 1.028571e+00
      vertex 2.330349e+01 -4.707850e+01 6.000000e-01
    endloop
  endfacet
  facet normal -4.226677e-01 9.062847e-01 0.000000e+00
    outer loop
      vertex 2.330349e+01 -4.707850e+01 3.171429e+00
      vertex 2.330349e+01 -4.707850e+01 3.600000e+00
      vertex 2.339412e+01 -4.703624e+01 3.600000e+00
    endloop
  endfacet
  facet normal -4.226677e-01 9.062847e-01 0.000000e+00
    outer loop
      vertex 2.330349e+01 -4.707850e+01 3.171429e+00
      vertex 2.339412e+01 -4.703624e+01 3.600000e+00
      vertex 2.339412e+01 -4.703624e+01 3.171429e+00
    endloop
  endfacet
  facet normal -4.226677e-01 9.062847e-01 0.000000e+00
    outer loop
      vertex 2.330349e+01 -4.707850e+01 2.314286e+00
      vertex 2.330349e+01 -4.707850e+01 2.742857e+00
      vertex 2.339412e+01 -4.703624e+01 2.742857e+00
    endloop
  endfacet
  facet normal -4.226677e-01 9.062847e-01 0.000000e+00
    outer loop
      vertex 2.330349e+01 -4.707850e+01 2.314286e+00
      vertex 2.339412e+01 -4.703624e+01 2.742857e+00
      vertex 2.339412e+01 -4.703624e+01 2.314286e+00
    endloop
  endfacet
  facet normal -4.226677e-01 9.062847e-01 0.000000e+00
    outer loop
      vertex 2.330349e+01 -4.707850e+01 2.742857e+00
      vertex 2.330349e+01 -4.707850e+01 3.171429e+00
      vertex 2.339412e+01 -4.703624e+01 3.171429e+00
    endloop
  endfacet
  facet normal -4.226677e-01 9.062847e-01 0.000000e+00
    outer loop
      vertex 2.330349e+01 -4.707850e+01 2.742857e+00
      vertex 2.339412e+01 -4.703624e+01 3.171429e+00
      vertex 2.339412e+01 -4.703624e+01 2.742857e+00
    endloop
  endfacet
  facet normal -4.226677e-01 9.062847e-01 0.000000e+00
    outer loop
      vertex 2.330349e+01 -4.707850e+01 1.457143e+00
      vertex 2.330349e+01 -4.707850e+01 1.885714e+00
      vertex 2.339412e+01 -4.703624e+01 1.885714e+00
    endloop
  endfacet
  facet normal -4.226677e-01 9.062847e-01 0.000000e+00
    outer loop
      vertex 2.330349e+01 -4.707850e+01 1.457143e+00
      vertex 2.339412e+01 -4.703624e+01 1.885714e+00
      vertex 2.339412e+01 -4.703624e+01 1.457143e+00
    endloop
  endfacet
  facet normal -4.226677e-01 9.062847e-01 0.000000e+00
    outer loop
      vertex 2.330349e+01 -4.707850e+01 6.000000e-01
      vertex 2.330349e+01 -4.707850e+01 1.028571e+00
      vertex 2.339412e+01 -4.703624e+01 1.028571e+00
    endloop
  endfacet
  facet normal -4.226677e-01 9.062847e-01 0.000000e+00
    outer loop
      vertex 2.330349e+01 -4.707850e+01 6.000000e-01
      vertex 2.339412e+01 -4.703624e+01 1.028571e+00
      vertex 2.339412e+01 -4.703624e+01 6.000000e-01
    endloop
  endfacet
  facet normal -4.226677e-01 9.062847e-01 0.000000e+00
    outer loop
      vertex 2.330349e+01 -4.707850e+01 1.028571e+00
      vertex 2.330349e+01 -4.707850e+01 1.457143e+00
      vertex 2.339412e+01 -4.703624e+01 1.457143e+00
    endloop
  endfacet
  facet normal -4.226677e-01 9.062847e-01 0.000000e+00
    outer loop
      vertex 2.330349e+01 -4.707850e+01 1.028571e+00
      vertex 2.339412e+01 -4.703624e+01 1.457143e+00
      vertex 2.339412e+01 -4.703624e+01 1.028571e+00
    endloop
  endfacet
  facet normal -4.226677e-01 9.062847e-01 0.000000e+00
    outer loop
      vertex 2.330349e+01 -4.707850e+01 1.885714e+00
      vertex 2.330349e+01 -4.707850e+01 2.314286e+00
      vertex 2.339412e+01 -4.703624e+01 2.314286e+00
    endloop
  endfacet
  facet normal -4.226677e-01 9.062847e-01 0.000000e+00
    outer loop
      vertex 2.330349e+01 -4.707850e+01 1.885714e+00
      vertex 2.339412e+01 -4.703624e+01 2.314286e+00
      vertex 2.339412e+01 -4.703624e+01 1.885714e+00
    endloop
  endfacet
  facet normal 9.062859e-01 4.226652e-01 0.000000e+00
    outer loop
      vertex 2.360545e+01 -4.748938e+01 3.600000e+00
      vertex 2.339412e+01 -4.703624e+01 3.171429e+00
      vertex 2.339412e+01 -4.703624e+01 3.600000e+00
    endloop
  endfacet
  facet normal 9.062859e-01 4.226652e-01 0.000000e+00
    outer loop
      vertex 2.339412e+01 -4.703624e+01 2.314286e+00
      vertex 2.339412e+01 -4.703624e+01 2.742857e+00
      vertex 2.360545e+01 -4.748938e+01 3.600000e+00
    endloop
  endfacet
  facet normal 9.062859e-01 4.226652e-01 0.000000e+00
    outer loop
      vertex 2.339412e+01 -4.703624e+01 3.171429e+00
      vertex 2.360545e+01 -4.748938e+01 3.600000e+00
      vertex 2.339412e+01 -4.703624e+01 2.742857e+00
    endloop
  endfacet
  facet normal 9.062859e-01 4.226652e-01 0.000000e+00
    outer loop
      vertex 2.360545e+01 -4.748938e+01 3.600000e+00
      vertex 2.339412e+01 -4.703624e+01 1.885714e+00
      vertex 2.339412e+01 -4.703624e+01 2.314286e+00
    endloop
  endfacet
  facet normal 9.062859e-01 4.226652e-01 0.000000e+00
    outer loop
      vertex 2.339412e+01 -4.703624e+01 1.457143e+00
      vertex 2.360545e+01 -4.748938e+01 6.000000e-01
      vertex 2.339412e+01 -4.703624e+01 1.028571e+00
    endloop
  endfacet
  facet normal 9.062859e-01 4.226652e-01 0.000000e+00
    outer loop
      vertex 2.339412e+01 -4.703624e+01 1.028571e+00
      vertex 2.360545e+01 -4.748938e+01 6.000000e-01
      vertex 2.339412e+01 -4.703624e+01 6.000000e-01
    endloop
  endfacet
  facet normal 9.062859e-01 4.226652e-01 0.000000e+00
    outer loop
      vertex 2.360545e+01 -4.748938e+01 6.000000e-01
      vertex 2.339412e+01 -4.703624e+01 1.457143e+00
      vertex 2.339412e+01 -4.703624e+01 1.885714e+00
    endloop
  endfacet
  facet normal 9.062859e-01 4.226652e-01 0.000000e+00
    outer loop
      vertex 2.339412e+01 -4.703624e+01 1.885714e+00
      vertex 2.360545e+01 -4.748938e+01 3.600000e+00
      vertex 2.360545e+01 -4.748938e+01 6.000000e-01
    endloop
  endfacet
  facet normal 9.062886e-01 4.226594e-01 0.000000e+00
    outer loop
      vertex 2.381678e+01 -4.794252e+01 3.171429e+00
      vertex 2.381678e+01 -4.794252e+01 2.742857e+00
      vertex 2.360545e+01 -4.748938e+01 3.600000e+00
    endloop
  endfacet
  facet normal 9.062886e-01 4.226594e-01 0.000000e+00
    outer loop
      vertex 2.381678e+01 -4.794252e+01 2.314286e+00
      vertex 2.381678e+01 -4.794252e+01 1.885714e+00
      vertex 2.360545e+01 -4.748938e+01 3.600000e+00
    endloop
  endfacet
  facet normal 9.062886e-01 4.226594e-01 0.000000e+00
    outer loop
      vertex 2.381678e+01 -4.794252e+01 2.742857e+00
      vertex 2.381678e+01 -4.794252e+01 2.314286e+00
      vertex 2.360545e+01 -4.748938e+01 3.600000e+00
    endloop
  endfacet
  facet normal 9.062886e-01 4.226594e-01 0.000000e+00
    outer loop
      vertex 2.381678e+01 -4.794252e+01 1.457143e+00
      vertex 2.360545e+01 -4.748938e+01 6.000000e-01
      vertex 2.381678e+01 -4.794252e+01 1.885714e+00
    endloop
  endfacet
  facet normal 9.062886e-01 4.226594e-01 0.000000e+00
    outer loop
      vertex 2.381678e+01 -4.794252e+01 1.885714e+00
      vertex 2.360545e+01 -4.748938e+01 6.000000e-01
      vertex 2.360545e+01 -4.748938e+01 3.600000e+00
    endloop
  endfacet
  facet normal 9.062886e-01 4.226594e-01 0.000000e+00
    outer loop
      vertex 2.360545e+01 -4.748938e+01 6.000000e-01
      vertex 2.381678e+01 -4.794252e+01 1.457143e+00
      vertex 2.381678e+01 -4.794252e+01 1.028571e+00
    endloop
  endfacet
  facet normal 9.062886e-01 4.226594e-01 0.000000e+00
    outer loop
      vertex 2.360545e+01 -4.748938e+01 6.000000e-01
      vertex 2.381678e+01 -4.794252e+01 1.028571e+00
      vertex 2.381678e+01 -4.794252e+01 6.000000e-01
    endloop
  endfacet
  facet normal 9.062886e-01 4.226594e-01 0.000000e+00
    outer loop
      vertex 2.381678e+01 -4.794252e+01 3.600000e+00
      vertex 2.381678e+01 -4.794252e+01 3.171429e+00
      vertex 2.360545e+01 -4.748938e+01 3.600000e+00
    endloop
  endfacet
  facet normal 4.226677e-01 -9.062847e-01 0.000000e+00
    outer loop
      vertex 2.381678e+01 -4.794252e+01 3.171429e+00
      vertex 2.381678e+01 -4.794252e+01 3.600000e+00
      vertex 2.372615e+01 -4.798479e+01 3.600000e+00
    endloop
  endfacet
  facet normal 4.226677e-01 -9.062847e-01 0.000000e+00
    outer loop
      vertex 2.381678e+01 -4.794252e+01 3.171429e+00
      vertex 2.372615e+01 -4.798479e+01 3.600000e+00
      vertex 2.372615e+01 -4.798479e+01 3.171429e+00
    endloop
  endfacet
  facet normal 4.226677e-01 -9.062847e-01 0.000000e+00
    outer loop
      vertex 2.381678e+01 -4.794252e+01 2.314286e+00
      vertex 2.381678e+01 -4.794252e+01 2.742857e+00
      vertex 2.372615e+01 -4.798479e+01 2.742857e+00
    endloop
  endfacet
  facet normal 4.226677e-01 -9.062847e-01 0.000000e+00
    outer loop
      vertex 2.381678e+01 -4.794252e+01 2.314286e+00
      vertex 2.372615e+01 -4.798479e+01 2.742857e+00
      vertex 2.372615e+01 -4.798479e+01 2.314286e+00
    endloop
  endfacet
  facet normal 4.226677e-01 -9.062847e-01 0.000000e+00
    outer loop
      vertex 2.381678e+01 -4.794252e+01 2.742857e+00
      vertex 2.381678e+01 -4.794252e+01 3.171429e+00
      vertex 2.372615e+01 -4.798479e+01 3.171429e+00
    endloop
  endfacet
  facet normal 4.226677e-01 -9.062847e-01 0.000000e+00
    outer loop
      vertex 2.381678e+01 -4.794252e+01 2.742857e+00
      vertex 2.372615e+01 -4.798479e+01 3.171429e+00
      vertex 2.372615e+01 -4.798479e+01 2.742857e+00
    endloop
  endfacet
  facet normal 4.226677e-01 -9.062847e-01 0.000000e+00
    outer loop
      vertex 2.381678e+01 -4.794252e+01 1.457143e+00
      vertex 2.381678e+01 -4.794252e+01 1.885714e+00
      vertex 2.372615e+01 -4.798479e+01 1.885714e+00
    endloop
  endfacet
  facet normal 4.226677e-01 -9.062847e-01 0.000000e+00
    outer loop
      vertex 2.381678e+01 -4.794252e+01 1.457143e+00
      vertex 2.372615e+01 -4.798479e+01 1.885714e+00
      vertex 2.372615e+01 -4.798479e+01 1.457143e+00
    endloop
  endfacet
  facet normal 4.226677e-01 -9.062847e-01 0.000000e+00
    outer loop
      vertex 2.381678e+01 -4.794252e+01 6.000000e-01
      vertex 2.381678e+01 -4.794252e+01 1.028571e+00
      vertex 2.372615e+01 -4.798479e+01 1.028571e+00
    endloop
  endfacet
  facet normal 4.226677e-01 -9.062847e-01 0.000000e+00
    outer loop
      vertex 2.381678e+01 -4.794252e+01 6.000000e-01
      vertex 2.372615e+01 -4.798479e+01 1.028571e+00
      vertex 2.372615e+01 -4.798479e+01 6.000000e-01
    endloop
  endfacet
  facet normal 4.226677e-01 -9.062847e-01 0.000000e+00
    outer loop
      vertex 2.381678e+01 -4.794252e+01 1.028571e+00
      vertex 2.381678e+01 -4.794252e+01 1.457143e+00
      vertex 2.372615e+01 -4.798479e+01 1.457143e+00
    endloop
  endfacet
  facet normal 4.226677e-01 -9.062847e-01 0.000000e+00
    outer loop
      vertex 2.381678e+01 -4.794252e+01 1.028571e+00
      vertex 2.372615e+01 -4.798479e+01 1.457143e+00
      vertex 2.372615e+01 -4.798479e+01 1.028571e+00
    endloop
  endfacet
  facet normal 4.226677e-01 -9.062847e-01 0.000000e+00
    outer loop
      vertex 2.381678e+01 -4.794252e+01 1.885714e+00
      vertex 2.381678e+01 -4.794252e+01 2.314286e+00
      vertex 2.372615e+01 -4.798479e+01 2.314286e+00
    endloop
  endfacet
  facet normal 4.226677e-01 -9.062847e-01 0.000000e+00
    outer loop
      vertex 2.381678e+01 -4.794252e+01 1.885714e+00
      vertex 2.372615e+01 -4.798479e+01 2.314286e+00
      vertex 2.372615e+01 -4.798479e+01 1.885714e+00
    endloop
  endfacet
  facet normal -3.839455e-01 -9.233558e-01 0.000000e+00
    outer loop
      vertex 1.650121e+01 -4.808697e+01 2.100000e+00
      vertex 1.672942e+01 -4.818187e+01 2.100000e+00
      vertex 1.672942e+01 -4.818187e+01 2.850000e+00
    endloop
  endfacet
  facet normal -3.839455e-01 -9.233558e-01 -0.000000e+00
    outer loop
      vertex 1.650121e+01 -4.808697e+01 2.100000e+00
      vertex 1.672942e+01 -4.818187e+01 2.850000e+00
      vertex 1.650121e+01 -4.808697e+01 2.850000e+00
    endloop
  endfacet
  facet normal -3.839455e-01 -9.233558e-01 0.000000e+00
    outer loop
      vertex 1.650121e+01 -4.808697e+01 1.350000e+00
      vertex 1.672942e+01 -4.818187e+01 1.350000e+00
      vertex 1.672942e+01 -4.818187e+01 2.100000e+00
    endloop
  endfacet
  facet normal -3.839455e-01 -9.233558e-01 -0.000000e+00
    outer loop
      vertex 1.650121e+01 -4.808697e+01 1.350000e+00
      vertex 1.672942e+01 -4.818187e+01 2.100000e+00
      vertex 1.650121e+01 -4.808697e+01 2.100000e+00
    endloop
  endfacet
  facet normal 3.976668e-01 -9.175299e-01 0.000000e+00
    outer loop
      vertex 2.372615e+01 -4.798479e+01 3.171429e+00
      vertex 2.372615e+01 -4.798479e+01 3.600000e+00
      vertex 2.328299e+01 -4.817686e+01 3.600000e+00
    endloop
  endfacet
  facet normal 2.949420e-01 -9.555151e-01 0.000000e+00
    outer loop
      vertex 2.236660e+01 -4.848736e+01 3.600000e+00
      vertex 2.236660e+01 -4.848736e+01 2.100000e+00
      vertex 2.283175e+01 -4.834378e+01 2.100000e+00
    endloop
  endfacet
  facet normal 2.949420e-01 -9.555151e-01 0.000000e+00
    outer loop
      vertex 2.236660e+01 -4.848736e+01 3.600000e+00
      vertex 2.283175e+01 -4.834378e+01 2.100000e+00
      vertex 2.283175e+01 -4.834378e+01 3.600000e+00
    endloop
  endfacet
  facet normal 3.469402e-01 -9.378873e-01 0.000000e+00
    outer loop
      vertex 2.328299e+01 -4.817686e+01 2.100000e+00
      vertex 2.328299e+01 -4.817686e+01 3.600000e+00
      vertex 2.283175e+01 -4.834378e+01 3.600000e+00
    endloop
  endfacet
  facet normal 3.469402e-01 -9.378873e-01 0.000000e+00
    outer loop
      vertex 2.328299e+01 -4.817686e+01 2.100000e+00
      vertex 2.283175e+01 -4.834378e+01 3.600000e+00
      vertex 2.283175e+01 -4.834378e+01 2.100000e+00
    endloop
  endfacet
  facet normal 3.976668e-01 -9.175299e-01 0.000000e+00
    outer loop
      vertex 2.372615e+01 -4.798479e+01 2.742857e+00
      vertex 2.372615e+01 -4.798479e+01 3.171429e+00
      vertex 2.328299e+01 -4.817686e+01 3.600000e+00
    endloop
  endfacet
  facet normal 3.976668e-01 -9.175299e-01 0.000000e+00
    outer loop
      vertex 2.372615e+01 -4.798479e+01 2.314286e+00
      vertex 2.372615e+01 -4.798479e+01 2.742857e+00
      vertex 2.328299e+01 -4.817686e+01 2.100000e+00
    endloop
  endfacet
  facet normal 3.976668e-01 -9.175299e-01 0.000000e+00
    outer loop
      vertex 2.372615e+01 -4.798479e+01 2.742857e+00
      vertex 2.328299e+01 -4.817686e+01 3.600000e+00
      vertex 2.328299e+01 -4.817686e+01 2.100000e+00
    endloop
  endfacet
  facet normal 3.469402e-01 -9.378873e-01 0.000000e+00
    outer loop
      vertex 2.283175e+01 -4.834378e+01 2.100000e+00
      vertex 2.283175e+01 -4.834378e+01 6.000000e-01
      vertex 2.328299e+01 -4.817686e+01 6.000000e-01
    endloop
  endfacet
  facet normal 3.469402e-01 -9.378873e-01 0.000000e+00
    outer loop
      vertex 2.283175e+01 -4.834378e+01 2.100000e+00
      vertex 2.328299e+01 -4.817686e+01 6.000000e-01
      vertex 2.328299e+01 -4.817686e+01 2.100000e+00
    endloop
  endfacet
  facet normal 3.976668e-01 -9.175299e-01 0.000000e+00
    outer loop
      vertex 2.372615e+01 -4.798479e+01 1.885714e+00
      vertex 2.372615e+01 -4.798479e+01 2.314286e+00
      vertex 2.328299e+01 -4.817686e+01 2.100000e+00
    endloop
  endfacet
  facet normal 2.949420e-01 -9.555151e-01 0.000000e+00
    outer loop
      vertex 2.283175e+01 -4.834378e+01 6.000000e-01
      vertex 2.283175e+01 -4.834378e+01 2.100000e+00
      vertex 2.236660e+01 -4.848736e+01 2.100000e+00
    endloop
  endfacet
  facet normal 2.949420e-01 -9.555151e-01 -1.326044e-17
    outer loop
      vertex 2.283175e+01 -4.834378e+01 6.000000e-01
      vertex 2.236660e+01 -4.848736e+01 2.100000e+00
      vertex 2.236660e+01 -4.848736e+01 6.000000e-01
    endloop
  endfacet
  facet normal 2.412369e-01 -9.704663e-01 0.000000e+00
    outer loop
      vertex 2.236660e+01 -4.848736e+01 2.100000e+00
      vertex 2.236660e+01 -4.848736e+01 3.600000e+00
      vertex 2.188511e+01 -4.860705e+01 3.600000e+00
    endloop
  endfacet
  facet normal 2.412369e-01 -9.704663e-01 0.000000e+00
    outer loop
      vertex 2.236660e+01 -4.848736e+01 2.100000e+00
      vertex 2.188511e+01 -4.860705e+01 3.600000e+00
      vertex 2.188511e+01 -4.860705e+01 2.100000e+00
    endloop
  endfacet
  facet normal 1.867074e-01 -9.824156e-01 0.000000e+00
    outer loop
      vertex 2.140558e+01 -4.869818e+01 3.600000e+00
      vertex 2.140558e+01 -4.869818e+01 2.100000e+00
      vertex 2.188511e+01 -4.860705e+01 2.100000e+00
    endloop
  endfacet
  facet normal 1.867074e-01 -9.824156e-01 0.000000e+00
    outer loop
      vertex 2.140558e+01 -4.869818e+01 3.600000e+00
      vertex 2.188511e+01 -4.860705e+01 2.100000e+00
      vertex 2.188511e+01 -4.860705e+01 3.600000e+00
    endloop
  endfacet
  facet normal 1.325321e-01 -9.911787e-01 0.000000e+00
    outer loop
      vertex 2.093028e+01 -4.876174e+01 3.600000e+00
      vertex 2.093028e+01 -4.876174e+01 2.100000e+00
      vertex 2.140558e+01 -4.869818e+01 2.100000e+00
    endloop
  endfacet
  facet normal 1.325321e-01 -9.911787e-01 0.000000e+00
    outer loop
      vertex 2.093028e+01 -4.876174e+01 3.600000e+00
      vertex 2.140558e+01 -4.869818e+01 2.100000e+00
      vertex 2.140558e+01 -4.869818e+01 3.600000e+00
    endloop
  endfacet
  facet normal 1.867074e-01 -9.824156e-01 0.000000e+00
    outer loop
      vertex 2.140558e+01 -4.869818e+01 2.100000e+00
      vertex 2.140558e+01 -4.869818e+01 6.000000e-01
      vertex 2.188511e+01 -4.860705e+01 6.000000e-01
    endloop
  endfacet
  facet normal 1.867074e-01 -9.824156e-01 0.000000e+00
    outer loop
      vertex 2.140558e+01 -4.869818e+01 2.100000e+00
      vertex 2.188511e+01 -4.860705e+01 6.000000e-01
      vertex 2.188511e+01 -4.860705e+01 2.100000e+00
    endloop
  endfacet
  facet normal 2.619582e-02 -9.996569e-01 0.000000e+00
    outer loop
      vertex 2.000039e+01 -4.881096e+01 3.600000e+00
      vertex 2.000039e+01 -4.881096e+01 2.100000e+00
      vertex 2.046127e+01 -4.879889e+01 2.100000e+00
    endloop
  endfacet
  facet normal 2.619582e-02 -9.996569e-01 0.000000e+00
    outer loop
      vertex 2.000039e+01 -4.881096e+01 3.600000e+00
      vertex 2.046127e+01 -4.879889e+01 2.100000e+00
      vertex 2.046127e+01 -4.879889e+01 3.600000e+00
    endloop
  endfacet
  facet normal -2.700887e-02 -9.996352e-01 -0.000000e+00
    outer loop
      vertex 1.952346e+01 -4.879808e+01 3.600000e+00
      vertex 1.952346e+01 -4.879808e+01 2.100000e+00
      vertex 2.000039e+01 -4.881096e+01 2.100000e+00
    endloop
  endfacet
  facet normal -2.700887e-02 -9.996352e-01 0.000000e+00
    outer loop
      vertex 1.952346e+01 -4.879808e+01 3.600000e+00
      vertex 2.000039e+01 -4.881096e+01 2.100000e+00
      vertex 2.000039e+01 -4.881096e+01 3.600000e+00
    endloop
  endfacet
  facet normal 7.895622e-02 -9.968781e-01 0.000000e+00
    outer loop
      vertex 2.046127e+01 -4.879889e+01 3.600000e+00
      vertex 2.046127e+01 -4.879889e+01 2.100000e+00
      vertex 2.093028e+01 -4.876174e+01 2.100000e+00
    endloop
  endfacet
  facet normal 7.895622e-02 -9.968781e-01 -3.458616e-18
    outer loop
      vertex 2.046127e+01 -4.879889e+01 3.600000e+00
      vertex 2.093028e+01 -4.876174e+01 2.100000e+00
      vertex 2.093028e+01 -4.876174e+01 3.600000e+00
    endloop
  endfacet
  facet normal -8.131152e-02 -9.966887e-01 -0.000000e+00
    outer loop
      vertex 1.904333e+01 -4.875891e+01 3.600000e+00
      vertex 1.904333e+01 -4.875891e+01 2.100000e+00
      vertex 1.952346e+01 -4.879808e+01 2.100000e+00
    endloop
  endfacet
  facet normal -8.131152e-02 -9.966887e-01 0.000000e+00
    outer loop
      vertex 1.904333e+01 -4.875891e+01 3.600000e+00
      vertex 1.952346e+01 -4.879808e+01 2.100000e+00
      vertex 1.952346e+01 -4.879808e+01 3.600000e+00
    endloop
  endfacet
  facet normal 2.412369e-01 -9.704663e-01 0.000000e+00
    outer loop
      vertex 2.188511e+01 -4.860705e+01 2.100000e+00
      vertex 2.188511e+01 -4.860705e+01 6.000000e-01
      vertex 2.236660e+01 -4.848736e+01 6.000000e-01
    endloop
  endfacet
  facet normal 2.412369e-01 -9.704663e-01 0.000000e+00
    outer loop
      vertex 2.188511e+01 -4.860705e+01 2.100000e+00
      vertex 2.236660e+01 -4.848736e+01 6.000000e-01
      vertex 2.236660e+01 -4.848736e+01 2.100000e+00
    endloop
  endfacet
  facet normal 3.976668e-01 -9.175299e-01 0.000000e+00
    outer loop
      vertex 2.372615e+01 -4.798479e+01 1.457143e+00
      vertex 2.372615e+01 -4.798479e+01 1.885714e+00
      vertex 2.328299e+01 -4.817686e+01 2.100000e+00
    endloop
  endfacet
  facet normal 3.976668e-01 -9.175299e-01 0.000000e+00
    outer loop
      vertex 2.328299e+01 -4.817686e+01 6.000000e-01
      vertex 2.372615e+01 -4.798479e+01 6.000000e-01
      vertex 2.372615e+01 -4.798479e+01 1.028571e+00
    endloop
  endfacet
  facet normal 3.976668e-01 -9.175299e-01 -2.546657e-17
    outer loop
      vertex 2.372615e+01 -4.798479e+01 1.028571e+00
      vertex 2.372615e+01 -4.798479e+01 1.457143e+00
      vertex 2.328299e+01 -4.817686e+01 6.000000e-01
    endloop
  endfacet
  facet normal 3.976668e-01 -9.175299e-01 0.000000e+00
    outer loop
      vertex 2.328299e+01 -4.817686e+01 6.000000e-01
      vertex 2.372615e+01 -4.798479e+01 1.457143e+00
      vertex 2.328299e+01 -4.817686e+01 2.100000e+00
    endloop
  endfacet
  facet normal 7.895622e-02 -9.968781e-01 0.000000e+00
    outer loop
      vertex 2.046127e+01 -4.879889e+01 2.100000e+00
      vertex 2.046127e+01 -4.879889e+01 6.000000e-01
      vertex 2.093028e+01 -4.876174e+01 6.000000e-01
    endloop
  endfacet
  facet normal 7.895622e-02 -9.968781e-01 0.000000e+00
    outer loop
      vertex 2.046127e+01 -4.879889e+01 2.100000e+00
      vertex 2.093028e+01 -4.876174e+01 6.000000e-01
      vertex 2.093028e+01 -4.876174e+01 2.100000e+00
    endloop
  endfacet
  facet normal -2.700887e-02 -9.996352e-01 -0.000000e+00
    outer loop
      vertex 1.952346e+01 -4.879808e+01 2.100000e+00
      vertex 1.952346e+01 -4.879808e+01 6.000000e-01
      vertex 2.000039e+01 -4.881096e+01 6.000000e-01
    endloop
  endfacet
  facet normal -2.700887e-02 -9.996352e-01 0.000000e+00
    outer loop
      vertex 1.952346e+01 -4.879808e+01 2.100000e+00
      vertex 2.000039e+01 -4.881096e+01 6.000000e-01
      vertex 2.000039e+01 -4.881096e+01 2.100000e+00
    endloop
  endfacet
  facet normal 2.619582e-02 -9.996569e-01 0.000000e+00
    outer loop
      vertex 2.000039e+01 -4.881096e+01 2.100000e+00
      vertex 2.000039e+01 -4.881096e+01 6.000000e-01
      vertex 2.046127e+01 -4.879889e+01 6.000000e-01
    endloop
  endfacet
  facet normal 2.619582e-02 -9.996569e-01 0.000000e+00
    outer loop
      vertex 2.000039e+01 -4.881096e+01 2.100000e+00
      vertex 2.046127e+01 -4.879889e+01 6.000000e-01
      vertex 2.046127e+01 -4.879889e+01 2.100000e+00
    endloop
  endfacet
  facet normal -8.131152e-02 -9.966887e-01 -0.000000e+00
    outer loop
      vertex 1.904333e+01 -4.875891e+01 2.100000e+00
      vertex 1.904333e+01 -4.875891e+01 6.000000e-01
      vertex 1.952346e+01 -4.879808e+01 6.000000e-01
    endloop
  endfacet
  facet normal -8.131152e-02 -9.966887e-01 0.000000e+00
    outer loop
      vertex 1.904333e+01 -4.875891e+01 2.100000e+00
      vertex 1.952346e+01 -4.879808e+01 6.000000e-01
      vertex 1.952346e+01 -4.879808e+01 2.100000e+00
    endloop
  endfacet
  facet normal 1.325321e-01 -9.911787e-01 0.000000e+00
    outer loop
      vertex 2.093028e+01 -4.876174e+01 2.100000e+00
      vertex 2.093028e+01 -4.876174e+01 6.000000e-01
      vertex 2.140558e+01 -4.869818e+01 6.000000e-01
    endloop
  endfacet
  facet normal 1.325321e-01 -9.911787e-01 0.000000e+00
    outer loop
      vertex 2.093028e+01 -4.876174e+01 2.100000e+00
      vertex 2.140558e+01 -4.869818e+01 6.000000e-01
      vertex 2.140558e+01 -4.869818e+01 2.100000e+00
    endloop
  endfacet
  facet normal -1.350932e-01 -9.908329e-01 0.000000e+00
    outer loop
      vertex 1.904333e+01 -4.875891e+01 2.100000e+00
      vertex 1.904333e+01 -4.875891e+01 3.600000e+00
      vertex 1.857547e+01 -4.869512e+01 3.600000e+00
    endloop
  endfacet
  facet normal -1.350932e-01 -9.908329e-01 0.000000e+00
    outer loop
      vertex 1.904333e+01 -4.875891e+01 2.100000e+00
      vertex 1.857547e+01 -4.869512e+01 3.600000e+00
      vertex 1.857547e+01 -4.869512e+01 2.100000e+00
    endloop
  endfacet
  facet normal -1.877961e-01 -9.822080e-01 -0.000000e+00
    outer loop
      vertex 1.811451e+01 -4.860698e+01 3.600000e+00
      vertex 1.811451e+01 -4.860698e+01 2.100000e+00
      vertex 1.857547e+01 -4.869512e+01 2.100000e+00
    endloop
  endfacet
  facet normal -1.877961e-01 -9.822080e-01 0.000000e+00
    outer loop
      vertex 1.811451e+01 -4.860698e+01 3.600000e+00
      vertex 1.857547e+01 -4.869512e+01 2.100000e+00
      vertex 1.857547e+01 -4.869512e+01 3.600000e+00
    endloop
  endfacet
  facet normal -2.927060e-01 -9.562025e-01 -0.000000e+00
    outer loop
      vertex 1.718928e+01 -4.835091e+01 3.600000e+00
      vertex 1.718928e+01 -4.835091e+01 2.100000e+00
      vertex 1.765173e+01 -4.849247e+01 2.100000e+00
    endloop
  endfacet
  facet normal -2.927060e-01 -9.562025e-01 0.000000e+00
    outer loop
      vertex 1.718928e+01 -4.835091e+01 3.600000e+00
      vertex 1.765173e+01 -4.849247e+01 2.100000e+00
      vertex 1.765173e+01 -4.849247e+01 3.600000e+00
    endloop
  endfacet
  facet normal -2.401930e-01 -9.707252e-01 -0.000000e+00
    outer loop
      vertex 1.765173e+01 -4.849247e+01 3.600000e+00
      vertex 1.765173e+01 -4.849247e+01 2.100000e+00
      vertex 1.811451e+01 -4.860698e+01 2.100000e+00
    endloop
  endfacet
  facet normal -2.401930e-01 -9.707252e-01 0.000000e+00
    outer loop
      vertex 1.765173e+01 -4.849247e+01 3.600000e+00
      vertex 1.811451e+01 -4.860698e+01 2.100000e+00
      vertex 1.811451e+01 -4.860698e+01 3.600000e+00
    endloop
  endfacet
  facet normal -1.877961e-01 -9.822080e-01 -0.000000e+00
    outer loop
      vertex 1.811451e+01 -4.860698e+01 2.100000e+00
      vertex 1.811451e+01 -4.860698e+01 6.000000e-01
      vertex 1.857547e+01 -4.869512e+01 6.000000e-01
    endloop
  endfacet
  facet normal -1.877961e-01 -9.822080e-01 0.000000e+00
    outer loop
      vertex 1.811451e+01 -4.860698e+01 2.100000e+00
      vertex 1.857547e+01 -4.869512e+01 6.000000e-01
      vertex 1.857547e+01 -4.869512e+01 2.100000e+00
    endloop
  endfacet
  facet normal -3.450316e-01 -9.385911e-01 -0.000000e+00
    outer loop
      vertex 1.672942e+01 -4.818187e+01 3.600000e+00
      vertex 1.672942e+01 -4.818187e+01 2.850000e+00
      vertex 1.718928e+01 -4.835091e+01 3.600000e+00
    endloop
  endfacet
  facet normal -2.927060e-01 -9.562025e-01 -0.000000e+00
    outer loop
      vertex 1.718928e+01 -4.835091e+01 2.100000e+00
      vertex 1.718928e+01 -4.835091e+01 6.000000e-01
      vertex 1.765173e+01 -4.849247e+01 6.000000e-01
    endloop
  endfacet
  facet normal -2.927060e-01 -9.562025e-01 0.000000e+00
    outer loop
      vertex 1.718928e+01 -4.835091e+01 2.100000e+00
      vertex 1.765173e+01 -4.849247e+01 6.000000e-01
      vertex 1.765173e+01 -4.849247e+01 2.100000e+00
    endloop
  endfacet
  facet normal -3.450316e-01 -9.385911e-01 0.000000e+00
    outer loop
      vertex 1.718928e+01 -4.835091e+01 3.600000e+00
      vertex 1.672942e+01 -4.818187e+01 2.850000e+00
      vertex 1.718928e+01 -4.835091e+01 2.100000e+00
    endloop
  endfacet
  facet normal -2.401930e-01 -9.707252e-01 -0.000000e+00
    outer loop
      vertex 1.765173e+01 -4.849247e+01 2.100000e+00
      vertex 1.765173e+01 -4.849247e+01 6.000000e-01
      vertex 1.811451e+01 -4.860698e+01 6.000000e-01
    endloop
  endfacet
  facet normal -2.401930e-01 -9.707252e-01 0.000000e+00
    outer loop
      vertex 1.765173e+01 -4.849247e+01 2.100000e+00
      vertex 1.811451e+01 -4.860698e+01 6.000000e-01
      vertex 1.811451e+01 -4.860698e+01 2.100000e+00
    endloop
  endfacet
  facet normal -1.350932e-01 -9.908329e-01 0.000000e+00
    outer loop
      vertex 1.904333e+01 -4.875891e+01 6.000000e-01
      vertex 1.904333e+01 -4.875891e+01 2.100000e+00
      vertex 1.857547e+01 -4.869512e+01 2.100000e+00
    endloop
  endfacet
  facet normal -1.350932e-01 -9.908329e-01 0.000000e+00
    outer loop
      vertex 1.904333e+01 -4.875891e+01 6.000000e-01
      vertex 1.857547e+01 -4.869512e+01 2.100000e+00
      vertex 1.857547e+01 -4.869512e+01 6.000000e-01
    endloop
  endfacet
  facet normal -4.097660e-01 -9.121907e-01 0.000000e+00
    outer loop
      vertex 1.650121e+01 -4.808697e+01 2.850000e+00
      vertex 1.627454e+01 -4.798515e+01 3.600000e+00
      vertex 1.627454e+01 -4.798515e+01 3.385714e+00
    endloop
  endfacet
  facet normal -4.097660e-01 -9.121907e-01 0.000000e+00
    outer loop
      vertex 1.650121e+01 -4.808697e+01 2.850000e+00
      vertex 1.627454e+01 -4.798515e+01 3.171429e+00
      vertex 1.627454e+01 -4.798515e+01 2.957143e+00
    endloop
  endfacet
  facet normal -4.097660e-01 -9.121907e-01 0.000000e+00
    outer loop
      vertex 1.650121e+01 -4.808697e+01 2.850000e+00
      vertex 1.627454e+01 -4.798515e+01 3.385714e+00
      vertex 1.627454e+01 -4.798515e+01 3.171429e+00
    endloop
  endfacet
  facet normal -3.839455e-01 -9.233558e-01 0.000000e+00
    outer loop
      vertex 1.650121e+01 -4.808697e+01 2.850000e+00
      vertex 1.672942e+01 -4.818187e+01 2.850000e+00
      vertex 1.672942e+01 -4.818187e+01 3.600000e+00
    endloop
  endfacet
  facet normal -4.097660e-01 -9.121907e-01 0.000000e+00
    outer loop
      vertex 1.650121e+01 -4.808697e+01 2.850000e+00
      vertex 1.627454e+01 -4.798515e+01 2.742857e+00
      vertex 1.627454e+01 -4.798515e+01 2.528571e+00
    endloop
  endfacet
  facet normal -4.097660e-01 -9.121907e-01 0.000000e+00
    outer loop
      vertex 1.650121e+01 -4.808697e+01 2.100000e+00
      vertex 1.650121e+01 -4.808697e+01 2.850000e+00
      vertex 1.627454e+01 -4.798515e+01 2.528571e+00
    endloop
  endfacet
  facet normal -4.097660e-01 -9.121907e-01 0.000000e+00
    outer loop
      vertex 1.650121e+01 -4.808697e+01 2.100000e+00
      vertex 1.627454e+01 -4.798515e+01 2.528571e+00
      vertex 1.627454e+01 -4.798515e+01 2.314286e+00
    endloop
  endfacet
  facet normal -4.097660e-01 -9.121907e-01 -0.000000e+00
    outer loop
      vertex 1.627454e+01 -4.798515e+01 2.742857e+00
      vertex 1.650121e+01 -4.808697e+01 2.850000e+00
      vertex 1.627454e+01 -4.798515e+01 2.957143e+00
    endloop
  endfacet
  facet normal -3.450316e-01 -9.385911e-01 0.000000e+00
    outer loop
      vertex 1.672942e+01 -4.818187e+01 2.100000e+00
      vertex 1.718928e+01 -4.835091e+01 2.100000e+00
      vertex 1.672942e+01 -4.818187e+01 2.850000e+00
    endloop
  endfacet
  facet normal -3.969254e-01 -9.178391e-01 4.647575e-03
    outer loop
      vertex 1.627454e+01 -4.798515e+01 3.600000e+00
      vertex 1.650121e+01 -4.808697e+01 2.850000e+00
      vertex 1.672942e+01 -4.818187e+01 3.600000e+00
    endloop
  endfacet
  facet normal -3.450316e-01 -9.385911e-01 -0.000000e+00
    outer loop
      vertex 1.672942e+01 -4.818187e+01 1.350000e+00
      vertex 1.718928e+01 -4.835091e+01 2.100000e+00
      vertex 1.672942e+01 -4.818187e+01 2.100000e+00
    endloop
  endfacet
  facet normal -3.839455e-01 -9.233558e-01 0.000000e+00
    outer loop
      vertex 1.650121e+01 -4.808697e+01 1.350000e+00
      vertex 1.672942e+01 -4.818187e+01 6.000000e-01
      vertex 1.672942e+01 -4.818187e+01 1.350000e+00
    endloop
  endfacet
  facet normal -3.450316e-01 -9.385911e-01 0.000000e+00
    outer loop
      vertex 1.718928e+01 -4.835091e+01 6.000000e-01
      vertex 1.718928e+01 -4.835091e+01 2.100000e+00
      vertex 1.672942e+01 -4.818187e+01 1.350000e+00
    endloop
  endfacet
  facet normal -3.450316e-01 -9.385911e-01 -0.000000e+00
    outer loop
      vertex 1.672942e+01 -4.818187e+01 1.350000e+00
      vertex 1.672942e+01 -4.818187e+01 6.000000e-01
      vertex 1.718928e+01 -4.835091e+01 6.000000e-01
    endloop
  endfacet
  facet normal -4.097660e-01 -9.121907e-01 0.000000e+00
    outer loop
      vertex 1.627454e+01 -4.798515e+01 1.885714e+00
      vertex 1.627454e+01 -4.798515e+01 1.671429e+00
      vertex 1.650121e+01 -4.808697e+01 2.100000e+00
    endloop
  endfacet
  facet normal -4.097660e-01 -9.121907e-01 0.000000e+00
    outer loop
      vertex 1.650121e+01 -4.808697e+01 1.350000e+00
      vertex 1.627454e+01 -4.798515e+01 1.671429e+00
      vertex 1.627454e+01 -4.798515e+01 1.457143e+00
    endloop
  endfacet
  facet normal -4.097660e-01 -9.121907e-01 0.000000e+00
    outer loop
      vertex 1.650121e+01 -4.808697e+01 2.100000e+00
      vertex 1.627454e+01 -4.798515e+01 1.671429e+00
      vertex 1.650121e+01 -4.808697e+01 1.350000e+00
    endloop
  endfacet
  facet normal -4.097660e-01 -9.121907e-01 0.000000e+00
    outer loop
      vertex 1.627454e+01 -4.798515e+01 1.028571e+00
      vertex 1.650121e+01 -4.808697e+01 1.350000e+00
      vertex 1.627454e+01 -4.798515e+01 1.242857e+00
    endloop
  endfacet
  facet normal -4.097660e-01 -9.121907e-01 0.000000e+00
    outer loop
      vertex 1.627454e+01 -4.798515e+01 1.457143e+00
      vertex 1.627454e+01 -4.798515e+01 1.242857e+00
      vertex 1.650121e+01 -4.808697e+01 1.350000e+00
    endloop
  endfacet
  facet normal -4.097660e-01 -9.121907e-01 0.000000e+00
    outer loop
      vertex 1.650121e+01 -4.808697e+01 1.350000e+00
      vertex 1.627454e+01 -4.798515e+01 1.028571e+00
      vertex 1.627454e+01 -4.798515e+01 8.142857e-01
    endloop
  endfacet
  facet normal -4.097660e-01 -9.121907e-01 0.000000e+00
    outer loop
      vertex 1.650121e+01 -4.808697e+01 1.350000e+00
      vertex 1.627454e+01 -4.798515e+01 8.142857e-01
      vertex 1.627454e+01 -4.798515e+01 6.000000e-01
    endloop
  endfacet
  facet normal -3.969254e-01 -9.178391e-01 -4.647575e-03
    outer loop
      vertex 1.672942e+01 -4.818187e+01 6.000000e-01
      vertex 1.650121e+01 -4.808697e+01 1.350000e+00
      vertex 1.627454e+01 -4.798515e+01 6.000000e-01
    endloop
  endfacet
  facet normal -4.097660e-01 -9.121907e-01 0.000000e+00
    outer loop
      vertex 1.627454e+01 -4.798515e+01 2.100000e+00
      vertex 1.627454e+01 -4.798515e+01 1.885714e+00
      vertex 1.650121e+01 -4.808697e+01 2.100000e+00
    endloop
  endfacet
  facet normal -4.097660e-01 -9.121907e-01 -0.000000e+00
    outer loop
      vertex 1.627454e+01 -4.798515e+01 2.100000e+00
      vertex 1.650121e+01 -4.808697e+01 2.100000e+00
      vertex 1.627454e+01 -4.798515e+01 2.314286e+00
    endloop
  endfacet
  facet normal -4.226531e-01 -9.062915e-01 0.000000e+00
    outer loop
      vertex 1.622923e+01 -4.796402e+01 3.300000e+00
      vertex 1.625188e+01 -4.797459e+01 3.300000e+00
      vertex 1.625188e+01 -4.797459e+01 3.450000e+00
    endloop
  endfacet
  facet normal -4.226531e-01 -9.062915e-01 0.000000e+00
    outer loop
      vertex 1.622923e+01 -4.796402e+01 3.300000e+00
      vertex 1.625188e+01 -4.797459e+01 3.450000e+00
      vertex 1.622923e+01 -4.796402e+01 3.450000e+00
    endloop
  endfacet
  facet normal -4.226531e-01 -9.062915e-01 0.000000e+00
    outer loop
      vertex 1.622923e+01 -4.796402e+01 7.500000e-01
      vertex 1.625188e+01 -4.797459e+01 7.500000e-01
      vertex 1.625188e+01 -4.797459e+01 9.000000e-01
    endloop
  endfacet
  facet normal -4.226531e-01 -9.062915e-01 0.000000e+00
    outer loop
      vertex 1.622923e+01 -4.796402e+01 7.500000e-01
      vertex 1.625188e+01 -4.797459e+01 9.000000e-01
      vertex 1.622923e+01 -4.796402e+01 9.000000e-01
    endloop
  endfacet
  facet normal -4.226495e-01 -9.062932e-01 0.000000e+00
    outer loop
      vertex 1.620657e+01 -4.795346e+01 3.300000e+00
      vertex 1.622923e+01 -4.796402e+01 3.300000e+00
      vertex 1.622923e+01 -4.796402e+01 3.450000e+00
    endloop
  endfacet
  facet normal -4.226495e-01 -9.062932e-01 -0.000000e+00
    outer loop
      vertex 1.620657e+01 -4.795346e+01 3.300000e+00
      vertex 1.622923e+01 -4.796402e+01 3.450000e+00
      vertex 1.620657e+01 -4.795346e+01 3.450000e+00
    endloop
  endfacet
  facet normal -4.226495e-01 -9.062932e-01 0.000000e+00
    outer loop
      vertex 1.620657e+01 -4.795346e+01 7.500000e-01
      vertex 1.622923e+01 -4.796402e+01 7.500000e-01
      vertex 1.622923e+01 -4.796402e+01 9.000000e-01
    endloop
  endfacet
  facet normal -4.226495e-01 -9.062932e-01 0.000000e+00
    outer loop
      vertex 1.620657e+01 -4.795346e+01 7.500000e-01
      vertex 1.622923e+01 -4.796402e+01 9.000000e-01
      vertex 1.620657e+01 -4.795346e+01 9.000000e-01
    endloop
  endfacet
  facet normal -4.223988e-01 -9.064101e-01 0.000000e+00
    outer loop
      vertex 1.625188e+01 -4.797459e+01 3.450000e+00
      vertex 1.627454e+01 -4.798515e+01 3.385714e+00
      vertex 1.627454e+01 -4.798515e+01 3.600000e+00
    endloop
  endfacet
  facet normal -4.225260e-01 -9.063508e-01 0.000000e+00
    outer loop
      vertex 1.622923e+01 -4.796402e+01 3.000000e+00
      vertex 1.627454e+01 -4.798515e+01 2.957143e+00
      vertex 1.627454e+01 -4.798515e+01 3.171429e+00
    endloop
  endfacet
  facet normal -4.225260e-01 -9.063508e-01 0.000000e+00
    outer loop
      vertex 1.627454e+01 -4.798515e+01 2.742857e+00
      vertex 1.627454e+01 -4.798515e+01 2.957143e+00
      vertex 1.622923e+01 -4.796402e+01 3.000000e+00
    endloop
  endfacet
  facet normal -4.225260e-01 -9.063508e-01 -0.000000e+00
    outer loop
      vertex 1.627454e+01 -4.798515e+01 2.742857e+00
      vertex 1.622923e+01 -4.796402e+01 3.000000e+00
      vertex 1.622923e+01 -4.796402e+01 2.700000e+00
    endloop
  endfacet
  facet normal -4.223988e-01 -9.064101e-01 0.000000e+00
    outer loop
      vertex 1.627454e+01 -4.798515e+01 3.171429e+00
      vertex 1.627454e+01 -4.798515e+01 3.385714e+00
      vertex 1.625188e+01 -4.797459e+01 3.300000e+00
    endloop
  endfacet
  facet normal -4.226531e-01 -9.062915e-01 -0.000000e+00
    outer loop
      vertex 1.622923e+01 -4.796402e+01 3.450000e+00
      vertex 1.625188e+01 -4.797459e+01 3.450000e+00
      vertex 1.622923e+01 -4.796402e+01 3.600000e+00
    endloop
  endfacet
  facet normal -4.225260e-01 -9.063508e-01 2.338551e-05
    outer loop
      vertex 1.627454e+01 -4.798515e+01 3.600000e+00
      vertex 1.622923e+01 -4.796402e+01 3.600000e+00
      vertex 1.625188e+01 -4.797459e+01 3.450000e+00
    endloop
  endfacet
  facet normal -4.226495e-01 -9.062932e-01 0.000000e+00
    outer loop
      vertex 1.620657e+01 -4.795346e+01 3.450000e+00
      vertex 1.622923e+01 -4.796402e+01 3.450000e+00
      vertex 1.622923e+01 -4.796402e+01 3.600000e+00
    endloop
  endfacet
  facet normal -4.226531e-01 -9.062915e-01 0.000000e+00
    outer loop
      vertex 1.622923e+01 -4.796402e+01 3.000000e+00
      vertex 1.625188e+01 -4.797459e+01 3.300000e+00
      vertex 1.622923e+01 -4.796402e+01 3.300000e+00
    endloop
  endfacet
  facet normal -4.226495e-01 -9.062932e-01 0.000000e+00
    outer loop
      vertex 1.620657e+01 -4.795346e+01 3.300000e+00
      vertex 1.622923e+01 -4.796402e+01 3.000000e+00
      vertex 1.622923e+01 -4.796402e+01 3.300000e+00
    endloop
  endfacet
  facet normal -4.224751e-01 -9.063745e-01 -1.637024e-05
    outer loop
      vertex 1.627454e+01 -4.798515e+01 3.171429e+00
      vertex 1.625188e+01 -4.797459e+01 3.300000e+00
      vertex 1.622923e+01 -4.796402e+01 3.000000e+00
    endloop
  endfacet
  facet normal -4.223988e-01 -9.064101e-01 -0.000000e+00
    outer loop
      vertex 1.627454e+01 -4.798515e+01 3.385714e+00
      vertex 1.625188e+01 -4.797459e+01 3.450000e+00
      vertex 1.625188e+01 -4.797459e+01 3.300000e+00
    endloop
  endfacet
  facet normal -4.225260e-01 -9.063508e-01 0.000000e+00
    outer loop
      vertex 1.622923e+01 -4.796402e+01 2.700000e+00
      vertex 1.627454e+01 -4.798515e+01 2.528571e+00
      vertex 1.627454e+01 -4.798515e+01 2.742857e+00
    endloop
  endfacet
  facet normal -4.225260e-01 -9.063508e-01 0.000000e+00
    outer loop
      vertex 1.622923e+01 -4.796402e+01 2.400000e+00
      vertex 1.627454e+01 -4.798515e+01 2.314286e+00
      vertex 1.627454e+01 -4.798515e+01 2.528571e+00
    endloop
  endfacet
  facet normal -4.225260e-01 -9.063508e-01 0.000000e+00
    outer loop
      vertex 1.627454e+01 -4.798515e+01 2.100000e+00
      vertex 1.627454e+01 -4.798515e+01 2.314286e+00
      vertex 1.622923e+01 -4.796402e+01 2.400000e+00
    endloop
  endfacet
  facet normal -4.225260e-01 -9.063508e-01 -0.000000e+00
    outer loop
      vertex 1.627454e+01 -4.798515e+01 2.100000e+00
      vertex 1.622923e+01 -4.796402e+01 2.400000e+00
      vertex 1.622923e+01 -4.796402e+01 2.100000e+00
    endloop
  endfacet
  facet normal -4.225260e-01 -9.063508e-01 0.000000e+00
    outer loop
      vertex 1.627454e+01 -4.798515e+01 1.671429e+00
      vertex 1.622923e+01 -4.796402e+01 1.500000e+00
      vertex 1.627454e+01 -4.798515e+01 1.457143e+00
    endloop
  endfacet
  facet normal -4.225260e-01 -9.063508e-01 0.000000e+00
    outer loop
      vertex 1.627454e+01 -4.798515e+01 1.242857e+00
      vertex 1.627454e+01 -4.798515e+01 1.457143e+00
      vertex 1.622923e+01 -4.796402e+01 1.500000e+00
    endloop
  endfacet
  facet normal -4.225260e-01 -9.063508e-01 -0.000000e+00
    outer loop
      vertex 1.627454e+01 -4.798515e+01 1.242857e+00
      vertex 1.622923e+01 -4.796402e+01 1.500000e+00
      vertex 1.622923e+01 -4.796402e+01 1.200000e+00
    endloop
  endfacet
  facet normal -4.225260e-01 -9.063508e-01 0.000000e+00
    outer loop
      vertex 1.627454e+01 -4.798515e+01 1.885714e+00
      vertex 1.627454e+01 -4.798515e+01 2.100000e+00
      vertex 1.622923e+01 -4.796402e+01 2.100000e+00
    endloop
  endfacet
  facet normal -4.225260e-01 -9.063508e-01 -0.000000e+00
    outer loop
      vertex 1.627454e+01 -4.798515e+01 1.885714e+00
      vertex 1.622923e+01 -4.796402e+01 2.100000e+00
      vertex 1.622923e+01 -4.796402e+01 1.800000e+00
    endloop
  endfacet
  facet normal -4.224751e-01 -9.063745e-01 1.637023e-05
    outer loop
      vertex 1.625188e+01 -4.797459e+01 9.000000e-01
      vertex 1.627454e+01 -4.798515e+01 1.028571e+00
      vertex 1.622923e+01 -4.796402e+01 1.200000e+00
    endloop
  endfacet
  facet normal -4.225260e-01 -9.063508e-01 0.000000e+00
    outer loop
      vertex 1.627454e+01 -4.798515e+01 1.028571e+00
      vertex 1.627454e+01 -4.798515e+01 1.242857e+00
      vertex 1.622923e+01 -4.796402e+01 1.200000e+00
    endloop
  endfacet
  facet normal -4.223988e-01 -9.064101e-01 0.000000e+00
    outer loop
      vertex 1.627454e+01 -4.798515e+01 8.142857e-01
      vertex 1.627454e+01 -4.798515e+01 1.028571e+00
      vertex 1.625188e+01 -4.797459e+01 9.000000e-01
    endloop
  endfacet
  facet normal -4.223988e-01 -9.064101e-01 0.000000e+00
    outer loop
      vertex 1.627454e+01 -4.798515e+01 6.000000e-01
      vertex 1.627454e+01 -4.798515e+01 8.142857e-01
      vertex 1.625188e+01 -4.797459e+01 7.500000e-01
    endloop
  endfacet
  facet normal -4.223988e-01 -9.064101e-01 -0.000000e+00
    outer loop
      vertex 1.625188e+01 -4.797459e+01 9.000000e-01
      vertex 1.625188e+01 -4.797459e+01 7.500000e-01
      vertex 1.627454e+01 -4.798515e+01 8.142857e-01
    endloop
  endfacet
  facet normal -4.225260e-01 -9.063508e-01 -2.338549e-05
    outer loop
      vertex 1.622923e+01 -4.796402e+01 6.000000e-01
      vertex 1.627454e+01 -4.798515e+01 6.000000e-01
      vertex 1.625188e+01 -4.797459e+01 7.500000e-01
    endloop
  endfacet
  facet normal -4.225260e-01 -9.063508e-01 0.000000e+00
    outer loop
      vertex 1.627454e+01 -4.798515e+01 1.885714e+00
      vertex 1.622923e+01 -4.796402e+01 1.800000e+00
      vertex 1.627454e+01 -4.798515e+01 1.671429e+00
    endloop
  endfacet
  facet normal -4.225260e-01 -9.063508e-01 1.135695e-05
    outer loop
      vertex 1.622923e+01 -4.796402e+01 3.000000e+00
      vertex 1.620657e+01 -4.795346e+01 3.300000e+00
      vertex 1.618391e+01 -4.794290e+01 3.000000e+00
    endloop
  endfacet
  facet normal -4.224024e-01 -9.064084e-01 0.000000e+00
    outer loop
      vertex 1.618391e+01 -4.794290e+01 3.300000e+00
      vertex 1.620657e+01 -4.795346e+01 3.300000e+00
      vertex 1.620657e+01 -4.795346e+01 3.450000e+00
    endloop
  endfacet
  facet normal -4.225260e-01 -9.063508e-01 0.000000e+00
    outer loop
      vertex 1.622923e+01 -4.796402e+01 2.400000e+00
      vertex 1.622923e+01 -4.796402e+01 2.700000e+00
      vertex 1.618391e+01 -4.794290e+01 2.700000e+00
    endloop
  endfacet
  facet normal -4.225260e-01 -9.063508e-01 0.000000e+00
    outer loop
      vertex 1.622923e+01 -4.796402e+01 2.400000e+00
      vertex 1.618391e+01 -4.794290e+01 2.700000e+00
      vertex 1.618391e+01 -4.794290e+01 2.400000e+00
    endloop
  endfacet
  facet normal -4.225260e-01 -9.063508e-01 0.000000e+00
    outer loop
      vertex 1.622923e+01 -4.796402e+01 2.100000e+00
      vertex 1.622923e+01 -4.796402e+01 2.400000e+00
      vertex 1.618391e+01 -4.794290e+01 2.400000e+00
    endloop
  endfacet
  facet normal -4.225260e-01 -9.063508e-01 -0.000000e+00
    outer loop
      vertex 1.622923e+01 -4.796402e+01 2.100000e+00
      vertex 1.618391e+01 -4.794290e+01 2.400000e+00
      vertex 1.618391e+01 -4.794290e+01 2.100000e+00
    endloop
  endfacet
  facet normal -4.225260e-01 -9.063508e-01 0.000000e+00
    outer loop
      vertex 1.622923e+01 -4.796402e+01 1.800000e+00
      vertex 1.622923e+01 -4.796402e+01 2.100000e+00
      vertex 1.618391e+01 -4.794290e+01 2.100000e+00
    endloop
  endfacet
  facet normal -4.225260e-01 -9.063508e-01 0.000000e+00
    outer loop
      vertex 1.622923e+01 -4.796402e+01 1.800000e+00
      vertex 1.618391e+01 -4.794290e+01 2.100000e+00
      vertex 1.618391e+01 -4.794290e+01 1.800000e+00
    endloop
  endfacet
  facet normal -4.225260e-01 -9.063508e-01 0.000000e+00
    outer loop
      vertex 1.622923e+01 -4.796402e+01 2.700000e+00
      vertex 1.622923e+01 -4.796402e+01 3.000000e+00
      vertex 1.618391e+01 -4.794290e+01 3.000000e+00
    endloop
  endfacet
  facet normal -4.225260e-01 -9.063508e-01 0.000000e+00
    outer loop
      vertex 1.622923e+01 -4.796402e+01 2.700000e+00
      vertex 1.618391e+01 -4.794290e+01 3.000000e+00
      vertex 1.618391e+01 -4.794290e+01 2.700000e+00
    endloop
  endfacet
  facet normal -4.225260e-01 -9.063508e-01 -0.000000e+00
    outer loop
      vertex 1.627454e+01 -4.798515e+01 2.528571e+00
      vertex 1.622923e+01 -4.796402e+01 2.700000e+00
      vertex 1.622923e+01 -4.796402e+01 2.400000e+00
    endloop
  endfacet
  facet normal -4.224024e-01 -9.064084e-01 -0.000000e+00
    outer loop
      vertex 1.620657e+01 -4.795346e+01 3.450000e+00
      vertex 1.618391e+01 -4.794290e+01 3.600000e+00
      vertex 1.618391e+01 -4.794290e+01 3.300000e+00
    endloop
  endfacet
  facet normal -4.224024e-01 -9.064084e-01 -0.000000e+00
    outer loop
      vertex 1.620657e+01 -4.795346e+01 3.300000e+00
      vertex 1.618391e+01 -4.794290e+01 3.300000e+00
      vertex 1.618391e+01 -4.794290e+01 3.000000e+00
    endloop
  endfacet
  facet normal -4.225260e-01 -9.063508e-01 -2.271392e-05
    outer loop
      vertex 1.618391e+01 -4.794290e+01 3.600000e+00
      vertex 1.620657e+01 -4.795346e+01 3.450000e+00
      vertex 1.622923e+01 -4.796402e+01 3.600000e+00
    endloop
  endfacet
  facet normal -4.225260e-01 -9.063508e-01 -1.135695e-05
    outer loop
      vertex 1.622923e+01 -4.796402e+01 1.200000e+00
      vertex 1.618391e+01 -4.794290e+01 1.200000e+00
      vertex 1.620657e+01 -4.795346e+01 9.000000e-01
    endloop
  endfacet
  facet normal -4.226495e-01 -9.062932e-01 0.000000e+00
    outer loop
      vertex 1.622923e+01 -4.796402e+01 1.200000e+00
      vertex 1.620657e+01 -4.795346e+01 9.000000e-01
      vertex 1.622923e+01 -4.796402e+01 9.000000e-01
    endloop
  endfacet
  facet normal -4.226531e-01 -9.062915e-01 -0.000000e+00
    outer loop
      vertex 1.625188e+01 -4.797459e+01 9.000000e-01
      vertex 1.622923e+01 -4.796402e+01 1.200000e+00
      vertex 1.622923e+01 -4.796402e+01 9.000000e-01
    endloop
  endfacet
  facet normal -4.226495e-01 -9.062932e-01 0.000000e+00
    outer loop
      vertex 1.620657e+01 -4.795346e+01 7.500000e-01
      vertex 1.622923e+01 -4.796402e+01 6.000000e-01
      vertex 1.622923e+01 -4.796402e+01 7.500000e-01
    endloop
  endfacet
  facet normal -4.226531e-01 -9.062915e-01 -0.000000e+00
    outer loop
      vertex 1.625188e+01 -4.797459e+01 7.500000e-01
      vertex 1.622923e+01 -4.796402e+01 7.500000e-01
      vertex 1.622923e+01 -4.796402e+01 6.000000e-01
    endloop
  endfacet
  facet normal -4.225260e-01 -9.063508e-01 0.000000e+00
    outer loop
      vertex 1.622923e+01 -4.796402e+01 1.200000e+00
      vertex 1.622923e+01 -4.796402e+01 1.500000e+00
      vertex 1.618391e+01 -4.794290e+01 1.500000e+00
    endloop
  endfacet
  facet normal -4.225260e-01 -9.063508e-01 0.000000e+00
    outer loop
      vertex 1.622923e+01 -4.796402e+01 1.200000e+00
      vertex 1.618391e+01 -4.794290e+01 1.500000e+00
      vertex 1.618391e+01 -4.794290e+01 1.200000e+00
    endloop
  endfacet
  facet normal -4.224024e-01 -9.064084e-01 -0.000000e+00
    outer loop
      vertex 1.618391e+01 -4.794290e+01 1.200000e+00
      vertex 1.618391e+01 -4.794290e+01 9.000000e-01
      vertex 1.620657e+01 -4.795346e+01 9.000000e-01
    endloop
  endfacet
  facet normal -4.224024e-01 -9.064084e-01 -0.000000e+00
    outer loop
      vertex 1.618391e+01 -4.794290e+01 6.000000e-01
      vertex 1.620657e+01 -4.795346e+01 7.500000e-01
      vertex 1.618391e+01 -4.794290e+01 9.000000e-01
    endloop
  endfacet
  facet normal -4.224024e-01 -9.064084e-01 0.000000e+00
    outer loop
      vertex 1.618391e+01 -4.794290e+01 9.000000e-01
      vertex 1.620657e+01 -4.795346e+01 7.500000e-01
      vertex 1.620657e+01 -4.795346e+01 9.000000e-01
    endloop
  endfacet
  facet normal -4.225260e-01 -9.063508e-01 2.271390e-05
    outer loop
      vertex 1.622923e+01 -4.796402e+01 6.000000e-01
      vertex 1.620657e+01 -4.795346e+01 7.500000e-01
      vertex 1.618391e+01 -4.794290e+01 6.000000e-01
    endloop
  endfacet
  facet normal -4.225260e-01 -9.063508e-01 -0.000000e+00
    outer loop
      vertex 1.618391e+01 -4.794290e+01 1.800000e+00
      vertex 1.618391e+01 -4.794290e+01 1.500000e+00
      vertex 1.622923e+01 -4.796402e+01 1.500000e+00
    endloop
  endfacet
  facet normal -4.225260e-01 -9.063508e-01 0.000000e+00
    outer loop
      vertex 1.618391e+01 -4.794290e+01 1.800000e+00
      vertex 1.622923e+01 -4.796402e+01 1.500000e+00
      vertex 1.622923e+01 -4.796402e+01 1.800000e+00
    endloop
  endfacet
  facet normal -4.225260e-01 -9.063508e-01 -0.000000e+00
    outer loop
      vertex 1.627454e+01 -4.798515e+01 1.671429e+00
      vertex 1.622923e+01 -4.796402e+01 1.800000e+00
      vertex 1.622923e+01 -4.796402e+01 1.500000e+00
    endloop
  endfacet
  facet normal 0.000000e+00 0.000000e+00 1.000000e+00
    outer loop
      vertex 2.187940e+01 -3.218983e+01 3.600000e+00
      vertex 2.288723e+01 -3.211551e+01 3.600000e+00
      vertex 2.208783e+01 -3.174279e+01 3.600000e+00
    endloop
  endfacet
  facet normal 0.000000e+00 0.000000e+00 1.000000e+00
    outer loop
      vertex 2.288723e+01 -3.211551e+01 3.600000e+00
      vertex 2.328692e+01 -3.230187e+01 3.600000e+00
      vertex 2.339114e+01 -3.207834e+01 3.600000e+00
    endloop
  endfacet
  facet normal 0.000000e+00 0.000000e+00 1.000000e+00
    outer loop
      vertex 2.288723e+01 -3.211551e+01 3.600000e+00
      vertex 2.339114e+01 -3.207834e+01 3.600000e+00
      vertex 2.299144e+01 -3.189199e+01 3.600000e+00
    endloop
  endfacet
  facet normal 0.000000e+00 0.000000e+00 1.000000e+00
    outer loop
      vertex 2.339114e+01 -3.207834e+01 3.600000e+00
      vertex 2.359099e+01 -3.217152e+01 3.600000e+00
      vertex 2.364309e+01 -3.205976e+01 3.600000e+00
    endloop
  endfacet
  facet normal 0.000000e+00 0.000000e+00 1.000000e+00
    outer loop
      vertex 2.339114e+01 -3.207834e+01 3.600000e+00
      vertex 2.364309e+01 -3.205976e+01 3.600000e+00
      vertex 2.344325e+01 -3.196659e+01 3.600000e+00
    endloop
  endfacet
  facet normal 0.000000e+00 0.000000e+00 1.000000e+00
    outer loop
      vertex 2.278301e+01 -3.233903e+01 3.600000e+00
      vertex 2.307849e+01 -3.274891e+01 3.600000e+00
      vertex 2.318271e+01 -3.252539e+01 3.600000e+00
    endloop
  endfacet
  facet normal 0.000000e+00 0.000000e+00 1.000000e+00
    outer loop
      vertex 2.278301e+01 -3.233903e+01 3.600000e+00
      vertex 2.318271e+01 -3.252539e+01 3.600000e+00
      vertex 2.328692e+01 -3.230187e+01 3.600000e+00
    endloop
  endfacet
  facet normal 0.000000e+00 0.000000e+00 1.000000e+00
    outer loop
      vertex 2.278301e+01 -3.233903e+01 3.600000e+00
      vertex 2.328692e+01 -3.230187e+01 3.600000e+00
      vertex 2.288723e+01 -3.211551e+01 3.600000e+00
    endloop
  endfacet
  facet normal 0.000000e+00 0.000000e+00 1.000000e+00
    outer loop
      vertex 1.629285e+01 -3.217017e+01 3.600000e+00
      vertex 1.649270e+01 -3.226335e+01 3.600000e+00
      vertex 1.654480e+01 -3.215158e+01 3.600000e+00
    endloop
  endfacet
  facet normal 0.000000e+00 0.000000e+00 1.000000e+00
    outer loop
      vertex 1.629285e+01 -3.217017e+01 3.600000e+00
      vertex 1.654480e+01 -3.215158e+01 3.600000e+00
      vertex 1.634496e+01 -3.205841e+01 3.600000e+00
    endloop
  endfacet
  facet normal 0.000000e+00 0.000000e+00 1.000000e+00
    outer loop
      vertex 1.659691e+01 -3.203983e+01 3.600000e+00
      vertex 1.704872e+01 -3.211442e+01 3.600000e+00
      vertex 1.664902e+01 -3.192807e+01 3.600000e+00
    endloop
  endfacet
  facet normal 0.000000e+00 0.000000e+00 1.000000e+00
    outer loop
      vertex 1.694450e+01 -3.233795e+01 3.600000e+00
      vertex 1.659691e+01 -3.203983e+01 3.600000e+00
      vertex 1.654480e+01 -3.215158e+01 3.600000e+00
    endloop
  endfacet
  facet normal 0.000000e+00 0.000000e+00 1.000000e+00
    outer loop
      vertex 1.704872e+01 -3.211442e+01 3.600000e+00
      vertex 1.659691e+01 -3.203983e+01 3.600000e+00
      vertex 1.694450e+01 -3.233795e+01 3.600000e+00
    endloop
  endfacet
  facet normal 0.000000e+00 0.000000e+00 1.000000e+00
    outer loop
      vertex 1.649270e+01 -3.226335e+01 3.600000e+00
      vertex 1.694450e+01 -3.233795e+01 3.600000e+00
      vertex 1.654480e+01 -3.215158e+01 3.600000e+00
    endloop
  endfacet
  facet normal 0.000000e+00 0.000000e+00 1.000000e+00
    outer loop
      vertex 1.684028e+01 -3.256147e+01 3.600000e+00
      vertex 1.649270e+01 -3.226335e+01 3.600000e+00
      vertex 1.644059e+01 -3.237511e+01 3.600000e+00
    endloop
  endfacet
  facet normal 0.000000e+00 0.000000e+00 1.000000e+00
    outer loop
      vertex 1.694450e+01 -3.233795e+01 3.600000e+00
      vertex 1.649270e+01 -3.226335e+01 3.600000e+00
      vertex 1.684028e+01 -3.256147e+01 3.600000e+00
    endloop
  endfacet
  facet normal 0.000000e+00 0.000000e+00 1.000000e+00
    outer loop
      vertex 2.364309e+01 -3.205976e+01 3.600000e+00
      vertex 2.381601e+01 -3.204701e+01 3.600000e+00
      vertex 2.372537e+01 -3.200476e+01 3.600000e+00
    endloop
  endfacet
  facet normal 0.000000e+00 0.000000e+00 1.000000e+00
    outer loop
      vertex 2.359099e+01 -3.217152e+01 3.600000e+00
      vertex 2.381601e+01 -3.204701e+01 3.600000e+00
      vertex 2.364309e+01 -3.205976e+01 3.600000e+00
    endloop
  endfacet
  facet normal 0.000000e+00 0.000000e+00 1.000000e+00
    outer loop
      vertex 2.344325e+01 -3.196659e+01 3.600000e+00
      vertex 2.364309e+01 -3.205976e+01 3.600000e+00
      vertex 2.372537e+01 -3.200476e+01 3.600000e+00
    endloop
  endfacet
  facet normal 0.000000e+00 0.000000e+00 1.000000e+00
    outer loop
      vertex 2.339114e+01 -3.207834e+01 3.600000e+00
      vertex 2.344325e+01 -3.196659e+01 3.600000e+00
      vertex 2.329748e+01 -3.181887e+01 3.600000e+00
    endloop
  endfacet
  facet normal 0.000000e+00 0.000000e+00 1.000000e+00
    outer loop
      vertex 2.372537e+01 -3.200476e+01 3.600000e+00
      vertex 2.329748e+01 -3.181887e+01 3.600000e+00
      vertex 2.344325e+01 -3.196659e+01 3.600000e+00
    endloop
  endfacet
  facet normal 0.000000e+00 0.000000e+00 1.000000e+00
    outer loop
      vertex 2.328692e+01 -3.230187e+01 3.600000e+00
      vertex 2.359099e+01 -3.217152e+01 3.600000e+00
      vertex 2.339114e+01 -3.207834e+01 3.600000e+00
    endloop
  endfacet
  facet normal 0.000000e+00 0.000000e+00 1.000000e+00
    outer loop
      vertex 2.299144e+01 -3.189199e+01 3.600000e+00
      vertex 2.339114e+01 -3.207834e+01 3.600000e+00
      vertex 2.329748e+01 -3.181887e+01 3.600000e+00
    endloop
  endfacet
  facet normal 0.000000e+00 0.000000e+00 1.000000e+00
    outer loop
      vertex 2.359099e+01 -3.217152e+01 3.600000e+00
      vertex 2.339343e+01 -3.295334e+01 3.600000e+00
      vertex 2.381601e+01 -3.204701e+01 3.600000e+00
    endloop
  endfacet
  facet normal 0.000000e+00 0.000000e+00 1.000000e+00
    outer loop
      vertex 2.339343e+01 -3.295334e+01 3.600000e+00
      vertex 2.328692e+01 -3.230187e+01 3.600000e+00
      vertex 2.318271e+01 -3.252539e+01 3.600000e+00
    endloop
  endfacet
  facet normal 0.000000e+00 0.000000e+00 1.000000e+00
    outer loop
      vertex 2.318271e+01 -3.252539e+01 3.600000e+00
      vertex 2.330280e+01 -3.291108e+01 3.600000e+00
      vertex 2.339343e+01 -3.295334e+01 3.600000e+00
    endloop
  endfacet
  facet normal 0.000000e+00 0.000000e+00 1.000000e+00
    outer loop
      vertex 2.339343e+01 -3.295334e+01 3.600000e+00
      vertex 2.359099e+01 -3.217152e+01 3.600000e+00
      vertex 2.328692e+01 -3.230187e+01 3.600000e+00
    endloop
  endfacet
  facet normal 0.000000e+00 0.000000e+00 1.000000e+00
    outer loop
      vertex 2.307849e+01 -3.274891e+01 3.600000e+00
      vertex 2.330280e+01 -3.291108e+01 3.600000e+00
      vertex 2.318271e+01 -3.252539e+01 3.600000e+00
    endloop
  endfacet
  facet normal 0.000000e+00 0.000000e+00 1.000000e+00
    outer loop
      vertex 2.240183e+01 -3.151244e+01 3.600000e+00
      vertex 2.288723e+01 -3.211551e+01 3.600000e+00
      vertex 2.299144e+01 -3.189199e+01 3.600000e+00
    endloop
  endfacet
  facet normal 0.000000e+00 0.000000e+00 1.000000e+00
    outer loop
      vertex 2.330280e+01 -3.291108e+01 3.600000e+00
      vertex 2.307849e+01 -3.274891e+01 3.600000e+00
      vertex 2.291214e+01 -3.274173e+01 3.600000e+00
    endloop
  endfacet
  facet normal 0.000000e+00 0.000000e+00 1.000000e+00
    outer loop
      vertex 2.307849e+01 -3.274891e+01 3.600000e+00
      vertex 2.278301e+01 -3.233903e+01 3.600000e+00
      vertex 2.291214e+01 -3.274173e+01 3.600000e+00
    endloop
  endfacet
  facet normal 0.000000e+00 0.000000e+00 1.000000e+00
    outer loop
      vertex 2.285577e+01 -3.165431e+01 3.600000e+00
      vertex 2.299144e+01 -3.189199e+01 3.600000e+00
      vertex 2.329748e+01 -3.181887e+01 3.600000e+00
    endloop
  endfacet
  facet normal 0.000000e+00 0.000000e+00 1.000000e+00
    outer loop
      vertex 2.240183e+01 -3.151244e+01 3.600000e+00
      vertex 2.299144e+01 -3.189199e+01 3.600000e+00
      vertex 2.285577e+01 -3.165431e+01 3.600000e+00
    endloop
  endfacet
  facet normal 0.000000e+00 0.000000e+00 1.000000e+00
    outer loop
      vertex 2.146436e+01 -3.130142e+01 3.600000e+00
      vertex 2.187940e+01 -3.218983e+01 3.600000e+00
      vertex 2.208783e+01 -3.174279e+01 3.600000e+00
    endloop
  endfacet
  facet normal 0.000000e+00 0.000000e+00 1.000000e+00
    outer loop
      vertex 2.208783e+01 -3.174279e+01 3.600000e+00
      vertex 2.288723e+01 -3.211551e+01 3.600000e+00
      vertex 2.240183e+01 -3.151244e+01 3.600000e+00
    endloop
  endfacet
  facet normal 0.000000e+00 0.000000e+00 1.000000e+00
    outer loop
      vertex 2.288723e+01 -3.211551e+01 3.600000e+00
      vertex 2.187940e+01 -3.218983e+01 3.600000e+00
      vertex 2.278301e+01 -3.233903e+01 3.600000e+00
    endloop
  endfacet
  facet normal 0.000000e+00 0.000000e+00 1.000000e+00
    outer loop
      vertex 2.193740e+01 -3.139447e+01 3.600000e+00
      vertex 2.208783e+01 -3.174279e+01 3.600000e+00
      vertex 2.240183e+01 -3.151244e+01 3.600000e+00
    endloop
  endfacet
  facet normal 0.000000e+00 0.000000e+00 1.000000e+00
    outer loop
      vertex 2.146436e+01 -3.130142e+01 3.600000e+00
      vertex 2.208783e+01 -3.174279e+01 3.600000e+00
      vertex 2.193740e+01 -3.139447e+01 3.600000e+00
    endloop
  endfacet
  facet normal 0.000000e+00 0.000000e+00 1.000000e+00
    outer loop
      vertex 2.187940e+01 -3.218983e+01 3.600000e+00
      vertex 2.146436e+01 -3.130142e+01 3.600000e+00
      vertex 2.098475e+01 -3.123412e+01 3.600000e+00
    endloop
  endfacet
  facet normal 0.000000e+00 0.000000e+00 1.000000e+00
    outer loop
      vertex 2.050067e+01 -3.119317e+01 3.600000e+00
      vertex 2.127259e+01 -3.228325e+01 3.600000e+00
      vertex 2.098475e+01 -3.123412e+01 3.600000e+00
    endloop
  endfacet
  facet normal 0.000000e+00 0.000000e+00 1.000000e+00
    outer loop
      vertex 2.211091e+01 -3.246940e+01 3.600000e+00
      vertex 2.251701e+01 -3.259533e+01 3.600000e+00
      vertex 2.187940e+01 -3.218983e+01 3.600000e+00
    endloop
  endfacet
  facet normal 0.000000e+00 0.000000e+00 1.000000e+00
    outer loop
      vertex 2.278301e+01 -3.233903e+01 3.600000e+00
      vertex 2.187940e+01 -3.218983e+01 3.600000e+00
      vertex 2.251701e+01 -3.259533e+01 3.600000e+00
    endloop
  endfacet
  facet normal 0.000000e+00 0.000000e+00 1.000000e+00
    outer loop
      vertex 2.187940e+01 -3.218983e+01 3.600000e+00
      vertex 2.169543e+01 -3.236506e+01 3.600000e+00
      vertex 2.211091e+01 -3.246940e+01 3.600000e+00
    endloop
  endfacet
  facet normal 0.000000e+00 0.000000e+00 1.000000e+00
    outer loop
      vertex 2.127259e+01 -3.228325e+01 3.600000e+00
      vertex 2.169543e+01 -3.236506e+01 3.600000e+00
      vertex 2.187940e+01 -3.218983e+01 3.600000e+00
    endloop
  endfacet
  facet normal 0.000000e+00 0.000000e+00 1.000000e+00
    outer loop
      vertex 2.001430e+01 -3.117896e+01 3.600000e+00
      vertex 1.952787e+01 -3.119159e+01 3.600000e+00
      vertex 2.041773e+01 -3.219012e+01 3.600000e+00
    endloop
  endfacet
  facet normal 0.000000e+00 0.000000e+00 1.000000e+00
    outer loop
      vertex 2.084708e+01 -3.222499e+01 3.600000e+00
      vertex 2.127259e+01 -3.228325e+01 3.600000e+00
      vertex 2.050067e+01 -3.119317e+01 3.600000e+00
    endloop
  endfacet
  facet normal 0.000000e+00 0.000000e+00 1.000000e+00
    outer loop
      vertex 1.904360e+01 -3.123097e+01 3.600000e+00
      vertex 1.998647e+01 -3.217896e+01 3.600000e+00
      vertex 1.952787e+01 -3.119159e+01 3.600000e+00
    endloop
  endfacet
  facet normal 0.000000e+00 0.000000e+00 1.000000e+00
    outer loop
      vertex 2.084708e+01 -3.222499e+01 3.600000e+00
      vertex 2.050067e+01 -3.119317e+01 3.600000e+00
      vertex 2.001430e+01 -3.117896e+01 3.600000e+00
    endloop
  endfacet
  facet normal 0.000000e+00 0.000000e+00 1.000000e+00
    outer loop
      vertex 2.187940e+01 -3.218983e+01 3.600000e+00
      vertex 2.098475e+01 -3.123412e+01 3.600000e+00
      vertex 2.127259e+01 -3.228325e+01 3.600000e+00
    endloop
  endfacet
  facet normal 0.000000e+00 0.000000e+00 1.000000e+00
    outer loop
      vertex 2.251701e+01 -3.259533e+01 3.600000e+00
      vertex 2.291214e+01 -3.274173e+01 3.600000e+00
      vertex 2.278301e+01 -3.233903e+01 3.600000e+00
    endloop
  endfacet
  facet normal 0.000000e+00 0.000000e+00 1.000000e+00
    outer loop
      vertex 1.998647e+01 -3.217896e+01 3.600000e+00
      vertex 1.904360e+01 -3.123097e+01 3.600000e+00
      vertex 1.955528e+01 -3.219160e+01 3.600000e+00
    endloop
  endfacet
  facet normal 0.000000e+00 0.000000e+00 1.000000e+00
    outer loop
      vertex 2.041773e+01 -3.219012e+01 3.600000e+00
      vertex 1.952787e+01 -3.119159e+01 3.600000e+00
      vertex 1.998647e+01 -3.217896e+01 3.600000e+00
    endloop
  endfacet
  facet normal 0.000000e+00 0.000000e+00 1.000000e+00
    outer loop
      vertex 1.856365e+01 -3.129673e+01 3.600000e+00
      vertex 1.808671e+01 -3.138906e+01 3.600000e+00
      vertex 1.912611e+01 -3.222795e+01 3.600000e+00
    endloop
  endfacet
  facet normal 0.000000e+00 0.000000e+00 1.000000e+00
    outer loop
      vertex 1.761809e+01 -3.150680e+01 3.600000e+00
      vertex 1.870091e+01 -3.228765e+01 3.600000e+00
      vertex 1.808671e+01 -3.138906e+01 3.600000e+00
    endloop
  endfacet
  facet normal 0.000000e+00 0.000000e+00 1.000000e+00
    outer loop
      vertex 1.856365e+01 -3.129673e+01 3.600000e+00
      vertex 1.912611e+01 -3.222795e+01 3.600000e+00
      vertex 1.955528e+01 -3.219160e+01 3.600000e+00
    endloop
  endfacet
  facet normal 0.000000e+00 0.000000e+00 1.000000e+00
    outer loop
      vertex 1.856365e+01 -3.129673e+01 3.600000e+00
      vertex 1.955528e+01 -3.219160e+01 3.600000e+00
      vertex 1.904360e+01 -3.123097e+01 3.600000e+00
    endloop
  endfacet
  facet normal 0.000000e+00 0.000000e+00 1.000000e+00
    outer loop
      vertex 2.084708e+01 -3.222499e+01 3.600000e+00
      vertex 2.001430e+01 -3.117896e+01 3.600000e+00
      vertex 2.041773e+01 -3.219012e+01 3.600000e+00
    endloop
  endfacet
  facet normal 0.000000e+00 0.000000e+00 1.000000e+00
    outer loop
      vertex 1.870091e+01 -3.228765e+01 3.600000e+00
      vertex 1.761809e+01 -3.150680e+01 3.600000e+00
      vertex 1.828154e+01 -3.237019e+01 3.600000e+00
    endloop
  endfacet
  facet normal 0.000000e+00 0.000000e+00 1.000000e+00
    outer loop
      vertex 1.786979e+01 -3.247482e+01 3.600000e+00
      vertex 1.828154e+01 -3.237019e+01 3.600000e+00
      vertex 1.716005e+01 -3.164888e+01 3.600000e+00
    endloop
  endfacet
  facet normal 0.000000e+00 0.000000e+00 1.000000e+00
    outer loop
      vertex 1.761809e+01 -3.150680e+01 3.600000e+00
      vertex 1.716005e+01 -3.164888e+01 3.600000e+00
      vertex 1.828154e+01 -3.237019e+01 3.600000e+00
    endloop
  endfacet
  facet normal 0.000000e+00 0.000000e+00 1.000000e+00
    outer loop
      vertex 1.746735e+01 -3.260064e+01 3.600000e+00
      vertex 1.704872e+01 -3.211442e+01 3.600000e+00
      vertex 1.694450e+01 -3.233795e+01 3.600000e+00
    endloop
  endfacet
  facet normal 0.000000e+00 0.000000e+00 1.000000e+00
    outer loop
      vertex 1.786979e+01 -3.247482e+01 3.600000e+00
      vertex 1.704872e+01 -3.211442e+01 3.600000e+00
      vertex 1.746735e+01 -3.260064e+01 3.600000e+00
    endloop
  endfacet
  facet normal 0.000000e+00 0.000000e+00 1.000000e+00
    outer loop
      vertex 1.707576e+01 -3.274657e+01 3.600000e+00
      vertex 1.746735e+01 -3.260064e+01 3.600000e+00
      vertex 1.694450e+01 -3.233795e+01 3.600000e+00
    endloop
  endfacet
  facet normal 0.000000e+00 0.000000e+00 1.000000e+00
    outer loop
      vertex 1.669642e+01 -3.291140e+01 3.600000e+00
      vertex 1.707576e+01 -3.274657e+01 3.600000e+00
      vertex 1.684028e+01 -3.256147e+01 3.600000e+00
    endloop
  endfacet
  facet normal 0.000000e+00 0.000000e+00 1.000000e+00
    outer loop
      vertex 1.912611e+01 -3.222795e+01 3.600000e+00
      vertex 1.808671e+01 -3.138906e+01 3.600000e+00
      vertex 1.870091e+01 -3.228765e+01 3.600000e+00
    endloop
  endfacet
  facet normal 0.000000e+00 0.000000e+00 1.000000e+00
    outer loop
      vertex 1.704872e+01 -3.211442e+01 3.600000e+00
      vertex 1.786979e+01 -3.247482e+01 3.600000e+00
      vertex 1.716005e+01 -3.164888e+01 3.600000e+00
    endloop
  endfacet
  facet normal 0.000000e+00 0.000000e+00 1.000000e+00
    outer loop
      vertex 1.671438e+01 -3.181406e+01 3.600000e+00
      vertex 1.704872e+01 -3.211442e+01 3.600000e+00
      vertex 1.716005e+01 -3.164888e+01 3.600000e+00
    endloop
  endfacet
  facet normal 0.000000e+00 0.000000e+00 1.000000e+00
    outer loop
      vertex 1.704872e+01 -3.211442e+01 3.600000e+00
      vertex 1.671438e+01 -3.181406e+01 3.600000e+00
      vertex 1.664902e+01 -3.192807e+01 3.600000e+00
    endloop
  endfacet
  facet normal 0.000000e+00 0.000000e+00 1.000000e+00
    outer loop
      vertex 1.627376e+01 -3.200512e+01 3.600000e+00
      vertex 1.664902e+01 -3.192807e+01 3.600000e+00
      vertex 1.671438e+01 -3.181406e+01 3.600000e+00
    endloop
  endfacet
  facet normal 0.000000e+00 0.000000e+00 1.000000e+00
    outer loop
      vertex 1.664902e+01 -3.192807e+01 3.600000e+00
      vertex 1.627376e+01 -3.200512e+01 3.600000e+00
      vertex 1.659691e+01 -3.203983e+01 3.600000e+00
    endloop
  endfacet
  facet normal 0.000000e+00 0.000000e+00 1.000000e+00
    outer loop
      vertex 1.634496e+01 -3.205841e+01 3.600000e+00
      vertex 1.659691e+01 -3.203983e+01 3.600000e+00
      vertex 1.627376e+01 -3.200512e+01 3.600000e+00
    endloop
  endfacet
  facet normal 0.000000e+00 0.000000e+00 1.000000e+00
    outer loop
      vertex 1.659691e+01 -3.203983e+01 3.600000e+00
      vertex 1.634496e+01 -3.205841e+01 3.600000e+00
      vertex 1.654480e+01 -3.215158e+01 3.600000e+00
    endloop
  endfacet
  facet normal 0.000000e+00 0.000000e+00 1.000000e+00
    outer loop
      vertex 1.618313e+01 -3.204738e+01 3.600000e+00
      vertex 1.634496e+01 -3.205841e+01 3.600000e+00
      vertex 1.627376e+01 -3.200512e+01 3.600000e+00
    endloop
  endfacet
  facet normal 0.000000e+00 0.000000e+00 1.000000e+00
    outer loop
      vertex 1.644059e+01 -3.237511e+01 3.600000e+00
      vertex 1.656353e+01 -3.286304e+01 3.600000e+00
      vertex 1.684028e+01 -3.256147e+01 3.600000e+00
    endloop
  endfacet
  facet normal 0.000000e+00 0.000000e+00 1.000000e+00
    outer loop
      vertex 1.656353e+01 -3.286304e+01 3.600000e+00
      vertex 1.669642e+01 -3.291140e+01 3.600000e+00
      vertex 1.684028e+01 -3.256147e+01 3.600000e+00
    endloop
  endfacet
  facet normal 0.000000e+00 0.000000e+00 1.000000e+00
    outer loop
      vertex 1.656353e+01 -3.286304e+01 3.600000e+00
      vertex 1.660579e+01 -3.295367e+01 3.600000e+00
      vertex 1.665111e+01 -3.293254e+01 3.600000e+00
    endloop
  endfacet
  facet normal 0.000000e+00 0.000000e+00 1.000000e+00
    outer loop
      vertex 1.656353e+01 -3.286304e+01 3.600000e+00
      vertex 1.665111e+01 -3.293254e+01 3.600000e+00
      vertex 1.669642e+01 -3.291140e+01 3.600000e+00
    endloop
  endfacet
  facet normal 0.000000e+00 0.000000e+00 1.000000e+00
    outer loop
      vertex 1.618313e+01 -3.204738e+01 3.600000e+00
      vertex 1.629285e+01 -3.217017e+01 3.600000e+00
      vertex 1.634496e+01 -3.205841e+01 3.600000e+00
    endloop
  endfacet
  facet normal 0.000000e+00 0.000000e+00 1.000000e+00
    outer loop
      vertex 1.629285e+01 -3.217017e+01 3.600000e+00
      vertex 1.656353e+01 -3.286304e+01 3.600000e+00
      vertex 1.644059e+01 -3.237511e+01 3.600000e+00
    endloop
  endfacet
  facet normal 0.000000e+00 0.000000e+00 1.000000e+00
    outer loop
      vertex 1.649270e+01 -3.226335e+01 3.600000e+00
      vertex 1.629285e+01 -3.217017e+01 3.600000e+00
      vertex 1.644059e+01 -3.237511e+01 3.600000e+00
    endloop
  endfacet
  facet normal 0.000000e+00 0.000000e+00 1.000000e+00
    outer loop
      vertex 1.618313e+01 -3.204738e+01 3.600000e+00
      vertex 1.656353e+01 -3.286304e+01 3.600000e+00
      vertex 1.629285e+01 -3.217017e+01 3.600000e+00
    endloop
  endfacet
  facet normal 0.000000e+00 0.000000e+00 1.000000e+00
    outer loop
      vertex 1.684028e+01 -3.256147e+01 3.600000e+00
      vertex 1.707576e+01 -3.274657e+01 3.600000e+00
      vertex 1.694450e+01 -3.233795e+01 3.600000e+00
    endloop
  endfacet
  facet normal 0.000000e+00 0.000000e+00 1.000000e+00
    outer loop
      vertex 1.631967e+01 -4.787598e+01 3.600000e+00
      vertex 1.649345e+01 -4.772690e+01 3.600000e+00
      vertex 1.629361e+01 -4.782010e+01 3.600000e+00
    endloop
  endfacet
  facet normal 0.000000e+00 0.000000e+00 1.000000e+00
    outer loop
      vertex 1.654557e+01 -4.783866e+01 3.600000e+00
      vertex 1.631967e+01 -4.787598e+01 3.600000e+00
      vertex 1.634573e+01 -4.793186e+01 3.600000e+00
    endloop
  endfacet
  facet normal 0.000000e+00 0.000000e+00 1.000000e+00
    outer loop
      vertex 1.649345e+01 -4.772690e+01 3.600000e+00
      vertex 1.631967e+01 -4.787598e+01 3.600000e+00
      vertex 1.654557e+01 -4.783866e+01 3.600000e+00
    endloop
  endfacet
  facet normal 0.000000e+00 0.000000e+00 1.000000e+00
    outer loop
      vertex 1.649345e+01 -4.772690e+01 3.600000e+00
      vertex 1.684101e+01 -4.742875e+01 3.600000e+00
      vertex 1.644133e+01 -4.761515e+01 3.600000e+00
    endloop
  endfacet
  facet normal 0.000000e+00 0.000000e+00 1.000000e+00
    outer loop
      vertex 1.694525e+01 -4.765226e+01 3.600000e+00
      vertex 1.649345e+01 -4.772690e+01 3.600000e+00
      vertex 1.654557e+01 -4.783866e+01 3.600000e+00
    endloop
  endfacet
  facet normal 0.000000e+00 0.000000e+00 1.000000e+00
    outer loop
      vertex 1.684101e+01 -4.742875e+01 3.600000e+00
      vertex 1.649345e+01 -4.772690e+01 3.600000e+00
      vertex 1.694525e+01 -4.765226e+01 3.600000e+00
    endloop
  endfacet
  facet normal 0.000000e+00 0.000000e+00 1.000000e+00
    outer loop
      vertex 1.659769e+01 -4.795041e+01 3.600000e+00
      vertex 1.694525e+01 -4.765226e+01 3.600000e+00
      vertex 1.654557e+01 -4.783866e+01 3.600000e+00
    endloop
  endfacet
  facet normal 0.000000e+00 0.000000e+00 1.000000e+00
    outer loop
      vertex 1.704949e+01 -4.787577e+01 3.600000e+00
      vertex 1.659769e+01 -4.795041e+01 3.600000e+00
      vertex 1.664981e+01 -4.806217e+01 3.600000e+00
    endloop
  endfacet
  facet normal 0.000000e+00 0.000000e+00 1.000000e+00
    outer loop
      vertex 1.694525e+01 -4.765226e+01 3.600000e+00
      vertex 1.659769e+01 -4.795041e+01 3.600000e+00
      vertex 1.704949e+01 -4.787577e+01 3.600000e+00
    endloop
  endfacet
  facet normal 0.000000e+00 0.000000e+00 1.000000e+00
    outer loop
      vertex 2.288800e+01 -4.787412e+01 3.600000e+00
      vertex 2.188017e+01 -4.779988e+01 3.600000e+00
      vertex 2.208864e+01 -4.824691e+01 3.600000e+00
    endloop
  endfacet
  facet normal 0.000000e+00 0.000000e+00 1.000000e+00
    outer loop
      vertex 2.288800e+01 -4.787412e+01 3.600000e+00
      vertex 2.328767e+01 -4.768772e+01 3.600000e+00
      vertex 2.318344e+01 -4.746421e+01 3.600000e+00
    endloop
  endfacet
  facet normal 0.000000e+00 0.000000e+00 1.000000e+00
    outer loop
      vertex 2.288800e+01 -4.787412e+01 3.600000e+00
      vertex 2.318344e+01 -4.746421e+01 3.600000e+00
      vertex 2.278376e+01 -4.765061e+01 3.600000e+00
    endloop
  endfacet
  facet normal 0.000000e+00 0.000000e+00 1.000000e+00
    outer loop
      vertex 2.307920e+01 -4.724070e+01 3.600000e+00
      vertex 2.278376e+01 -4.765061e+01 3.600000e+00
      vertex 2.318344e+01 -4.746421e+01 3.600000e+00
    endloop
  endfacet
  facet normal 0.000000e+00 0.000000e+00 1.000000e+00
    outer loop
      vertex 2.299223e+01 -4.809762e+01 3.600000e+00
      vertex 2.339191e+01 -4.791123e+01 3.600000e+00
      vertex 2.328767e+01 -4.768772e+01 3.600000e+00
    endloop
  endfacet
  facet normal 0.000000e+00 0.000000e+00 1.000000e+00
    outer loop
      vertex 2.299223e+01 -4.809762e+01 3.600000e+00
      vertex 2.328767e+01 -4.768772e+01 3.600000e+00
      vertex 2.288800e+01 -4.787412e+01 3.600000e+00
    endloop
  endfacet
  facet normal 0.000000e+00 0.000000e+00 1.000000e+00
    outer loop
      vertex 2.344403e+01 -4.802298e+01 3.600000e+00
      vertex 2.364387e+01 -4.792978e+01 3.600000e+00
      vertex 2.359175e+01 -4.781803e+01 3.600000e+00
    endloop
  endfacet
  facet normal 0.000000e+00 0.000000e+00 1.000000e+00
    outer loop
      vertex 2.344403e+01 -4.802298e+01 3.600000e+00
      vertex 2.359175e+01 -4.781803e+01 3.600000e+00
      vertex 2.339191e+01 -4.791123e+01 3.600000e+00
    endloop
  endfacet
  facet normal 0.000000e+00 0.000000e+00 1.000000e+00
    outer loop
      vertex 2.108081e+01 -4.817268e+01 3.600000e+00
      vertex 2.208864e+01 -4.824691e+01 3.600000e+00
      vertex 2.188017e+01 -4.779988e+01 3.600000e+00
    endloop
  endfacet
  facet normal 0.000000e+00 0.000000e+00 1.000000e+00
    outer loop
      vertex 1.704949e+01 -4.787577e+01 3.600000e+00
      vertex 1.749010e+01 -4.739702e+01 3.600000e+00
      vertex 1.694525e+01 -4.765226e+01 3.600000e+00
    endloop
  endfacet
  facet normal 0.000000e+00 0.000000e+00 1.000000e+00
    outer loop
      vertex 1.790250e+01 -4.752427e+01 3.600000e+00
      vertex 1.718928e+01 -4.835091e+01 3.600000e+00
      vertex 1.832939e+01 -4.763034e+01 3.600000e+00
    endloop
  endfacet
  facet normal 0.000000e+00 0.000000e+00 1.000000e+00
    outer loop
      vertex 1.749010e+01 -4.739702e+01 3.600000e+00
      vertex 1.704949e+01 -4.787577e+01 3.600000e+00
      vertex 1.790250e+01 -4.752427e+01 3.600000e+00
    endloop
  endfacet
  facet normal 0.000000e+00 0.000000e+00 1.000000e+00
    outer loop
      vertex 1.684101e+01 -4.742875e+01 3.600000e+00
      vertex 1.709002e+01 -4.724907e+01 3.600000e+00
      vertex 1.669712e+01 -4.707882e+01 3.600000e+00
    endloop
  endfacet
  facet normal 0.000000e+00 0.000000e+00 1.000000e+00
    outer loop
      vertex 1.709002e+01 -4.724907e+01 3.600000e+00
      vertex 1.684101e+01 -4.742875e+01 3.600000e+00
      vertex 1.694525e+01 -4.765226e+01 3.600000e+00
    endloop
  endfacet
  facet normal 0.000000e+00 0.000000e+00 1.000000e+00
    outer loop
      vertex 1.694525e+01 -4.765226e+01 3.600000e+00
      vertex 1.749010e+01 -4.739702e+01 3.600000e+00
      vertex 1.709002e+01 -4.724907e+01 3.600000e+00
    endloop
  endfacet
  facet normal 0.000000e+00 0.000000e+00 1.000000e+00
    outer loop
      vertex 1.644133e+01 -4.761515e+01 3.600000e+00
      vertex 1.684101e+01 -4.742875e+01 3.600000e+00
      vertex 1.669712e+01 -4.707882e+01 3.600000e+00
    endloop
  endfacet
  facet normal 0.000000e+00 0.000000e+00 1.000000e+00
    outer loop
      vertex 1.765173e+01 -4.849247e+01 3.600000e+00
      vertex 1.875453e+01 -4.771109e+01 3.600000e+00
      vertex 1.832939e+01 -4.763034e+01 3.600000e+00
    endloop
  endfacet
  facet normal 0.000000e+00 0.000000e+00 1.000000e+00
    outer loop
      vertex 1.904333e+01 -4.875891e+01 3.600000e+00
      vertex 1.959173e+01 -4.780030e+01 3.600000e+00
      vertex 1.857547e+01 -4.869512e+01 3.600000e+00
    endloop
  endfacet
  facet normal 0.000000e+00 0.000000e+00 1.000000e+00
    outer loop
      vertex 2.042577e+01 -4.779935e+01 3.600000e+00
      vertex 2.000034e+01 -4.781096e+01 3.600000e+00
      vertex 1.952346e+01 -4.879808e+01 3.600000e+00
    endloop
  endfacet
  facet normal 0.000000e+00 0.000000e+00 1.000000e+00
    outer loop
      vertex 2.000034e+01 -4.781096e+01 3.600000e+00
      vertex 1.959173e+01 -4.780030e+01 3.600000e+00
      vertex 1.904333e+01 -4.875891e+01 3.600000e+00
    endloop
  endfacet
  facet normal 0.000000e+00 0.000000e+00 1.000000e+00
    outer loop
      vertex 1.917592e+01 -4.776740e+01 3.600000e+00
      vertex 1.875453e+01 -4.771109e+01 3.600000e+00
      vertex 1.811451e+01 -4.860698e+01 3.600000e+00
    endloop
  endfacet
  facet normal 0.000000e+00 0.000000e+00 1.000000e+00
    outer loop
      vertex 1.765173e+01 -4.849247e+01 3.600000e+00
      vertex 1.811451e+01 -4.860698e+01 3.600000e+00
      vertex 1.875453e+01 -4.771109e+01 3.600000e+00
    endloop
  endfacet
  facet normal 0.000000e+00 0.000000e+00 1.000000e+00
    outer loop
      vertex 1.917592e+01 -4.776740e+01 3.600000e+00
      vertex 1.811451e+01 -4.860698e+01 3.600000e+00
      vertex 1.857547e+01 -4.869512e+01 3.600000e+00
    endloop
  endfacet
  facet normal 0.000000e+00 0.000000e+00 1.000000e+00
    outer loop
      vertex 1.857547e+01 -4.869512e+01 3.600000e+00
      vertex 1.959173e+01 -4.780030e+01 3.600000e+00
      vertex 1.917592e+01 -4.776740e+01 3.600000e+00
    endloop
  endfacet
  facet normal 0.000000e+00 0.000000e+00 1.000000e+00
    outer loop
      vertex 2.108081e+01 -4.817268e+01 3.600000e+00
      vertex 2.085070e+01 -4.776452e+01 3.600000e+00
      vertex 2.042577e+01 -4.779935e+01 3.600000e+00
    endloop
  endfacet
  facet normal 0.000000e+00 0.000000e+00 1.000000e+00
    outer loop
      vertex 1.832939e+01 -4.763034e+01 3.600000e+00
      vertex 1.718928e+01 -4.835091e+01 3.600000e+00
      vertex 1.765173e+01 -4.849247e+01 3.600000e+00
    endloop
  endfacet
  facet normal 0.000000e+00 0.000000e+00 1.000000e+00
    outer loop
      vertex 1.644133e+01 -4.761515e+01 3.600000e+00
      vertex 1.660648e+01 -4.703656e+01 3.600000e+00
      vertex 1.622617e+01 -4.785226e+01 3.600000e+00
    endloop
  endfacet
  facet normal 0.000000e+00 0.000000e+00 1.000000e+00
    outer loop
      vertex 1.644133e+01 -4.761515e+01 3.600000e+00
      vertex 1.629361e+01 -4.782010e+01 3.600000e+00
      vertex 1.649345e+01 -4.772690e+01 3.600000e+00
    endloop
  endfacet
  facet normal 0.000000e+00 0.000000e+00 1.000000e+00
    outer loop
      vertex 1.644133e+01 -4.761515e+01 3.600000e+00
      vertex 1.669712e+01 -4.707882e+01 3.600000e+00
      vertex 1.660648e+01 -4.703656e+01 3.600000e+00
    endloop
  endfacet
  facet normal 0.000000e+00 0.000000e+00 1.000000e+00
    outer loop
      vertex 1.629361e+01 -4.782010e+01 3.600000e+00
      vertex 1.644133e+01 -4.761515e+01 3.600000e+00
      vertex 1.622617e+01 -4.785226e+01 3.600000e+00
    endloop
  endfacet
  facet normal 0.000000e+00 0.000000e+00 1.000000e+00
    outer loop
      vertex 1.618391e+01 -4.794290e+01 3.600000e+00
      vertex 1.631967e+01 -4.787598e+01 3.600000e+00
      vertex 1.622617e+01 -4.785226e+01 3.600000e+00
    endloop
  endfacet
  facet normal 0.000000e+00 0.000000e+00 1.000000e+00
    outer loop
      vertex 1.629361e+01 -4.782010e+01 3.600000e+00
      vertex 1.622617e+01 -4.785226e+01 3.600000e+00
      vertex 1.631967e+01 -4.787598e+01 3.600000e+00
    endloop
  endfacet
  facet normal 0.000000e+00 0.000000e+00 1.000000e+00
    outer loop
      vertex 1.631967e+01 -4.787598e+01 3.600000e+00
      vertex 1.618391e+01 -4.794290e+01 3.600000e+00
      vertex 1.622923e+01 -4.796402e+01 3.600000e+00
    endloop
  endfacet
  facet normal 0.000000e+00 0.000000e+00 1.000000e+00
    outer loop
      vertex 1.634573e+01 -4.793186e+01 3.600000e+00
      vertex 1.631967e+01 -4.787598e+01 3.600000e+00
      vertex 1.622923e+01 -4.796402e+01 3.600000e+00
    endloop
  endfacet
  facet normal 0.000000e+00 0.000000e+00 1.000000e+00
    outer loop
      vertex 1.704949e+01 -4.787577e+01 3.600000e+00
      vertex 1.672942e+01 -4.818187e+01 3.600000e+00
      vertex 1.718928e+01 -4.835091e+01 3.600000e+00
    endloop
  endfacet
  facet normal 0.000000e+00 0.000000e+00 1.000000e+00
    outer loop
      vertex 1.718928e+01 -4.835091e+01 3.600000e+00
      vertex 1.790250e+01 -4.752427e+01 3.600000e+00
      vertex 1.704949e+01 -4.787577e+01 3.600000e+00
    endloop
  endfacet
  facet normal 0.000000e+00 0.000000e+00 1.000000e+00
    outer loop
      vertex 1.672942e+01 -4.818187e+01 3.600000e+00
      vertex 1.704949e+01 -4.787577e+01 3.600000e+00
      vertex 1.664981e+01 -4.806217e+01 3.600000e+00
    endloop
  endfacet
  facet normal 0.000000e+00 0.000000e+00 1.000000e+00
    outer loop
      vertex 1.622923e+01 -4.796402e+01 3.600000e+00
      vertex 1.627454e+01 -4.798515e+01 3.600000e+00
      vertex 1.634573e+01 -4.793186e+01 3.600000e+00
    endloop
  endfacet
  facet normal 0.000000e+00 0.000000e+00 1.000000e+00
    outer loop
      vertex 1.659769e+01 -4.795041e+01 3.600000e+00
      vertex 1.634573e+01 -4.793186e+01 3.600000e+00
      vertex 1.627454e+01 -4.798515e+01 3.600000e+00
    endloop
  endfacet
  facet normal 0.000000e+00 0.000000e+00 1.000000e+00
    outer loop
      vertex 1.627454e+01 -4.798515e+01 3.600000e+00
      vertex 1.664981e+01 -4.806217e+01 3.600000e+00
      vertex 1.659769e+01 -4.795041e+01 3.600000e+00
    endloop
  endfacet
  facet normal 0.000000e+00 0.000000e+00 1.000000e+00
    outer loop
      vertex 1.659769e+01 -4.795041e+01 3.600000e+00
      vertex 1.654557e+01 -4.783866e+01 3.600000e+00
      vertex 1.634573e+01 -4.793186e+01 3.600000e+00
    endloop
  endfacet
  facet normal 0.000000e+00 0.000000e+00 1.000000e+00
    outer loop
      vertex 1.672942e+01 -4.818187e+01 3.600000e+00
      vertex 1.664981e+01 -4.806217e+01 3.600000e+00
      vertex 1.627454e+01 -4.798515e+01 3.600000e+00
    endloop
  endfacet
  facet normal 0.000000e+00 0.000000e+00 1.000000e+00
    outer loop
      vertex 2.339412e+01 -4.703624e+01 3.600000e+00
      vertex 2.330349e+01 -4.707850e+01 3.600000e+00
      vertex 2.318344e+01 -4.746421e+01 3.600000e+00
    endloop
  endfacet
  facet normal 0.000000e+00 0.000000e+00 1.000000e+00
    outer loop
      vertex 2.339412e+01 -4.703624e+01 3.600000e+00
      vertex 2.318344e+01 -4.746421e+01 3.600000e+00
      vertex 2.360545e+01 -4.748938e+01 3.600000e+00
    endloop
  endfacet
  facet normal 0.000000e+00 0.000000e+00 1.000000e+00
    outer loop
      vertex 2.307920e+01 -4.724070e+01 3.600000e+00
      vertex 2.318344e+01 -4.746421e+01 3.600000e+00
      vertex 2.330349e+01 -4.707850e+01 3.600000e+00
    endloop
  endfacet
  facet normal 0.000000e+00 0.000000e+00 1.000000e+00
    outer loop
      vertex 2.291485e+01 -4.724708e+01 3.600000e+00
      vertex 2.307920e+01 -4.724070e+01 3.600000e+00
      vertex 2.330349e+01 -4.707850e+01 3.600000e+00
    endloop
  endfacet
  facet normal 0.000000e+00 0.000000e+00 1.000000e+00
    outer loop
      vertex 2.291485e+01 -4.724708e+01 3.600000e+00
      vertex 2.278376e+01 -4.765061e+01 3.600000e+00
      vertex 2.307920e+01 -4.724070e+01 3.600000e+00
    endloop
  endfacet
  facet normal 0.000000e+00 0.000000e+00 1.000000e+00
    outer loop
      vertex 2.328767e+01 -4.768772e+01 3.600000e+00
      vertex 2.360545e+01 -4.748938e+01 3.600000e+00
      vertex 2.318344e+01 -4.746421e+01 3.600000e+00
    endloop
  endfacet
  facet normal 0.000000e+00 0.000000e+00 1.000000e+00
    outer loop
      vertex 2.251586e+01 -4.739497e+01 3.600000e+00
      vertex 2.278376e+01 -4.765061e+01 3.600000e+00
      vertex 2.291485e+01 -4.724708e+01 3.600000e+00
    endloop
  endfacet
  facet normal 0.000000e+00 0.000000e+00 1.000000e+00
    outer loop
      vertex 2.328767e+01 -4.768772e+01 3.600000e+00
      vertex 2.359175e+01 -4.781803e+01 3.600000e+00
      vertex 2.360545e+01 -4.748938e+01 3.600000e+00
    endloop
  endfacet
  facet normal 0.000000e+00 0.000000e+00 1.000000e+00
    outer loop
      vertex 2.381678e+01 -4.794252e+01 3.600000e+00
      vertex 2.359175e+01 -4.781803e+01 3.600000e+00
      vertex 2.364387e+01 -4.792978e+01 3.600000e+00
    endloop
  endfacet
  facet normal 0.000000e+00 0.000000e+00 1.000000e+00
    outer loop
      vertex 2.364387e+01 -4.792978e+01 3.600000e+00
      vertex 2.372615e+01 -4.798479e+01 3.600000e+00
      vertex 2.381678e+01 -4.794252e+01 3.600000e+00
    endloop
  endfacet
  facet normal 0.000000e+00 0.000000e+00 1.000000e+00
    outer loop
      vertex 2.381678e+01 -4.794252e+01 3.600000e+00
      vertex 2.360545e+01 -4.748938e+01 3.600000e+00
      vertex 2.359175e+01 -4.781803e+01 3.600000e+00
    endloop
  endfacet
  facet normal 0.000000e+00 0.000000e+00 1.000000e+00
    outer loop
      vertex 2.344403e+01 -4.802298e+01 3.600000e+00
      vertex 2.372615e+01 -4.798479e+01 3.600000e+00
      vertex 2.364387e+01 -4.792978e+01 3.600000e+00
    endloop
  endfacet
  facet normal 0.000000e+00 0.000000e+00 1.000000e+00
    outer loop
      vertex 2.339191e+01 -4.791123e+01 3.600000e+00
      vertex 2.328299e+01 -4.817686e+01 3.600000e+00
      vertex 2.344403e+01 -4.802298e+01 3.600000e+00
    endloop
  endfacet
  facet normal 0.000000e+00 0.000000e+00 1.000000e+00
    outer loop
      vertex 2.372615e+01 -4.798479e+01 3.600000e+00
      vertex 2.344403e+01 -4.802298e+01 3.600000e+00
      vertex 2.328299e+01 -4.817686e+01 3.600000e+00
    endloop
  endfacet
  facet normal 0.000000e+00 0.000000e+00 1.000000e+00
    outer loop
      vertex 2.328299e+01 -4.817686e+01 3.600000e+00
      vertex 2.339191e+01 -4.791123e+01 3.600000e+00
      vertex 2.299223e+01 -4.809762e+01 3.600000e+00
    endloop
  endfacet
  facet normal 0.000000e+00 0.000000e+00 1.000000e+00
    outer loop
      vertex 2.359175e+01 -4.781803e+01 3.600000e+00
      vertex 2.328767e+01 -4.768772e+01 3.600000e+00
      vertex 2.339191e+01 -4.791123e+01 3.600000e+00
    endloop
  endfacet
  facet normal 0.000000e+00 0.000000e+00 1.000000e+00
    outer loop
      vertex 2.188017e+01 -4.779988e+01 3.600000e+00
      vertex 2.210818e+01 -4.752127e+01 3.600000e+00
      vertex 2.169359e+01 -4.762526e+01 3.600000e+00
    endloop
  endfacet
  facet normal 0.000000e+00 0.000000e+00 1.000000e+00
    outer loop
      vertex 2.210818e+01 -4.752127e+01 3.600000e+00
      vertex 2.188017e+01 -4.779988e+01 3.600000e+00
      vertex 2.251586e+01 -4.739497e+01 3.600000e+00
    endloop
  endfacet
  facet normal 0.000000e+00 0.000000e+00 1.000000e+00
    outer loop
      vertex 2.188017e+01 -4.779988e+01 3.600000e+00
      vertex 2.278376e+01 -4.765061e+01 3.600000e+00
      vertex 2.251586e+01 -4.739497e+01 3.600000e+00
    endloop
  endfacet
  facet normal 0.000000e+00 0.000000e+00 1.000000e+00
    outer loop
      vertex 2.108081e+01 -4.817268e+01 3.600000e+00
      vertex 2.188017e+01 -4.779988e+01 3.600000e+00
      vertex 2.169359e+01 -4.762526e+01 3.600000e+00
    endloop
  endfacet
  facet normal 0.000000e+00 0.000000e+00 1.000000e+00
    outer loop
      vertex 2.108081e+01 -4.817268e+01 3.600000e+00
      vertex 2.127393e+01 -4.770643e+01 3.600000e+00
      vertex 2.085070e+01 -4.776452e+01 3.600000e+00
    endloop
  endfacet
  facet normal 0.000000e+00 0.000000e+00 1.000000e+00
    outer loop
      vertex 1.904333e+01 -4.875891e+01 3.600000e+00
      vertex 1.952346e+01 -4.879808e+01 3.600000e+00
      vertex 2.000034e+01 -4.781096e+01 3.600000e+00
    endloop
  endfacet
  facet normal 0.000000e+00 0.000000e+00 1.000000e+00
    outer loop
      vertex 1.952346e+01 -4.879808e+01 3.600000e+00
      vertex 2.000039e+01 -4.881096e+01 3.600000e+00
      vertex 2.042577e+01 -4.779935e+01 3.600000e+00
    endloop
  endfacet
  facet normal 0.000000e+00 0.000000e+00 1.000000e+00
    outer loop
      vertex 2.000039e+01 -4.881096e+01 3.600000e+00
      vertex 2.108081e+01 -4.817268e+01 3.600000e+00
      vertex 2.042577e+01 -4.779935e+01 3.600000e+00
    endloop
  endfacet
  facet normal 0.000000e+00 0.000000e+00 1.000000e+00
    outer loop
      vertex 2.108081e+01 -4.817268e+01 3.600000e+00
      vertex 2.169359e+01 -4.762526e+01 3.600000e+00
      vertex 2.127393e+01 -4.770643e+01 3.600000e+00
    endloop
  endfacet
  facet normal 0.000000e+00 0.000000e+00 1.000000e+00
    outer loop
      vertex 2.208864e+01 -4.824691e+01 3.600000e+00
      vertex 2.236660e+01 -4.848736e+01 3.600000e+00
      vertex 2.288800e+01 -4.787412e+01 3.600000e+00
    endloop
  endfacet
  facet normal 0.000000e+00 0.000000e+00 1.000000e+00
    outer loop
      vertex 2.188017e+01 -4.779988e+01 3.600000e+00
      vertex 2.288800e+01 -4.787412e+01 3.600000e+00
      vertex 2.278376e+01 -4.765061e+01 3.600000e+00
    endloop
  endfacet
  facet normal 0.000000e+00 0.000000e+00 1.000000e+00
    outer loop
      vertex 2.299223e+01 -4.809762e+01 3.600000e+00
      vertex 2.236660e+01 -4.848736e+01 3.600000e+00
      vertex 2.283175e+01 -4.834378e+01 3.600000e+00
    endloop
  endfacet
  facet normal 0.000000e+00 0.000000e+00 1.000000e+00
    outer loop
      vertex 2.283175e+01 -4.834378e+01 3.600000e+00
      vertex 2.328299e+01 -4.817686e+01 3.600000e+00
      vertex 2.299223e+01 -4.809762e+01 3.600000e+00
    endloop
  endfacet
  facet normal 0.000000e+00 0.000000e+00 1.000000e+00
    outer loop
      vertex 2.188511e+01 -4.860705e+01 3.600000e+00
      vertex 2.236660e+01 -4.848736e+01 3.600000e+00
      vertex 2.208864e+01 -4.824691e+01 3.600000e+00
    endloop
  endfacet
  facet normal 0.000000e+00 0.000000e+00 1.000000e+00
    outer loop
      vertex 2.000039e+01 -4.881096e+01 3.600000e+00
      vertex 2.046127e+01 -4.879889e+01 3.600000e+00
      vertex 2.108081e+01 -4.817268e+01 3.600000e+00
    endloop
  endfacet
  facet normal 0.000000e+00 0.000000e+00 1.000000e+00
    outer loop
      vertex 2.108081e+01 -4.817268e+01 3.600000e+00
      vertex 2.093028e+01 -4.876174e+01 3.600000e+00
      vertex 2.140558e+01 -4.869818e+01 3.600000e+00
    endloop
  endfacet
  facet normal 0.000000e+00 0.000000e+00 1.000000e+00
    outer loop
      vertex 2.093028e+01 -4.876174e+01 3.600000e+00
      vertex 2.108081e+01 -4.817268e+01 3.600000e+00
      vertex 2.046127e+01 -4.879889e+01 3.600000e+00
    endloop
  endfacet
  facet normal 0.000000e+00 0.000000e+00 1.000000e+00
    outer loop
      vertex 2.188511e+01 -4.860705e+01 3.600000e+00
      vertex 2.208864e+01 -4.824691e+01 3.600000e+00
      vertex 2.140558e+01 -4.869818e+01 3.600000e+00
    endloop
  endfacet
  facet normal 0.000000e+00 0.000000e+00 1.000000e+00
    outer loop
      vertex 2.108081e+01 -4.817268e+01 3.600000e+00
      vertex 2.140558e+01 -4.869818e+01 3.600000e+00
      vertex 2.208864e+01 -4.824691e+01 3.600000e+00
    endloop
  endfacet
  facet normal 0.000000e+00 0.000000e+00 1.000000e+00
    outer loop
      vertex 2.288800e+01 -4.787412e+01 3.600000e+00
      vertex 2.236660e+01 -4.848736e+01 3.600000e+00
      vertex 2.299223e+01 -4.809762e+01 3.600000e+00
    endloop
  endfacet
  facet normal -9.062808e-01 -4.226761e-01 0.000000e+00
    outer loop
      vertex 1.650224e+01 -3.273163e+01 9.525000e-01
      vertex 1.655613e+01 -3.284718e+01 9.525000e-01
      vertex 1.655613e+01 -3.284718e+01 1.335000e+00
    endloop
  endfacet
  facet normal -9.062808e-01 -4.226761e-01 0.000000e+00
    outer loop
      vertex 1.650224e+01 -3.273163e+01 9.525000e-01
      vertex 1.655613e+01 -3.284718e+01 1.335000e+00
      vertex 1.650224e+01 -3.273163e+01 1.335000e+00
    endloop
  endfacet
  facet normal -9.062865e-01 -4.226639e-01 0.000000e+00
    outer loop
      vertex 1.639446e+01 -3.250053e+01 1.335000e+00
      vertex 1.650224e+01 -3.273163e+01 1.335000e+00
      vertex 1.650224e+01 -3.273163e+01 2.100000e+00
    endloop
  endfacet
  facet normal -9.062865e-01 -4.226639e-01 -0.000000e+00
    outer loop
      vertex 1.639446e+01 -3.250053e+01 1.335000e+00
      vertex 1.650224e+01 -3.273163e+01 2.100000e+00
      vertex 1.639446e+01 -3.250053e+01 2.100000e+00
    endloop
  endfacet
  facet normal -9.062865e-01 -4.226639e-01 0.000000e+00
    outer loop
      vertex 1.639446e+01 -3.250053e+01 2.100000e+00
      vertex 1.650224e+01 -3.273163e+01 2.100000e+00
      vertex 1.650224e+01 -3.273163e+01 2.865000e+00
    endloop
  endfacet
  facet normal -9.062865e-01 -4.226639e-01 0.000000e+00
    outer loop
      vertex 1.639446e+01 -3.250053e+01 2.100000e+00
      vertex 1.650224e+01 -3.273163e+01 2.865000e+00
      vertex 1.639446e+01 -3.250053e+01 2.865000e+00
    endloop
  endfacet
  facet normal -9.062808e-01 -4.226761e-01 0.000000e+00
    outer loop
      vertex 1.650224e+01 -3.273163e+01 2.865000e+00
      vertex 1.655613e+01 -3.284718e+01 2.865000e+00
      vertex 1.655613e+01 -3.284718e+01 3.247500e+00
    endloop
  endfacet
  facet normal -9.062808e-01 -4.226761e-01 -0.000000e+00
    outer loop
      vertex 1.650224e+01 -3.273163e+01 2.865000e+00
      vertex 1.655613e+01 -3.284718e+01 3.247500e+00
      vertex 1.650224e+01 -3.273163e+01 3.247500e+00
    endloop
  endfacet
  facet normal -9.062892e-01 -4.226582e-01 0.000000e+00
    outer loop
      vertex 1.656353e+01 -3.286304e+01 3.600000e+00
      vertex 1.660579e+01 -3.295367e+01 3.300000e+00
      vertex 1.660579e+01 -3.295367e+01 3.600000e+00
    endloop
  endfacet
  facet normal -9.062908e-01 -4.226547e-01 0.000000e+00
    outer loop
      vertex 1.660579e+01 -3.295367e+01 3.000000e+00
      vertex 1.655613e+01 -3.284718e+01 2.865000e+00
      vertex 1.660579e+01 -3.295367e+01 2.700000e+00
    endloop
  endfacet
  facet normal -9.062908e-01 -4.226547e-01 0.000000e+00
    outer loop
      vertex 1.655613e+01 -3.284718e+01 3.247500e+00
      vertex 1.660579e+01 -3.295367e+01 3.000000e+00
      vertex 1.660579e+01 -3.295367e+01 3.300000e+00
    endloop
  endfacet
  facet normal -9.062908e-01 -4.226547e-01 -0.000000e+00
    outer loop
      vertex 1.655613e+01 -3.284718e+01 3.247500e+00
      vertex 1.655613e+01 -3.284718e+01 2.865000e+00
      vertex 1.660579e+01 -3.295367e+01 3.000000e+00
    endloop
  endfacet
  facet normal -9.062808e-01 -4.226761e-01 -2.258886e-06
    outer loop
      vertex 1.650224e+01 -3.273163e+01 3.247500e+00
      vertex 1.655613e+01 -3.284718e+01 3.247500e+00
      vertex 1.656353e+01 -3.286304e+01 3.600000e+00
    endloop
  endfacet
  facet normal -9.062856e-01 -4.226659e-01 0.000000e+00
    outer loop
      vertex 1.650224e+01 -3.273163e+01 2.100000e+00
      vertex 1.660579e+01 -3.295367e+01 2.100000e+00
      vertex 1.660579e+01 -3.295367e+01 2.400000e+00
    endloop
  endfacet
  facet normal -9.062908e-01 -4.226547e-01 0.000000e+00
    outer loop
      vertex 1.655613e+01 -3.284718e+01 2.865000e+00
      vertex 1.660579e+01 -3.295367e+01 2.400000e+00
      vertex 1.660579e+01 -3.295367e+01 2.700000e+00
    endloop
  endfacet
  facet normal -9.062906e-01 -4.226552e-01 -1.113248e-06
    outer loop
      vertex 1.656353e+01 -3.286304e+01 3.600000e+00
      vertex 1.655613e+01 -3.284718e+01 3.247500e+00
      vertex 1.660579e+01 -3.295367e+01 3.300000e+00
    endloop
  endfacet
  facet normal -9.062908e-01 -4.226547e-01 0.000000e+00
    outer loop
      vertex 1.655613e+01 -3.284718e+01 1.335000e+00
      vertex 1.660579e+01 -3.295367e+01 1.200000e+00
      vertex 1.660579e+01 -3.295367e+01 1.500000e+00
    endloop
  endfacet
  facet normal -9.062892e-01 -4.226582e-01 0.000000e+00
    outer loop
      vertex 1.656353e+01 -3.286304e+01 6.000000e-01
      vertex 1.660579e+01 -3.295367e+01 6.000000e-01
      vertex 1.660579e+01 -3.295367e+01 9.000000e-01
    endloop
  endfacet
  facet normal -9.062908e-01 -4.226547e-01 0.000000e+00
    outer loop
      vertex 1.655613e+01 -3.284718e+01 9.525000e-01
      vertex 1.660579e+01 -3.295367e+01 9.000000e-01
      vertex 1.660579e+01 -3.295367e+01 1.200000e+00
    endloop
  endfacet
  facet normal -9.062868e-01 -4.226632e-01 -2.367245e-06
    outer loop
      vertex 1.650224e+01 -3.273163e+01 2.100000e+00
      vertex 1.655613e+01 -3.284718e+01 1.335000e+00
      vertex 1.660579e+01 -3.295367e+01 1.800000e+00
    endloop
  endfacet
  facet normal -9.062908e-01 -4.226547e-01 -0.000000e+00
    outer loop
      vertex 1.660579e+01 -3.295367e+01 1.200000e+00
      vertex 1.655613e+01 -3.284718e+01 1.335000e+00
      vertex 1.655613e+01 -3.284718e+01 9.525000e-01
    endloop
  endfacet
  facet normal -9.062906e-01 -4.226552e-01 1.113248e-06
    outer loop
      vertex 1.660579e+01 -3.295367e+01 9.000000e-01
      vertex 1.655613e+01 -3.284718e+01 9.525000e-01
      vertex 1.656353e+01 -3.286304e+01 6.000000e-01
    endloop
  endfacet
  facet normal -9.062856e-01 -4.226659e-01 0.000000e+00
    outer loop
      vertex 1.660579e+01 -3.295367e+01 2.100000e+00
      vertex 1.650224e+01 -3.273163e+01 2.100000e+00
      vertex 1.660579e+01 -3.295367e+01 1.800000e+00
    endloop
  endfacet
  facet normal -9.062908e-01 -4.226547e-01 0.000000e+00
    outer loop
      vertex 1.660579e+01 -3.295367e+01 1.800000e+00
      vertex 1.655613e+01 -3.284718e+01 1.335000e+00
      vertex 1.660579e+01 -3.295367e+01 1.500000e+00
    endloop
  endfacet
  facet normal -9.062868e-01 -4.226632e-01 2.367245e-06
    outer loop
      vertex 1.655613e+01 -3.284718e+01 2.865000e+00
      vertex 1.650224e+01 -3.273163e+01 2.100000e+00
      vertex 1.660579e+01 -3.295367e+01 2.400000e+00
    endloop
  endfacet
  facet normal -9.062808e-01 -4.226761e-01 -0.000000e+00
    outer loop
      vertex 1.650224e+01 -3.273163e+01 2.865000e+00
      vertex 1.650224e+01 -3.273163e+01 2.100000e+00
      vertex 1.655613e+01 -3.284718e+01 2.865000e+00
    endloop
  endfacet
  facet normal -9.062865e-01 -4.226639e-01 0.000000e+00
    outer loop
      vertex 1.639446e+01 -3.250053e+01 2.865000e+00
      vertex 1.650224e+01 -3.273163e+01 2.865000e+00
      vertex 1.650224e+01 -3.273163e+01 3.247500e+00
    endloop
  endfacet
  facet normal -9.062876e-01 -4.226616e-01 1.664946e-06
    outer loop
      vertex 1.639446e+01 -3.250053e+01 2.865000e+00
      vertex 1.650224e+01 -3.273163e+01 3.247500e+00
      vertex 1.618313e+01 -3.204738e+01 3.600000e+00
    endloop
  endfacet
  facet normal -9.062808e-01 -4.226761e-01 -0.000000e+00
    outer loop
      vertex 1.650224e+01 -3.273163e+01 2.100000e+00
      vertex 1.650224e+01 -3.273163e+01 1.335000e+00
      vertex 1.655613e+01 -3.284718e+01 1.335000e+00
    endloop
  endfacet
  facet normal -9.062886e-01 -4.226594e-01 -0.000000e+00
    outer loop
      vertex 1.618313e+01 -3.204738e+01 3.100000e+00
      vertex 1.618313e+01 -3.204738e+01 2.600000e+00
      vertex 1.639446e+01 -3.250053e+01 2.865000e+00
    endloop
  endfacet
  facet normal -9.062886e-01 -4.226594e-01 0.000000e+00
    outer loop
      vertex 1.618313e+01 -3.204738e+01 2.100000e+00
      vertex 1.639446e+01 -3.250053e+01 2.100000e+00
      vertex 1.618313e+01 -3.204738e+01 2.600000e+00
    endloop
  endfacet
  facet normal -9.062886e-01 -4.226594e-01 0.000000e+00
    outer loop
      vertex 1.618313e+01 -3.204738e+01 2.600000e+00
      vertex 1.639446e+01 -3.250053e+01 2.100000e+00
      vertex 1.639446e+01 -3.250053e+01 2.865000e+00
    endloop
  endfacet
  facet normal -9.062886e-01 -4.226594e-01 0.000000e+00
    outer loop
      vertex 1.618313e+01 -3.204738e+01 3.600000e+00
      vertex 1.618313e+01 -3.204738e+01 3.100000e+00
      vertex 1.639446e+01 -3.250053e+01 2.865000e+00
    endloop
  endfacet
  facet normal -9.062871e-01 -4.226626e-01 3.891279e-06
    outer loop
      vertex 1.618313e+01 -3.204738e+01 3.600000e+00
      vertex 1.650224e+01 -3.273163e+01 3.247500e+00
      vertex 1.656353e+01 -3.286304e+01 3.600000e+00
    endloop
  endfacet
  facet normal -9.062865e-01 -4.226639e-01 0.000000e+00
    outer loop
      vertex 1.650224e+01 -3.273163e+01 9.525000e-01
      vertex 1.650224e+01 -3.273163e+01 1.335000e+00
      vertex 1.639446e+01 -3.250053e+01 1.335000e+00
    endloop
  endfacet
  facet normal -9.062871e-01 -4.226626e-01 -3.891279e-06
    outer loop
      vertex 1.656353e+01 -3.286304e+01 6.000000e-01
      vertex 1.650224e+01 -3.273163e+01 9.525000e-01
      vertex 1.618313e+01 -3.204738e+01 6.000000e-01
    endloop
  endfacet
  facet normal -9.062876e-01 -4.226616e-01 -1.664946e-06
    outer loop
      vertex 1.650224e+01 -3.273163e+01 9.525000e-01
      vertex 1.639446e+01 -3.250053e+01 1.335000e+00
      vertex 1.618313e+01 -3.204738e+01 6.000000e-01
    endloop
  endfacet
  facet normal -9.062886e-01 -4.226594e-01 -0.000000e+00
    outer loop
      vertex 1.618313e+01 -3.204738e+01 1.600000e+00
      vertex 1.618313e+01 -3.204738e+01 1.100000e+00
      vertex 1.639446e+01 -3.250053e+01 1.335000e+00
    endloop
  endfacet
  facet normal -9.062886e-01 -4.226594e-01 0.000000e+00
    outer loop
      vertex 1.618313e+01 -3.204738e+01 1.100000e+00
      vertex 1.618313e+01 -3.204738e+01 6.000000e-01
      vertex 1.639446e+01 -3.250053e+01 1.335000e+00
    endloop
  endfacet
  facet normal -9.062886e-01 -4.226594e-01 0.000000e+00
    outer loop
      vertex 1.618313e+01 -3.204738e+01 1.600000e+00
      vertex 1.639446e+01 -3.250053e+01 1.335000e+00
      vertex 1.639446e+01 -3.250053e+01 2.100000e+00
    endloop
  endfacet
  facet normal -9.062886e-01 -4.226594e-01 0.000000e+00
    outer loop
      vertex 1.639446e+01 -3.250053e+01 2.100000e+00
      vertex 1.618313e+01 -3.204738e+01 2.100000e+00
      vertex 1.618313e+01 -3.204738e+01 1.600000e+00
    endloop
  endfacet
  facet normal -9.062808e-01 -4.226761e-01 2.258886e-06
    outer loop
      vertex 1.655613e+01 -3.284718e+01 9.525000e-01
      vertex 1.650224e+01 -3.273163e+01 9.525000e-01
      vertex 1.656353e+01 -3.286304e+01 6.000000e-01
    endloop
  endfacet
  facet normal -9.063252e-01 4.225810e-01 0.000000e+00
    outer loop
      vertex 1.628744e+01 -4.772084e+01 9.525000e-01
      vertex 1.623356e+01 -4.783640e+01 9.525000e-01
      vertex 1.623356e+01 -4.783640e+01 1.335000e+00
    endloop
  endfacet
  facet normal -9.063252e-01 4.225810e-01 0.000000e+00
    outer loop
      vertex 1.628744e+01 -4.772084e+01 9.525000e-01
      vertex 1.623356e+01 -4.783640e+01 1.335000e+00
      vertex 1.628744e+01 -4.772084e+01 1.335000e+00
    endloop
  endfacet
  facet normal -9.063312e-01 4.225680e-01 0.000000e+00
    outer loop
      vertex 1.639520e+01 -4.748973e+01 1.335000e+00
      vertex 1.628744e+01 -4.772084e+01 1.335000e+00
      vertex 1.628744e+01 -4.772084e+01 2.100000e+00
    endloop
  endfacet
  facet normal -9.063312e-01 4.225680e-01 0.000000e+00
    outer loop
      vertex 1.639520e+01 -4.748973e+01 1.335000e+00
      vertex 1.628744e+01 -4.772084e+01 2.100000e+00
      vertex 1.639520e+01 -4.748973e+01 2.100000e+00
    endloop
  endfacet
  facet normal -9.063312e-01 4.225680e-01 0.000000e+00
    outer loop
      vertex 1.639520e+01 -4.748973e+01 2.100000e+00
      vertex 1.628744e+01 -4.772084e+01 2.100000e+00
      vertex 1.628744e+01 -4.772084e+01 2.865000e+00
    endloop
  endfacet
  facet normal -9.063312e-01 4.225680e-01 0.000000e+00
    outer loop
      vertex 1.639520e+01 -4.748973e+01 2.100000e+00
      vertex 1.628744e+01 -4.772084e+01 2.865000e+00
      vertex 1.639520e+01 -4.748973e+01 2.865000e+00
    endloop
  endfacet
  facet normal -9.063252e-01 4.225810e-01 0.000000e+00
    outer loop
      vertex 1.628744e+01 -4.772084e+01 2.865000e+00
      vertex 1.623356e+01 -4.783640e+01 2.865000e+00
      vertex 1.623356e+01 -4.783640e+01 3.247500e+00
    endloop
  endfacet
  facet normal -9.063252e-01 4.225810e-01 0.000000e+00
    outer loop
      vertex 1.628744e+01 -4.772084e+01 2.865000e+00
      vertex 1.623356e+01 -4.783640e+01 3.247500e+00
      vertex 1.628744e+01 -4.772084e+01 3.247500e+00
    endloop
  endfacet
  facet normal -9.063366e-01 4.225565e-01 0.000000e+00
    outer loop
      vertex 1.622617e+01 -4.785226e+01 3.600000e+00
      vertex 1.618391e+01 -4.794290e+01 3.300000e+00
      vertex 1.618391e+01 -4.794290e+01 3.600000e+00
    endloop
  endfacet
  facet normal -9.063366e-01 4.225565e-01 0.000000e+00
    outer loop
      vertex 1.618391e+01 -4.794290e+01 2.700000e+00
      vertex 1.623356e+01 -4.783640e+01 2.865000e+00
      vertex 1.618391e+01 -4.794290e+01 2.400000e+00
    endloop
  endfacet
  facet normal -9.063366e-01 4.225565e-01 0.000000e+00
    outer loop
      vertex 1.618391e+01 -4.794290e+01 3.300000e+00
      vertex 1.623356e+01 -4.783640e+01 3.247500e+00
      vertex 1.618391e+01 -4.794290e+01 3.000000e+00
    endloop
  endfacet
  facet normal -9.063252e-01 4.225810e-01 1.339500e-06
    outer loop
      vertex 1.628744e+01 -4.772084e+01 3.247500e+00
      vertex 1.623356e+01 -4.783640e+01 3.247500e+00
      vertex 1.622617e+01 -4.785226e+01 3.600000e+00
    endloop
  endfacet
  facet normal -9.063366e-01 4.225565e-01 0.000000e+00
    outer loop
      vertex 1.618391e+01 -4.794290e+01 2.700000e+00
      vertex 1.618391e+01 -4.794290e+01 3.000000e+00
      vertex 1.623356e+01 -4.783640e+01 2.865000e+00
    endloop
  endfacet
  facet normal -9.063366e-01 4.225565e-01 0.000000e+00
    outer loop
      vertex 1.623356e+01 -4.783640e+01 3.247500e+00
      vertex 1.623356e+01 -4.783640e+01 2.865000e+00
      vertex 1.618391e+01 -4.794290e+01 3.000000e+00
    endloop
  endfacet
  facet normal -9.063366e-01 4.225565e-01 0.000000e+00
    outer loop
      vertex 1.622617e+01 -4.785226e+01 3.600000e+00
      vertex 1.623356e+01 -4.783640e+01 3.247500e+00
      vertex 1.618391e+01 -4.794290e+01 3.300000e+00
    endloop
  endfacet
  facet normal -9.063306e-01 4.225693e-01 0.000000e+00
    outer loop
      vertex 1.628744e+01 -4.772084e+01 2.100000e+00
      vertex 1.618391e+01 -4.794290e+01 2.100000e+00
      vertex 1.618391e+01 -4.794290e+01 2.400000e+00
    endloop
  endfacet
  facet normal -9.063366e-01 4.225565e-01 0.000000e+00
    outer loop
      vertex 1.623356e+01 -4.783640e+01 1.335000e+00
      vertex 1.618391e+01 -4.794290e+01 1.200000e+00
      vertex 1.618391e+01 -4.794290e+01 1.500000e+00
    endloop
  endfacet
  facet normal -9.063366e-01 4.225565e-01 0.000000e+00
    outer loop
      vertex 1.623356e+01 -4.783640e+01 1.335000e+00
      vertex 1.618391e+01 -4.794290e+01 1.500000e+00
      vertex 1.618391e+01 -4.794290e+01 1.800000e+00
    endloop
  endfacet
  facet normal -9.063366e-01 4.225565e-01 0.000000e+00
    outer loop
      vertex 1.618391e+01 -4.794290e+01 9.000000e-01
      vertex 1.618391e+01 -4.794290e+01 1.200000e+00
      vertex 1.623356e+01 -4.783640e+01 9.525000e-01
    endloop
  endfacet
  facet normal -9.063306e-01 4.225693e-01 0.000000e+00
    outer loop
      vertex 1.618391e+01 -4.794290e+01 1.800000e+00
      vertex 1.618391e+01 -4.794290e+01 2.100000e+00
      vertex 1.628744e+01 -4.772084e+01 2.100000e+00
    endloop
  endfacet
  facet normal -9.063366e-01 4.225565e-01 0.000000e+00
    outer loop
      vertex 1.618391e+01 -4.794290e+01 6.000000e-01
      vertex 1.618391e+01 -4.794290e+01 9.000000e-01
      vertex 1.622617e+01 -4.785226e+01 6.000000e-01
    endloop
  endfacet
  facet normal -9.063366e-01 4.225565e-01 0.000000e+00
    outer loop
      vertex 1.618391e+01 -4.794290e+01 9.000000e-01
      vertex 1.623356e+01 -4.783640e+01 9.525000e-01
      vertex 1.622617e+01 -4.785226e+01 6.000000e-01
    endloop
  endfacet
  facet normal -9.063366e-01 4.225565e-01 0.000000e+00
    outer loop
      vertex 1.623356e+01 -4.783640e+01 1.335000e+00
      vertex 1.623356e+01 -4.783640e+01 9.525000e-01
      vertex 1.618391e+01 -4.794290e+01 1.200000e+00
    endloop
  endfacet
  facet normal -9.063320e-01 4.225663e-01 2.709578e-06
    outer loop
      vertex 1.618391e+01 -4.794290e+01 1.800000e+00
      vertex 1.628744e+01 -4.772084e+01 2.100000e+00
      vertex 1.623356e+01 -4.783640e+01 1.335000e+00
    endloop
  endfacet
  facet normal -9.063320e-01 4.225663e-01 -2.709578e-06
    outer loop
      vertex 1.623356e+01 -4.783640e+01 2.865000e+00
      vertex 1.628744e+01 -4.772084e+01 2.100000e+00
      vertex 1.618391e+01 -4.794290e+01 2.400000e+00
    endloop
  endfacet
  facet normal -9.063252e-01 4.225810e-01 0.000000e+00
    outer loop
      vertex 1.628744e+01 -4.772084e+01 2.865000e+00
      vertex 1.628744e+01 -4.772084e+01 2.100000e+00
      vertex 1.623356e+01 -4.783640e+01 2.865000e+00
    endloop
  endfacet
  facet normal -9.063312e-01 4.225680e-01 0.000000e+00
    outer loop
      vertex 1.639520e+01 -4.748973e+01 2.865000e+00
      vertex 1.628744e+01 -4.772084e+01 2.865000e+00
      vertex 1.628744e+01 -4.772084e+01 3.247500e+00
    endloop
  endfacet
  facet normal -9.063296e-01 4.225715e-01 2.547183e-06
    outer loop
      vertex 1.639520e+01 -4.748973e+01 2.865000e+00
      vertex 1.628744e+01 -4.772084e+01 3.247500e+00
      vertex 1.660648e+01 -4.703656e+01 3.600000e+00
    endloop
  endfacet
  facet normal -9.063252e-01 4.225810e-01 0.000000e+00
    outer loop
      vertex 1.628744e+01 -4.772084e+01 2.100000e+00
      vertex 1.628744e+01 -4.772084e+01 1.335000e+00
      vertex 1.623356e+01 -4.783640e+01 1.335000e+00
    endloop
  endfacet
  facet normal -9.063280e-01 4.225748e-01 0.000000e+00
    outer loop
      vertex 1.660648e+01 -4.703656e+01 3.100000e+00
      vertex 1.660648e+01 -4.703656e+01 2.600000e+00
      vertex 1.639520e+01 -4.748973e+01 2.865000e+00
    endloop
  endfacet
  facet normal -9.063280e-01 4.225748e-01 0.000000e+00
    outer loop
      vertex 1.660648e+01 -4.703656e+01 2.100000e+00
      vertex 1.639520e+01 -4.748973e+01 2.100000e+00
      vertex 1.660648e+01 -4.703656e+01 2.600000e+00
    endloop
  endfacet
  facet normal -9.063280e-01 4.225748e-01 0.000000e+00
    outer loop
      vertex 1.660648e+01 -4.703656e+01 2.600000e+00
      vertex 1.639520e+01 -4.748973e+01 2.100000e+00
      vertex 1.639520e+01 -4.748973e+01 2.865000e+00
    endloop
  endfacet
  facet normal -9.063280e-01 4.225748e-01 0.000000e+00
    outer loop
      vertex 1.660648e+01 -4.703656e+01 3.600000e+00
      vertex 1.660648e+01 -4.703656e+01 3.100000e+00
      vertex 1.639520e+01 -4.748973e+01 2.865000e+00
    endloop
  endfacet
  facet normal -9.063287e-01 4.225734e-01 -2.095118e-06
    outer loop
      vertex 1.660648e+01 -4.703656e+01 3.600000e+00
      vertex 1.628744e+01 -4.772084e+01 3.247500e+00
      vertex 1.622617e+01 -4.785226e+01 3.600000e+00
    endloop
  endfacet
  facet normal -9.063312e-01 4.225680e-01 0.000000e+00
    outer loop
      vertex 1.628744e+01 -4.772084e+01 9.525000e-01
      vertex 1.628744e+01 -4.772084e+01 1.335000e+00
      vertex 1.639520e+01 -4.748973e+01 1.335000e+00
    endloop
  endfacet
  facet normal -9.063287e-01 4.225734e-01 2.095118e-06
    outer loop
      vertex 1.622617e+01 -4.785226e+01 6.000000e-01
      vertex 1.628744e+01 -4.772084e+01 9.525000e-01
      vertex 1.660648e+01 -4.703656e+01 6.000000e-01
    endloop
  endfacet
  facet normal -9.063296e-01 4.225715e-01 -2.547182e-06
    outer loop
      vertex 1.628744e+01 -4.772084e+01 9.525000e-01
      vertex 1.639520e+01 -4.748973e+01 1.335000e+00
      vertex 1.660648e+01 -4.703656e+01 6.000000e-01
    endloop
  endfacet
  facet normal -9.063280e-01 4.225748e-01 0.000000e+00
    outer loop
      vertex 1.660648e+01 -4.703656e+01 1.600000e+00
      vertex 1.660648e+01 -4.703656e+01 1.100000e+00
      vertex 1.639520e+01 -4.748973e+01 1.335000e+00
    endloop
  endfacet
  facet normal -9.063280e-01 4.225748e-01 0.000000e+00
    outer loop
      vertex 1.660648e+01 -4.703656e+01 1.100000e+00
      vertex 1.660648e+01 -4.703656e+01 6.000000e-01
      vertex 1.639520e+01 -4.748973e+01 1.335000e+00
    endloop
  endfacet
  facet normal -9.063280e-01 4.225748e-01 0.000000e+00
    outer loop
      vertex 1.639520e+01 -4.748973e+01 1.335000e+00
      vertex 1.639520e+01 -4.748973e+01 2.100000e+00
      vertex 1.660648e+01 -4.703656e+01 2.100000e+00
    endloop
  endfacet
  facet normal -9.063280e-01 4.225748e-01 0.000000e+00
    outer loop
      vertex 1.639520e+01 -4.748973e+01 1.335000e+00
      vertex 1.660648e+01 -4.703656e+01 2.100000e+00
      vertex 1.660648e+01 -4.703656e+01 1.600000e+00
    endloop
  endfacet
  facet normal -9.063252e-01 4.225810e-01 -1.339500e-06
    outer loop
      vertex 1.623356e+01 -4.783640e+01 9.525000e-01
      vertex 1.628744e+01 -4.772084e+01 9.525000e-01
      vertex 1.622617e+01 -4.785226e+01 6.000000e-01
    endloop
  endfacet
endsolid Default
