solid Default
  facet normal -1.551486e-15 -1.253332e-01 9.921147e-01
    outer loop
      vertex 5.025610e+01 3.441619e+00 5.288086e+00
      vertex 4.969067e+01 3.441619e+00 5.288086e+00
      vertex 5.025610e+01 1.407348e-06 4.853027e+00
    endloop
  endfacet
  facet normal -4.556973e-15 -3.681245e-01 9.297765e-01
    outer loop
      vertex 4.969067e+01 3.441619e+00 5.288086e+00
      vertex 5.025610e+01 3.441619e+00 5.288086e+00
      vertex 4.969067e+01 6.666990e+00 6.564941e+00
    endloop
  endfacet
  facet normal -7.276127e-15 -5.877852e-01 8.090170e-01
    outer loop
      vertex 5.025610e+01 9.473447e+00 8.604004e+00
      vertex 4.969067e+01 9.473447e+00 8.604004e+00
      vertex 5.025610e+01 6.666990e+00 6.564941e+00
    endloop
  endfacet
  facet normal -9.538098e-15 -7.705132e-01 6.374240e-01
    outer loop
      vertex 4.969067e+01 9.473447e+00 8.604004e+00
      vertex 5.025610e+01 9.473447e+00 8.604004e+00
      vertex 4.969067e+01 1.168466e+01 1.127686e+01
    endloop
  endfacet
  facet normal 1.662140e-16 -9.048271e-01 4.257793e-01
    outer loop
      vertex 5.025610e+01 1.316167e+01 1.441553e+01
      vertex 4.969067e+01 1.316167e+01 1.441553e+01
      vertex 5.025610e+01 1.168466e+01 1.127686e+01
    endloop
  endfacet
  facet normal 1.804432e-16 -9.822872e-01 1.873813e-01
    outer loop
      vertex 4.969067e+01 1.316167e+01 1.441553e+01
      vertex 5.025610e+01 1.316167e+01 1.441553e+01
      vertex 4.969067e+01 1.381169e+01 1.782324e+01
    endloop
  endfacet
  facet normal 1.833345e-16 -9.980267e-01 -6.279052e-02
    outer loop
      vertex 5.025610e+01 1.359387e+01 2.128516e+01
      vertex 4.969067e+01 1.359387e+01 2.128516e+01
      vertex 5.025610e+01 1.381169e+01 1.782324e+01
    endloop
  endfacet
  facet normal 1.747062e-16 -9.510565e-01 -3.090170e-01
    outer loop
      vertex 4.969067e+01 1.359387e+01 2.128516e+01
      vertex 5.025610e+01 1.359387e+01 2.128516e+01
      vertex 4.969067e+01 1.252190e+01 2.458447e+01
    endloop
  endfacet
  facet normal 1.076204e-14 -8.443279e-01 -5.358268e-01
    outer loop
      vertex 5.025610e+01 1.066313e+01 2.751318e+01
      vertex 4.969067e+01 1.066313e+01 2.751318e+01
      vertex 5.025610e+01 1.252190e+01 2.458447e+01
    endloop
  endfacet
  facet normal 8.725431e-15 -6.845471e-01 -7.289686e-01
    outer loop
      vertex 4.969067e+01 1.066313e+01 2.751318e+01
      vertex 5.025610e+01 1.066313e+01 2.751318e+01
      vertex 4.969067e+01 8.134361e+00 2.988818e+01
    endloop
  endfacet
  facet normal 9.166603e-15 -4.817537e-01 -8.763067e-01
    outer loop
      vertex 5.025610e+01 5.094476e+00 3.155908e+01
      vertex 4.969067e+01 5.094476e+00 3.155908e+01
      vertex 5.025610e+01 8.134361e+00 2.988818e+01
    endloop
  endfacet
  facet normal 4.731965e-15 -2.486899e-01 -9.685832e-01
    outer loop
      vertex 4.969067e+01 5.094476e+00 3.155908e+01
      vertex 5.025610e+01 5.094476e+00 3.155908e+01
      vertex 4.969067e+01 1.734487e+00 3.242188e+01
    endloop
  endfacet
  facet normal 4.499279e-32 -2.449294e-16 -1.000000e+00
    outer loop
      vertex 5.025610e+01 -1.734486e+00 3.242188e+01
      vertex 4.969067e+01 -1.734486e+00 3.242188e+01
      vertex 5.025610e+01 1.734487e+00 3.242188e+01
    endloop
  endfacet
  facet normal -3.169872e-15 2.486899e-01 -9.685832e-01
    outer loop
      vertex 4.969067e+01 -1.734486e+00 3.242188e+01
      vertex 5.025610e+01 -1.734486e+00 3.242188e+01
      vertex 4.969067e+01 -5.094475e+00 3.155908e+01
    endloop
  endfacet
  facet normal -3.114533e-15 4.817537e-01 -8.763067e-01
    outer loop
      vertex 5.025610e+01 -8.134359e+00 2.988818e+01
      vertex 4.969067e+01 -8.134359e+00 2.988818e+01
      vertex 5.025610e+01 -5.094475e+00 3.155908e+01
    endloop
  endfacet
  facet normal -4.425590e-15 6.845471e-01 -7.289686e-01
    outer loop
      vertex 4.969067e+01 -8.134359e+00 2.988818e+01
      vertex 5.025610e+01 -8.134359e+00 2.988818e+01
      vertex 4.969067e+01 -1.066313e+01 2.751318e+01
    endloop
  endfacet
  facet normal -5.458571e-15 8.443279e-01 -5.358268e-01
    outer loop
      vertex 5.025610e+01 -1.252190e+01 2.458447e+01
      vertex 4.969067e+01 -1.252190e+01 2.458447e+01
      vertex 5.025610e+01 -1.066313e+01 2.751318e+01
    endloop
  endfacet
  facet normal -6.148570e-15 9.510565e-01 -3.090170e-01
    outer loop
      vertex 4.969067e+01 -1.252190e+01 2.458447e+01
      vertex 5.025610e+01 -1.252190e+01 2.458447e+01
      vertex 4.969067e+01 -1.359387e+01 2.128516e+01
    endloop
  endfacet
  facet normal -1.833345e-16 9.980267e-01 -6.279052e-02
    outer loop
      vertex 5.025610e+01 -1.381169e+01 1.782324e+01
      vertex 4.969067e+01 -1.381169e+01 1.782324e+01
      vertex 5.025610e+01 -1.359387e+01 2.128516e+01
    endloop
  endfacet
  facet normal -1.804432e-16 9.822872e-01 1.873813e-01
    outer loop
      vertex 4.969067e+01 -1.381169e+01 1.782324e+01
      vertex 5.025610e+01 -1.381169e+01 1.782324e+01
      vertex 4.969067e+01 -1.316167e+01 1.441553e+01
    endloop
  endfacet
  facet normal 5.517269e-15 9.048271e-01 4.257793e-01
    outer loop
      vertex 5.025610e+01 -1.168465e+01 1.127686e+01
      vertex 4.969067e+01 -1.168465e+01 1.127686e+01
      vertex 5.025610e+01 -1.316167e+01 1.441553e+01
    endloop
  endfacet
  facet normal 4.698278e-15 7.705132e-01 6.374240e-01
    outer loop
      vertex 4.969067e+01 -1.168465e+01 1.127686e+01
      vertex 5.025610e+01 -1.168465e+01 1.127686e+01
      vertex 4.969067e+01 -9.473446e+00 8.604004e+00
    endloop
  endfacet
  facet normal -1.079744e-16 5.877852e-01 8.090170e-01
    outer loop
      vertex 5.025610e+01 -6.666988e+00 6.564941e+00
      vertex 4.969067e+01 -6.666988e+00 6.564941e+00
      vertex 5.025610e+01 -9.473446e+00 8.604004e+00
    endloop
  endfacet
  facet normal -6.762338e-17 3.681245e-01 9.297765e-01
    outer loop
      vertex 4.969067e+01 -6.666988e+00 6.564941e+00
      vertex 5.025610e+01 -6.666988e+00 6.564941e+00
      vertex 4.969067e+01 -3.441618e+00 5.288086e+00
    endloop
  endfacet
  facet normal -2.302334e-17 1.253332e-01 9.921147e-01
    outer loop
      vertex 5.025610e+01 1.407348e-06 4.853027e+00
      vertex 4.969067e+01 1.407348e-06 4.853027e+00
      vertex 5.025610e+01 -3.441618e+00 5.288086e+00
    endloop
  endfacet
  facet normal 1.551486e-15 1.253332e-01 9.921147e-01
    outer loop
      vertex 4.969067e+01 1.407348e-06 4.853027e+00
      vertex 4.969067e+01 -3.441618e+00 5.288086e+00
      vertex 5.025610e+01 -3.441618e+00 5.288086e+00
    endloop
  endfacet
  facet normal 4.556973e-15 3.681245e-01 9.297765e-01
    outer loop
      vertex 5.025610e+01 -3.441618e+00 5.288086e+00
      vertex 4.969067e+01 -3.441618e+00 5.288086e+00
      vertex 5.025610e+01 -6.666988e+00 6.564941e+00
    endloop
  endfacet
  facet normal 9.122154e-15 5.877852e-01 8.090170e-01
    outer loop
      vertex 4.969067e+01 -6.666988e+00 6.564941e+00
      vertex 4.969067e+01 -9.473446e+00 8.604004e+00
      vertex 5.025610e+01 -9.473446e+00 8.604004e+00
    endloop
  endfacet
  facet normal 1.195801e-14 7.705132e-01 6.374240e-01
    outer loop
      vertex 5.025610e+01 -9.473446e+00 8.604004e+00
      vertex 4.969067e+01 -9.473446e+00 8.604004e+00
      vertex 5.025610e+01 -1.168465e+01 1.127686e+01
    endloop
  endfacet
  facet normal -1.662140e-16 9.048271e-01 4.257793e-01
    outer loop
      vertex 4.969067e+01 -1.168465e+01 1.127686e+01
      vertex 4.969067e+01 -1.316167e+01 1.441553e+01
      vertex 5.025610e+01 -1.316167e+01 1.441553e+01
    endloop
  endfacet
  facet normal -1.804432e-16 9.822872e-01 1.873813e-01
    outer loop
      vertex 5.025610e+01 -1.316167e+01 1.441553e+01
      vertex 4.969067e+01 -1.316167e+01 1.441553e+01
      vertex 5.025610e+01 -1.381169e+01 1.782324e+01
    endloop
  endfacet
  facet normal -3.317784e-15 9.980267e-01 -6.279052e-02
    outer loop
      vertex 4.969067e+01 -1.381169e+01 1.782324e+01
      vertex 4.969067e+01 -1.359387e+01 2.128516e+01
      vertex 5.025610e+01 -1.359387e+01 2.128516e+01
    endloop
  endfacet
  facet normal -3.161638e-15 9.510565e-01 -3.090170e-01
    outer loop
      vertex 5.025610e+01 -1.359387e+01 2.128516e+01
      vertex 4.969067e+01 -1.359387e+01 2.128516e+01
      vertex 5.025610e+01 -1.252190e+01 2.458447e+01
    endloop
  endfacet
  facet normal -8.110307e-15 8.443279e-01 -5.358268e-01
    outer loop
      vertex 4.969067e+01 -1.252190e+01 2.458447e+01
      vertex 4.969067e+01 -1.066313e+01 2.751318e+01
      vertex 5.025610e+01 -1.066313e+01 2.751318e+01
    endloop
  endfacet
  facet normal -6.575510e-15 6.845471e-01 -7.289686e-01
    outer loop
      vertex 5.025610e+01 -1.066313e+01 2.751318e+01
      vertex 4.969067e+01 -1.066313e+01 2.751318e+01
      vertex 5.025610e+01 -8.134359e+00 2.988818e+01
    endloop
  endfacet
  facet normal -9.166603e-15 4.817537e-01 -8.763067e-01
    outer loop
      vertex 4.969067e+01 -8.134359e+00 2.988818e+01
      vertex 4.969067e+01 -5.094475e+00 3.155908e+01
      vertex 5.025610e+01 -5.094475e+00 3.155908e+01
    endloop
  endfacet
  facet normal -4.731965e-15 2.486899e-01 -9.685832e-01
    outer loop
      vertex 5.025610e+01 -5.094475e+00 3.155908e+01
      vertex 4.969067e+01 -5.094475e+00 3.155908e+01
      vertex 5.025610e+01 -1.734486e+00 3.242188e+01
    endloop
  endfacet
  facet normal 4.499279e-32 -2.449294e-16 -1.000000e+00
    outer loop
      vertex 4.969067e+01 -1.734486e+00 3.242188e+01
      vertex 4.969067e+01 1.734487e+00 3.242188e+01
      vertex 5.025610e+01 1.734487e+00 3.242188e+01
    endloop
  endfacet
  facet normal 3.169872e-15 -2.486899e-01 -9.685832e-01
    outer loop
      vertex 5.025610e+01 1.734487e+00 3.242188e+01
      vertex 4.969067e+01 1.734487e+00 3.242188e+01
      vertex 5.025610e+01 5.094476e+00 3.155908e+01
    endloop
  endfacet
  facet normal 3.114533e-15 -4.817537e-01 -8.763067e-01
    outer loop
      vertex 4.969067e+01 5.094476e+00 3.155908e+01
      vertex 4.969067e+01 8.134361e+00 2.988818e+01
      vertex 5.025610e+01 8.134361e+00 2.988818e+01
    endloop
  endfacet
  facet normal 4.425590e-15 -6.845471e-01 -7.289686e-01
    outer loop
      vertex 5.025610e+01 8.134361e+00 2.988818e+01
      vertex 4.969067e+01 8.134361e+00 2.988818e+01
      vertex 5.025610e+01 1.066313e+01 2.751318e+01
    endloop
  endfacet
  facet normal 1.076204e-14 -8.443279e-01 -5.358268e-01
    outer loop
      vertex 4.969067e+01 1.066313e+01 2.751318e+01
      vertex 4.969067e+01 1.252190e+01 2.458447e+01
      vertex 5.025610e+01 1.252190e+01 2.458447e+01
    endloop
  endfacet
  facet normal 1.212243e-14 -9.510565e-01 -3.090170e-01
    outer loop
      vertex 5.025610e+01 1.252190e+01 2.458447e+01
      vertex 4.969067e+01 1.252190e+01 2.458447e+01
      vertex 5.025610e+01 1.359387e+01 2.128516e+01
    endloop
  endfacet
  facet normal 1.833345e-16 -9.980267e-01 -6.279052e-02
    outer loop
      vertex 4.969067e+01 1.359387e+01 2.128516e+01
      vertex 4.969067e+01 1.381169e+01 1.782324e+01
      vertex 5.025610e+01 1.381169e+01 1.782324e+01
    endloop
  endfacet
  facet normal 1.804432e-16 -9.822872e-01 1.873813e-01
    outer loop
      vertex 5.025610e+01 1.381169e+01 1.782324e+01
      vertex 4.969067e+01 1.381169e+01 1.782324e+01
      vertex 5.025610e+01 1.316167e+01 1.441553e+01
    endloop
  endfacet
  facet normal 1.662140e-16 -9.048271e-01 4.257793e-01
    outer loop
      vertex 4.969067e+01 1.316167e+01 1.441553e+01
      vertex 4.969067e+01 1.168466e+01 1.127686e+01
      vertex 5.025610e+01 1.168466e+01 1.127686e+01
    endloop
  endfacet
  facet normal 1.415410e-16 -7.705132e-01 6.374240e-01
    outer loop
      vertex 5.025610e+01 1.168466e+01 1.127686e+01
      vertex 4.969067e+01 1.168466e+01 1.127686e+01
      vertex 5.025610e+01 9.473447e+00 8.604004e+00
    endloop
  endfacet
  facet normal 1.079744e-16 -5.877852e-01 8.090170e-01
    outer loop
      vertex 4.969067e+01 9.473447e+00 8.604004e+00
      vertex 4.969067e+01 6.666990e+00 6.564941e+00
      vertex 5.025610e+01 6.666990e+00 6.564941e+00
    endloop
  endfacet
  facet normal 6.762338e-17 -3.681245e-01 9.297765e-01
    outer loop
      vertex 5.025610e+01 6.666990e+00 6.564941e+00
      vertex 4.969067e+01 6.666990e+00 6.564941e+00
      vertex 5.025610e+01 3.441619e+00 5.288086e+00
    endloop
  endfacet
  facet normal 2.302334e-17 -1.253332e-01 9.921147e-01
    outer loop
      vertex 4.969067e+01 3.441619e+00 5.288086e+00
      vertex 4.969067e+01 1.407348e-06 4.853027e+00
      vertex 5.025610e+01 1.407348e-06 4.853027e+00
    endloop
  endfacet
  facet normal 1.000000e+00 1.836970e-16 0.000000e+00
    outer loop
      vertex 5.025610e+01 1.358066e+01 0.000000e+00
      vertex 5.025610e+01 1.407348e-06 4.853027e+00
      vertex 5.025610e+01 -1.358066e+01 0.000000e+00
    endloop
  endfacet
  facet normal 1.000000e+00 1.836970e-16 -0.000000e+00
    outer loop
      vertex 5.025610e+01 2.197392e+01 2.583203e+01
      vertex 5.025610e+01 1.316167e+01 1.441553e+01
      vertex 5.025610e+01 1.358066e+01 0.000000e+00
    endloop
  endfacet
  facet normal 1.000000e+00 1.836970e-16 0.000000e+00
    outer loop
      vertex 5.025610e+01 1.407348e-06 4.179688e+01
      vertex 5.025610e+01 8.134361e+00 2.988818e+01
      vertex 5.025610e+01 2.197392e+01 2.583203e+01
    endloop
  endfacet
  facet normal 1.000000e+00 1.836970e-16 0.000000e+00
    outer loop
      vertex 5.025610e+01 -2.197392e+01 2.583203e+01
      vertex 5.025610e+01 -8.134359e+00 2.988818e+01
      vertex 5.025610e+01 1.407348e-06 4.179688e+01
    endloop
  endfacet
  facet normal 1.000000e+00 1.836970e-16 0.000000e+00
    outer loop
      vertex 5.025610e+01 -1.358066e+01 0.000000e+00
      vertex 5.025610e+01 -1.316167e+01 1.441553e+01
      vertex 5.025610e+01 -2.197392e+01 2.583203e+01
    endloop
  endfacet
  facet normal 1.000000e+00 1.836970e-16 0.000000e+00
    outer loop
      vertex 5.025610e+01 1.407348e-06 4.853027e+00
      vertex 5.025610e+01 -3.441618e+00 5.288086e+00
      vertex 5.025610e+01 -1.358066e+01 0.000000e+00
    endloop
  endfacet
  facet normal 1.000000e+00 1.836970e-16 0.000000e+00
    outer loop
      vertex 5.025610e+01 -3.441618e+00 5.288086e+00
      vertex 5.025610e+01 -6.666988e+00 6.564941e+00
      vertex 5.025610e+01 -1.358066e+01 0.000000e+00
    endloop
  endfacet
  facet normal 1.000000e+00 1.836970e-16 0.000000e+00
    outer loop
      vertex 5.025610e+01 -6.666988e+00 6.564941e+00
      vertex 5.025610e+01 -9.473446e+00 8.604004e+00
      vertex 5.025610e+01 -1.358066e+01 0.000000e+00
    endloop
  endfacet
  facet normal 1.000000e+00 1.836970e-16 0.000000e+00
    outer loop
      vertex 5.025610e+01 -9.473446e+00 8.604004e+00
      vertex 5.025610e+01 -1.168465e+01 1.127686e+01
      vertex 5.025610e+01 -1.358066e+01 0.000000e+00
    endloop
  endfacet
  facet normal 1.000000e+00 1.836970e-16 0.000000e+00
    outer loop
      vertex 5.025610e+01 -1.168465e+01 1.127686e+01
      vertex 5.025610e+01 -1.316167e+01 1.441553e+01
      vertex 5.025610e+01 -1.358066e+01 0.000000e+00
    endloop
  endfacet
  facet normal 1.000000e+00 1.836970e-16 0.000000e+00
    outer loop
      vertex 5.025610e+01 -1.316167e+01 1.441553e+01
      vertex 5.025610e+01 -1.381169e+01 1.782324e+01
      vertex 5.025610e+01 -2.197392e+01 2.583203e+01
    endloop
  endfacet
  facet normal 1.000000e+00 1.836970e-16 0.000000e+00
    outer loop
      vertex 5.025610e+01 -1.381169e+01 1.782324e+01
      vertex 5.025610e+01 -1.359387e+01 2.128516e+01
      vertex 5.025610e+01 -2.197392e+01 2.583203e+01
    endloop
  endfacet
  facet normal 1.000000e+00 1.836970e-16 0.000000e+00
    outer loop
      vertex 5.025610e+01 -1.359387e+01 2.128516e+01
      vertex 5.025610e+01 -1.252190e+01 2.458447e+01
      vertex 5.025610e+01 -2.197392e+01 2.583203e+01
    endloop
  endfacet
  facet normal 1.000000e+00 1.836970e-16 0.000000e+00
    outer loop
      vertex 5.025610e+01 -1.252190e+01 2.458447e+01
      vertex 5.025610e+01 -1.066313e+01 2.751318e+01
      vertex 5.025610e+01 -2.197392e+01 2.583203e+01
    endloop
  endfacet
  facet normal 1.000000e+00 1.836970e-16 0.000000e+00
    outer loop
      vertex 5.025610e+01 -1.066313e+01 2.751318e+01
      vertex 5.025610e+01 -8.134359e+00 2.988818e+01
      vertex 5.025610e+01 -2.197392e+01 2.583203e+01
    endloop
  endfacet
  facet normal 1.000000e+00 1.836970e-16 0.000000e+00
    outer loop
      vertex 5.025610e+01 -8.134359e+00 2.988818e+01
      vertex 5.025610e+01 -5.094475e+00 3.155908e+01
      vertex 5.025610e+01 1.407348e-06 4.179688e+01
    endloop
  endfacet
  facet normal 1.000000e+00 1.836970e-16 0.000000e+00
    outer loop
      vertex 5.025610e+01 -5.094475e+00 3.155908e+01
      vertex 5.025610e+01 -1.734486e+00 3.242188e+01
      vertex 5.025610e+01 1.407348e-06 4.179688e+01
    endloop
  endfacet
  facet normal 1.000000e+00 1.836970e-16 0.000000e+00
    outer loop
      vertex 5.025610e+01 -1.734486e+00 3.242188e+01
      vertex 5.025610e+01 1.734487e+00 3.242188e+01
      vertex 5.025610e+01 1.407348e-06 4.179688e+01
    endloop
  endfacet
  facet normal 1.000000e+00 1.836970e-16 0.000000e+00
    outer loop
      vertex 5.025610e+01 1.734487e+00 3.242188e+01
      vertex 5.025610e+01 5.094476e+00 3.155908e+01
      vertex 5.025610e+01 1.407348e-06 4.179688e+01
    endloop
  endfacet
  facet normal 1.000000e+00 1.836970e-16 0.000000e+00
    outer loop
      vertex 5.025610e+01 5.094476e+00 3.155908e+01
      vertex 5.025610e+01 8.134361e+00 2.988818e+01
      vertex 5.025610e+01 1.407348e-06 4.179688e+01
    endloop
  endfacet
  facet normal 1.000000e+00 1.836970e-16 0.000000e+00
    outer loop
      vertex 5.025610e+01 8.134361e+00 2.988818e+01
      vertex 5.025610e+01 1.066313e+01 2.751318e+01
      vertex 5.025610e+01 2.197392e+01 2.583203e+01
    endloop
  endfacet
  facet normal 1.000000e+00 1.836970e-16 0.000000e+00
    outer loop
      vertex 5.025610e+01 1.066313e+01 2.751318e+01
      vertex 5.025610e+01 1.252190e+01 2.458447e+01
      vertex 5.025610e+01 2.197392e+01 2.583203e+01
    endloop
  endfacet
  facet normal 1.000000e+00 1.836970e-16 0.000000e+00
    outer loop
      vertex 5.025610e+01 1.252190e+01 2.458447e+01
      vertex 5.025610e+01 1.359387e+01 2.128516e+01
      vertex 5.025610e+01 2.197392e+01 2.583203e+01
    endloop
  endfacet
  facet normal 1.000000e+00 1.836970e-16 0.000000e+00
    outer loop
      vertex 5.025610e+01 1.359387e+01 2.128516e+01
      vertex 5.025610e+01 1.381169e+01 1.782324e+01
      vertex 5.025610e+01 2.197392e+01 2.583203e+01
    endloop
  endfacet
  facet normal 1.000000e+00 1.836970e-16 -0.000000e+00
    outer loop
      vertex 5.025610e+01 1.381169e+01 1.782324e+01
      vertex 5.025610e+01 1.316167e+01 1.441553e+01
      vertex 5.025610e+01 2.197392e+01 2.583203e+01
    endloop
  endfacet
  facet normal 1.000000e+00 1.836970e-16 -0.000000e+00
    outer loop
      vertex 5.025610e+01 1.316167e+01 1.441553e+01
      vertex 5.025610e+01 1.168466e+01 1.127686e+01
      vertex 5.025610e+01 1.358066e+01 0.000000e+00
    endloop
  endfacet
  facet normal 1.000000e+00 1.836970e-16 -0.000000e+00
    outer loop
      vertex 5.025610e+01 1.168466e+01 1.127686e+01
      vertex 5.025610e+01 9.473447e+00 8.604004e+00
      vertex 5.025610e+01 1.358066e+01 0.000000e+00
    endloop
  endfacet
  facet normal 1.000000e+00 1.836970e-16 -0.000000e+00
    outer loop
      vertex 5.025610e+01 9.473447e+00 8.604004e+00
      vertex 5.025610e+01 6.666990e+00 6.564941e+00
      vertex 5.025610e+01 1.358066e+01 0.000000e+00
    endloop
  endfacet
  facet normal 1.000000e+00 1.836970e-16 -0.000000e+00
    outer loop
      vertex 5.025610e+01 6.666990e+00 6.564941e+00
      vertex 5.025610e+01 3.441619e+00 5.288086e+00
      vertex 5.025610e+01 1.358066e+01 0.000000e+00
    endloop
  endfacet
  facet normal 1.000000e+00 1.836970e-16 -0.000000e+00
    outer loop
      vertex 5.025610e+01 3.441619e+00 5.288086e+00
      vertex 5.025610e+01 1.407348e-06 4.853027e+00
      vertex 5.025610e+01 1.358066e+01 0.000000e+00
    endloop
  endfacet
  facet normal 1.000000e+00 1.836970e-16 0.000000e+00
    outer loop
      vertex 4.969067e+01 -3.441618e+00 5.288086e+00
      vertex 4.969067e+01 1.407348e-06 4.853027e+00
      vertex 4.969067e+01 2.245671e-04 6.902344e+00
    endloop
  endfacet
  facet normal 1.000000e+00 1.836970e-16 0.000000e+00
    outer loop
      vertex 4.969067e+01 -3.441618e+00 5.288086e+00
      vertex 4.969067e+01 2.245671e-04 6.902344e+00
      vertex 4.969067e+01 -3.051199e+00 7.304199e+00
    endloop
  endfacet
  facet normal 1.000000e+00 1.836970e-16 0.000000e+00
    outer loop
      vertex 4.969067e+01 -3.441618e+00 5.288086e+00
      vertex 4.969067e+01 -3.051199e+00 7.304199e+00
      vertex 4.969067e+01 -6.666988e+00 6.564941e+00
    endloop
  endfacet
  facet normal 1.000000e+00 1.836970e-16 0.000000e+00
    outer loop
      vertex 4.969067e+01 6.666990e+00 6.564941e+00
      vertex 4.969067e+01 3.051649e+00 7.304199e+00
      vertex 4.969067e+01 3.441619e+00 5.288086e+00
    endloop
  endfacet
  facet normal 1.000000e+00 1.836970e-16 0.000000e+00
    outer loop
      vertex 4.969067e+01 3.051649e+00 7.304199e+00
      vertex 4.969067e+01 6.666990e+00 6.564941e+00
      vertex 4.969067e+01 5.895122e+00 8.481934e+00
    endloop
  endfacet
  facet normal 1.000000e+00 1.836970e-16 -0.000000e+00
    outer loop
      vertex 4.969067e+01 1.168466e+01 1.127686e+01
      vertex 4.969067e+01 8.336870e+00 1.035547e+01
      vertex 4.969067e+01 9.473447e+00 8.604004e+00
    endloop
  endfacet
  facet normal 1.000000e+00 1.836970e-16 0.000000e+00
    outer loop
      vertex 4.969067e+01 8.336870e+00 1.035547e+01
      vertex 4.969067e+01 1.168466e+01 1.127686e+01
      vertex 4.969067e+01 1.021049e+01 1.279736e+01
    endloop
  endfacet
  facet normal 1.000000e+00 1.836970e-16 -0.000000e+00
    outer loop
      vertex 4.969067e+01 1.381169e+01 1.782324e+01
      vertex 4.969067e+01 1.138829e+01 1.564063e+01
      vertex 4.969067e+01 1.316167e+01 1.441553e+01
    endloop
  endfacet
  facet normal 1.000000e+00 1.836970e-16 0.000000e+00
    outer loop
      vertex 4.969067e+01 1.138829e+01 1.564063e+01
      vertex 4.969067e+01 1.381169e+01 1.782324e+01
      vertex 4.969067e+01 1.179002e+01 1.869238e+01
    endloop
  endfacet
  facet normal 1.000000e+00 1.836970e-16 -0.000000e+00
    outer loop
      vertex 4.969067e+01 1.252190e+01 2.458447e+01
      vertex 4.969067e+01 1.138829e+01 2.174365e+01
      vertex 4.969067e+01 1.359387e+01 2.128516e+01
    endloop
  endfacet
  facet normal 1.000000e+00 1.836970e-16 0.000000e+00
    outer loop
      vertex 4.969067e+01 1.138829e+01 2.174365e+01
      vertex 4.969067e+01 1.252190e+01 2.458447e+01
      vertex 4.969067e+01 1.021049e+01 2.458691e+01
    endloop
  endfacet
  facet normal 1.000000e+00 1.836970e-16 0.000000e+00
    outer loop
      vertex 4.969067e+01 8.134361e+00 2.988818e+01
      vertex 4.969067e+01 8.336870e+00 2.702881e+01
      vertex 4.969067e+01 1.066313e+01 2.751318e+01
    endloop
  endfacet
  facet normal 1.000000e+00 1.836970e-16 0.000000e+00
    outer loop
      vertex 4.969067e+01 8.336870e+00 2.702881e+01
      vertex 4.969067e+01 8.134361e+00 2.988818e+01
      vertex 4.969067e+01 5.895122e+00 2.890234e+01
    endloop
  endfacet
  facet normal 1.000000e+00 1.836970e-16 0.000000e+00
    outer loop
      vertex 4.969067e+01 1.734487e+00 3.242188e+01
      vertex 4.969067e+01 3.051649e+00 3.008008e+01
      vertex 4.969067e+01 5.094476e+00 3.155908e+01
    endloop
  endfacet
  facet normal 1.000000e+00 1.836970e-16 0.000000e+00
    outer loop
      vertex 4.969067e+01 3.051649e+00 3.008008e+01
      vertex 4.969067e+01 1.734487e+00 3.242188e+01
      vertex 4.969067e+01 2.245671e-04 3.048193e+01
    endloop
  endfacet
  facet normal 1.000000e+00 1.836970e-16 0.000000e+00
    outer loop
      vertex 4.969067e+01 -5.094475e+00 3.155908e+01
      vertex 4.969067e+01 -3.051199e+00 3.008008e+01
      vertex 4.969067e+01 -1.734486e+00 3.242188e+01
    endloop
  endfacet
  facet normal 1.000000e+00 1.836970e-16 0.000000e+00
    outer loop
      vertex 4.969067e+01 -3.051199e+00 3.008008e+01
      vertex 4.969067e+01 -5.094475e+00 3.155908e+01
      vertex 4.969067e+01 -5.894675e+00 2.890234e+01
    endloop
  endfacet
  facet normal 1.000000e+00 1.836970e-16 0.000000e+00
    outer loop
      vertex 4.969067e+01 -1.066313e+01 2.751318e+01
      vertex 4.969067e+01 -8.336422e+00 2.702881e+01
      vertex 4.969067e+01 -8.134359e+00 2.988818e+01
    endloop
  endfacet
  facet normal 1.000000e+00 1.836970e-16 0.000000e+00
    outer loop
      vertex 4.969067e+01 -8.336422e+00 2.702881e+01
      vertex 4.969067e+01 -1.066313e+01 2.751318e+01
      vertex 4.969067e+01 -1.021004e+01 2.458691e+01
    endloop
  endfacet
  facet normal 1.000000e+00 1.836970e-16 0.000000e+00
    outer loop
      vertex 4.969067e+01 -1.359387e+01 2.128516e+01
      vertex 4.969067e+01 -1.138785e+01 2.174365e+01
      vertex 4.969067e+01 -1.252190e+01 2.458447e+01
    endloop
  endfacet
  facet normal 1.000000e+00 1.836970e-16 -0.000000e+00
    outer loop
      vertex 4.969067e+01 -1.138785e+01 2.174365e+01
      vertex 4.969067e+01 -1.359387e+01 2.128516e+01
      vertex 4.969067e+01 -1.178957e+01 1.869238e+01
    endloop
  endfacet
  facet normal 1.000000e+00 1.836970e-16 0.000000e+00
    outer loop
      vertex 4.969067e+01 -1.316167e+01 1.441553e+01
      vertex 4.969067e+01 -1.138785e+01 1.564063e+01
      vertex 4.969067e+01 -1.381169e+01 1.782324e+01
    endloop
  endfacet
  facet normal 1.000000e+00 1.836970e-16 -0.000000e+00
    outer loop
      vertex 4.969067e+01 -1.138785e+01 1.564063e+01
      vertex 4.969067e+01 -1.316167e+01 1.441553e+01
      vertex 4.969067e+01 -1.021004e+01 1.279736e+01
    endloop
  endfacet
  facet normal 1.000000e+00 1.836970e-16 0.000000e+00
    outer loop
      vertex 4.969067e+01 -9.473446e+00 8.604004e+00
      vertex 4.969067e+01 -8.336422e+00 1.035547e+01
      vertex 4.969067e+01 -1.168465e+01 1.127686e+01
    endloop
  endfacet
  facet normal 1.000000e+00 1.836970e-16 -0.000000e+00
    outer loop
      vertex 4.969067e+01 -8.336422e+00 1.035547e+01
      vertex 4.969067e+01 -9.473446e+00 8.604004e+00
      vertex 4.969067e+01 -5.894675e+00 8.481934e+00
    endloop
  endfacet
  facet normal 1.000000e+00 1.836970e-16 -0.000000e+00
    outer loop
      vertex 4.969067e+01 1.138829e+01 1.564063e+01
      vertex 4.969067e+01 1.021049e+01 1.279736e+01
      vertex 4.969067e+01 1.316167e+01 1.441553e+01
    endloop
  endfacet
  facet normal 1.000000e+00 1.836970e-16 -0.000000e+00
    outer loop
      vertex 4.969067e+01 1.316167e+01 1.441553e+01
      vertex 4.969067e+01 1.021049e+01 1.279736e+01
      vertex 4.969067e+01 1.168466e+01 1.127686e+01
    endloop
  endfacet
  facet normal 1.000000e+00 1.836970e-16 -0.000000e+00
    outer loop
      vertex 4.969067e+01 8.336870e+00 1.035547e+01
      vertex 4.969067e+01 5.895122e+00 8.481934e+00
      vertex 4.969067e+01 9.473447e+00 8.604004e+00
    endloop
  endfacet
  facet normal 1.000000e+00 1.836970e-16 -0.000000e+00
    outer loop
      vertex 4.969067e+01 9.473447e+00 8.604004e+00
      vertex 4.969067e+01 5.895122e+00 8.481934e+00
      vertex 4.969067e+01 6.666990e+00 6.564941e+00
    endloop
  endfacet
  facet normal 1.000000e+00 1.836970e-16 -0.000000e+00
    outer loop
      vertex 4.969067e+01 3.051649e+00 7.304199e+00
      vertex 4.969067e+01 2.245671e-04 6.902344e+00
      vertex 4.969067e+01 3.441619e+00 5.288086e+00
    endloop
  endfacet
  facet normal 1.000000e+00 1.836970e-16 0.000000e+00
    outer loop
      vertex 4.969067e+01 -3.051199e+00 7.304199e+00
      vertex 4.969067e+01 -5.894675e+00 8.481934e+00
      vertex 4.969067e+01 -6.666988e+00 6.564941e+00
    endloop
  endfacet
  facet normal 1.000000e+00 1.836970e-16 0.000000e+00
    outer loop
      vertex 4.969067e+01 -6.666988e+00 6.564941e+00
      vertex 4.969067e+01 -5.894675e+00 8.481934e+00
      vertex 4.969067e+01 -9.473446e+00 8.604004e+00
    endloop
  endfacet
  facet normal 1.000000e+00 1.836970e-16 0.000000e+00
    outer loop
      vertex 4.969067e+01 -8.336422e+00 1.035547e+01
      vertex 4.969067e+01 -1.021004e+01 1.279736e+01
      vertex 4.969067e+01 -1.168465e+01 1.127686e+01
    endloop
  endfacet
  facet normal 1.000000e+00 1.836970e-16 0.000000e+00
    outer loop
      vertex 4.969067e+01 -1.168465e+01 1.127686e+01
      vertex 4.969067e+01 -1.021004e+01 1.279736e+01
      vertex 4.969067e+01 -1.316167e+01 1.441553e+01
    endloop
  endfacet
  facet normal 1.000000e+00 1.836970e-16 0.000000e+00
    outer loop
      vertex 4.969067e+01 -1.138785e+01 1.564063e+01
      vertex 4.969067e+01 -1.178957e+01 1.869238e+01
      vertex 4.969067e+01 -1.381169e+01 1.782324e+01
    endloop
  endfacet
  facet normal 1.000000e+00 1.836970e-16 0.000000e+00
    outer loop
      vertex 4.969067e+01 -1.381169e+01 1.782324e+01
      vertex 4.969067e+01 -1.178957e+01 1.869238e+01
      vertex 4.969067e+01 -1.359387e+01 2.128516e+01
    endloop
  endfacet
  facet normal 1.000000e+00 1.836970e-16 0.000000e+00
    outer loop
      vertex 4.969067e+01 -1.138785e+01 2.174365e+01
      vertex 4.969067e+01 -1.021004e+01 2.458691e+01
      vertex 4.969067e+01 -1.252190e+01 2.458447e+01
    endloop
  endfacet
  facet normal 1.000000e+00 1.836970e-16 0.000000e+00
    outer loop
      vertex 4.969067e+01 -1.252190e+01 2.458447e+01
      vertex 4.969067e+01 -1.021004e+01 2.458691e+01
      vertex 4.969067e+01 -1.066313e+01 2.751318e+01
    endloop
  endfacet
  facet normal 1.000000e+00 1.836970e-16 0.000000e+00
    outer loop
      vertex 4.969067e+01 -8.336422e+00 2.702881e+01
      vertex 4.969067e+01 -5.894675e+00 2.890234e+01
      vertex 4.969067e+01 -8.134359e+00 2.988818e+01
    endloop
  endfacet
  facet normal 1.000000e+00 1.836970e-16 0.000000e+00
    outer loop
      vertex 4.969067e+01 -8.134359e+00 2.988818e+01
      vertex 4.969067e+01 -5.894675e+00 2.890234e+01
      vertex 4.969067e+01 -5.094475e+00 3.155908e+01
    endloop
  endfacet
  facet normal 1.000000e+00 1.836970e-16 0.000000e+00
    outer loop
      vertex 4.969067e+01 -3.051199e+00 3.008008e+01
      vertex 4.969067e+01 2.245671e-04 3.048193e+01
      vertex 4.969067e+01 -1.734486e+00 3.242188e+01
    endloop
  endfacet
  facet normal 1.000000e+00 1.836970e-16 0.000000e+00
    outer loop
      vertex 4.969067e+01 -1.734486e+00 3.242188e+01
      vertex 4.969067e+01 2.245671e-04 3.048193e+01
      vertex 4.969067e+01 1.734487e+00 3.242188e+01
    endloop
  endfacet
  facet normal 1.000000e+00 1.836970e-16 0.000000e+00
    outer loop
      vertex 4.969067e+01 3.051649e+00 3.008008e+01
      vertex 4.969067e+01 5.895122e+00 2.890234e+01
      vertex 4.969067e+01 5.094476e+00 3.155908e+01
    endloop
  endfacet
  facet normal 1.000000e+00 1.836970e-16 0.000000e+00
    outer loop
      vertex 4.969067e+01 5.094476e+00 3.155908e+01
      vertex 4.969067e+01 5.895122e+00 2.890234e+01
      vertex 4.969067e+01 8.134361e+00 2.988818e+01
    endloop
  endfacet
  facet normal 1.000000e+00 1.836970e-16 0.000000e+00
    outer loop
      vertex 4.969067e+01 8.336870e+00 2.702881e+01
      vertex 4.969067e+01 1.021049e+01 2.458691e+01
      vertex 4.969067e+01 1.066313e+01 2.751318e+01
    endloop
  endfacet
  facet normal 1.000000e+00 1.836970e-16 -0.000000e+00
    outer loop
      vertex 4.969067e+01 1.066313e+01 2.751318e+01
      vertex 4.969067e+01 1.021049e+01 2.458691e+01
      vertex 4.969067e+01 1.252190e+01 2.458447e+01
    endloop
  endfacet
  facet normal 1.000000e+00 1.836970e-16 0.000000e+00
    outer loop
      vertex 4.969067e+01 1.138829e+01 2.174365e+01
      vertex 4.969067e+01 1.179002e+01 1.869238e+01
      vertex 4.969067e+01 1.359387e+01 2.128516e+01
    endloop
  endfacet
  facet normal 1.000000e+00 1.836970e-16 -0.000000e+00
    outer loop
      vertex 4.969067e+01 2.245671e-04 6.902344e+00
      vertex 4.969067e+01 1.407348e-06 4.853027e+00
      vertex 4.969067e+01 3.441619e+00 5.288086e+00
    endloop
  endfacet
  facet normal 1.000000e+00 1.836970e-16 -0.000000e+00
    outer loop
      vertex 4.969067e+01 1.359387e+01 2.128516e+01
      vertex 4.969067e+01 1.179002e+01 1.869238e+01
      vertex 4.969067e+01 1.381169e+01 1.782324e+01
    endloop
  endfacet
  facet normal 1.000000e+00 1.836970e-16 -0.000000e+00
    outer loop
      vertex 4.969067e+01 1.660367e+00 2.508008e+01
      vertex 4.969067e+01 -1.666138e+00 1.307520e+01
      vertex 4.969067e+01 1.663003e+00 1.307520e+01
    endloop
  endfacet
  facet normal 1.000000e+00 1.836970e-16 0.000000e+00
    outer loop
      vertex 4.969067e+01 1.639137e+00 2.549268e+01
      vertex 4.969067e+01 1.517162e+00 2.588672e+01
      vertex 4.969067e+01 1.660367e+00 2.508008e+01
    endloop
  endfacet
  facet normal 1.000000e+00 1.836970e-16 0.000000e+00
    outer loop
      vertex 4.969067e+01 1.517162e+00 2.588672e+01
      vertex 4.969067e+01 1.301935e+00 2.623926e+01
      vertex 4.969067e+01 1.660367e+00 2.508008e+01
    endloop
  endfacet
  facet normal 1.000000e+00 1.836970e-16 0.000000e+00
    outer loop
      vertex 4.969067e+01 1.301935e+00 2.623926e+01
      vertex 4.969067e+01 1.006679e+00 2.652783e+01
      vertex 4.969067e+01 1.660367e+00 2.508008e+01
    endloop
  endfacet
  facet normal 1.000000e+00 1.836970e-16 0.000000e+00
    outer loop
      vertex 4.969067e+01 1.006679e+00 2.652783e+01
      vertex 4.969067e+01 6.495299e-01 2.673486e+01
      vertex 4.969067e+01 1.660367e+00 2.508008e+01
    endloop
  endfacet
  facet normal 1.000000e+00 1.836970e-16 0.000000e+00
    outer loop
      vertex 4.969067e+01 6.495299e-01 2.673486e+01
      vertex 4.969067e+01 2.524314e-01 2.684766e+01
      vertex 4.969067e+01 1.660367e+00 2.508008e+01
    endloop
  endfacet
  facet normal 1.000000e+00 1.836970e-16 0.000000e+00
    outer loop
      vertex 4.969067e+01 2.524314e-01 2.684766e+01
      vertex 4.969067e+01 -1.602216e-01 2.685938e+01
      vertex 4.969067e+01 1.660367e+00 2.508008e+01
    endloop
  endfacet
  facet normal 1.000000e+00 1.836970e-16 -0.000000e+00
    outer loop
      vertex 4.969067e+01 -1.602216e-01 2.685938e+01
      vertex 4.969067e+01 -5.630822e-01 2.676904e+01
      vertex 4.969067e+01 1.660367e+00 2.508008e+01
    endloop
  endfacet
  facet normal 1.000000e+00 1.836970e-16 -0.000000e+00
    outer loop
      vertex 4.969067e+01 -5.630822e-01 2.676904e+01
      vertex 4.969067e+01 -9.313989e-01 2.658252e+01
      vertex 4.969067e+01 1.660367e+00 2.508008e+01
    endloop
  endfacet
  facet normal 1.000000e+00 1.836970e-16 -0.000000e+00
    outer loop
      vertex 4.969067e+01 -9.313989e-01 2.658252e+01
      vertex 4.969067e+01 -1.242545e+00 2.631152e+01
      vertex 4.969067e+01 1.660367e+00 2.508008e+01
    endloop
  endfacet
  facet normal 1.000000e+00 1.836970e-16 -0.000000e+00
    outer loop
      vertex 4.969067e+01 -1.242545e+00 2.631152e+01
      vertex 4.969067e+01 -1.477408e+00 2.597168e+01
      vertex 4.969067e+01 1.660367e+00 2.508008e+01
    endloop
  endfacet
  facet normal 1.000000e+00 1.836970e-16 -0.000000e+00
    outer loop
      vertex 4.969067e+01 -1.477408e+00 2.597168e+01
      vertex 4.969067e+01 -1.621558e+00 2.558496e+01
      vertex 4.969067e+01 1.660367e+00 2.508008e+01
    endloop
  endfacet
  facet normal 1.000000e+00 1.836970e-16 -0.000000e+00
    outer loop
      vertex 4.969067e+01 -1.621558e+00 2.558496e+01
      vertex 4.969067e+01 -1.666138e+00 2.517480e+01
      vertex 4.969067e+01 1.660367e+00 2.508008e+01
    endloop
  endfacet
  facet normal 1.000000e+00 1.836970e-16 0.000000e+00
    outer loop
      vertex 4.969067e+01 -1.666138e+00 2.517480e+01
      vertex 4.969067e+01 -1.666138e+00 1.307520e+01
      vertex 4.969067e+01 1.660367e+00 2.508008e+01
    endloop
  endfacet
  facet normal 1.000000e+00 1.836970e-16 0.000000e+00
    outer loop
      vertex 4.969067e+01 1.663003e+00 1.307520e+01
      vertex 4.969067e+01 -1.666138e+00 1.307520e+01
      vertex 4.969067e+01 -3.728241e+00 9.671387e+00
    endloop
  endfacet
  facet normal 1.000000e+00 1.836970e-16 -0.000000e+00
    outer loop
      vertex 4.969067e+01 1.663003e+00 1.307520e+01
      vertex 4.969067e+01 -3.728241e+00 9.671387e+00
      vertex 4.969067e+01 3.725151e+00 9.671387e+00
    endloop
  endfacet
  facet normal 1.000000e+00 1.836970e-16 0.000000e+00
    outer loop
      vertex 4.969067e+01 1.663003e+00 1.307520e+01
      vertex 4.969067e+01 3.725151e+00 9.671387e+00
      vertex 4.969067e+01 4.122745e+00 1.307520e+01
    endloop
  endfacet
  facet normal 1.000000e+00 1.836970e-16 -0.000000e+00
    outer loop
      vertex 4.969067e+01 -4.125880e+00 2.517480e+01
      vertex 4.969067e+01 -7.504700e+00 1.347266e+01
      vertex 4.969067e+01 -4.125880e+00 1.307520e+01
    endloop
  endfacet
  facet normal 1.000000e+00 1.836970e-16 0.000000e+00
    outer loop
      vertex 4.969067e+01 -4.155121e+00 2.559619e+01
      vertex 4.969067e+01 -4.287791e+00 2.599707e+01
      vertex 4.969067e+01 -4.125880e+00 2.517480e+01
    endloop
  endfacet
  facet normal 1.000000e+00 1.836970e-16 0.000000e+00
    outer loop
      vertex 4.969067e+01 -4.287791e+00 2.599707e+01
      vertex 4.969067e+01 -4.515620e+00 2.635254e+01
      vertex 4.969067e+01 -4.125880e+00 2.517480e+01
    endloop
  endfacet
  facet normal 1.000000e+00 1.836970e-16 0.000000e+00
    outer loop
      vertex 4.969067e+01 -4.515620e+00 2.635254e+01
      vertex 4.969067e+01 -4.824420e+00 2.664063e+01
      vertex 4.969067e+01 -4.125880e+00 2.517480e+01
    endloop
  endfacet
  facet normal 1.000000e+00 1.836970e-16 0.000000e+00
    outer loop
      vertex 4.969067e+01 -4.824420e+00 2.664063e+01
      vertex 4.969067e+01 -5.194949e+00 2.684326e+01
      vertex 4.969067e+01 -4.125880e+00 2.517480e+01
    endloop
  endfacet
  facet normal 1.000000e+00 1.836970e-16 0.000000e+00
    outer loop
      vertex 4.969067e+01 -5.194949e+00 2.684326e+01
      vertex 4.969067e+01 -5.604125e+00 2.694775e+01
      vertex 4.969067e+01 -4.125880e+00 2.517480e+01
    endloop
  endfacet
  facet normal 1.000000e+00 1.836970e-16 0.000000e+00
    outer loop
      vertex 4.969067e+01 -5.604125e+00 2.694775e+01
      vertex 4.969067e+01 -6.026455e+00 2.694775e+01
      vertex 4.969067e+01 -4.125880e+00 2.517480e+01
    endloop
  endfacet
  facet normal 1.000000e+00 1.836970e-16 -0.000000e+00
    outer loop
      vertex 4.969067e+01 -6.026455e+00 2.694775e+01
      vertex 4.969067e+01 -6.435631e+00 2.684326e+01
      vertex 4.969067e+01 -4.125880e+00 2.517480e+01
    endloop
  endfacet
  facet normal 1.000000e+00 1.836970e-16 -0.000000e+00
    outer loop
      vertex 4.969067e+01 -6.435631e+00 2.684326e+01
      vertex 4.969067e+01 -6.806160e+00 2.664063e+01
      vertex 4.969067e+01 -4.125880e+00 2.517480e+01
    endloop
  endfacet
  facet normal 1.000000e+00 1.836970e-16 -0.000000e+00
    outer loop
      vertex 4.969067e+01 -6.806160e+00 2.664063e+01
      vertex 4.969067e+01 -7.114959e+00 2.635254e+01
      vertex 4.969067e+01 -4.125880e+00 2.517480e+01
    endloop
  endfacet
  facet normal 1.000000e+00 1.836970e-16 -0.000000e+00
    outer loop
      vertex 4.969067e+01 -7.114959e+00 2.635254e+01
      vertex 4.969067e+01 -7.342790e+00 2.599707e+01
      vertex 4.969067e+01 -4.125880e+00 2.517480e+01
    endloop
  endfacet
  facet normal 1.000000e+00 1.836970e-16 -0.000000e+00
    outer loop
      vertex 4.969067e+01 -7.342790e+00 2.599707e+01
      vertex 4.969067e+01 -7.475459e+00 2.559619e+01
      vertex 4.969067e+01 -4.125880e+00 2.517480e+01
    endloop
  endfacet
  facet normal 1.000000e+00 1.836970e-16 -0.000000e+00
    outer loop
      vertex 4.969067e+01 -7.475459e+00 2.559619e+01
      vertex 4.969067e+01 -7.504700e+00 2.517480e+01
      vertex 4.969067e+01 -4.125880e+00 2.517480e+01
    endloop
  endfacet
  facet normal 1.000000e+00 1.836970e-16 0.000000e+00
    outer loop
      vertex 4.969067e+01 -7.504700e+00 2.517480e+01
      vertex 4.969067e+01 -7.504700e+00 1.347266e+01
      vertex 4.969067e+01 -4.125880e+00 2.517480e+01
    endloop
  endfacet
  facet normal 1.000000e+00 1.836970e-16 0.000000e+00
    outer loop
      vertex 4.969067e+01 -7.504700e+00 1.347266e+01
      vertex 4.969067e+01 -7.334959e+00 1.251270e+01
      vertex 4.969067e+01 -4.125880e+00 1.307520e+01
    endloop
  endfacet
  facet normal 1.000000e+00 1.836970e-16 0.000000e+00
    outer loop
      vertex 4.969067e+01 -7.334959e+00 1.251270e+01
      vertex 4.969067e+01 -6.939367e+00 1.162158e+01
      vertex 4.969067e+01 -4.125880e+00 1.307520e+01
    endloop
  endfacet
  facet normal 1.000000e+00 1.836970e-16 0.000000e+00
    outer loop
      vertex 4.969067e+01 -6.939367e+00 1.162158e+01
      vertex 4.969067e+01 -6.341141e+00 1.085205e+01
      vertex 4.969067e+01 -4.125880e+00 1.307520e+01
    endloop
  endfacet
  facet normal 1.000000e+00 1.836970e-16 0.000000e+00
    outer loop
      vertex 4.969067e+01 -6.341141e+00 1.085205e+01
      vertex 4.969067e+01 -5.575387e+00 1.024902e+01
      vertex 4.969067e+01 -4.125880e+00 1.307520e+01
    endloop
  endfacet
  facet normal 1.000000e+00 1.836970e-16 0.000000e+00
    outer loop
      vertex 4.969067e+01 -5.575387e+00 1.024902e+01
      vertex 4.969067e+01 -4.687043e+00 9.847656e+00
      vertex 4.969067e+01 -4.125880e+00 1.307520e+01
    endloop
  endfacet
  facet normal 1.000000e+00 1.836970e-16 0.000000e+00
    outer loop
      vertex 4.969067e+01 -4.687043e+00 9.847656e+00
      vertex 4.969067e+01 -3.728241e+00 9.671387e+00
      vertex 4.969067e+01 -4.125880e+00 1.307520e+01
    endloop
  endfacet
  facet normal 1.000000e+00 1.836970e-16 0.000000e+00
    outer loop
      vertex 4.969067e+01 3.725151e+00 9.671387e+00
      vertex 4.969067e+01 4.638872e+00 9.782715e+00
      vertex 4.969067e+01 4.122745e+00 1.307520e+01
    endloop
  endfacet
  facet normal 1.000000e+00 1.836970e-16 0.000000e+00
    outer loop
      vertex 4.969067e+01 4.638872e+00 9.782715e+00
      vertex 4.969067e+01 5.499015e+00 1.011084e+01
      vertex 4.969067e+01 4.122745e+00 1.307520e+01
    endloop
  endfacet
  facet normal 1.000000e+00 1.836970e-16 0.000000e+00
    outer loop
      vertex 4.969067e+01 5.499015e+00 1.011084e+01
      vertex 4.969067e+01 6.255138e+00 1.063574e+01
      vertex 4.969067e+01 4.122745e+00 1.307520e+01
    endloop
  endfacet
  facet normal 1.000000e+00 1.836970e-16 0.000000e+00
    outer loop
      vertex 4.969067e+01 6.255138e+00 1.063574e+01
      vertex 4.969067e+01 6.862901e+00 1.132715e+01
      vertex 4.969067e+01 4.122745e+00 1.307520e+01
    endloop
  endfacet
  facet normal 1.000000e+00 1.836970e-16 0.000000e+00
    outer loop
      vertex 4.969067e+01 6.862901e+00 1.132715e+01
      vertex 4.969067e+01 7.286668e+00 1.214404e+01
      vertex 4.969067e+01 4.122745e+00 1.307520e+01
    endloop
  endfacet
  facet normal 1.000000e+00 1.836970e-16 0.000000e+00
    outer loop
      vertex 4.969067e+01 7.286668e+00 1.214404e+01
      vertex 4.969067e+01 7.501588e+00 1.303906e+01
      vertex 4.969067e+01 4.122745e+00 1.307520e+01
    endloop
  endfacet
  facet normal 1.000000e+00 1.836970e-16 0.000000e+00
    outer loop
      vertex 4.969067e+01 4.122745e+00 1.307520e+01
      vertex 4.969067e+01 7.501588e+00 1.303906e+01
      vertex 4.969067e+01 4.120130e+00 2.508008e+01
    endloop
  endfacet
  facet normal 1.000000e+00 1.836970e-16 0.000000e+00
    outer loop
      vertex 4.969067e+01 7.450666e+00 2.558643e+01
      vertex 4.969067e+01 7.300964e+00 2.597363e+01
      vertex 4.969067e+01 7.501588e+00 2.517480e+01
    endloop
  endfacet
  facet normal 1.000000e+00 1.836970e-16 0.000000e+00
    outer loop
      vertex 4.969067e+01 7.300964e+00 2.597363e+01
      vertex 4.969067e+01 7.061494e+00 2.631299e+01
      vertex 4.969067e+01 7.501588e+00 2.517480e+01
    endloop
  endfacet
  facet normal 1.000000e+00 1.836970e-16 0.000000e+00
    outer loop
      vertex 4.969067e+01 7.061494e+00 2.631299e+01
      vertex 4.969067e+01 6.746671e+00 2.658350e+01
      vertex 4.969067e+01 7.501588e+00 2.517480e+01
    endloop
  endfacet
  facet normal 1.000000e+00 1.836970e-16 0.000000e+00
    outer loop
      vertex 4.969067e+01 6.746671e+00 2.658350e+01
      vertex 4.969067e+01 6.375440e+00 2.676904e+01
      vertex 4.969067e+01 7.501588e+00 2.517480e+01
    endloop
  endfacet
  facet normal 1.000000e+00 1.836970e-16 0.000000e+00
    outer loop
      vertex 4.969067e+01 6.375440e+00 2.676904e+01
      vertex 4.969067e+01 5.970149e+00 2.685889e+01
      vertex 4.969067e+01 7.501588e+00 2.517480e+01
    endloop
  endfacet
  facet normal 1.000000e+00 1.836970e-16 -0.000000e+00
    outer loop
      vertex 4.969067e+01 5.970149e+00 2.685889e+01
      vertex 4.969067e+01 5.555191e+00 2.684766e+01
      vertex 4.969067e+01 7.501588e+00 2.517480e+01
    endloop
  endfacet
  facet normal 1.000000e+00 1.836970e-16 -0.000000e+00
    outer loop
      vertex 4.969067e+01 5.555191e+00 2.684766e+01
      vertex 4.969067e+01 5.155540e+00 2.673535e+01
      vertex 4.969067e+01 7.501588e+00 2.517480e+01
    endloop
  endfacet
  facet normal 1.000000e+00 1.836970e-16 -0.000000e+00
    outer loop
      vertex 4.969067e+01 5.155540e+00 2.673535e+01
      vertex 4.969067e+01 4.795255e+00 2.652881e+01
      vertex 4.969067e+01 7.501588e+00 2.517480e+01
    endloop
  endfacet
  facet normal 1.000000e+00 1.836970e-16 -0.000000e+00
    outer loop
      vertex 4.969067e+01 4.795255e+00 2.652881e+01
      vertex 4.969067e+01 4.496021e+00 2.624121e+01
      vertex 4.969067e+01 7.501588e+00 2.517480e+01
    endloop
  endfacet
  facet normal 1.000000e+00 1.836970e-16 -0.000000e+00
    outer loop
      vertex 4.969067e+01 4.496021e+00 2.624121e+01
      vertex 4.969067e+01 4.275846e+00 2.588916e+01
      vertex 4.969067e+01 7.501588e+00 2.517480e+01
    endloop
  endfacet
  facet normal 1.000000e+00 1.836970e-16 -0.000000e+00
    outer loop
      vertex 4.969067e+01 4.275846e+00 2.588916e+01
      vertex 4.969067e+01 4.147983e+00 2.549463e+01
      vertex 4.969067e+01 7.501588e+00 2.517480e+01
    endloop
  endfacet
  facet normal 1.000000e+00 1.836970e-16 -0.000000e+00
    outer loop
      vertex 4.969067e+01 4.147983e+00 2.549463e+01
      vertex 4.969067e+01 4.120130e+00 2.508008e+01
      vertex 4.969067e+01 7.501588e+00 2.517480e+01
    endloop
  endfacet
  facet normal 1.000000e+00 1.836970e-16 -0.000000e+00
    outer loop
      vertex 4.969067e+01 7.501588e+00 2.517480e+01
      vertex 4.969067e+01 4.120130e+00 2.508008e+01
      vertex 4.969067e+01 7.501588e+00 1.303906e+01
    endloop
  endfacet
  facet normal 1.000000e+00 1.836970e-16 0.000000e+00
    outer loop
      vertex 4.969067e+01 -4.125880e+00 1.307520e+01
      vertex 4.969067e+01 -3.728241e+00 9.671387e+00
      vertex 4.969067e+01 -1.666138e+00 1.307520e+01
    endloop
  endfacet
  facet normal 1.836970e-16 -1.000000e+00 -2.196100e-04
    outer loop
      vertex 5.025610e+01 1.660367e+00 2.508008e+01
      vertex 4.969067e+01 1.660367e+00 2.508008e+01
      vertex 5.025610e+01 1.663003e+00 1.307520e+01
    endloop
  endfacet
  facet normal 1.836970e-16 -1.000000e+00 -2.196100e-04
    outer loop
      vertex 4.969067e+01 1.660367e+00 2.508008e+01
      vertex 4.969067e+01 1.663003e+00 1.307520e+01
      vertex 5.025610e+01 1.663003e+00 1.307520e+01
    endloop
  endfacet
  facet normal 4.499279e-32 -2.449294e-16 -1.000000e+00
    outer loop
      vertex 5.025610e+01 1.663003e+00 1.307520e+01
      vertex 4.969067e+01 1.663003e+00 1.307520e+01
      vertex 5.025610e+01 4.122745e+00 1.307520e+01
    endloop
  endfacet
  facet normal 4.499279e-32 -2.449294e-16 -1.000000e+00
    outer loop
      vertex 4.969067e+01 1.663003e+00 1.307520e+01
      vertex 4.969067e+01 4.122745e+00 1.307520e+01
      vertex 5.025610e+01 4.122745e+00 1.307520e+01
    endloop
  endfacet
  facet normal -1.836970e-16 1.000000e+00 2.177982e-04
    outer loop
      vertex 5.025610e+01 4.122745e+00 1.307520e+01
      vertex 4.969067e+01 4.122745e+00 1.307520e+01
      vertex 5.025610e+01 4.120130e+00 2.508008e+01
    endloop
  endfacet
  facet normal -1.836970e-16 1.000000e+00 2.177982e-04
    outer loop
      vertex 4.969067e+01 4.122745e+00 1.307520e+01
      vertex 4.969067e+01 4.120130e+00 2.508008e+01
      vertex 5.025610e+01 4.120130e+00 2.508008e+01
    endloop
  endfacet
  facet normal 1.823097e-16 -9.924477e-01 -1.226681e-01
    outer loop
      vertex 5.025610e+01 7.501588e+00 2.517480e+01
      vertex 5.025610e+01 7.450666e+00 2.558643e+01
      vertex 4.969067e+01 7.501588e+00 2.517480e+01
    endloop
  endfacet
  facet normal 1.823097e-16 -9.924477e-01 -1.226681e-01
    outer loop
      vertex 4.969067e+01 7.501588e+00 2.517480e+01
      vertex 5.025610e+01 7.450666e+00 2.558643e+01
      vertex 4.969067e+01 7.450666e+00 2.558643e+01
    endloop
  endfacet
  facet normal 1.500506e-16 -8.168374e-01 -5.768679e-01
    outer loop
      vertex 5.025610e+01 7.061494e+00 2.631299e+01
      vertex 4.969067e+01 7.300964e+00 2.597363e+01
      vertex 5.025610e+01 7.300964e+00 2.597363e+01
    endloop
  endfacet
  facet normal 1.500506e-16 -8.168374e-01 -5.768679e-01
    outer loop
      vertex 4.969067e+01 7.300964e+00 2.597363e+01
      vertex 5.025610e+01 7.061494e+00 2.631299e+01
      vertex 4.969067e+01 7.061494e+00 2.631299e+01
    endloop
  endfacet
  facet normal -2.728827e-15 -4.475251e-01 -8.942714e-01
    outer loop
      vertex 5.025610e+01 6.375440e+00 2.676904e+01
      vertex 4.969067e+01 6.746671e+00 2.658350e+01
      vertex 5.025610e+01 6.746671e+00 2.658350e+01
    endloop
  endfacet
  facet normal -2.728827e-15 -4.475251e-01 -8.942714e-01
    outer loop
      vertex 4.969067e+01 6.746671e+00 2.658350e+01
      vertex 5.025610e+01 6.375440e+00 2.676904e+01
      vertex 4.969067e+01 6.375440e+00 2.676904e+01
    endloop
  endfacet
  facet normal 1.701949e-16 2.791181e-02 -9.996104e-01
    outer loop
      vertex 5.025610e+01 5.555191e+00 2.684766e+01
      vertex 4.969067e+01 5.970149e+00 2.685889e+01
      vertex 5.025610e+01 5.970149e+00 2.685889e+01
    endloop
  endfacet
  facet normal 1.701949e-16 2.791181e-02 -9.996104e-01
    outer loop
      vertex 4.969067e+01 5.970149e+00 2.685889e+01
      vertex 5.025610e+01 5.555191e+00 2.684766e+01
      vertex 4.969067e+01 5.555191e+00 2.684766e+01
    endloop
  endfacet
  facet normal 6.148962e-15 4.967298e-01 -8.679053e-01
    outer loop
      vertex 5.025610e+01 4.795255e+00 2.652881e+01
      vertex 4.969067e+01 5.155540e+00 2.673535e+01
      vertex 5.025610e+01 5.155540e+00 2.673535e+01
    endloop
  endfacet
  facet normal 6.148962e-15 4.967298e-01 -8.679053e-01
    outer loop
      vertex 4.969067e+01 5.155540e+00 2.673535e+01
      vertex 5.025610e+01 4.795255e+00 2.652881e+01
      vertex 4.969067e+01 4.795255e+00 2.652881e+01
    endloop
  endfacet
  facet normal 5.169267e-15 8.477550e-01 -5.303881e-01
    outer loop
      vertex 5.025610e+01 4.275846e+00 2.588916e+01
      vertex 4.969067e+01 4.496021e+00 2.624121e+01
      vertex 5.025610e+01 4.496021e+00 2.624121e+01
    endloop
  endfacet
  facet normal 5.169267e-15 8.477550e-01 -5.303881e-01
    outer loop
      vertex 4.969067e+01 4.496021e+00 2.624121e+01
      vertex 5.025610e+01 4.275846e+00 2.588916e+01
      vertex 4.969067e+01 4.275846e+00 2.588916e+01
    endloop
  endfacet
  facet normal -1.832831e-16 9.977465e-01 -6.709651e-02
    outer loop
      vertex 5.025610e+01 4.120130e+00 2.508008e+01
      vertex 4.969067e+01 4.147983e+00 2.549463e+01
      vertex 5.025610e+01 4.147983e+00 2.549463e+01
    endloop
  endfacet
  facet normal -1.832831e-16 9.977465e-01 -6.709651e-02
    outer loop
      vertex 5.025610e+01 4.120130e+00 2.508008e+01
      vertex 4.969067e+01 4.120130e+00 2.508008e+01
      vertex 4.969067e+01 4.147983e+00 2.549463e+01
    endloop
  endfacet
  facet normal -1.747661e-16 9.513825e-01 -3.080119e-01
    outer loop
      vertex 4.969067e+01 4.147983e+00 2.549463e+01
      vertex 4.969067e+01 4.275846e+00 2.588916e+01
      vertex 5.025610e+01 4.147983e+00 2.549463e+01
    endloop
  endfacet
  facet normal 5.801146e-15 9.513825e-01 -3.080119e-01
    outer loop
      vertex 5.025610e+01 4.147983e+00 2.549463e+01
      vertex 4.969067e+01 4.275846e+00 2.588916e+01
      vertex 5.025610e+01 4.275846e+00 2.588916e+01
    endloop
  endfacet
  facet normal 4.246559e-15 6.931012e-01 -7.208403e-01
    outer loop
      vertex 4.969067e+01 4.496021e+00 2.624121e+01
      vertex 4.969067e+01 4.795255e+00 2.652881e+01
      vertex 5.025610e+01 4.496021e+00 2.624121e+01
    endloop
  endfacet
  facet normal 8.579822e-15 6.931012e-01 -7.208403e-01
    outer loop
      vertex 5.025610e+01 4.496021e+00 2.624121e+01
      vertex 4.969067e+01 4.795255e+00 2.652881e+01
      vertex 5.025610e+01 4.795255e+00 2.652881e+01
    endloop
  endfacet
  facet normal 3.348940e-15 2.704603e-01 -9.627311e-01
    outer loop
      vertex 4.969067e+01 5.155540e+00 2.673535e+01
      vertex 4.969067e+01 5.555191e+00 2.684766e+01
      vertex 5.025610e+01 5.155540e+00 2.673535e+01
    endloop
  endfacet
  facet normal 1.649157e-15 2.704603e-01 -9.627311e-01
    outer loop
      vertex 5.025610e+01 5.155540e+00 2.673535e+01
      vertex 4.969067e+01 5.555191e+00 2.684766e+01
      vertex 5.025610e+01 5.555191e+00 2.684766e+01
    endloop
  endfacet
  facet normal -1.319712e-15 -2.163167e-01 -9.763232e-01
    outer loop
      vertex 4.969067e+01 5.970149e+00 2.685889e+01
      vertex 4.969067e+01 6.375440e+00 2.676904e+01
      vertex 5.025610e+01 5.970149e+00 2.685889e+01
    endloop
  endfacet
  facet normal -1.319011e-15 -2.163167e-01 -9.763232e-01
    outer loop
      vertex 5.025610e+01 5.970149e+00 2.685889e+01
      vertex 4.969067e+01 6.375440e+00 2.676904e+01
      vertex 5.025610e+01 6.375440e+00 2.676904e+01
    endloop
  endfacet
  facet normal -3.958614e-15 -6.517970e-01 -7.583935e-01
    outer loop
      vertex 4.969067e+01 6.746671e+00 2.658350e+01
      vertex 4.969067e+01 7.061494e+00 2.631299e+01
      vertex 5.025610e+01 6.746671e+00 2.658350e+01
    endloop
  endfacet
  facet normal 1.197332e-16 -6.517970e-01 -7.583935e-01
    outer loop
      vertex 5.025610e+01 6.746671e+00 2.658350e+01
      vertex 4.969067e+01 7.061494e+00 2.631299e+01
      vertex 5.025610e+01 7.061494e+00 2.631299e+01
    endloop
  endfacet
  facet normal 1.713365e-16 -9.327125e-01 -3.606209e-01
    outer loop
      vertex 4.969067e+01 7.300964e+00 2.597363e+01
      vertex 4.969067e+01 7.450666e+00 2.558643e+01
      vertex 5.025610e+01 7.300964e+00 2.597363e+01
    endloop
  endfacet
  facet normal 1.713365e-16 -9.327125e-01 -3.606209e-01
    outer loop
      vertex 5.025610e+01 7.300964e+00 2.597363e+01
      vertex 4.969067e+01 7.450666e+00 2.558643e+01
      vertex 5.025610e+01 7.450666e+00 2.558643e+01
    endloop
  endfacet
  facet normal 1.836970e-16 -1.000000e+00 2.449294e-16
    outer loop
      vertex 5.025610e+01 7.501588e+00 2.517480e+01
      vertex 4.969067e+01 7.501588e+00 2.517480e+01
      vertex 5.025610e+01 7.501588e+00 1.303906e+01
    endloop
  endfacet
  facet normal 1.836970e-16 -1.000000e+00 2.449294e-16
    outer loop
      vertex 4.969067e+01 7.501588e+00 2.517480e+01
      vertex 4.969067e+01 7.501588e+00 1.303906e+01
      vertex 5.025610e+01 7.501588e+00 1.303906e+01
    endloop
  endfacet
  facet normal 2.224176e-17 -1.210785e-01 9.926429e-01
    outer loop
      vertex 5.025610e+01 3.725151e+00 9.671387e+00
      vertex 5.025610e+01 4.638872e+00 9.782715e+00
      vertex 4.969067e+01 3.725151e+00 9.671387e+00
    endloop
  endfacet
  facet normal -6.822522e-15 -1.210785e-01 9.926429e-01
    outer loop
      vertex 4.969067e+01 3.725151e+00 9.671387e+00
      vertex 5.025610e+01 4.638872e+00 9.782715e+00
      vertex 4.969067e+01 4.638872e+00 9.782715e+00
    endloop
  endfacet
  facet normal -7.154073e-14 -5.703085e-01 8.214306e-01
    outer loop
      vertex 5.025610e+01 6.255138e+00 1.063574e+01
      vertex 4.969067e+01 6.255138e+00 1.063574e+01
      vertex 5.025610e+01 5.499015e+00 1.011084e+01
    endloop
  endfacet
  facet normal -9.421192e-14 -7.510387e-01 6.602581e-01
    outer loop
      vertex 4.969067e+01 6.255138e+00 1.063574e+01
      vertex 5.025610e+01 6.255138e+00 1.063574e+01
      vertex 4.969067e+01 6.862901e+00 1.132715e+01
    endloop
  endfacet
  facet normal -9.892941e-14 -7.510387e-01 6.602581e-01
    outer loop
      vertex 5.025610e+01 6.255138e+00 1.063574e+01
      vertex 5.025610e+01 6.862901e+00 1.132715e+01
      vertex 4.969067e+01 6.862901e+00 1.132715e+01
    endloop
  endfacet
  facet normal -9.754433e-14 -9.723611e-01 2.334822e-01
    outer loop
      vertex 5.025610e+01 7.501588e+00 1.303906e+01
      vertex 4.969067e+01 7.286668e+00 1.214404e+01
      vertex 5.025610e+01 7.286668e+00 1.214404e+01
    endloop
  endfacet
  facet normal 1.786198e-16 -9.723611e-01 2.334822e-01
    outer loop
      vertex 5.025610e+01 7.501588e+00 1.303906e+01
      vertex 4.969067e+01 7.501588e+00 1.303906e+01
      vertex 4.969067e+01 7.286668e+00 1.214404e+01
    endloop
  endfacet
  facet normal -8.907970e-14 -8.877281e-01 4.603681e-01
    outer loop
      vertex 4.969067e+01 7.286668e+00 1.214404e+01
      vertex 4.969067e+01 6.862901e+00 1.132715e+01
      vertex 5.025610e+01 7.286668e+00 1.214404e+01
    endloop
  endfacet
  facet normal -5.721163e-14 -5.703085e-01 8.214306e-01
    outer loop
      vertex 4.969067e+01 6.255138e+00 1.063574e+01
      vertex 4.969067e+01 5.499015e+00 1.011084e+01
      vertex 5.025610e+01 5.499015e+00 1.011084e+01
    endloop
  endfacet
  facet normal -3.575963e-14 -3.561354e-01 9.344344e-01
    outer loop
      vertex 4.969067e+01 5.499015e+00 1.011084e+01
      vertex 4.969067e+01 4.638872e+00 9.782715e+00
      vertex 5.025610e+01 5.499015e+00 1.011084e+01
    endloop
  endfacet
  facet normal -2.006749e-14 -3.561354e-01 9.344344e-01
    outer loop
      vertex 5.025610e+01 5.499015e+00 1.011084e+01
      vertex 4.969067e+01 4.638872e+00 9.782715e+00
      vertex 5.025610e+01 4.638872e+00 9.782715e+00
    endloop
  endfacet
  facet normal -1.169346e-13 -8.877281e-01 4.603681e-01
    outer loop
      vertex 4.969067e+01 6.862901e+00 1.132715e+01
      vertex 5.025610e+01 6.862901e+00 1.132715e+01
      vertex 5.025610e+01 7.286668e+00 1.214404e+01
    endloop
  endfacet
  facet normal -4.499279e-32 2.449294e-16 1.000000e+00
    outer loop
      vertex 5.025610e+01 3.725151e+00 9.671387e+00
      vertex 4.969067e+01 3.725151e+00 9.671387e+00
      vertex 5.025610e+01 -3.728241e+00 9.671387e+00
    endloop
  endfacet
  facet normal -4.499279e-32 2.449294e-16 1.000000e+00
    outer loop
      vertex 4.969067e+01 3.725151e+00 9.671387e+00
      vertex 4.969067e+01 -3.728241e+00 9.671387e+00
      vertex 5.025610e+01 -3.728241e+00 9.671387e+00
    endloop
  endfacet
  facet normal -1.808907e-16 9.847233e-01 1.741261e-01
    outer loop
      vertex 5.025610e+01 -7.504700e+00 1.347266e+01
      vertex 5.025610e+01 -7.334959e+00 1.251270e+01
      vertex 4.969067e+01 -7.504700e+00 1.347266e+01
    endloop
  endfacet
  facet normal 9.878448e-14 9.847233e-01 1.741261e-01
    outer loop
      vertex 4.969067e+01 -7.504700e+00 1.347266e+01
      vertex 5.025610e+01 -7.334959e+00 1.251270e+01
      vertex 4.969067e+01 -7.334959e+00 1.251270e+01
    endloop
  endfacet
  facet normal 1.410650e-13 7.895587e-01 6.136751e-01
    outer loop
      vertex 5.025610e+01 -6.341141e+00 1.085205e+01
      vertex 4.969067e+01 -6.341141e+00 1.085205e+01
      vertex 5.025610e+01 -6.939367e+00 1.162158e+01
    endloop
  endfacet
  facet normal 6.002896e-13 6.188244e-01 7.855293e-01
    outer loop
      vertex 4.969067e+01 -6.341141e+00 1.085205e+01
      vertex 5.025610e+01 -6.341141e+00 1.085205e+01
      vertex 4.969067e+01 -5.575387e+00 1.024902e+01
    endloop
  endfacet
  facet normal -3.523777e-14 6.188244e-01 7.855293e-01
    outer loop
      vertex 5.025610e+01 -6.341141e+00 1.085205e+01
      vertex 5.025610e+01 -5.575387e+00 1.024902e+01
      vertex 4.969067e+01 -5.575387e+00 1.024902e+01
    endloop
  endfacet
  facet normal -5.818554e-13 1.805610e-01 9.835638e-01
    outer loop
      vertex 5.025610e+01 -3.728241e+00 9.671387e+00
      vertex 4.969067e+01 -4.687043e+00 9.847656e+00
      vertex 5.025610e+01 -4.687043e+00 9.847656e+00
    endloop
  endfacet
  facet normal -3.316852e-17 1.805610e-01 9.835638e-01
    outer loop
      vertex 5.025610e+01 -3.728241e+00 9.671387e+00
      vertex 4.969067e+01 -3.728241e+00 9.671387e+00
      vertex 4.969067e+01 -4.687043e+00 9.847656e+00
    endloop
  endfacet
  facet normal -1.326935e-12 4.117751e-01 9.112855e-01
    outer loop
      vertex 4.969067e+01 -4.687043e+00 9.847656e+00
      vertex 4.969067e+01 -5.575387e+00 1.024902e+01
      vertex 5.025610e+01 -4.687043e+00 9.847656e+00
    endloop
  endfacet
  facet normal 7.485975e-13 7.895587e-01 6.136751e-01
    outer loop
      vertex 4.969067e+01 -6.341141e+00 1.085205e+01
      vertex 4.969067e+01 -6.939367e+00 1.162158e+01
      vertex 5.025610e+01 -6.939367e+00 1.162158e+01
    endloop
  endfacet
  facet normal 3.767773e-13 9.139584e-01 4.058078e-01
    outer loop
      vertex 4.969067e+01 -6.939367e+00 1.162158e+01
      vertex 4.969067e+01 -7.334959e+00 1.251270e+01
      vertex 5.025610e+01 -6.939367e+00 1.162158e+01
    endloop
  endfacet
  facet normal 9.168556e-14 9.139584e-01 4.058078e-01
    outer loop
      vertex 5.025610e+01 -6.939367e+00 1.162158e+01
      vertex 4.969067e+01 -7.334959e+00 1.251270e+01
      vertex 5.025610e+01 -7.334959e+00 1.251270e+01
    endloop
  endfacet
  facet normal 6.013973e-13 4.117751e-01 9.112855e-01
    outer loop
      vertex 4.969067e+01 -5.575387e+00 1.024902e+01
      vertex 5.025610e+01 -5.575387e+00 1.024902e+01
      vertex 5.025610e+01 -4.687043e+00 9.847656e+00
    endloop
  endfacet
  facet normal -1.836970e-16 1.000000e+00 -2.449294e-16
    outer loop
      vertex 5.025610e+01 -7.504700e+00 1.347266e+01
      vertex 4.969067e+01 -7.504700e+00 1.347266e+01
      vertex 5.025610e+01 -7.504700e+00 2.517480e+01
    endloop
  endfacet
  facet normal -1.836970e-16 1.000000e+00 -2.449294e-16
    outer loop
      vertex 4.969067e+01 -7.504700e+00 1.347266e+01
      vertex 4.969067e+01 -7.504700e+00 2.517480e+01
      vertex 5.025610e+01 -7.504700e+00 2.517480e+01
    endloop
  endfacet
  facet normal 1.832562e-16 -9.976001e-01 -6.923884e-02
    outer loop
      vertex 5.025610e+01 -4.125880e+00 2.517480e+01
      vertex 5.025610e+01 -4.155121e+00 2.559619e+01
      vertex 4.969067e+01 -4.125880e+00 2.517480e+01
    endloop
  endfacet
  facet normal 6.449474e-15 -9.976001e-01 -6.923884e-02
    outer loop
      vertex 4.969067e+01 -4.125880e+00 2.517480e+01
      vertex 5.025610e+01 -4.155121e+00 2.559619e+01
      vertex 4.969067e+01 -4.155121e+00 2.559619e+01
    endloop
  endfacet
  facet normal 5.443596e-15 -8.420116e-01 -5.394594e-01
    outer loop
      vertex 5.025610e+01 -4.515620e+00 2.635254e+01
      vertex 4.969067e+01 -4.287791e+00 2.599707e+01
      vertex 5.025610e+01 -4.287791e+00 2.599707e+01
    endloop
  endfacet
  facet normal 5.443596e-15 -8.420116e-01 -5.394594e-01
    outer loop
      vertex 4.969067e+01 -4.287791e+00 2.599707e+01
      vertex 5.025610e+01 -4.515620e+00 2.635254e+01
      vertex 4.969067e+01 -4.515620e+00 2.635254e+01
    endloop
  endfacet
  facet normal 3.102321e-15 -4.798649e-01 -8.773424e-01
    outer loop
      vertex 5.025610e+01 -5.194949e+00 2.684326e+01
      vertex 4.969067e+01 -4.824420e+00 2.664063e+01
      vertex 5.025610e+01 -4.824420e+00 2.664063e+01
    endloop
  endfacet
  facet normal 3.102321e-15 -4.798649e-01 -8.773424e-01
    outer loop
      vertex 4.969067e+01 -4.824420e+00 2.664063e+01
      vertex 5.025610e+01 -5.194949e+00 2.684326e+01
      vertex 4.969067e+01 -5.194949e+00 2.684326e+01
    endloop
  endfacet
  facet normal 4.499279e-32 -2.449294e-16 -1.000000e+00
    outer loop
      vertex 5.025610e+01 -6.026455e+00 2.694775e+01
      vertex 4.969067e+01 -5.604125e+00 2.694775e+01
      vertex 5.025610e+01 -5.604125e+00 2.694775e+01
    endloop
  endfacet
  facet normal 4.499279e-32 -2.449294e-16 -1.000000e+00
    outer loop
      vertex 4.969067e+01 -5.604125e+00 2.694775e+01
      vertex 5.025610e+01 -6.026455e+00 2.694775e+01
      vertex 4.969067e+01 -6.026455e+00 2.694775e+01
    endloop
  endfacet
  facet normal -8.814975e-17 4.798649e-01 -8.773424e-01
    outer loop
      vertex 5.025610e+01 -6.806160e+00 2.664063e+01
      vertex 4.969067e+01 -6.435631e+00 2.684326e+01
      vertex 5.025610e+01 -6.435631e+00 2.684326e+01
    endloop
  endfacet
  facet normal 1.418936e-15 4.798649e-01 -8.773424e-01
    outer loop
      vertex 4.969067e+01 -6.435631e+00 2.684326e+01
      vertex 5.025610e+01 -6.806160e+00 2.664063e+01
      vertex 4.969067e+01 -6.806160e+00 2.664063e+01
    endloop
  endfacet
  facet normal 2.489786e-15 8.420116e-01 -5.394594e-01
    outer loop
      vertex 5.025610e+01 -7.342790e+00 2.599707e+01
      vertex 4.969067e+01 -7.114959e+00 2.635254e+01
      vertex 5.025610e+01 -7.114959e+00 2.635254e+01
    endloop
  endfacet
  facet normal 2.489786e-15 8.420116e-01 -5.394594e-01
    outer loop
      vertex 4.969067e+01 -7.114959e+00 2.635254e+01
      vertex 5.025610e+01 -7.342790e+00 2.599707e+01
      vertex 4.969067e+01 -7.342790e+00 2.599707e+01
    endloop
  endfacet
  facet normal 2.949853e-15 9.976001e-01 -6.923884e-02
    outer loop
      vertex 5.025610e+01 -7.504700e+00 2.517480e+01
      vertex 4.969067e+01 -7.475459e+00 2.559619e+01
      vertex 5.025610e+01 -7.475459e+00 2.559619e+01
    endloop
  endfacet
  facet normal -1.832562e-16 9.976001e-01 -6.923884e-02
    outer loop
      vertex 5.025610e+01 -7.504700e+00 2.517480e+01
      vertex 4.969067e+01 -7.504700e+00 2.517480e+01
      vertex 4.969067e+01 -7.475459e+00 2.559619e+01
    endloop
  endfacet
  facet normal 2.817612e-15 9.493786e-01 -3.141343e-01
    outer loop
      vertex 4.969067e+01 -7.475459e+00 2.559619e+01
      vertex 4.969067e+01 -7.342790e+00 2.599707e+01
      vertex 5.025610e+01 -7.475459e+00 2.559619e+01
    endloop
  endfacet
  facet normal 2.807264e-15 9.493786e-01 -3.141343e-01
    outer loop
      vertex 5.025610e+01 -7.475459e+00 2.559619e+01
      vertex 4.969067e+01 -7.342790e+00 2.599707e+01
      vertex 5.025610e+01 -7.342790e+00 2.599707e+01
    endloop
  endfacet
  facet normal 2.024283e-15 6.821881e-01 -7.311767e-01
    outer loop
      vertex 4.969067e+01 -7.114959e+00 2.635254e+01
      vertex 4.969067e+01 -6.806160e+00 2.664063e+01
      vertex 5.025610e+01 -7.114959e+00 2.635254e+01
    endloop
  endfacet
  facet normal 2.017195e-15 6.821881e-01 -7.311767e-01
    outer loop
      vertex 5.025610e+01 -7.114959e+00 2.635254e+01
      vertex 4.969067e+01 -6.806160e+00 2.664063e+01
      vertex 5.025610e+01 -6.806160e+00 2.664063e+01
    endloop
  endfacet
  facet normal -4.549193e-17 2.476465e-01 -9.688504e-01
    outer loop
      vertex 4.969067e+01 -6.435631e+00 2.684326e+01
      vertex 4.969067e+01 -6.026455e+00 2.694775e+01
      vertex 5.025610e+01 -6.435631e+00 2.684326e+01
    endloop
  endfacet
  facet normal -4.549193e-17 2.476465e-01 -9.688504e-01
    outer loop
      vertex 5.025610e+01 -6.435631e+00 2.684326e+01
      vertex 4.969067e+01 -6.026455e+00 2.694775e+01
      vertex 5.025610e+01 -6.026455e+00 2.694775e+01
    endloop
  endfacet
  facet normal 1.585070e-15 -2.476465e-01 -9.688504e-01
    outer loop
      vertex 4.969067e+01 -5.604125e+00 2.694775e+01
      vertex 4.969067e+01 -5.194949e+00 2.684326e+01
      vertex 5.025610e+01 -5.604125e+00 2.694775e+01
    endloop
  endfacet
  facet normal 1.601032e-15 -2.476465e-01 -9.688504e-01
    outer loop
      vertex 5.025610e+01 -5.604125e+00 2.694775e+01
      vertex 4.969067e+01 -5.194949e+00 2.684326e+01
      vertex 5.025610e+01 -5.194949e+00 2.684326e+01
    endloop
  endfacet
  facet normal 4.366418e-15 -6.821881e-01 -7.311767e-01
    outer loop
      vertex 4.969067e+01 -4.824420e+00 2.664063e+01
      vertex 4.969067e+01 -4.515620e+00 2.635254e+01
      vertex 5.025610e+01 -4.824420e+00 2.664063e+01
    endloop
  endfacet
  facet normal 4.410339e-15 -6.821881e-01 -7.311767e-01
    outer loop
      vertex 5.025610e+01 -4.824420e+00 2.664063e+01
      vertex 4.969067e+01 -4.515620e+00 2.635254e+01
      vertex 5.025610e+01 -4.515620e+00 2.635254e+01
    endloop
  endfacet
  facet normal 6.158418e-15 -9.493786e-01 -3.141343e-01
    outer loop
      vertex 4.969067e+01 -4.287791e+00 2.599707e+01
      vertex 4.969067e+01 -4.155121e+00 2.559619e+01
      vertex 5.025610e+01 -4.287791e+00 2.599707e+01
    endloop
  endfacet
  facet normal 6.137723e-15 -9.493786e-01 -3.141343e-01
    outer loop
      vertex 5.025610e+01 -4.287791e+00 2.599707e+01
      vertex 4.969067e+01 -4.155121e+00 2.559619e+01
      vertex 5.025610e+01 -4.155121e+00 2.559619e+01
    endloop
  endfacet
  facet normal 1.836970e-16 -1.000000e+00 2.449294e-16
    outer loop
      vertex 5.025610e+01 -4.125880e+00 2.517480e+01
      vertex 4.969067e+01 -4.125880e+00 2.517480e+01
      vertex 5.025610e+01 -4.125880e+00 1.307520e+01
    endloop
  endfacet
  facet normal 1.836970e-16 -1.000000e+00 2.449294e-16
    outer loop
      vertex 4.969067e+01 -4.125880e+00 2.517480e+01
      vertex 4.969067e+01 -4.125880e+00 1.307520e+01
      vertex 5.025610e+01 -4.125880e+00 1.307520e+01
    endloop
  endfacet
  facet normal 4.499279e-32 -2.449294e-16 -1.000000e+00
    outer loop
      vertex 5.025610e+01 -4.125880e+00 1.307520e+01
      vertex 4.969067e+01 -4.125880e+00 1.307520e+01
      vertex 5.025610e+01 -1.666138e+00 1.307520e+01
    endloop
  endfacet
  facet normal 4.499279e-32 -2.449294e-16 -1.000000e+00
    outer loop
      vertex 4.969067e+01 -4.125880e+00 1.307520e+01
      vertex 4.969067e+01 -1.666138e+00 1.307520e+01
      vertex 5.025610e+01 -1.666138e+00 1.307520e+01
    endloop
  endfacet
  facet normal -1.836970e-16 1.000000e+00 -2.449294e-16
    outer loop
      vertex 5.025610e+01 -1.666138e+00 1.307520e+01
      vertex 4.969067e+01 -1.666138e+00 1.307520e+01
      vertex 5.025610e+01 -1.666138e+00 2.517480e+01
    endloop
  endfacet
  facet normal -1.836970e-16 1.000000e+00 -2.449294e-16
    outer loop
      vertex 4.969067e+01 -1.666138e+00 1.307520e+01
      vertex 4.969067e+01 -1.666138e+00 2.517480e+01
      vertex 5.025610e+01 -1.666138e+00 2.517480e+01
    endloop
  endfacet
  facet normal 1.834539e-16 -9.986767e-01 -5.142852e-02
    outer loop
      vertex 5.025610e+01 1.660367e+00 2.508008e+01
      vertex 5.025610e+01 1.639137e+00 2.549268e+01
      vertex 4.969067e+01 1.660367e+00 2.508008e+01
    endloop
  endfacet
  facet normal 8.800518e-14 -9.986767e-01 -5.142852e-02
    outer loop
      vertex 4.969067e+01 1.660367e+00 2.508008e+01
      vertex 5.025610e+01 1.639137e+00 2.549268e+01
      vertex 4.969067e+01 1.639137e+00 2.549268e+01
    endloop
  endfacet
  facet normal -6.988297e-13 -8.533385e-01 -5.213574e-01
    outer loop
      vertex 5.025610e+01 1.301935e+00 2.623926e+01
      vertex 4.969067e+01 1.517162e+00 2.588672e+01
      vertex 5.025610e+01 1.517162e+00 2.588672e+01
    endloop
  endfacet
  facet normal 1.663189e-13 -8.533385e-01 -5.213574e-01
    outer loop
      vertex 4.969067e+01 1.517162e+00 2.588672e+01
      vertex 5.025610e+01 1.301935e+00 2.623926e+01
      vertex 4.969067e+01 1.301935e+00 2.623926e+01
    endloop
  endfacet
  facet normal 8.829924e-14 -5.015296e-01 -8.651404e-01
    outer loop
      vertex 5.025610e+01 6.495299e-01 2.673486e+01
      vertex 4.969067e+01 1.006679e+00 2.652783e+01
      vertex 5.025610e+01 1.006679e+00 2.652783e+01
    endloop
  endfacet
  facet normal 6.309721e-14 -5.015296e-01 -8.651404e-01
    outer loop
      vertex 4.969067e+01 1.006679e+00 2.652783e+01
      vertex 5.025610e+01 6.495299e-01 2.673486e+01
      vertex 4.969067e+01 6.495299e-01 2.673486e+01
    endloop
  endfacet
  facet normal 1.609157e-15 -2.837252e-02 -9.995974e-01
    outer loop
      vertex 5.025610e+01 -1.602216e-01 2.685938e+01
      vertex 4.969067e+01 2.524314e-01 2.684766e+01
      vertex 5.025610e+01 2.524314e-01 2.684766e+01
    endloop
  endfacet
  facet normal -8.858685e-16 -2.837252e-02 -9.995974e-01
    outer loop
      vertex 4.969067e+01 2.524314e-01 2.684766e+01
      vertex 5.025610e+01 -1.602216e-01 2.685938e+01
      vertex 4.969067e+01 -1.602216e-01 2.685938e+01
    endloop
  endfacet
  facet normal 5.098200e-14 4.516495e-01 -8.921955e-01
    outer loop
      vertex 5.025610e+01 -9.313989e-01 2.658252e+01
      vertex 4.969067e+01 -5.630822e-01 2.676904e+01
      vertex 5.025610e+01 -5.630822e-01 2.676904e+01
    endloop
  endfacet
  facet normal -1.358145e-12 4.516495e-01 -8.921955e-01
    outer loop
      vertex 4.969067e+01 -5.630822e-01 2.676904e+01
      vertex 5.025610e+01 -9.313989e-01 2.658252e+01
      vertex 4.969067e+01 -9.313989e-01 2.658252e+01
    endloop
  endfacet
  facet normal 1.599852e-13 8.223920e-01 -5.689212e-01
    outer loop
      vertex 5.025610e+01 -1.477408e+00 2.597168e+01
      vertex 4.969067e+01 -1.242545e+00 2.631152e+01
      vertex 5.025610e+01 -1.242545e+00 2.631152e+01
    endloop
  endfacet
  facet normal 1.393224e-13 8.223920e-01 -5.689212e-01
    outer loop
      vertex 4.969067e+01 -1.242545e+00 2.631152e+01
      vertex 5.025610e+01 -1.477408e+00 2.597168e+01
      vertex 4.969067e+01 -1.477408e+00 2.597168e+01
    endloop
  endfacet
  facet normal 1.059749e-13 9.941517e-01 -1.079929e-01
    outer loop
      vertex 5.025610e+01 -1.666138e+00 2.517480e+01
      vertex 4.969067e+01 -1.621558e+00 2.558496e+01
      vertex 5.025610e+01 -1.621558e+00 2.558496e+01
    endloop
  endfacet
  facet normal -1.826227e-16 9.941517e-01 -1.079929e-01
    outer loop
      vertex 5.025610e+01 -1.666138e+00 2.517480e+01
      vertex 4.969067e+01 -1.666138e+00 2.517480e+01
      vertex 4.969067e+01 -1.621558e+00 2.558496e+01
    endloop
  endfacet
  facet normal 9.988797e-14 9.370547e-01 -3.491826e-01
    outer loop
      vertex 4.969067e+01 -1.621558e+00 2.558496e+01
      vertex 4.969067e+01 -1.477408e+00 2.597168e+01
      vertex 5.025610e+01 -1.621558e+00 2.558496e+01
    endloop
  endfacet
  facet normal 1.587476e-13 9.370547e-01 -3.491826e-01
    outer loop
      vertex 5.025610e+01 -1.621558e+00 2.558496e+01
      vertex 4.969067e+01 -1.477408e+00 2.597168e+01
      vertex 5.025610e+01 -1.477408e+00 2.597168e+01
    endloop
  endfacet
  facet normal 1.278445e-13 6.572077e-01 -7.537095e-01
    outer loop
      vertex 4.969067e+01 -1.242545e+00 2.631152e+01
      vertex 4.969067e+01 -9.313989e-01 2.658252e+01
      vertex 5.025610e+01 -1.242545e+00 2.631152e+01
    endloop
  endfacet
  facet normal -1.100635e-12 6.572077e-01 -7.537095e-01
    outer loop
      vertex 5.025610e+01 -1.242545e+00 2.631152e+01
      vertex 4.969067e+01 -9.313989e-01 2.658252e+01
      vertex 5.025610e+01 -9.313989e-01 2.658252e+01
    endloop
  endfacet
  facet normal 2.465545e-14 2.183452e-01 -9.758716e-01
    outer loop
      vertex 4.969067e+01 -5.630822e-01 2.676904e+01
      vertex 4.969067e+01 -1.602216e-01 2.685938e+01
      vertex 5.025610e+01 -5.630822e-01 2.676904e+01
    endloop
  endfacet
  facet normal 6.817342e-15 2.183452e-01 -9.758716e-01
    outer loop
      vertex 5.025610e+01 -5.630822e-01 2.676904e+01
      vertex 4.969067e+01 -1.602216e-01 2.685938e+01
      vertex 5.025610e+01 -1.602216e-01 2.685938e+01
    endloop
  endfacet
  facet normal 1.550351e-14 -2.733473e-01 -9.619154e-01
    outer loop
      vertex 4.969067e+01 2.524314e-01 2.684766e+01
      vertex 4.969067e+01 6.495299e-01 2.673486e+01
      vertex 5.025610e+01 2.524314e-01 2.684766e+01
    endloop
  endfacet
  facet normal 3.438970e-14 -2.733473e-01 -9.619154e-01
    outer loop
      vertex 5.025610e+01 2.524314e-01 2.684766e+01
      vertex 4.969067e+01 6.495299e-01 2.673486e+01
      vertex 5.025610e+01 6.495299e-01 2.673486e+01
    endloop
  endfacet
  facet normal 1.230415e-13 -6.989017e-01 -7.152177e-01
    outer loop
      vertex 4.969067e+01 1.006679e+00 2.652783e+01
      vertex 4.969067e+01 1.301935e+00 2.623926e+01
      vertex 5.025610e+01 1.006679e+00 2.652783e+01
    endloop
  endfacet
  facet normal 1.362186e-13 -6.989017e-01 -7.152177e-01
    outer loop
      vertex 5.025610e+01 1.006679e+00 2.652783e+01
      vertex 4.969067e+01 1.301935e+00 2.623926e+01
      vertex 5.025610e+01 1.301935e+00 2.623926e+01
    endloop
  endfacet
  facet normal -3.189351e-13 -9.553524e-01 -2.954686e-01
    outer loop
      vertex 4.969067e+01 1.517162e+00 2.588672e+01
      vertex 4.969067e+01 1.639137e+00 2.549268e+01
      vertex 5.025610e+01 1.517162e+00 2.588672e+01
    endloop
  endfacet
  facet normal 8.418737e-14 -9.553524e-01 -2.954686e-01
    outer loop
      vertex 5.025610e+01 1.517162e+00 2.588672e+01
      vertex 4.969067e+01 1.639137e+00 2.549268e+01
      vertex 5.025610e+01 1.639137e+00 2.549268e+01
    endloop
  endfacet
  facet normal -1.821255e-16 9.914449e-01 -1.305262e-01
    outer loop
      vertex 5.025610e+01 1.138829e+01 1.564063e+01
      vertex 4.969067e+01 1.138829e+01 1.564063e+01
      vertex 5.025610e+01 1.179002e+01 1.869238e+01
    endloop
  endfacet
  facet normal -1.697139e-16 9.238795e-01 -3.826834e-01
    outer loop
      vertex 4.969067e+01 1.138829e+01 1.564063e+01
      vertex 5.025610e+01 1.138829e+01 1.564063e+01
      vertex 4.969067e+01 1.021049e+01 1.279736e+01
    endloop
  endfacet
  facet normal -1.457366e-16 7.933533e-01 -6.087614e-01
    outer loop
      vertex 5.025610e+01 8.336870e+00 1.035547e+01
      vertex 4.969067e+01 8.336870e+00 1.035547e+01
      vertex 5.025610e+01 1.021049e+01 1.279736e+01
    endloop
  endfacet
  facet normal -1.118277e-16 6.087614e-01 -7.933533e-01
    outer loop
      vertex 4.969067e+01 8.336870e+00 1.035547e+01
      vertex 5.025610e+01 8.336870e+00 1.035547e+01
      vertex 4.969067e+01 5.895122e+00 8.481934e+00
    endloop
  endfacet
  facet normal -7.029781e-17 3.826834e-01 -9.238795e-01
    outer loop
      vertex 5.025610e+01 3.051649e+00 7.304199e+00
      vertex 4.969067e+01 3.051649e+00 7.304199e+00
      vertex 5.025610e+01 5.895122e+00 8.481934e+00
    endloop
  endfacet
  facet normal -2.397727e-17 1.305262e-01 -9.914449e-01
    outer loop
      vertex 4.969067e+01 3.051649e+00 7.304199e+00
      vertex 5.025610e+01 3.051649e+00 7.304199e+00
      vertex 4.969067e+01 2.245671e-04 6.902344e+00
    endloop
  endfacet
  facet normal 2.397727e-17 -1.305262e-01 -9.914449e-01
    outer loop
      vertex 5.025610e+01 -3.051199e+00 7.304199e+00
      vertex 4.969067e+01 -3.051199e+00 7.304199e+00
      vertex 5.025610e+01 2.245671e-04 6.902344e+00
    endloop
  endfacet
  facet normal 7.029781e-17 -3.826834e-01 -9.238795e-01
    outer loop
      vertex 4.969067e+01 -3.051199e+00 7.304199e+00
      vertex 5.025610e+01 -3.051199e+00 7.304199e+00
      vertex 4.969067e+01 -5.894675e+00 8.481934e+00
    endloop
  endfacet
  facet normal 1.118277e-16 -6.087614e-01 -7.933533e-01
    outer loop
      vertex 5.025610e+01 -8.336422e+00 1.035547e+01
      vertex 4.969067e+01 -8.336422e+00 1.035547e+01
      vertex 5.025610e+01 -5.894675e+00 8.481934e+00
    endloop
  endfacet
  facet normal 1.457366e-16 -7.933533e-01 -6.087614e-01
    outer loop
      vertex 4.969067e+01 -8.336422e+00 1.035547e+01
      vertex 5.025610e+01 -8.336422e+00 1.035547e+01
      vertex 4.969067e+01 -1.021004e+01 1.279736e+01
    endloop
  endfacet
  facet normal 1.697139e-16 -9.238795e-01 -3.826834e-01
    outer loop
      vertex 5.025610e+01 -1.138785e+01 1.564063e+01
      vertex 4.969067e+01 -1.138785e+01 1.564063e+01
      vertex 5.025610e+01 -1.021004e+01 1.279736e+01
    endloop
  endfacet
  facet normal 1.821255e-16 -9.914449e-01 -1.305262e-01
    outer loop
      vertex 4.969067e+01 -1.138785e+01 1.564063e+01
      vertex 5.025610e+01 -1.138785e+01 1.564063e+01
      vertex 4.969067e+01 -1.178957e+01 1.869238e+01
    endloop
  endfacet
  facet normal 1.821255e-16 -9.914449e-01 1.305262e-01
    outer loop
      vertex 5.025610e+01 -1.138785e+01 2.174365e+01
      vertex 4.969067e+01 -1.138785e+01 2.174365e+01
      vertex 5.025610e+01 -1.178957e+01 1.869238e+01
    endloop
  endfacet
  facet normal 1.697139e-16 -9.238795e-01 3.826834e-01
    outer loop
      vertex 4.969067e+01 -1.138785e+01 2.174365e+01
      vertex 5.025610e+01 -1.138785e+01 2.174365e+01
      vertex 4.969067e+01 -1.021004e+01 2.458691e+01
    endloop
  endfacet
  facet normal 1.457366e-16 -7.933533e-01 6.087614e-01
    outer loop
      vertex 5.025610e+01 -8.336422e+00 2.702881e+01
      vertex 4.969067e+01 -8.336422e+00 2.702881e+01
      vertex 5.025610e+01 -1.021004e+01 2.458691e+01
    endloop
  endfacet
  facet normal 1.118277e-16 -6.087614e-01 7.933533e-01
    outer loop
      vertex 4.969067e+01 -8.336422e+00 2.702881e+01
      vertex 5.025610e+01 -8.336422e+00 2.702881e+01
      vertex 4.969067e+01 -5.894675e+00 2.890234e+01
    endloop
  endfacet
  facet normal 7.029781e-17 -3.826834e-01 9.238795e-01
    outer loop
      vertex 5.025610e+01 -3.051199e+00 3.008008e+01
      vertex 4.969067e+01 -3.051199e+00 3.008008e+01
      vertex 5.025610e+01 -5.894675e+00 2.890234e+01
    endloop
  endfacet
  facet normal 2.397727e-17 -1.305262e-01 9.914449e-01
    outer loop
      vertex 4.969067e+01 -3.051199e+00 3.008008e+01
      vertex 5.025610e+01 -3.051199e+00 3.008008e+01
      vertex 4.969067e+01 2.245671e-04 3.048193e+01
    endloop
  endfacet
  facet normal -2.397727e-17 1.305262e-01 9.914449e-01
    outer loop
      vertex 5.025610e+01 3.051649e+00 3.008008e+01
      vertex 4.969067e+01 3.051649e+00 3.008008e+01
      vertex 5.025610e+01 2.245671e-04 3.048193e+01
    endloop
  endfacet
  facet normal -7.029781e-17 3.826834e-01 9.238795e-01
    outer loop
      vertex 4.969067e+01 3.051649e+00 3.008008e+01
      vertex 5.025610e+01 3.051649e+00 3.008008e+01
      vertex 4.969067e+01 5.895122e+00 2.890234e+01
    endloop
  endfacet
  facet normal -1.118277e-16 6.087614e-01 7.933533e-01
    outer loop
      vertex 5.025610e+01 8.336870e+00 2.702881e+01
      vertex 4.969067e+01 8.336870e+00 2.702881e+01
      vertex 5.025610e+01 5.895122e+00 2.890234e+01
    endloop
  endfacet
  facet normal -1.457366e-16 7.933533e-01 6.087614e-01
    outer loop
      vertex 4.969067e+01 8.336870e+00 2.702881e+01
      vertex 5.025610e+01 8.336870e+00 2.702881e+01
      vertex 4.969067e+01 1.021049e+01 2.458691e+01
    endloop
  endfacet
  facet normal -1.697139e-16 9.238795e-01 3.826834e-01
    outer loop
      vertex 5.025610e+01 1.138829e+01 2.174365e+01
      vertex 4.969067e+01 1.138829e+01 2.174365e+01
      vertex 5.025610e+01 1.021049e+01 2.458691e+01
    endloop
  endfacet
  facet normal -1.821255e-16 9.914449e-01 1.305262e-01
    outer loop
      vertex 4.969067e+01 1.138829e+01 2.174365e+01
      vertex 5.025610e+01 1.138829e+01 2.174365e+01
      vertex 4.969067e+01 1.179002e+01 1.869238e+01
    endloop
  endfacet
  facet normal -1.697139e-16 9.238795e-01 3.826834e-01
    outer loop
      vertex 4.969067e+01 1.138829e+01 2.174365e+01
      vertex 4.969067e+01 1.021049e+01 2.458691e+01
      vertex 5.025610e+01 1.021049e+01 2.458691e+01
    endloop
  endfacet
  facet normal -1.457366e-16 7.933533e-01 6.087614e-01
    outer loop
      vertex 5.025610e+01 1.021049e+01 2.458691e+01
      vertex 4.969067e+01 1.021049e+01 2.458691e+01
      vertex 5.025610e+01 8.336870e+00 2.702881e+01
    endloop
  endfacet
  facet normal -1.118277e-16 6.087614e-01 7.933533e-01
    outer loop
      vertex 4.969067e+01 8.336870e+00 2.702881e+01
      vertex 4.969067e+01 5.895122e+00 2.890234e+01
      vertex 5.025610e+01 5.895122e+00 2.890234e+01
    endloop
  endfacet
  facet normal -7.029781e-17 3.826834e-01 9.238795e-01
    outer loop
      vertex 5.025610e+01 5.895122e+00 2.890234e+01
      vertex 4.969067e+01 5.895122e+00 2.890234e+01
      vertex 5.025610e+01 3.051649e+00 3.008008e+01
    endloop
  endfacet
  facet normal -2.397727e-17 1.305262e-01 9.914449e-01
    outer loop
      vertex 4.969067e+01 3.051649e+00 3.008008e+01
      vertex 4.969067e+01 2.245671e-04 3.048193e+01
      vertex 5.025610e+01 2.245671e-04 3.048193e+01
    endloop
  endfacet
  facet normal 2.397727e-17 -1.305262e-01 9.914449e-01
    outer loop
      vertex 5.025610e+01 2.245671e-04 3.048193e+01
      vertex 4.969067e+01 2.245671e-04 3.048193e+01
      vertex 5.025610e+01 -3.051199e+00 3.008008e+01
    endloop
  endfacet
  facet normal 7.029781e-17 -3.826834e-01 9.238795e-01
    outer loop
      vertex 4.969067e+01 -3.051199e+00 3.008008e+01
      vertex 4.969067e+01 -5.894675e+00 2.890234e+01
      vertex 5.025610e+01 -5.894675e+00 2.890234e+01
    endloop
  endfacet
  facet normal 1.118277e-16 -6.087614e-01 7.933533e-01
    outer loop
      vertex 5.025610e+01 -5.894675e+00 2.890234e+01
      vertex 4.969067e+01 -5.894675e+00 2.890234e+01
      vertex 5.025610e+01 -8.336422e+00 2.702881e+01
    endloop
  endfacet
  facet normal 1.457366e-16 -7.933533e-01 6.087614e-01
    outer loop
      vertex 4.969067e+01 -8.336422e+00 2.702881e+01
      vertex 4.969067e+01 -1.021004e+01 2.458691e+01
      vertex 5.025610e+01 -1.021004e+01 2.458691e+01
    endloop
  endfacet
  facet normal 1.697139e-16 -9.238795e-01 3.826834e-01
    outer loop
      vertex 5.025610e+01 -1.021004e+01 2.458691e+01
      vertex 4.969067e+01 -1.021004e+01 2.458691e+01
      vertex 5.025610e+01 -1.138785e+01 2.174365e+01
    endloop
  endfacet
  facet normal 1.821255e-16 -9.914449e-01 1.305262e-01
    outer loop
      vertex 4.969067e+01 -1.138785e+01 2.174365e+01
      vertex 4.969067e+01 -1.178957e+01 1.869238e+01
      vertex 5.025610e+01 -1.178957e+01 1.869238e+01
    endloop
  endfacet
  facet normal 1.821255e-16 -9.914449e-01 -1.305262e-01
    outer loop
      vertex 5.025610e+01 -1.178957e+01 1.869238e+01
      vertex 4.969067e+01 -1.178957e+01 1.869238e+01
      vertex 5.025610e+01 -1.138785e+01 1.564063e+01
    endloop
  endfacet
  facet normal 1.697139e-16 -9.238795e-01 -3.826834e-01
    outer loop
      vertex 4.969067e+01 -1.138785e+01 1.564063e+01
      vertex 4.969067e+01 -1.021004e+01 1.279736e+01
      vertex 5.025610e+01 -1.021004e+01 1.279736e+01
    endloop
  endfacet
  facet normal 1.457366e-16 -7.933533e-01 -6.087614e-01
    outer loop
      vertex 5.025610e+01 -1.021004e+01 1.279736e+01
      vertex 4.969067e+01 -1.021004e+01 1.279736e+01
      vertex 5.025610e+01 -8.336422e+00 1.035547e+01
    endloop
  endfacet
  facet normal 1.118277e-16 -6.087614e-01 -7.933533e-01
    outer loop
      vertex 4.969067e+01 -8.336422e+00 1.035547e+01
      vertex 4.969067e+01 -5.894675e+00 8.481934e+00
      vertex 5.025610e+01 -5.894675e+00 8.481934e+00
    endloop
  endfacet
  facet normal 7.029781e-17 -3.826834e-01 -9.238795e-01
    outer loop
      vertex 5.025610e+01 -5.894675e+00 8.481934e+00
      vertex 4.969067e+01 -5.894675e+00 8.481934e+00
      vertex 5.025610e+01 -3.051199e+00 7.304199e+00
    endloop
  endfacet
  facet normal 2.397727e-17 -1.305262e-01 -9.914449e-01
    outer loop
      vertex 4.969067e+01 -3.051199e+00 7.304199e+00
      vertex 4.969067e+01 2.245671e-04 6.902344e+00
      vertex 5.025610e+01 2.245671e-04 6.902344e+00
    endloop
  endfacet
  facet normal -2.397727e-17 1.305262e-01 -9.914449e-01
    outer loop
      vertex 5.025610e+01 2.245671e-04 6.902344e+00
      vertex 4.969067e+01 2.245671e-04 6.902344e+00
      vertex 5.025610e+01 3.051649e+00 7.304199e+00
    endloop
  endfacet
  facet normal -7.029781e-17 3.826834e-01 -9.238795e-01
    outer loop
      vertex 4.969067e+01 3.051649e+00 7.304199e+00
      vertex 4.969067e+01 5.895122e+00 8.481934e+00
      vertex 5.025610e+01 5.895122e+00 8.481934e+00
    endloop
  endfacet
  facet normal -1.118277e-16 6.087614e-01 -7.933533e-01
    outer loop
      vertex 5.025610e+01 5.895122e+00 8.481934e+00
      vertex 4.969067e+01 5.895122e+00 8.481934e+00
      vertex 5.025610e+01 8.336870e+00 1.035547e+01
    endloop
  endfacet
  facet normal -1.457366e-16 7.933533e-01 -6.087614e-01
    outer loop
      vertex 4.969067e+01 8.336870e+00 1.035547e+01
      vertex 4.969067e+01 1.021049e+01 1.279736e+01
      vertex 5.025610e+01 1.021049e+01 1.279736e+01
    endloop
  endfacet
  facet normal -1.697139e-16 9.238795e-01 -3.826834e-01
    outer loop
      vertex 5.025610e+01 1.021049e+01 1.279736e+01
      vertex 4.969067e+01 1.021049e+01 1.279736e+01
      vertex 5.025610e+01 1.138829e+01 1.564063e+01
    endloop
  endfacet
  facet normal -1.821255e-16 9.914449e-01 -1.305262e-01
    outer loop
      vertex 4.969067e+01 1.138829e+01 1.564063e+01
      vertex 4.969067e+01 1.179002e+01 1.869238e+01
      vertex 5.025610e+01 1.179002e+01 1.869238e+01
    endloop
  endfacet
  facet normal -1.821255e-16 9.914449e-01 1.305262e-01
    outer loop
      vertex 5.025610e+01 1.179002e+01 1.869238e+01
      vertex 4.969067e+01 1.179002e+01 1.869238e+01
      vertex 5.025610e+01 1.138829e+01 2.174365e+01
    endloop
  endfacet
  facet normal 1.000000e+00 1.836970e-16 -0.000000e+00
    outer loop
      vertex 5.025610e+01 -4.687043e+00 9.847656e+00
      vertex 5.025610e+01 -5.894675e+00 8.481934e+00
      vertex 5.025610e+01 -3.728241e+00 9.671387e+00
    endloop
  endfacet
  facet normal 1.000000e+00 1.836970e-16 0.000000e+00
    outer loop
      vertex 5.025610e+01 -4.687043e+00 9.847656e+00
      vertex 5.025610e+01 -5.575387e+00 1.024902e+01
      vertex 5.025610e+01 -5.894675e+00 8.481934e+00
    endloop
  endfacet
  facet normal 1.000000e+00 1.836970e-16 0.000000e+00
    outer loop
      vertex 5.025610e+01 -5.575387e+00 1.024902e+01
      vertex 5.025610e+01 -6.341141e+00 1.085205e+01
      vertex 5.025610e+01 -5.894675e+00 8.481934e+00
    endloop
  endfacet
  facet normal 1.000000e+00 1.836970e-16 0.000000e+00
    outer loop
      vertex 5.025610e+01 -5.894675e+00 8.481934e+00
      vertex 5.025610e+01 -6.341141e+00 1.085205e+01
      vertex 5.025610e+01 -8.336422e+00 1.035547e+01
    endloop
  endfacet
  facet normal 1.000000e+00 1.836970e-16 0.000000e+00
    outer loop
      vertex 5.025610e+01 -6.341141e+00 1.085205e+01
      vertex 5.025610e+01 -6.939367e+00 1.162158e+01
      vertex 5.025610e+01 -8.336422e+00 1.035547e+01
    endloop
  endfacet
  facet normal 1.000000e+00 1.836970e-16 -0.000000e+00
    outer loop
      vertex 5.025610e+01 -7.504700e+00 1.347266e+01
      vertex 5.025610e+01 -1.021004e+01 1.279736e+01
      vertex 5.025610e+01 -7.334959e+00 1.251270e+01
    endloop
  endfacet
  facet normal 1.000000e+00 1.836970e-16 -0.000000e+00
    outer loop
      vertex 5.025610e+01 -7.504700e+00 2.517480e+01
      vertex 5.025610e+01 -1.138785e+01 2.174365e+01
      vertex 5.025610e+01 -7.504700e+00 1.347266e+01
    endloop
  endfacet
  facet normal 1.000000e+00 1.836970e-16 0.000000e+00
    outer loop
      vertex 5.025610e+01 -1.138785e+01 2.174365e+01
      vertex 5.025610e+01 -7.504700e+00 2.517480e+01
      vertex 5.025610e+01 -1.021004e+01 2.458691e+01
    endloop
  endfacet
  facet normal 1.000000e+00 1.836970e-16 0.000000e+00
    outer loop
      vertex 5.025610e+01 -7.342790e+00 2.599707e+01
      vertex 5.025610e+01 -8.336422e+00 2.702881e+01
      vertex 5.025610e+01 -7.475459e+00 2.559619e+01
    endloop
  endfacet
  facet normal 1.000000e+00 1.836970e-16 0.000000e+00
    outer loop
      vertex 5.025610e+01 -7.342790e+00 2.599707e+01
      vertex 5.025610e+01 -7.114959e+00 2.635254e+01
      vertex 5.025610e+01 -8.336422e+00 2.702881e+01
    endloop
  endfacet
  facet normal 1.000000e+00 1.836970e-16 0.000000e+00
    outer loop
      vertex 5.025610e+01 -7.114959e+00 2.635254e+01
      vertex 5.025610e+01 -6.806160e+00 2.664063e+01
      vertex 5.025610e+01 -8.336422e+00 2.702881e+01
    endloop
  endfacet
  facet normal 1.000000e+00 1.836970e-16 0.000000e+00
    outer loop
      vertex 5.025610e+01 -6.806160e+00 2.664063e+01
      vertex 5.025610e+01 -6.435631e+00 2.684326e+01
      vertex 5.025610e+01 -8.336422e+00 2.702881e+01
    endloop
  endfacet
  facet normal 1.000000e+00 1.836970e-16 0.000000e+00
    outer loop
      vertex 5.025610e+01 -8.336422e+00 2.702881e+01
      vertex 5.025610e+01 -6.435631e+00 2.684326e+01
      vertex 5.025610e+01 -5.894675e+00 2.890234e+01
    endloop
  endfacet
  facet normal 1.000000e+00 1.836970e-16 0.000000e+00
    outer loop
      vertex 5.025610e+01 -6.435631e+00 2.684326e+01
      vertex 5.025610e+01 -6.026455e+00 2.694775e+01
      vertex 5.025610e+01 -5.894675e+00 2.890234e+01
    endloop
  endfacet
  facet normal 1.000000e+00 1.836970e-16 0.000000e+00
    outer loop
      vertex 5.025610e+01 -6.026455e+00 2.694775e+01
      vertex 5.025610e+01 -5.604125e+00 2.694775e+01
      vertex 5.025610e+01 -5.894675e+00 2.890234e+01
    endloop
  endfacet
  facet normal 1.000000e+00 1.836970e-16 0.000000e+00
    outer loop
      vertex 5.025610e+01 -5.604125e+00 2.694775e+01
      vertex 5.025610e+01 -5.194949e+00 2.684326e+01
      vertex 5.025610e+01 -5.894675e+00 2.890234e+01
    endloop
  endfacet
  facet normal 1.000000e+00 1.836970e-16 0.000000e+00
    outer loop
      vertex 5.025610e+01 -4.515620e+00 2.635254e+01
      vertex 5.025610e+01 -3.051199e+00 3.008008e+01
      vertex 5.025610e+01 -4.824420e+00 2.664063e+01
    endloop
  endfacet
  facet normal 1.000000e+00 1.836970e-16 0.000000e+00
    outer loop
      vertex 5.025610e+01 -4.287791e+00 2.599707e+01
      vertex 5.025610e+01 -1.477408e+00 2.597168e+01
      vertex 5.025610e+01 -4.515620e+00 2.635254e+01
    endloop
  endfacet
  facet normal 1.000000e+00 1.836970e-16 0.000000e+00
    outer loop
      vertex 5.025610e+01 -1.477408e+00 2.597168e+01
      vertex 5.025610e+01 -4.287791e+00 2.599707e+01
      vertex 5.025610e+01 -1.621558e+00 2.558496e+01
    endloop
  endfacet
  facet normal 1.000000e+00 1.836970e-16 0.000000e+00
    outer loop
      vertex 5.025610e+01 -4.125880e+00 2.517480e+01
      vertex 5.025610e+01 -1.666138e+00 2.517480e+01
      vertex 5.025610e+01 -4.155121e+00 2.559619e+01
    endloop
  endfacet
  facet normal 1.000000e+00 1.836970e-16 0.000000e+00
    outer loop
      vertex 5.025610e+01 -4.125880e+00 1.307520e+01
      vertex 5.025610e+01 -1.666138e+00 1.307520e+01
      vertex 5.025610e+01 -4.125880e+00 2.517480e+01
    endloop
  endfacet
  facet normal 1.000000e+00 1.836970e-16 0.000000e+00
    outer loop
      vertex 5.025610e+01 -1.666138e+00 1.307520e+01
      vertex 5.025610e+01 -1.666138e+00 2.517480e+01
      vertex 5.025610e+01 -4.125880e+00 2.517480e+01
    endloop
  endfacet
  facet normal 1.000000e+00 1.836970e-16 0.000000e+00
    outer loop
      vertex 5.025610e+01 -1.666138e+00 2.517480e+01
      vertex 5.025610e+01 -1.621558e+00 2.558496e+01
      vertex 5.025610e+01 -4.155121e+00 2.559619e+01
    endloop
  endfacet
  facet normal 1.000000e+00 1.836970e-16 0.000000e+00
    outer loop
      vertex 5.025610e+01 -4.155121e+00 2.559619e+01
      vertex 5.025610e+01 -1.621558e+00 2.558496e+01
      vertex 5.025610e+01 -4.287791e+00 2.599707e+01
    endloop
  endfacet
  facet normal 1.000000e+00 1.836970e-16 0.000000e+00
    outer loop
      vertex 5.025610e+01 -1.477408e+00 2.597168e+01
      vertex 5.025610e+01 -1.242545e+00 2.631152e+01
      vertex 5.025610e+01 -4.515620e+00 2.635254e+01
    endloop
  endfacet
  facet normal 1.000000e+00 1.836970e-16 0.000000e+00
    outer loop
      vertex 5.025610e+01 -4.515620e+00 2.635254e+01
      vertex 5.025610e+01 -1.242545e+00 2.631152e+01
      vertex 5.025610e+01 -3.051199e+00 3.008008e+01
    endloop
  endfacet
  facet normal 1.000000e+00 1.836970e-16 0.000000e+00
    outer loop
      vertex 5.025610e+01 -1.242545e+00 2.631152e+01
      vertex 5.025610e+01 -9.313989e-01 2.658252e+01
      vertex 5.025610e+01 -3.051199e+00 3.008008e+01
    endloop
  endfacet
  facet normal 1.000000e+00 1.836970e-16 0.000000e+00
    outer loop
      vertex 5.025610e+01 -1.602216e-01 2.685938e+01
      vertex 5.025610e+01 2.245671e-04 3.048193e+01
      vertex 5.025610e+01 -5.630822e-01 2.676904e+01
    endloop
  endfacet
  facet normal 1.000000e+00 1.836970e-16 0.000000e+00
    outer loop
      vertex 5.025610e+01 -1.602216e-01 2.685938e+01
      vertex 5.025610e+01 2.524314e-01 2.684766e+01
      vertex 5.025610e+01 2.245671e-04 3.048193e+01
    endloop
  endfacet
  facet normal 1.000000e+00 1.836970e-16 0.000000e+00
    outer loop
      vertex 5.025610e+01 2.524314e-01 2.684766e+01
      vertex 5.025610e+01 6.495299e-01 2.673486e+01
      vertex 5.025610e+01 2.245671e-04 3.048193e+01
    endloop
  endfacet
  facet normal 1.000000e+00 1.836970e-16 0.000000e+00
    outer loop
      vertex 5.025610e+01 2.245671e-04 3.048193e+01
      vertex 5.025610e+01 6.495299e-01 2.673486e+01
      vertex 5.025610e+01 3.051649e+00 3.008008e+01
    endloop
  endfacet
  facet normal 1.000000e+00 1.836970e-16 0.000000e+00
    outer loop
      vertex 5.025610e+01 6.495299e-01 2.673486e+01
      vertex 5.025610e+01 1.006679e+00 2.652783e+01
      vertex 5.025610e+01 3.051649e+00 3.008008e+01
    endloop
  endfacet
  facet normal 1.000000e+00 1.836970e-16 0.000000e+00
    outer loop
      vertex 5.025610e+01 1.517162e+00 2.588672e+01
      vertex 5.025610e+01 4.275846e+00 2.588916e+01
      vertex 5.025610e+01 1.301935e+00 2.623926e+01
    endloop
  endfacet
  facet normal 1.000000e+00 1.836970e-16 -0.000000e+00
    outer loop
      vertex 5.025610e+01 4.275846e+00 2.588916e+01
      vertex 5.025610e+01 1.517162e+00 2.588672e+01
      vertex 5.025610e+01 4.147983e+00 2.549463e+01
    endloop
  endfacet
  facet normal 1.000000e+00 1.836970e-16 0.000000e+00
    outer loop
      vertex 5.025610e+01 1.660367e+00 2.508008e+01
      vertex 5.025610e+01 4.120130e+00 2.508008e+01
      vertex 5.025610e+01 1.639137e+00 2.549268e+01
    endloop
  endfacet
  facet normal 1.000000e+00 1.836970e-16 0.000000e+00
    outer loop
      vertex 5.025610e+01 1.660367e+00 2.508008e+01
      vertex 5.025610e+01 1.663003e+00 1.307520e+01
      vertex 5.025610e+01 4.120130e+00 2.508008e+01
    endloop
  endfacet
  facet normal 1.000000e+00 1.836970e-16 0.000000e+00
    outer loop
      vertex 5.025610e+01 1.663003e+00 1.307520e+01
      vertex 5.025610e+01 4.122745e+00 1.307520e+01
      vertex 5.025610e+01 4.120130e+00 2.508008e+01
    endloop
  endfacet
  facet normal 1.000000e+00 1.836970e-16 0.000000e+00
    outer loop
      vertex 5.025610e+01 4.120130e+00 2.508008e+01
      vertex 5.025610e+01 4.147983e+00 2.549463e+01
      vertex 5.025610e+01 1.639137e+00 2.549268e+01
    endloop
  endfacet
  facet normal 1.000000e+00 1.836970e-16 0.000000e+00
    outer loop
      vertex 5.025610e+01 1.639137e+00 2.549268e+01
      vertex 5.025610e+01 4.147983e+00 2.549463e+01
      vertex 5.025610e+01 1.517162e+00 2.588672e+01
    endloop
  endfacet
  facet normal 1.000000e+00 1.836970e-16 0.000000e+00
    outer loop
      vertex 5.025610e+01 4.275846e+00 2.588916e+01
      vertex 5.025610e+01 4.496021e+00 2.624121e+01
      vertex 5.025610e+01 1.301935e+00 2.623926e+01
    endloop
  endfacet
  facet normal 1.000000e+00 1.836970e-16 0.000000e+00
    outer loop
      vertex 5.025610e+01 1.301935e+00 2.623926e+01
      vertex 5.025610e+01 4.496021e+00 2.624121e+01
      vertex 5.025610e+01 3.051649e+00 3.008008e+01
    endloop
  endfacet
  facet normal 1.000000e+00 1.836970e-16 0.000000e+00
    outer loop
      vertex 5.025610e+01 1.301935e+00 2.623926e+01
      vertex 5.025610e+01 3.051649e+00 3.008008e+01
      vertex 5.025610e+01 1.006679e+00 2.652783e+01
    endloop
  endfacet
  facet normal 1.000000e+00 1.836970e-16 0.000000e+00
    outer loop
      vertex 5.025610e+01 4.496021e+00 2.624121e+01
      vertex 5.025610e+01 4.795255e+00 2.652881e+01
      vertex 5.025610e+01 3.051649e+00 3.008008e+01
    endloop
  endfacet
  facet normal 1.000000e+00 1.836970e-16 0.000000e+00
    outer loop
      vertex 5.025610e+01 5.555191e+00 2.684766e+01
      vertex 5.025610e+01 5.895122e+00 2.890234e+01
      vertex 5.025610e+01 5.155540e+00 2.673535e+01
    endloop
  endfacet
  facet normal 1.000000e+00 1.836970e-16 0.000000e+00
    outer loop
      vertex 5.025610e+01 5.555191e+00 2.684766e+01
      vertex 5.025610e+01 5.970149e+00 2.685889e+01
      vertex 5.025610e+01 5.895122e+00 2.890234e+01
    endloop
  endfacet
  facet normal 1.000000e+00 1.836970e-16 0.000000e+00
    outer loop
      vertex 5.025610e+01 5.970149e+00 2.685889e+01
      vertex 5.025610e+01 6.375440e+00 2.676904e+01
      vertex 5.025610e+01 5.895122e+00 2.890234e+01
    endloop
  endfacet
  facet normal 1.000000e+00 1.836970e-16 0.000000e+00
    outer loop
      vertex 5.025610e+01 5.895122e+00 2.890234e+01
      vertex 5.025610e+01 6.375440e+00 2.676904e+01
      vertex 5.025610e+01 8.336870e+00 2.702881e+01
    endloop
  endfacet
  facet normal 1.000000e+00 1.836970e-16 0.000000e+00
    outer loop
      vertex 5.025610e+01 6.375440e+00 2.676904e+01
      vertex 5.025610e+01 6.746671e+00 2.658350e+01
      vertex 5.025610e+01 8.336870e+00 2.702881e+01
    endloop
  endfacet
  facet normal 1.000000e+00 1.836970e-16 0.000000e+00
    outer loop
      vertex 5.025610e+01 6.746671e+00 2.658350e+01
      vertex 5.025610e+01 7.061494e+00 2.631299e+01
      vertex 5.025610e+01 8.336870e+00 2.702881e+01
    endloop
  endfacet
  facet normal 1.000000e+00 1.836970e-16 0.000000e+00
    outer loop
      vertex 5.025610e+01 7.061494e+00 2.631299e+01
      vertex 5.025610e+01 7.300964e+00 2.597363e+01
      vertex 5.025610e+01 8.336870e+00 2.702881e+01
    endloop
  endfacet
  facet normal 1.000000e+00 1.836970e-16 0.000000e+00
    outer loop
      vertex 5.025610e+01 7.501588e+00 2.517480e+01
      vertex 5.025610e+01 1.021049e+01 2.458691e+01
      vertex 5.025610e+01 7.450666e+00 2.558643e+01
    endloop
  endfacet
  facet normal 1.000000e+00 1.836970e-16 0.000000e+00
    outer loop
      vertex 5.025610e+01 7.501588e+00 1.303906e+01
      vertex 5.025610e+01 1.179002e+01 1.869238e+01
      vertex 5.025610e+01 7.501588e+00 2.517480e+01
    endloop
  endfacet
  facet normal 1.000000e+00 1.836970e-16 0.000000e+00
    outer loop
      vertex 5.025610e+01 7.286668e+00 1.214404e+01
      vertex 5.025610e+01 1.021049e+01 1.279736e+01
      vertex 5.025610e+01 7.501588e+00 1.303906e+01
    endloop
  endfacet
  facet normal 1.000000e+00 1.836970e-16 -0.000000e+00
    outer loop
      vertex 5.025610e+01 1.021049e+01 1.279736e+01
      vertex 5.025610e+01 7.286668e+00 1.214404e+01
      vertex 5.025610e+01 8.336870e+00 1.035547e+01
    endloop
  endfacet
  facet normal 1.000000e+00 1.836970e-16 -0.000000e+00
    outer loop
      vertex 5.025610e+01 7.286668e+00 1.214404e+01
      vertex 5.025610e+01 6.862901e+00 1.132715e+01
      vertex 5.025610e+01 8.336870e+00 1.035547e+01
    endloop
  endfacet
  facet normal 1.000000e+00 1.836970e-16 0.000000e+00
    outer loop
      vertex 5.025610e+01 5.499015e+00 1.011084e+01
      vertex 5.025610e+01 5.895122e+00 8.481934e+00
      vertex 5.025610e+01 6.255138e+00 1.063574e+01
    endloop
  endfacet
  facet normal 1.000000e+00 1.836970e-16 -0.000000e+00
    outer loop
      vertex 5.025610e+01 5.499015e+00 1.011084e+01
      vertex 5.025610e+01 4.638872e+00 9.782715e+00
      vertex 5.025610e+01 5.895122e+00 8.481934e+00
    endloop
  endfacet
  facet normal 1.000000e+00 1.836970e-16 0.000000e+00
    outer loop
      vertex 5.025610e+01 5.895122e+00 8.481934e+00
      vertex 5.025610e+01 4.638872e+00 9.782715e+00
      vertex 5.025610e+01 3.051649e+00 7.304199e+00
    endloop
  endfacet
  facet normal 1.000000e+00 1.836970e-16 0.000000e+00
    outer loop
      vertex 5.025610e+01 -3.728241e+00 9.671387e+00
      vertex 5.025610e+01 2.245671e-04 6.902344e+00
      vertex 5.025610e+01 3.725151e+00 9.671387e+00
    endloop
  endfacet
  facet normal 1.000000e+00 1.836970e-16 0.000000e+00
    outer loop
      vertex 5.025610e+01 1.179002e+01 1.869238e+01
      vertex 5.025610e+01 1.138829e+01 2.174365e+01
      vertex 5.025610e+01 7.501588e+00 2.517480e+01
    endloop
  endfacet
  facet normal 1.000000e+00 1.836970e-16 0.000000e+00
    outer loop
      vertex 5.025610e+01 1.138829e+01 2.174365e+01
      vertex 5.025610e+01 1.021049e+01 2.458691e+01
      vertex 5.025610e+01 7.501588e+00 2.517480e+01
    endloop
  endfacet
  facet normal 1.000000e+00 1.836970e-16 0.000000e+00
    outer loop
      vertex 5.025610e+01 1.021049e+01 2.458691e+01
      vertex 5.025610e+01 8.336870e+00 2.702881e+01
      vertex 5.025610e+01 7.450666e+00 2.558643e+01
    endloop
  endfacet
  facet normal 1.000000e+00 1.836970e-16 0.000000e+00
    outer loop
      vertex 5.025610e+01 5.895122e+00 2.890234e+01
      vertex 5.025610e+01 3.051649e+00 3.008008e+01
      vertex 5.025610e+01 5.155540e+00 2.673535e+01
    endloop
  endfacet
  facet normal 1.000000e+00 1.836970e-16 -0.000000e+00
    outer loop
      vertex 5.025610e+01 2.245671e-04 3.048193e+01
      vertex 5.025610e+01 -3.051199e+00 3.008008e+01
      vertex 5.025610e+01 -5.630822e-01 2.676904e+01
    endloop
  endfacet
  facet normal 1.000000e+00 1.836970e-16 -0.000000e+00
    outer loop
      vertex 5.025610e+01 -3.051199e+00 3.008008e+01
      vertex 5.025610e+01 -5.894675e+00 2.890234e+01
      vertex 5.025610e+01 -4.824420e+00 2.664063e+01
    endloop
  endfacet
  facet normal 1.000000e+00 1.836970e-16 -0.000000e+00
    outer loop
      vertex 5.025610e+01 -8.336422e+00 2.702881e+01
      vertex 5.025610e+01 -1.021004e+01 2.458691e+01
      vertex 5.025610e+01 -7.475459e+00 2.559619e+01
    endloop
  endfacet
  facet normal 1.000000e+00 1.836970e-16 -0.000000e+00
    outer loop
      vertex 5.025610e+01 -7.475459e+00 2.559619e+01
      vertex 5.025610e+01 -1.021004e+01 2.458691e+01
      vertex 5.025610e+01 -7.504700e+00 2.517480e+01
    endloop
  endfacet
  facet normal 1.000000e+00 1.836970e-16 -0.000000e+00
    outer loop
      vertex 5.025610e+01 -1.138785e+01 2.174365e+01
      vertex 5.025610e+01 -1.178957e+01 1.869238e+01
      vertex 5.025610e+01 -7.504700e+00 1.347266e+01
    endloop
  endfacet
  facet normal 1.000000e+00 1.836970e-16 0.000000e+00
    outer loop
      vertex 5.025610e+01 -1.178957e+01 1.869238e+01
      vertex 5.025610e+01 -1.138785e+01 1.564063e+01
      vertex 5.025610e+01 -7.504700e+00 1.347266e+01
    endloop
  endfacet
  facet normal 1.000000e+00 1.836970e-16 0.000000e+00
    outer loop
      vertex 5.025610e+01 -1.138785e+01 1.564063e+01
      vertex 5.025610e+01 -1.021004e+01 1.279736e+01
      vertex 5.025610e+01 -7.504700e+00 1.347266e+01
    endloop
  endfacet
  facet normal 1.000000e+00 1.836970e-16 0.000000e+00
    outer loop
      vertex 5.025610e+01 -1.021004e+01 1.279736e+01
      vertex 5.025610e+01 -8.336422e+00 1.035547e+01
      vertex 5.025610e+01 -7.334959e+00 1.251270e+01
    endloop
  endfacet
  facet normal 1.000000e+00 1.836970e-16 0.000000e+00
    outer loop
      vertex 5.025610e+01 -5.894675e+00 8.481934e+00
      vertex 5.025610e+01 -3.051199e+00 7.304199e+00
      vertex 5.025610e+01 -3.728241e+00 9.671387e+00
    endloop
  endfacet
  facet normal 1.000000e+00 1.836970e-16 0.000000e+00
    outer loop
      vertex 5.025610e+01 -3.051199e+00 7.304199e+00
      vertex 5.025610e+01 2.245671e-04 6.902344e+00
      vertex 5.025610e+01 -3.728241e+00 9.671387e+00
    endloop
  endfacet
  facet normal 1.000000e+00 1.836970e-16 0.000000e+00
    outer loop
      vertex 5.025610e+01 2.245671e-04 6.902344e+00
      vertex 5.025610e+01 3.051649e+00 7.304199e+00
      vertex 5.025610e+01 3.725151e+00 9.671387e+00
    endloop
  endfacet
  facet normal 1.000000e+00 1.836970e-16 -0.000000e+00
    outer loop
      vertex 5.025610e+01 3.725151e+00 9.671387e+00
      vertex 5.025610e+01 3.051649e+00 7.304199e+00
      vertex 5.025610e+01 4.638872e+00 9.782715e+00
    endloop
  endfacet
  facet normal 1.000000e+00 1.836970e-16 0.000000e+00
    outer loop
      vertex 5.025610e+01 5.895122e+00 8.481934e+00
      vertex 5.025610e+01 8.336870e+00 1.035547e+01
      vertex 5.025610e+01 6.255138e+00 1.063574e+01
    endloop
  endfacet
  facet normal 1.000000e+00 1.836970e-16 0.000000e+00
    outer loop
      vertex 5.025610e+01 1.021049e+01 1.279736e+01
      vertex 5.025610e+01 1.138829e+01 1.564063e+01
      vertex 5.025610e+01 7.501588e+00 1.303906e+01
    endloop
  endfacet
  facet normal 1.000000e+00 1.836970e-16 0.000000e+00
    outer loop
      vertex 5.025610e+01 1.138829e+01 1.564063e+01
      vertex 5.025610e+01 1.179002e+01 1.869238e+01
      vertex 5.025610e+01 7.501588e+00 1.303906e+01
    endloop
  endfacet
  facet normal 1.000000e+00 1.836970e-16 0.000000e+00
    outer loop
      vertex 5.025610e+01 -5.630822e-01 2.676904e+01
      vertex 5.025610e+01 -3.051199e+00 3.008008e+01
      vertex 5.025610e+01 -9.313989e-01 2.658252e+01
    endloop
  endfacet
  facet normal 1.000000e+00 1.836970e-16 -0.000000e+00
    outer loop
      vertex 5.025610e+01 -7.334959e+00 1.251270e+01
      vertex 5.025610e+01 -8.336422e+00 1.035547e+01
      vertex 5.025610e+01 -6.939367e+00 1.162158e+01
    endloop
  endfacet
  facet normal 1.000000e+00 1.836970e-16 0.000000e+00
    outer loop
      vertex 5.025610e+01 -4.824420e+00 2.664063e+01
      vertex 5.025610e+01 -5.894675e+00 2.890234e+01
      vertex 5.025610e+01 -5.194949e+00 2.684326e+01
    endloop
  endfacet
  facet normal 1.000000e+00 1.836970e-16 0.000000e+00
    outer loop
      vertex 5.025610e+01 5.155540e+00 2.673535e+01
      vertex 5.025610e+01 3.051649e+00 3.008008e+01
      vertex 5.025610e+01 4.795255e+00 2.652881e+01
    endloop
  endfacet
  facet normal 1.000000e+00 1.836970e-16 -0.000000e+00
    outer loop
      vertex 5.025610e+01 8.336870e+00 2.702881e+01
      vertex 5.025610e+01 7.300964e+00 2.597363e+01
      vertex 5.025610e+01 7.450666e+00 2.558643e+01
    endloop
  endfacet
  facet normal 1.000000e+00 1.836970e-16 0.000000e+00
    outer loop
      vertex 5.025610e+01 8.336870e+00 1.035547e+01
      vertex 5.025610e+01 6.862901e+00 1.132715e+01
      vertex 5.025610e+01 6.255138e+00 1.063574e+01
    endloop
  endfacet
  facet normal 9.638089e-01 -2.621959e-01 4.822529e-02
    outer loop
      vertex 4.001880e+01 -1.785377e+01 1.315137e+01
      vertex 4.002808e+01 -1.785577e+01 1.295605e+01
      vertex 4.005151e+01 -1.777728e+01 1.291602e+01
    endloop
  endfacet
  facet normal 2.329043e-01 8.905287e-01 3.907866e-01
    outer loop
      vertex 3.992310e+01 -1.792505e+01 1.337061e+01
      vertex 3.996118e+01 -1.790395e+01 1.330029e+01
      vertex 4.001880e+01 -1.785377e+01 1.315137e+01
    endloop
  endfacet
  facet normal 7.870147e-01 -5.627167e-01 2.528988e-01
    outer loop
      vertex 3.996118e+01 -1.790395e+01 1.330029e+01
      vertex 3.992310e+01 -1.792505e+01 1.337061e+01
      vertex 3.980200e+01 -1.807150e+01 1.342188e+01
    endloop
  endfacet
  facet normal 7.890610e-01 -5.508940e-01 2.718429e-01
    outer loop
      vertex 3.996118e+01 -1.790395e+01 1.330029e+01
      vertex 3.980200e+01 -1.807150e+01 1.342188e+01
      vertex 3.993140e+01 -1.803570e+01 1.311865e+01
    endloop
  endfacet
  facet normal 8.724024e-01 -4.518756e-01 1.863396e-01
    outer loop
      vertex 3.996118e+01 -1.790395e+01 1.330029e+01
      vertex 3.993140e+01 -1.803570e+01 1.311865e+01
      vertex 4.001880e+01 -1.785377e+01 1.315137e+01
    endloop
  endfacet
  facet normal 5.766045e-01 -5.372254e-01 6.155617e-01
    outer loop
      vertex 3.957349e+01 -1.803323e+01 1.370361e+01
      vertex 3.957788e+01 -1.812400e+01 1.362012e+01
      vertex 3.977124e+01 -1.798626e+01 1.355908e+01
    endloop
  endfacet
  facet normal 4.625301e-01 -5.877190e-01 6.638165e-01
    outer loop
      vertex 3.957788e+01 -1.812400e+01 1.362012e+01
      vertex 3.957349e+01 -1.803323e+01 1.370361e+01
      vertex 3.952808e+01 -1.805312e+01 1.371729e+01
    endloop
  endfacet
  facet normal 3.561525e-01 -6.597755e-01 6.617036e-01
    outer loop
      vertex 3.957788e+01 -1.812400e+01 1.362012e+01
      vertex 3.952808e+01 -1.805312e+01 1.371729e+01
      vertex 3.931909e+01 -1.820482e+01 1.367871e+01
    endloop
  endfacet
  facet normal 3.561525e-01 -6.597755e-01 6.617036e-01
    outer loop
      vertex 3.957788e+01 -1.812400e+01 1.362012e+01
      vertex 3.931909e+01 -1.820482e+01 1.367871e+01
      vertex 3.934497e+01 -1.824151e+01 1.362793e+01
    endloop
  endfacet
  facet normal 3.821987e-01 -7.169116e-01 5.830625e-01
    outer loop
      vertex 3.957788e+01 -1.812400e+01 1.362012e+01
      vertex 3.934497e+01 -1.824151e+01 1.362793e+01
      vertex 3.959497e+01 -1.820007e+01 1.351514e+01
    endloop
  endfacet
  facet normal 5.958096e-01 -6.005301e-01 5.332677e-01
    outer loop
      vertex 3.957788e+01 -1.812400e+01 1.362012e+01
      vertex 3.959497e+01 -1.820007e+01 1.351514e+01
      vertex 3.977124e+01 -1.798626e+01 1.355908e+01
    endloop
  endfacet
  facet normal 1.258579e-01 -5.474921e-01 8.272922e-01
    outer loop
      vertex 3.909497e+01 -1.807282e+01 1.382568e+01
      vertex 3.922437e+01 -1.814914e+01 1.375537e+01
      vertex 3.934253e+01 -1.806275e+01 1.379443e+01
    endloop
  endfacet
  facet normal -1.263591e-01 -5.349860e-01 8.353582e-01
    outer loop
      vertex 3.884741e+01 -1.806275e+01 1.379443e+01
      vertex 3.902808e+01 -1.813394e+01 1.377637e+01
      vertex 3.909497e+01 -1.807282e+01 1.382568e+01
    endloop
  endfacet
  facet normal -3.823914e-01 -2.481261e-01 8.900619e-01
    outer loop
      vertex 3.861694e+01 -1.803323e+01 1.370361e+01
      vertex 3.866187e+01 -1.805312e+01 1.371729e+01
      vertex 3.884741e+01 -1.806275e+01 1.379443e+01
    endloop
  endfacet
  facet normal -4.625301e-01 -5.877190e-01 6.638165e-01
    outer loop
      vertex 3.866187e+01 -1.805312e+01 1.371729e+01
      vertex 3.861694e+01 -1.803323e+01 1.370361e+01
      vertex 3.861206e+01 -1.812400e+01 1.362012e+01
    endloop
  endfacet
  facet normal -3.561525e-01 -6.597755e-01 6.617036e-01
    outer loop
      vertex 3.866187e+01 -1.805312e+01 1.371729e+01
      vertex 3.861206e+01 -1.812400e+01 1.362012e+01
      vertex 3.884497e+01 -1.824151e+01 1.362793e+01
    endloop
  endfacet
  facet normal -3.561525e-01 -6.597755e-01 6.617036e-01
    outer loop
      vertex 3.866187e+01 -1.805312e+01 1.371729e+01
      vertex 3.884497e+01 -1.824151e+01 1.362793e+01
      vertex 3.887085e+01 -1.820482e+01 1.367871e+01
    endloop
  endfacet
  facet normal -3.058351e-01 -6.085486e-01 7.322114e-01
    outer loop
      vertex 3.866187e+01 -1.805312e+01 1.371729e+01
      vertex 3.887085e+01 -1.820482e+01 1.367871e+01
      vertex 3.891187e+01 -1.817332e+01 1.372217e+01
    endloop
  endfacet
  facet normal -3.218243e-01 -6.432154e-01 6.947684e-01
    outer loop
      vertex 3.866187e+01 -1.805312e+01 1.371729e+01
      vertex 3.891187e+01 -1.817332e+01 1.372217e+01
      vertex 3.884741e+01 -1.806275e+01 1.379443e+01
    endloop
  endfacet
  facet normal -7.565923e-01 -4.655493e-01 4.591643e-01
    outer loop
      vertex 3.826685e+01 -1.792505e+01 1.337061e+01
      vertex 3.838794e+01 -1.807150e+01 1.342188e+01
      vertex 3.841870e+01 -1.798626e+01 1.355908e+01
    endloop
  endfacet
  facet normal -7.870147e-01 -5.627167e-01 2.528988e-01
    outer loop
      vertex 3.838794e+01 -1.807150e+01 1.342188e+01
      vertex 3.826685e+01 -1.792505e+01 1.337061e+01
      vertex 3.822925e+01 -1.790395e+01 1.330029e+01
    endloop
  endfacet
  facet normal -7.890610e-01 -5.508940e-01 2.718429e-01
    outer loop
      vertex 3.838794e+01 -1.807150e+01 1.342188e+01
      vertex 3.822925e+01 -1.790395e+01 1.330029e+01
      vertex 3.841187e+01 -1.817907e+01 1.327393e+01
    endloop
  endfacet
  facet normal -6.068157e-01 -6.867424e-01 4.001995e-01
    outer loop
      vertex 3.838794e+01 -1.807150e+01 1.342188e+01
      vertex 3.841187e+01 -1.817907e+01 1.327393e+01
      vertex 3.861206e+01 -1.827613e+01 1.341064e+01
    endloop
  endfacet
  facet normal -6.068157e-01 -6.867424e-01 4.001995e-01
    outer loop
      vertex 3.838794e+01 -1.807150e+01 1.342188e+01
      vertex 3.861206e+01 -1.827613e+01 1.341064e+01
      vertex 3.859497e+01 -1.820007e+01 1.351514e+01
    endloop
  endfacet
  facet normal -6.077098e-01 -6.061938e-01 5.130475e-01
    outer loop
      vertex 3.838794e+01 -1.807150e+01 1.342188e+01
      vertex 3.859497e+01 -1.820007e+01 1.351514e+01
      vertex 3.841870e+01 -1.798626e+01 1.355908e+01
    endloop
  endfacet
  facet normal -9.638089e-01 -2.621959e-01 4.822529e-02
    outer loop
      vertex 3.813892e+01 -1.777728e+01 1.291602e+01
      vertex 3.816187e+01 -1.785577e+01 1.295605e+01
      vertex 3.817114e+01 -1.785377e+01 1.315137e+01
    endloop
  endfacet
  facet normal -9.080023e-01 -3.704110e-01 -1.957743e-01
    outer loop
      vertex 3.816187e+01 -1.785577e+01 1.295605e+01
      vertex 3.813892e+01 -1.777728e+01 1.291602e+01
      vertex 3.825854e+01 -1.799271e+01 1.276758e+01
    endloop
  endfacet
  facet normal -8.546202e-01 -5.154056e-01 -6.309815e-02
    outer loop
      vertex 3.816187e+01 -1.785577e+01 1.295605e+01
      vertex 3.825854e+01 -1.799271e+01 1.276758e+01
      vertex 3.834497e+01 -1.815846e+01 1.294971e+01
    endloop
  endfacet
  facet normal -8.546202e-01 -5.154056e-01 -6.309815e-02
    outer loop
      vertex 3.816187e+01 -1.785577e+01 1.295605e+01
      vertex 3.834497e+01 -1.815846e+01 1.294971e+01
      vertex 3.825854e+01 -1.803570e+01 1.311865e+01
    endloop
  endfacet
  facet normal -8.973304e-01 -4.388613e-01 4.689252e-02
    outer loop
      vertex 3.816187e+01 -1.785577e+01 1.295605e+01
      vertex 3.825854e+01 -1.803570e+01 1.311865e+01
      vertex 3.817114e+01 -1.785377e+01 1.315137e+01
    endloop
  endfacet
  facet normal -8.806846e-01 -1.746779e-01 -4.403206e-01
    outer loop
      vertex 3.826685e+01 -1.762952e+01 1.246094e+01
      vertex 3.822925e+01 -1.779333e+01 1.260156e+01
      vertex 3.817114e+01 -1.770079e+01 1.268066e+01
    endloop
  endfacet
  facet normal -7.560062e-01 -1.091046e-01 -6.454075e-01
    outer loop
      vertex 3.841870e+01 -1.756831e+01 1.227295e+01
      vertex 3.841187e+01 -1.769151e+01 1.230127e+01
      vertex 3.826685e+01 -1.762952e+01 1.246094e+01
    endloop
  endfacet
  facet normal -5.709515e-01 -1.566847e-01 -8.058935e-01
    outer loop
      vertex 3.841187e+01 -1.769151e+01 1.230127e+01
      vertex 3.841870e+01 -1.756831e+01 1.227295e+01
      vertex 3.861206e+01 -1.778174e+01 1.217725e+01
    endloop
  endfacet
  facet normal -6.036410e-01 -3.576894e-01 -7.125137e-01
    outer loop
      vertex 3.841187e+01 -1.769151e+01 1.230127e+01
      vertex 3.861206e+01 -1.778174e+01 1.217725e+01
      vertex 3.859497e+01 -1.800848e+01 1.230566e+01
    endloop
  endfacet
  facet normal -6.036410e-01 -3.576894e-01 -7.125137e-01
    outer loop
      vertex 3.841187e+01 -1.769151e+01 1.230127e+01
      vertex 3.859497e+01 -1.800848e+01 1.230566e+01
      vertex 3.838794e+01 -1.791506e+01 1.243408e+01
    endloop
  endfacet
  facet normal -7.621785e-01 -2.675981e-01 -5.894702e-01
    outer loop
      vertex 3.841187e+01 -1.769151e+01 1.230127e+01
      vertex 3.838794e+01 -1.791506e+01 1.243408e+01
      vertex 3.826685e+01 -1.762952e+01 1.246094e+01
    endloop
  endfacet
  facet normal -3.817035e-01 2.167439e-01 -8.985124e-01
    outer loop
      vertex 3.884741e+01 -1.749182e+01 1.203711e+01
      vertex 3.866187e+01 -1.753577e+01 1.210547e+01
      vertex 3.861694e+01 -1.752134e+01 1.212842e+01
    endloop
  endfacet
  facet normal -3.310226e-01 -6.379741e-02 -9.414637e-01
    outer loop
      vertex 3.866187e+01 -1.753577e+01 1.210547e+01
      vertex 3.884741e+01 -1.749182e+01 1.203711e+01
      vertex 3.887085e+01 -1.758662e+01 1.203564e+01
    endloop
  endfacet
  facet normal -3.539953e-01 -1.950008e-01 -9.146923e-01
    outer loop
      vertex 3.866187e+01 -1.753577e+01 1.210547e+01
      vertex 3.887085e+01 -1.758662e+01 1.203564e+01
      vertex 3.884497e+01 -1.783846e+01 1.209912e+01
    endloop
  endfacet
  facet normal -3.539953e-01 -1.950008e-01 -9.146923e-01
    outer loop
      vertex 3.866187e+01 -1.753577e+01 1.210547e+01
      vertex 3.884497e+01 -1.783846e+01 1.209912e+01
      vertex 3.861206e+01 -1.778174e+01 1.217725e+01
    endloop
  endfacet
  facet normal -4.819907e-01 -1.538008e-01 -8.625719e-01
    outer loop
      vertex 3.866187e+01 -1.753577e+01 1.210547e+01
      vertex 3.861206e+01 -1.778174e+01 1.217725e+01
      vertex 3.861694e+01 -1.752134e+01 1.212842e+01
    endloop
  endfacet
  facet normal 1.237613e-01 -1.171142e-02 -9.922429e-01
    outer loop
      vertex 3.934253e+01 -1.749182e+01 1.203711e+01
      vertex 3.931909e+01 -1.758662e+01 1.203564e+01
      vertex 3.909497e+01 -1.748175e+01 1.200635e+01
    endloop
  endfacet
  facet normal 3.310226e-01 -6.379741e-02 -9.414637e-01
    outer loop
      vertex 3.931909e+01 -1.758662e+01 1.203564e+01
      vertex 3.934253e+01 -1.749182e+01 1.203711e+01
      vertex 3.952808e+01 -1.753577e+01 1.210547e+01
    endloop
  endfacet
  facet normal 3.539953e-01 -1.950008e-01 -9.146923e-01
    outer loop
      vertex 3.931909e+01 -1.758662e+01 1.203564e+01
      vertex 3.952808e+01 -1.753577e+01 1.210547e+01
      vertex 3.957788e+01 -1.778174e+01 1.217725e+01
    endloop
  endfacet
  facet normal 3.539953e-01 -1.950008e-01 -9.146923e-01
    outer loop
      vertex 3.931909e+01 -1.758662e+01 1.203564e+01
      vertex 3.957788e+01 -1.778174e+01 1.217725e+01
      vertex 3.934497e+01 -1.783846e+01 1.209912e+01
    endloop
  endfacet
  facet normal 1.207412e-01 -2.317375e-01 -9.652561e-01
    outer loop
      vertex 3.931909e+01 -1.758662e+01 1.203564e+01
      vertex 3.934497e+01 -1.783846e+01 1.209912e+01
      vertex 3.909497e+01 -1.760397e+01 1.201172e+01
    endloop
  endfacet
  facet normal 1.091191e-01 -4.324140e-02 -9.930877e-01
    outer loop
      vertex 3.931909e+01 -1.758662e+01 1.203564e+01
      vertex 3.909497e+01 -1.760397e+01 1.201172e+01
      vertex 3.909497e+01 -1.748175e+01 1.200635e+01
    endloop
  endfacet
  facet normal 5.609773e-01 -1.434406e-01 -8.153093e-01
    outer loop
      vertex 3.977124e+01 -1.756831e+01 1.227295e+01
      vertex 3.957788e+01 -1.778174e+01 1.217725e+01
      vertex 3.957349e+01 -1.752134e+01 1.212842e+01
    endloop
  endfacet
  facet normal 5.709515e-01 -1.566847e-01 -8.058935e-01
    outer loop
      vertex 3.957788e+01 -1.778174e+01 1.217725e+01
      vertex 3.977124e+01 -1.756831e+01 1.227295e+01
      vertex 3.977808e+01 -1.769151e+01 1.230127e+01
    endloop
  endfacet
  facet normal 6.036410e-01 -3.576894e-01 -7.125137e-01
    outer loop
      vertex 3.957788e+01 -1.778174e+01 1.217725e+01
      vertex 3.977808e+01 -1.769151e+01 1.230127e+01
      vertex 3.980200e+01 -1.791506e+01 1.243408e+01
    endloop
  endfacet
  facet normal 6.036410e-01 -3.576894e-01 -7.125137e-01
    outer loop
      vertex 3.957788e+01 -1.778174e+01 1.217725e+01
      vertex 3.980200e+01 -1.791506e+01 1.243408e+01
      vertex 3.959497e+01 -1.800848e+01 1.230566e+01
    endloop
  endfacet
  facet normal 3.794646e-01 -4.337654e-01 -8.172235e-01
    outer loop
      vertex 3.957788e+01 -1.778174e+01 1.217725e+01
      vertex 3.959497e+01 -1.800848e+01 1.230566e+01
      vertex 3.934497e+01 -1.783846e+01 1.209912e+01
    endloop
  endfacet
  facet normal 8.806846e-01 -1.746779e-01 -4.403206e-01
    outer loop
      vertex 4.001880e+01 -1.770079e+01 1.268066e+01
      vertex 3.996118e+01 -1.779333e+01 1.260156e+01
      vertex 3.992310e+01 -1.762952e+01 1.246094e+01
    endloop
  endfacet
  facet normal 9.028032e-01 -3.460751e-01 -2.553006e-01
    outer loop
      vertex 3.996118e+01 -1.779333e+01 1.260156e+01
      vertex 4.001880e+01 -1.770079e+01 1.268066e+01
      vertex 3.993140e+01 -1.799271e+01 1.276758e+01
    endloop
  endfacet
  facet normal 7.866803e-01 -4.595210e-01 -4.122798e-01
    outer loop
      vertex 3.996118e+01 -1.779333e+01 1.260156e+01
      vertex 3.993140e+01 -1.799271e+01 1.276758e+01
      vertex 3.980200e+01 -1.791506e+01 1.243408e+01
    endloop
  endfacet
  facet normal 7.901579e-01 -2.838413e-01 -5.432169e-01
    outer loop
      vertex 3.996118e+01 -1.779333e+01 1.260156e+01
      vertex 3.980200e+01 -1.791506e+01 1.243408e+01
      vertex 3.992310e+01 -1.762952e+01 1.246094e+01
    endloop
  endfacet
  facet normal 3.847791e-02 -6.012745e-01 7.981155e-01
    outer loop
      vertex 3.909497e+01 -1.807282e+01 1.382568e+01
      vertex 3.909497e+01 -1.812876e+01 1.378320e+01
      vertex 3.916187e+01 -1.813394e+01 1.377637e+01
    endloop
  endfacet
  facet normal 1.603514e-01 -5.070246e-01 8.468846e-01
    outer loop
      vertex 3.909497e+01 -1.807282e+01 1.382568e+01
      vertex 3.916187e+01 -1.813394e+01 1.377637e+01
      vertex 3.922437e+01 -1.814914e+01 1.375537e+01
    endloop
  endfacet
  facet normal 1.718156e-02 -7.252673e-01 6.882530e-01
    outer loop
      vertex 3.909497e+01 -1.812876e+01 1.378320e+01
      vertex 3.909497e+01 -1.830846e+01 1.359375e+01
      vertex 3.916187e+01 -1.813394e+01 1.377637e+01
    endloop
  endfacet
  facet normal 8.013313e-02 -7.405940e-01 6.671575e-01
    outer loop
      vertex 3.922437e+01 -1.814914e+01 1.375537e+01
      vertex 3.909497e+01 -1.830846e+01 1.359375e+01
      vertex 3.927808e+01 -1.817332e+01 1.372217e+01
    endloop
  endfacet
  facet normal 1.965205e-01 -6.151645e-01 7.635131e-01
    outer loop
      vertex 3.922437e+01 -1.814914e+01 1.375537e+01
      vertex 3.927808e+01 -1.817332e+01 1.372217e+01
      vertex 3.934253e+01 -1.806275e+01 1.379443e+01
    endloop
  endfacet
  facet normal 1.216131e-01 -7.723684e-01 6.234239e-01
    outer loop
      vertex 3.931909e+01 -1.820482e+01 1.367871e+01
      vertex 3.909497e+01 -1.830846e+01 1.359375e+01
      vertex 3.934497e+01 -1.824151e+01 1.362793e+01
    endloop
  endfacet
  facet normal 1.305069e-01 -8.120764e-01 5.687705e-01
    outer loop
      vertex 3.935376e+01 -1.828089e+01 1.357373e+01
      vertex 3.909497e+01 -1.830846e+01 1.359375e+01
      vertex 3.934497e+01 -1.832026e+01 1.351953e+01
    endloop
  endfacet
  facet normal 3.821987e-01 -7.760633e-01 5.016472e-01
    outer loop
      vertex 3.935376e+01 -1.828089e+01 1.357373e+01
      vertex 3.934497e+01 -1.832026e+01 1.351953e+01
      vertex 3.957788e+01 -1.827613e+01 1.341064e+01
    endloop
  endfacet
  facet normal 3.821987e-01 -7.760633e-01 5.016472e-01
    outer loop
      vertex 3.935376e+01 -1.828089e+01 1.357373e+01
      vertex 3.957788e+01 -1.827613e+01 1.341064e+01
      vertex 3.959497e+01 -1.820007e+01 1.351514e+01
    endloop
  endfacet
  facet normal 3.821987e-01 -7.169116e-01 5.830625e-01
    outer loop
      vertex 3.935376e+01 -1.828089e+01 1.357373e+01
      vertex 3.959497e+01 -1.820007e+01 1.351514e+01
      vertex 3.934497e+01 -1.824151e+01 1.362793e+01
    endloop
  endfacet
  facet normal 1.305069e-01 -7.918783e-01 5.965708e-01
    outer loop
      vertex 3.935376e+01 -1.828089e+01 1.357373e+01
      vertex 3.934497e+01 -1.824151e+01 1.362793e+01
      vertex 3.909497e+01 -1.830846e+01 1.359375e+01
    endloop
  endfacet
  facet normal 8.013313e-02 -8.633606e-01 4.981838e-01
    outer loop
      vertex 3.927808e+01 -1.838846e+01 1.342578e+01
      vertex 3.909497e+01 -1.830846e+01 1.359375e+01
      vertex 3.922437e+01 -1.841264e+01 1.339258e+01
    endloop
  endfacet
  facet normal 2.346755e-01 -9.262528e-01 2.949291e-01
    outer loop
      vertex 3.927808e+01 -1.838846e+01 1.342578e+01
      vertex 3.922437e+01 -1.841264e+01 1.339258e+01
      vertex 3.934497e+01 -1.845459e+01 1.316504e+01
    endloop
  endfacet
  facet normal 2.346755e-01 -9.262528e-01 2.949291e-01
    outer loop
      vertex 3.927808e+01 -1.838846e+01 1.342578e+01
      vertex 3.934497e+01 -1.845459e+01 1.316504e+01
      vertex 3.944849e+01 -1.840788e+01 1.322900e+01
    endloop
  endfacet
  facet normal 3.058351e-01 -8.844262e-01 3.524984e-01
    outer loop
      vertex 3.927808e+01 -1.838846e+01 1.342578e+01
      vertex 3.944849e+01 -1.840788e+01 1.322900e+01
      vertex 3.931909e+01 -1.835695e+01 1.346924e+01
    endloop
  endfacet
  facet normal 1.044315e-01 -8.490784e-01 5.178416e-01
    outer loop
      vertex 3.927808e+01 -1.838846e+01 1.342578e+01
      vertex 3.931909e+01 -1.835695e+01 1.346924e+01
      vertex 3.909497e+01 -1.830846e+01 1.359375e+01
    endloop
  endfacet
  facet normal 1.718156e-02 -8.786874e-01 4.770883e-01
    outer loop
      vertex 3.916187e+01 -1.842783e+01 1.337158e+01
      vertex 3.909497e+01 -1.830846e+01 1.359375e+01
      vertex 3.909497e+01 -1.843302e+01 1.336475e+01
    endloop
  endfacet
  facet normal 5.031741e-02 -9.711382e-01 2.331496e-01
    outer loop
      vertex 3.916187e+01 -1.842783e+01 1.337158e+01
      vertex 3.909497e+01 -1.843302e+01 1.336475e+01
      vertex 3.909497e+01 -1.849396e+01 1.311084e+01
    endloop
  endfacet
  facet normal 5.031741e-02 -9.711382e-01 2.331496e-01
    outer loop
      vertex 3.916187e+01 -1.842783e+01 1.337158e+01
      vertex 3.909497e+01 -1.849396e+01 1.311084e+01
      vertex 3.922437e+01 -1.848395e+01 1.312451e+01
    endloop
  endfacet
  facet normal 1.475232e-01 -9.558286e-01 2.542215e-01
    outer loop
      vertex 3.916187e+01 -1.842783e+01 1.337158e+01
      vertex 3.922437e+01 -1.848395e+01 1.312451e+01
      vertex 3.922437e+01 -1.841264e+01 1.339258e+01
    endloop
  endfacet
  facet normal 5.037379e-02 -8.734597e-01 4.842836e-01
    outer loop
      vertex 3.916187e+01 -1.842783e+01 1.337158e+01
      vertex 3.922437e+01 -1.841264e+01 1.339258e+01
      vertex 3.909497e+01 -1.830846e+01 1.359375e+01
    endloop
  endfacet
  facet normal -5.037379e-02 -8.734597e-01 4.842836e-01
    outer loop
      vertex 3.902808e+01 -1.842783e+01 1.337158e+01
      vertex 3.909497e+01 -1.830846e+01 1.359375e+01
      vertex 3.896558e+01 -1.841264e+01 1.339258e+01
    endloop
  endfacet
  facet normal -1.475232e-01 -9.558286e-01 2.542215e-01
    outer loop
      vertex 3.902808e+01 -1.842783e+01 1.337158e+01
      vertex 3.896558e+01 -1.841264e+01 1.339258e+01
      vertex 3.884497e+01 -1.845459e+01 1.316504e+01
    endloop
  endfacet
  facet normal -1.475232e-01 -9.558286e-01 2.542215e-01
    outer loop
      vertex 3.902808e+01 -1.842783e+01 1.337158e+01
      vertex 3.884497e+01 -1.845459e+01 1.316504e+01
      vertex 3.896558e+01 -1.848395e+01 1.312451e+01
    endloop
  endfacet
  facet normal -5.031741e-02 -9.711382e-01 2.331496e-01
    outer loop
      vertex 3.902808e+01 -1.842783e+01 1.337158e+01
      vertex 3.896558e+01 -1.848395e+01 1.312451e+01
      vertex 3.909497e+01 -1.843302e+01 1.336475e+01
    endloop
  endfacet
  facet normal -1.718156e-02 -8.786874e-01 4.770883e-01
    outer loop
      vertex 3.902808e+01 -1.842783e+01 1.337158e+01
      vertex 3.909497e+01 -1.843302e+01 1.336475e+01
      vertex 3.909497e+01 -1.830846e+01 1.359375e+01
    endloop
  endfacet
  facet normal -1.044315e-01 -8.490784e-01 5.178416e-01
    outer loop
      vertex 3.891187e+01 -1.838846e+01 1.342578e+01
      vertex 3.909497e+01 -1.830846e+01 1.359375e+01
      vertex 3.887085e+01 -1.835695e+01 1.346924e+01
    endloop
  endfacet
  facet normal -3.058351e-01 -8.844262e-01 3.524984e-01
    outer loop
      vertex 3.891187e+01 -1.838846e+01 1.342578e+01
      vertex 3.887085e+01 -1.835695e+01 1.346924e+01
      vertex 3.866187e+01 -1.834701e+01 1.331299e+01
    endloop
  endfacet
  facet normal -3.058351e-01 -8.844262e-01 3.524984e-01
    outer loop
      vertex 3.891187e+01 -1.838846e+01 1.342578e+01
      vertex 3.866187e+01 -1.834701e+01 1.331299e+01
      vertex 3.874146e+01 -1.840788e+01 1.322900e+01
    endloop
  endfacet
  facet normal -2.346755e-01 -9.262528e-01 2.949291e-01
    outer loop
      vertex 3.891187e+01 -1.838846e+01 1.342578e+01
      vertex 3.874146e+01 -1.840788e+01 1.322900e+01
      vertex 3.896558e+01 -1.841264e+01 1.339258e+01
    endloop
  endfacet
  facet normal -8.013313e-02 -8.633606e-01 4.981838e-01
    outer loop
      vertex 3.891187e+01 -1.838846e+01 1.342578e+01
      vertex 3.896558e+01 -1.841264e+01 1.339258e+01
      vertex 3.909497e+01 -1.830846e+01 1.359375e+01
    endloop
  endfacet
  facet normal -1.305069e-01 -8.120764e-01 5.687705e-01
    outer loop
      vertex 3.884497e+01 -1.832026e+01 1.351953e+01
      vertex 3.909497e+01 -1.830846e+01 1.359375e+01
      vertex 3.883618e+01 -1.828089e+01 1.357373e+01
    endloop
  endfacet
  facet normal -3.821987e-01 -7.760633e-01 5.016472e-01
    outer loop
      vertex 3.884497e+01 -1.832026e+01 1.351953e+01
      vertex 3.883618e+01 -1.828089e+01 1.357373e+01
      vertex 3.859497e+01 -1.820007e+01 1.351514e+01
    endloop
  endfacet
  facet normal -3.821987e-01 -7.760633e-01 5.016472e-01
    outer loop
      vertex 3.884497e+01 -1.832026e+01 1.351953e+01
      vertex 3.859497e+01 -1.820007e+01 1.351514e+01
      vertex 3.861206e+01 -1.827613e+01 1.341064e+01
    endloop
  endfacet
  facet normal -3.561525e-01 -8.331994e-01 4.230061e-01
    outer loop
      vertex 3.884497e+01 -1.832026e+01 1.351953e+01
      vertex 3.861206e+01 -1.827613e+01 1.341064e+01
      vertex 3.887085e+01 -1.835695e+01 1.346924e+01
    endloop
  endfacet
  facet normal -1.216131e-01 -8.315863e-01 5.419174e-01
    outer loop
      vertex 3.884497e+01 -1.832026e+01 1.351953e+01
      vertex 3.887085e+01 -1.835695e+01 1.346924e+01
      vertex 3.909497e+01 -1.830846e+01 1.359375e+01
    endloop
  endfacet
  facet normal -1.216131e-01 -7.723684e-01 6.234239e-01
    outer loop
      vertex 3.884497e+01 -1.824151e+01 1.362793e+01
      vertex 3.909497e+01 -1.830846e+01 1.359375e+01
      vertex 3.887085e+01 -1.820482e+01 1.367871e+01
    endloop
  endfacet
  facet normal -8.013313e-02 -7.405940e-01 6.671575e-01
    outer loop
      vertex 3.891187e+01 -1.817332e+01 1.372217e+01
      vertex 3.909497e+01 -1.830846e+01 1.359375e+01
      vertex 3.896558e+01 -1.814914e+01 1.375537e+01
    endloop
  endfacet
  facet normal -1.965205e-01 -6.151645e-01 7.635131e-01
    outer loop
      vertex 3.891187e+01 -1.817332e+01 1.372217e+01
      vertex 3.896558e+01 -1.814914e+01 1.375537e+01
      vertex 3.884741e+01 -1.806275e+01 1.379443e+01
    endloop
  endfacet
  facet normal -1.718156e-02 -7.252673e-01 6.882530e-01
    outer loop
      vertex 3.902808e+01 -1.813394e+01 1.377637e+01
      vertex 3.909497e+01 -1.830846e+01 1.359375e+01
      vertex 3.909497e+01 -1.812876e+01 1.378320e+01
    endloop
  endfacet
  facet normal -3.847791e-02 -6.012745e-01 7.981155e-01
    outer loop
      vertex 3.902808e+01 -1.813394e+01 1.377637e+01
      vertex 3.909497e+01 -1.812876e+01 1.378320e+01
      vertex 3.909497e+01 -1.807282e+01 1.382568e+01
    endloop
  endfacet
  facet normal -5.037379e-02 -7.304950e-01 6.810577e-01
    outer loop
      vertex 3.909497e+01 -1.830846e+01 1.359375e+01
      vertex 3.902808e+01 -1.813394e+01 1.377637e+01
      vertex 3.896558e+01 -1.814914e+01 1.375537e+01
    endloop
  endfacet
  facet normal -1.091191e-01 -4.324140e-02 -9.930877e-01
    outer loop
      vertex 3.909497e+01 -1.748175e+01 1.200635e+01
      vertex 3.909497e+01 -1.760397e+01 1.201172e+01
      vertex 3.887085e+01 -1.758662e+01 1.203564e+01
    endloop
  endfacet
  facet normal -1.237613e-01 -1.171142e-02 -9.922429e-01
    outer loop
      vertex 3.909497e+01 -1.748175e+01 1.200635e+01
      vertex 3.887085e+01 -1.758662e+01 1.203564e+01
      vertex 3.884741e+01 -1.749182e+01 1.203711e+01
    endloop
  endfacet
  facet normal 5.037379e-02 -7.304950e-01 6.810577e-01
    outer loop
      vertex 3.909497e+01 -1.830846e+01 1.359375e+01
      vertex 3.922437e+01 -1.814914e+01 1.375537e+01
      vertex 3.916187e+01 -1.813394e+01 1.377637e+01
    endloop
  endfacet
  facet normal 1.216131e-01 -8.315863e-01 5.419174e-01
    outer loop
      vertex 3.909497e+01 -1.830846e+01 1.359375e+01
      vertex 3.931909e+01 -1.835695e+01 1.346924e+01
      vertex 3.934497e+01 -1.832026e+01 1.351953e+01
    endloop
  endfacet
  facet normal 6.068157e-01 -6.867424e-01 4.001995e-01
    outer loop
      vertex 3.957788e+01 -1.827613e+01 1.341064e+01
      vertex 3.977808e+01 -1.817907e+01 1.327393e+01
      vertex 3.959497e+01 -1.820007e+01 1.351514e+01
    endloop
  endfacet
  facet normal 3.561525e-01 -8.331994e-01 4.230061e-01
    outer loop
      vertex 3.957788e+01 -1.827613e+01 1.341064e+01
      vertex 3.934497e+01 -1.832026e+01 1.351953e+01
      vertex 3.952808e+01 -1.834701e+01 1.331299e+01
    endloop
  endfacet
  facet normal 5.654622e-01 -7.774572e-01 2.753412e-01
    outer loop
      vertex 3.957788e+01 -1.827613e+01 1.341064e+01
      vertex 3.952808e+01 -1.834701e+01 1.331299e+01
      vertex 3.970728e+01 -1.827931e+01 1.313574e+01
    endloop
  endfacet
  facet normal 5.654622e-01 -7.774572e-01 2.753412e-01
    outer loop
      vertex 3.957788e+01 -1.827613e+01 1.341064e+01
      vertex 3.970728e+01 -1.827931e+01 1.313574e+01
      vertex 3.977808e+01 -1.817907e+01 1.327393e+01
    endloop
  endfacet
  facet normal 6.068157e-01 -6.867424e-01 4.001995e-01
    outer loop
      vertex 3.959497e+01 -1.820007e+01 1.351514e+01
      vertex 3.977808e+01 -1.817907e+01 1.327393e+01
      vertex 3.980200e+01 -1.807150e+01 1.342188e+01
    endloop
  endfacet
  facet normal 6.077098e-01 -6.061938e-01 5.130475e-01
    outer loop
      vertex 3.959497e+01 -1.820007e+01 1.351514e+01
      vertex 3.980200e+01 -1.807150e+01 1.342188e+01
      vertex 3.977124e+01 -1.798626e+01 1.355908e+01
    endloop
  endfacet
  facet normal 8.973304e-01 -4.388613e-01 4.689252e-02
    outer loop
      vertex 4.001880e+01 -1.785377e+01 1.315137e+01
      vertex 3.993140e+01 -1.803570e+01 1.311865e+01
      vertex 4.002808e+01 -1.785577e+01 1.295605e+01
    endloop
  endfacet
  facet normal 7.352878e-01 -6.688533e-01 1.094858e-01
    outer loop
      vertex 3.993140e+01 -1.803570e+01 1.311865e+01
      vertex 3.977808e+01 -1.817907e+01 1.327393e+01
      vertex 3.984497e+01 -1.815846e+01 1.294971e+01
    endloop
  endfacet
  facet normal 8.546202e-01 -5.154056e-01 -6.309815e-02
    outer loop
      vertex 3.993140e+01 -1.803570e+01 1.311865e+01
      vertex 3.984497e+01 -1.815846e+01 1.294971e+01
      vertex 3.993140e+01 -1.799271e+01 1.276758e+01
    endloop
  endfacet
  facet normal 8.546202e-01 -5.154056e-01 -6.309815e-02
    outer loop
      vertex 3.993140e+01 -1.803570e+01 1.311865e+01
      vertex 3.993140e+01 -1.799271e+01 1.276758e+01
      vertex 4.002808e+01 -1.785577e+01 1.295605e+01
    endloop
  endfacet
  facet normal 9.080023e-01 -3.704110e-01 -1.957743e-01
    outer loop
      vertex 4.005151e+01 -1.777728e+01 1.291602e+01
      vertex 4.002808e+01 -1.785577e+01 1.295605e+01
      vertex 3.993140e+01 -1.799271e+01 1.276758e+01
    endloop
  endfacet
  facet normal 9.090851e-01 -3.425342e-01 -2.371384e-01
    outer loop
      vertex 4.005151e+01 -1.777728e+01 1.291602e+01
      vertex 3.993140e+01 -1.799271e+01 1.276758e+01
      vertex 4.001880e+01 -1.770079e+01 1.268066e+01
    endloop
  endfacet
  facet normal 7.890610e-01 -5.508940e-01 2.718429e-01
    outer loop
      vertex 3.977808e+01 -1.817907e+01 1.327393e+01
      vertex 3.993140e+01 -1.803570e+01 1.311865e+01
      vertex 3.980200e+01 -1.807150e+01 1.342188e+01
    endloop
  endfacet
  facet normal 7.565923e-01 -4.655493e-01 4.591643e-01
    outer loop
      vertex 3.977124e+01 -1.798626e+01 1.355908e+01
      vertex 3.980200e+01 -1.807150e+01 1.342188e+01
      vertex 3.992310e+01 -1.792505e+01 1.337061e+01
    endloop
  endfacet
  facet normal 3.823914e-01 -2.481261e-01 8.900619e-01
    outer loop
      vertex 3.957349e+01 -1.803323e+01 1.370361e+01
      vertex 3.934253e+01 -1.806275e+01 1.379443e+01
      vertex 3.952808e+01 -1.805312e+01 1.371729e+01
    endloop
  endfacet
  facet normal 2.756378e-01 -6.342998e-01 7.222794e-01
    outer loop
      vertex 3.934253e+01 -1.806275e+01 1.379443e+01
      vertex 3.927808e+01 -1.817332e+01 1.372217e+01
      vertex 3.931909e+01 -1.820482e+01 1.367871e+01
    endloop
  endfacet
  facet normal 3.256746e-01 -6.291043e-01 7.058073e-01
    outer loop
      vertex 3.934253e+01 -1.806275e+01 1.379443e+01
      vertex 3.931909e+01 -1.820482e+01 1.367871e+01
      vertex 3.952808e+01 -1.805312e+01 1.371729e+01
    endloop
  endfacet
  facet normal -1.377591e-01 -5.592945e-01 8.174425e-01
    outer loop
      vertex 3.884741e+01 -1.806275e+01 1.379443e+01
      vertex 3.896558e+01 -1.814914e+01 1.375537e+01
      vertex 3.902808e+01 -1.813394e+01 1.377637e+01
    endloop
  endfacet
  facet normal -3.821987e-01 -7.169116e-01 5.830625e-01
    outer loop
      vertex 3.859497e+01 -1.820007e+01 1.351514e+01
      vertex 3.883618e+01 -1.828089e+01 1.357373e+01
      vertex 3.861206e+01 -1.812400e+01 1.362012e+01
    endloop
  endfacet
  facet normal -5.958096e-01 -6.005301e-01 5.332677e-01
    outer loop
      vertex 3.859497e+01 -1.820007e+01 1.351514e+01
      vertex 3.861206e+01 -1.812400e+01 1.362012e+01
      vertex 3.841870e+01 -1.798626e+01 1.355908e+01
    endloop
  endfacet
  facet normal -1.044315e-01 -7.548763e-01 6.474997e-01
    outer loop
      vertex 3.887085e+01 -1.820482e+01 1.367871e+01
      vertex 3.909497e+01 -1.830846e+01 1.359375e+01
      vertex 3.891187e+01 -1.817332e+01 1.372217e+01
    endloop
  endfacet
  facet normal -5.766045e-01 -5.372254e-01 6.155617e-01
    outer loop
      vertex 3.841870e+01 -1.798626e+01 1.355908e+01
      vertex 3.861206e+01 -1.812400e+01 1.362012e+01
      vertex 3.861694e+01 -1.803323e+01 1.370361e+01
    endloop
  endfacet
  facet normal -3.821987e-01 -7.169116e-01 5.830625e-01
    outer loop
      vertex 3.884497e+01 -1.824151e+01 1.362793e+01
      vertex 3.861206e+01 -1.812400e+01 1.362012e+01
      vertex 3.883618e+01 -1.828089e+01 1.357373e+01
    endloop
  endfacet
  facet normal -1.305069e-01 -7.918783e-01 5.965708e-01
    outer loop
      vertex 3.884497e+01 -1.824151e+01 1.362793e+01
      vertex 3.883618e+01 -1.828089e+01 1.357373e+01
      vertex 3.909497e+01 -1.830846e+01 1.359375e+01
    endloop
  endfacet
  facet normal -8.724024e-01 -4.518756e-01 1.863396e-01
    outer loop
      vertex 3.817114e+01 -1.785377e+01 1.315137e+01
      vertex 3.825854e+01 -1.803570e+01 1.311865e+01
      vertex 3.822925e+01 -1.790395e+01 1.330029e+01
    endloop
  endfacet
  facet normal -2.329043e-01 8.905287e-01 3.907866e-01
    outer loop
      vertex 3.817114e+01 -1.785377e+01 1.315137e+01
      vertex 3.822925e+01 -1.790395e+01 1.330029e+01
      vertex 3.826685e+01 -1.792505e+01 1.337061e+01
    endloop
  endfacet
  facet normal -7.352878e-01 -6.688533e-01 1.094858e-01
    outer loop
      vertex 3.841187e+01 -1.817907e+01 1.327393e+01
      vertex 3.825854e+01 -1.803570e+01 1.311865e+01
      vertex 3.848267e+01 -1.827931e+01 1.313574e+01
    endloop
  endfacet
  facet normal -5.654622e-01 -7.774572e-01 2.753412e-01
    outer loop
      vertex 3.841187e+01 -1.817907e+01 1.327393e+01
      vertex 3.848267e+01 -1.827931e+01 1.313574e+01
      vertex 3.866187e+01 -1.834701e+01 1.331299e+01
    endloop
  endfacet
  facet normal -5.654622e-01 -7.774572e-01 2.753412e-01
    outer loop
      vertex 3.841187e+01 -1.817907e+01 1.327393e+01
      vertex 3.866187e+01 -1.834701e+01 1.331299e+01
      vertex 3.861206e+01 -1.827613e+01 1.341064e+01
    endloop
  endfacet
  facet normal -3.561525e-01 -8.331994e-01 4.230061e-01
    outer loop
      vertex 3.887085e+01 -1.835695e+01 1.346924e+01
      vertex 3.861206e+01 -1.827613e+01 1.341064e+01
      vertex 3.866187e+01 -1.834701e+01 1.331299e+01
    endloop
  endfacet
  facet normal -7.890610e-01 -5.508940e-01 2.718429e-01
    outer loop
      vertex 3.825854e+01 -1.803570e+01 1.311865e+01
      vertex 3.841187e+01 -1.817907e+01 1.327393e+01
      vertex 3.822925e+01 -1.790395e+01 1.330029e+01
    endloop
  endfacet
  facet normal -9.090851e-01 -3.425342e-01 -2.371384e-01
    outer loop
      vertex 3.813892e+01 -1.777728e+01 1.291602e+01
      vertex 3.817114e+01 -1.770079e+01 1.268066e+01
      vertex 3.825854e+01 -1.799271e+01 1.276758e+01
    endloop
  endfacet
  facet normal -7.866803e-01 -4.595210e-01 -4.122798e-01
    outer loop
      vertex 3.825854e+01 -1.799271e+01 1.276758e+01
      vertex 3.822925e+01 -1.779333e+01 1.260156e+01
      vertex 3.841187e+01 -1.811029e+01 1.260596e+01
    endloop
  endfacet
  facet normal -7.338790e-01 -6.383290e-01 -2.322878e-01
    outer loop
      vertex 3.825854e+01 -1.799271e+01 1.276758e+01
      vertex 3.841187e+01 -1.811029e+01 1.260596e+01
      vertex 3.848267e+01 -1.826389e+01 1.280469e+01
    endloop
  endfacet
  facet normal -7.338790e-01 -6.383290e-01 -2.322878e-01
    outer loop
      vertex 3.825854e+01 -1.799271e+01 1.276758e+01
      vertex 3.848267e+01 -1.826389e+01 1.280469e+01
      vertex 3.834497e+01 -1.815846e+01 1.294971e+01
    endloop
  endfacet
  facet normal -7.352878e-01 -6.688533e-01 1.094858e-01
    outer loop
      vertex 3.825854e+01 -1.803570e+01 1.311865e+01
      vertex 3.834497e+01 -1.815846e+01 1.294971e+01
      vertex 3.848267e+01 -1.827931e+01 1.313574e+01
    endloop
  endfacet
  facet normal -4.855734e-01 -8.587899e-01 1.633964e-01
    outer loop
      vertex 3.874146e+01 -1.840788e+01 1.322900e+01
      vertex 3.866187e+01 -1.834701e+01 1.331299e+01
      vertex 3.848267e+01 -1.827931e+01 1.313574e+01
    endloop
  endfacet
  facet normal -4.855734e-01 -8.587899e-01 1.633964e-01
    outer loop
      vertex 3.874146e+01 -1.840788e+01 1.322900e+01
      vertex 3.848267e+01 -1.827931e+01 1.313574e+01
      vertex 3.859497e+01 -1.836539e+01 1.301709e+01
    endloop
  endfacet
  facet normal -3.725936e-01 -9.251978e-01 7.199379e-02
    outer loop
      vertex 3.874146e+01 -1.840788e+01 1.322900e+01
      vertex 3.859497e+01 -1.836539e+01 1.301709e+01
      vertex 3.884497e+01 -1.845459e+01 1.316504e+01
    endloop
  endfacet
  facet normal -2.346755e-01 -9.262528e-01 2.949291e-01
    outer loop
      vertex 3.874146e+01 -1.840788e+01 1.322900e+01
      vertex 3.884497e+01 -1.845459e+01 1.316504e+01
      vertex 3.896558e+01 -1.841264e+01 1.339258e+01
    endloop
  endfacet
  facet normal -6.314059e-01 -7.746127e-01 -3.607950e-02
    outer loop
      vertex 3.848267e+01 -1.827931e+01 1.313574e+01
      vertex 3.834497e+01 -1.815846e+01 1.294971e+01
      vertex 3.859497e+01 -1.836539e+01 1.301709e+01
    endloop
  endfacet
  facet normal -9.028032e-01 -3.460751e-01 -2.553006e-01
    outer loop
      vertex 3.825854e+01 -1.799271e+01 1.276758e+01
      vertex 3.817114e+01 -1.770079e+01 1.268066e+01
      vertex 3.822925e+01 -1.779333e+01 1.260156e+01
    endloop
  endfacet
  facet normal -7.901579e-01 -2.838413e-01 -5.432169e-01
    outer loop
      vertex 3.822925e+01 -1.779333e+01 1.260156e+01
      vertex 3.826685e+01 -1.762952e+01 1.246094e+01
      vertex 3.838794e+01 -1.791506e+01 1.243408e+01
    endloop
  endfacet
  facet normal -7.866803e-01 -4.595210e-01 -4.122798e-01
    outer loop
      vertex 3.822925e+01 -1.779333e+01 1.260156e+01
      vertex 3.838794e+01 -1.791506e+01 1.243408e+01
      vertex 3.841187e+01 -1.811029e+01 1.260596e+01
    endloop
  endfacet
  facet normal -6.036410e-01 -5.671087e-01 -5.603616e-01
    outer loop
      vertex 3.841187e+01 -1.811029e+01 1.260596e+01
      vertex 3.838794e+01 -1.791506e+01 1.243408e+01
      vertex 3.861206e+01 -1.820052e+01 1.248145e+01
    endloop
  endfacet
  facet normal -5.631252e-01 -7.386956e-01 -3.704305e-01
    outer loop
      vertex 3.841187e+01 -1.811029e+01 1.260596e+01
      vertex 3.861206e+01 -1.820052e+01 1.248145e+01
      vertex 3.866187e+01 -1.834479e+01 1.269336e+01
    endloop
  endfacet
  facet normal -5.631252e-01 -7.386956e-01 -3.704305e-01
    outer loop
      vertex 3.841187e+01 -1.811029e+01 1.260596e+01
      vertex 3.866187e+01 -1.834479e+01 1.269336e+01
      vertex 3.848267e+01 -1.826389e+01 1.280469e+01
    endloop
  endfacet
  facet normal -6.314059e-01 -7.746127e-01 -3.607950e-02
    outer loop
      vertex 3.834497e+01 -1.815846e+01 1.294971e+01
      vertex 3.848267e+01 -1.826389e+01 1.280469e+01
      vertex 3.859497e+01 -1.836539e+01 1.301709e+01
    endloop
  endfacet
  facet normal -4.844948e-01 -8.609648e-01 -1.549331e-01
    outer loop
      vertex 3.859497e+01 -1.836539e+01 1.301709e+01
      vertex 3.848267e+01 -1.826389e+01 1.280469e+01
      vertex 3.874146e+01 -1.843144e+01 1.292627e+01
    endloop
  endfacet
  facet normal -3.725936e-01 -9.251978e-01 7.199379e-02
    outer loop
      vertex 3.859497e+01 -1.836539e+01 1.301709e+01
      vertex 3.874146e+01 -1.843144e+01 1.292627e+01
      vertex 3.884497e+01 -1.845459e+01 1.316504e+01
    endloop
  endfacet
  facet normal -5.609773e-01 -1.434406e-01 -8.153093e-01
    outer loop
      vertex 3.841870e+01 -1.756831e+01 1.227295e+01
      vertex 3.861694e+01 -1.752134e+01 1.212842e+01
      vertex 3.861206e+01 -1.778174e+01 1.217725e+01
    endloop
  endfacet
  facet normal -6.036410e-01 -5.671087e-01 -5.603616e-01
    outer loop
      vertex 3.838794e+01 -1.791506e+01 1.243408e+01
      vertex 3.859497e+01 -1.800848e+01 1.230566e+01
      vertex 3.861206e+01 -1.820052e+01 1.248145e+01
    endloop
  endfacet
  facet normal -3.794646e-01 -4.337654e-01 -8.172235e-01
    outer loop
      vertex 3.859497e+01 -1.800848e+01 1.230566e+01
      vertex 3.861206e+01 -1.778174e+01 1.217725e+01
      vertex 3.883618e+01 -1.806719e+01 1.222461e+01
    endloop
  endfacet
  facet normal -3.794646e-01 -6.431848e-01 -6.650714e-01
    outer loop
      vertex 3.859497e+01 -1.800848e+01 1.230566e+01
      vertex 3.883618e+01 -1.806719e+01 1.222461e+01
      vertex 3.884497e+01 -1.825724e+01 1.240332e+01
    endloop
  endfacet
  facet normal -3.794646e-01 -6.431848e-01 -6.650714e-01
    outer loop
      vertex 3.859497e+01 -1.800848e+01 1.230566e+01
      vertex 3.884497e+01 -1.825724e+01 1.240332e+01
      vertex 3.861206e+01 -1.820052e+01 1.248145e+01
    endloop
  endfacet
  facet normal -4.844948e-01 -8.609648e-01 -1.549331e-01
    outer loop
      vertex 3.848267e+01 -1.826389e+01 1.280469e+01
      vertex 3.866187e+01 -1.834479e+01 1.269336e+01
      vertex 3.874146e+01 -1.843144e+01 1.292627e+01
    endloop
  endfacet
  facet normal -3.539953e-01 -8.096655e-01 -4.681122e-01
    outer loop
      vertex 3.866187e+01 -1.834479e+01 1.269336e+01
      vertex 3.861206e+01 -1.820052e+01 1.248145e+01
      vertex 3.887085e+01 -1.839564e+01 1.262354e+01
    endloop
  endfacet
  facet normal -3.045662e-01 -9.220251e-01 -2.389753e-01
    outer loop
      vertex 3.866187e+01 -1.834479e+01 1.269336e+01
      vertex 3.887085e+01 -1.839564e+01 1.262354e+01
      vertex 3.891187e+01 -1.847296e+01 1.286914e+01
    endloop
  endfacet
  facet normal -3.045662e-01 -9.220251e-01 -2.389753e-01
    outer loop
      vertex 3.866187e+01 -1.834479e+01 1.269336e+01
      vertex 3.891187e+01 -1.847296e+01 1.286914e+01
      vertex 3.874146e+01 -1.843144e+01 1.292627e+01
    endloop
  endfacet
  facet normal -2.342221e-01 -9.721552e-01 7.362393e-03
    outer loop
      vertex 3.896558e+01 -1.848395e+01 1.312451e+01
      vertex 3.884497e+01 -1.845459e+01 1.316504e+01
      vertex 3.874146e+01 -1.843144e+01 1.292627e+01
    endloop
  endfacet
  facet normal -2.342221e-01 -9.721552e-01 7.362393e-03
    outer loop
      vertex 3.896558e+01 -1.848395e+01 1.312451e+01
      vertex 3.874146e+01 -1.843144e+01 1.292627e+01
      vertex 3.891187e+01 -1.847296e+01 1.286914e+01
    endloop
  endfacet
  facet normal -7.988880e-02 -9.964622e-01 -2.609328e-02
    outer loop
      vertex 3.896558e+01 -1.848395e+01 1.312451e+01
      vertex 3.891187e+01 -1.847296e+01 1.286914e+01
      vertex 3.909497e+01 -1.849396e+01 1.311084e+01
    endloop
  endfacet
  facet normal -5.031741e-02 -9.711382e-01 2.331496e-01
    outer loop
      vertex 3.896558e+01 -1.848395e+01 1.312451e+01
      vertex 3.909497e+01 -1.849396e+01 1.311084e+01
      vertex 3.909497e+01 -1.843302e+01 1.336475e+01
    endloop
  endfacet
  facet normal -3.794646e-01 -4.337654e-01 -8.172235e-01
    outer loop
      vertex 3.861206e+01 -1.778174e+01 1.217725e+01
      vertex 3.884497e+01 -1.783846e+01 1.209912e+01
      vertex 3.883618e+01 -1.806719e+01 1.222461e+01
    endloop
  endfacet
  facet normal -1.207412e-01 -2.317375e-01 -9.652561e-01
    outer loop
      vertex 3.884497e+01 -1.783846e+01 1.209912e+01
      vertex 3.887085e+01 -1.758662e+01 1.203564e+01
      vertex 3.909497e+01 -1.785781e+01 1.207275e+01
    endloop
  endfacet
  facet normal -1.294283e-01 -4.731453e-01 -8.714252e-01
    outer loop
      vertex 3.884497e+01 -1.783846e+01 1.209912e+01
      vertex 3.909497e+01 -1.785781e+01 1.207275e+01
      vertex 3.909497e+01 -1.808722e+01 1.219727e+01
    endloop
  endfacet
  facet normal -1.294283e-01 -4.731453e-01 -8.714252e-01
    outer loop
      vertex 3.884497e+01 -1.783846e+01 1.209912e+01
      vertex 3.909497e+01 -1.808722e+01 1.219727e+01
      vertex 3.883618e+01 -1.806719e+01 1.222461e+01
    endloop
  endfacet
  facet normal -3.539953e-01 -8.096655e-01 -4.681122e-01
    outer loop
      vertex 3.861206e+01 -1.820052e+01 1.248145e+01
      vertex 3.884497e+01 -1.825724e+01 1.240332e+01
      vertex 3.887085e+01 -1.839564e+01 1.262354e+01
    endloop
  endfacet
  facet normal -1.294283e-01 -6.825647e-01 -7.192731e-01
    outer loop
      vertex 3.884497e+01 -1.825724e+01 1.240332e+01
      vertex 3.883618e+01 -1.806719e+01 1.222461e+01
      vertex 3.909497e+01 -1.827658e+01 1.237695e+01
    endloop
  endfacet
  facet normal -1.207412e-01 -8.464023e-01 -5.186760e-01
    outer loop
      vertex 3.884497e+01 -1.825724e+01 1.240332e+01
      vertex 3.909497e+01 -1.827658e+01 1.237695e+01
      vertex 3.909497e+01 -1.841298e+01 1.259961e+01
    endloop
  endfacet
  facet normal -1.207412e-01 -8.464023e-01 -5.186760e-01
    outer loop
      vertex 3.884497e+01 -1.825724e+01 1.240332e+01
      vertex 3.909497e+01 -1.841298e+01 1.259961e+01
      vertex 3.887085e+01 -1.839564e+01 1.262354e+01
    endloop
  endfacet
  facet normal -1.038819e-01 -9.536322e-01 -2.824787e-01
    outer loop
      vertex 3.891187e+01 -1.847296e+01 1.286914e+01
      vertex 3.887085e+01 -1.839564e+01 1.262354e+01
      vertex 3.909497e+01 -1.848713e+01 1.284961e+01
    endloop
  endfacet
  facet normal -7.988880e-02 -9.964622e-01 -2.609328e-02
    outer loop
      vertex 3.891187e+01 -1.847296e+01 1.286914e+01
      vertex 3.909497e+01 -1.848713e+01 1.284961e+01
      vertex 3.909497e+01 -1.849396e+01 1.311084e+01
    endloop
  endfacet
  facet normal 7.988880e-02 -9.964622e-01 -2.609328e-02
    outer loop
      vertex 3.909497e+01 -1.849396e+01 1.311084e+01
      vertex 3.909497e+01 -1.848713e+01 1.284961e+01
      vertex 3.922437e+01 -1.848395e+01 1.312451e+01
    endloop
  endfacet
  facet normal 1.038819e-01 -9.536322e-01 -2.824787e-01
    outer loop
      vertex 3.909497e+01 -1.848713e+01 1.284961e+01
      vertex 3.909497e+01 -1.841298e+01 1.259961e+01
      vertex 3.927808e+01 -1.847296e+01 1.286914e+01
    endloop
  endfacet
  facet normal 7.988880e-02 -9.964622e-01 -2.609328e-02
    outer loop
      vertex 3.909497e+01 -1.848713e+01 1.284961e+01
      vertex 3.927808e+01 -1.847296e+01 1.286914e+01
      vertex 3.922437e+01 -1.848395e+01 1.312451e+01
    endloop
  endfacet
  facet normal 1.207412e-01 -8.464023e-01 -5.186760e-01
    outer loop
      vertex 3.909497e+01 -1.841298e+01 1.259961e+01
      vertex 3.909497e+01 -1.827658e+01 1.237695e+01
      vertex 3.931909e+01 -1.839564e+01 1.262354e+01
    endloop
  endfacet
  facet normal 1.038819e-01 -9.536322e-01 -2.824787e-01
    outer loop
      vertex 3.909497e+01 -1.841298e+01 1.259961e+01
      vertex 3.931909e+01 -1.839564e+01 1.262354e+01
      vertex 3.927808e+01 -1.847296e+01 1.286914e+01
    endloop
  endfacet
  facet normal -1.038819e-01 -9.536322e-01 -2.824787e-01
    outer loop
      vertex 3.909497e+01 -1.841298e+01 1.259961e+01
      vertex 3.909497e+01 -1.848713e+01 1.284961e+01
      vertex 3.887085e+01 -1.839564e+01 1.262354e+01
    endloop
  endfacet
  facet normal 1.294283e-01 -6.825647e-01 -7.192731e-01
    outer loop
      vertex 3.909497e+01 -1.827658e+01 1.237695e+01
      vertex 3.909497e+01 -1.808722e+01 1.219727e+01
      vertex 3.934497e+01 -1.825724e+01 1.240332e+01
    endloop
  endfacet
  facet normal 1.207412e-01 -8.464023e-01 -5.186760e-01
    outer loop
      vertex 3.909497e+01 -1.827658e+01 1.237695e+01
      vertex 3.934497e+01 -1.825724e+01 1.240332e+01
      vertex 3.931909e+01 -1.839564e+01 1.262354e+01
    endloop
  endfacet
  facet normal 1.294283e-01 -4.731453e-01 -8.714252e-01
    outer loop
      vertex 3.909497e+01 -1.808722e+01 1.219727e+01
      vertex 3.909497e+01 -1.785781e+01 1.207275e+01
      vertex 3.935376e+01 -1.806719e+01 1.222461e+01
    endloop
  endfacet
  facet normal 1.294283e-01 -6.825647e-01 -7.192731e-01
    outer loop
      vertex 3.909497e+01 -1.808722e+01 1.219727e+01
      vertex 3.935376e+01 -1.806719e+01 1.222461e+01
      vertex 3.934497e+01 -1.825724e+01 1.240332e+01
    endloop
  endfacet
  facet normal -1.294283e-01 -6.825647e-01 -7.192731e-01
    outer loop
      vertex 3.909497e+01 -1.808722e+01 1.219727e+01
      vertex 3.909497e+01 -1.827658e+01 1.237695e+01
      vertex 3.883618e+01 -1.806719e+01 1.222461e+01
    endloop
  endfacet
  facet normal 1.294283e-01 -4.731453e-01 -8.714252e-01
    outer loop
      vertex 3.935376e+01 -1.806719e+01 1.222461e+01
      vertex 3.909497e+01 -1.785781e+01 1.207275e+01
      vertex 3.934497e+01 -1.783846e+01 1.209912e+01
    endloop
  endfacet
  facet normal 3.794646e-01 -4.337654e-01 -8.172235e-01
    outer loop
      vertex 3.935376e+01 -1.806719e+01 1.222461e+01
      vertex 3.934497e+01 -1.783846e+01 1.209912e+01
      vertex 3.959497e+01 -1.800848e+01 1.230566e+01
    endloop
  endfacet
  facet normal 3.794646e-01 -6.431848e-01 -6.650714e-01
    outer loop
      vertex 3.935376e+01 -1.806719e+01 1.222461e+01
      vertex 3.959497e+01 -1.800848e+01 1.230566e+01
      vertex 3.957788e+01 -1.820052e+01 1.248145e+01
    endloop
  endfacet
  facet normal 3.794646e-01 -6.431848e-01 -6.650714e-01
    outer loop
      vertex 3.935376e+01 -1.806719e+01 1.222461e+01
      vertex 3.957788e+01 -1.820052e+01 1.248145e+01
      vertex 3.934497e+01 -1.825724e+01 1.240332e+01
    endloop
  endfacet
  facet normal 1.207412e-01 -2.317375e-01 -9.652561e-01
    outer loop
      vertex 3.934497e+01 -1.783846e+01 1.209912e+01
      vertex 3.909497e+01 -1.785781e+01 1.207275e+01
      vertex 3.909497e+01 -1.760397e+01 1.201172e+01
    endloop
  endfacet
  facet normal 3.539953e-01 -8.096655e-01 -4.681122e-01
    outer loop
      vertex 3.931909e+01 -1.839564e+01 1.262354e+01
      vertex 3.934497e+01 -1.825724e+01 1.240332e+01
      vertex 3.952808e+01 -1.834479e+01 1.269336e+01
    endloop
  endfacet
  facet normal 3.045662e-01 -9.220251e-01 -2.389753e-01
    outer loop
      vertex 3.931909e+01 -1.839564e+01 1.262354e+01
      vertex 3.952808e+01 -1.834479e+01 1.269336e+01
      vertex 3.944849e+01 -1.843144e+01 1.292627e+01
    endloop
  endfacet
  facet normal 3.045662e-01 -9.220251e-01 -2.389753e-01
    outer loop
      vertex 3.931909e+01 -1.839564e+01 1.262354e+01
      vertex 3.944849e+01 -1.843144e+01 1.292627e+01
      vertex 3.927808e+01 -1.847296e+01 1.286914e+01
    endloop
  endfacet
  facet normal 2.342221e-01 -9.721552e-01 7.362393e-03
    outer loop
      vertex 3.922437e+01 -1.848395e+01 1.312451e+01
      vertex 3.927808e+01 -1.847296e+01 1.286914e+01
      vertex 3.934497e+01 -1.845459e+01 1.316504e+01
    endloop
  endfacet
  facet normal 1.475232e-01 -9.558286e-01 2.542215e-01
    outer loop
      vertex 3.922437e+01 -1.848395e+01 1.312451e+01
      vertex 3.934497e+01 -1.845459e+01 1.316504e+01
      vertex 3.922437e+01 -1.841264e+01 1.339258e+01
    endloop
  endfacet
  facet normal -1.207412e-01 -2.317375e-01 -9.652561e-01
    outer loop
      vertex 3.887085e+01 -1.758662e+01 1.203564e+01
      vertex 3.909497e+01 -1.760397e+01 1.201172e+01
      vertex 3.909497e+01 -1.785781e+01 1.207275e+01
    endloop
  endfacet
  facet normal 4.819907e-01 -1.538008e-01 -8.625719e-01
    outer loop
      vertex 3.957349e+01 -1.752134e+01 1.212842e+01
      vertex 3.957788e+01 -1.778174e+01 1.217725e+01
      vertex 3.952808e+01 -1.753577e+01 1.210547e+01
    endloop
  endfacet
  facet normal 3.817035e-01 2.167439e-01 -8.985124e-01
    outer loop
      vertex 3.957349e+01 -1.752134e+01 1.212842e+01
      vertex 3.952808e+01 -1.753577e+01 1.210547e+01
      vertex 3.934253e+01 -1.749182e+01 1.203711e+01
    endloop
  endfacet
  facet normal 3.539953e-01 -8.096655e-01 -4.681122e-01
    outer loop
      vertex 3.934497e+01 -1.825724e+01 1.240332e+01
      vertex 3.957788e+01 -1.820052e+01 1.248145e+01
      vertex 3.952808e+01 -1.834479e+01 1.269336e+01
    endloop
  endfacet
  facet normal 6.036410e-01 -5.671087e-01 -5.603616e-01
    outer loop
      vertex 3.957788e+01 -1.820052e+01 1.248145e+01
      vertex 3.959497e+01 -1.800848e+01 1.230566e+01
      vertex 3.977808e+01 -1.811029e+01 1.260596e+01
    endloop
  endfacet
  facet normal 5.631252e-01 -7.386956e-01 -3.704305e-01
    outer loop
      vertex 3.957788e+01 -1.820052e+01 1.248145e+01
      vertex 3.977808e+01 -1.811029e+01 1.260596e+01
      vertex 3.970728e+01 -1.826389e+01 1.280469e+01
    endloop
  endfacet
  facet normal 5.631252e-01 -7.386956e-01 -3.704305e-01
    outer loop
      vertex 3.957788e+01 -1.820052e+01 1.248145e+01
      vertex 3.970728e+01 -1.826389e+01 1.280469e+01
      vertex 3.952808e+01 -1.834479e+01 1.269336e+01
    endloop
  endfacet
  facet normal 3.725936e-01 -9.251978e-01 7.199379e-02
    outer loop
      vertex 3.944849e+01 -1.840788e+01 1.322900e+01
      vertex 3.934497e+01 -1.845459e+01 1.316504e+01
      vertex 3.944849e+01 -1.843144e+01 1.292627e+01
    endloop
  endfacet
  facet normal 3.725936e-01 -9.251978e-01 7.199379e-02
    outer loop
      vertex 3.944849e+01 -1.840788e+01 1.322900e+01
      vertex 3.944849e+01 -1.843144e+01 1.292627e+01
      vertex 3.959497e+01 -1.836539e+01 1.301709e+01
    endloop
  endfacet
  facet normal 4.855734e-01 -8.587899e-01 1.633964e-01
    outer loop
      vertex 3.944849e+01 -1.840788e+01 1.322900e+01
      vertex 3.959497e+01 -1.836539e+01 1.301709e+01
      vertex 3.952808e+01 -1.834701e+01 1.331299e+01
    endloop
  endfacet
  facet normal 3.058351e-01 -8.844262e-01 3.524984e-01
    outer loop
      vertex 3.944849e+01 -1.840788e+01 1.322900e+01
      vertex 3.952808e+01 -1.834701e+01 1.331299e+01
      vertex 3.931909e+01 -1.835695e+01 1.346924e+01
    endloop
  endfacet
  facet normal 4.844948e-01 -8.609648e-01 -1.549331e-01
    outer loop
      vertex 3.944849e+01 -1.843144e+01 1.292627e+01
      vertex 3.952808e+01 -1.834479e+01 1.269336e+01
      vertex 3.959497e+01 -1.836539e+01 1.301709e+01
    endloop
  endfacet
  facet normal 2.342221e-01 -9.721552e-01 7.362393e-03
    outer loop
      vertex 3.927808e+01 -1.847296e+01 1.286914e+01
      vertex 3.944849e+01 -1.843144e+01 1.292627e+01
      vertex 3.934497e+01 -1.845459e+01 1.316504e+01
    endloop
  endfacet
  facet normal 7.621785e-01 -2.675981e-01 -5.894702e-01
    outer loop
      vertex 3.992310e+01 -1.762952e+01 1.246094e+01
      vertex 3.980200e+01 -1.791506e+01 1.243408e+01
      vertex 3.977808e+01 -1.769151e+01 1.230127e+01
    endloop
  endfacet
  facet normal 7.560062e-01 -1.091046e-01 -6.454075e-01
    outer loop
      vertex 3.992310e+01 -1.762952e+01 1.246094e+01
      vertex 3.977808e+01 -1.769151e+01 1.230127e+01
      vertex 3.977124e+01 -1.756831e+01 1.227295e+01
    endloop
  endfacet
  facet normal 6.036410e-01 -5.671087e-01 -5.603616e-01
    outer loop
      vertex 3.959497e+01 -1.800848e+01 1.230566e+01
      vertex 3.980200e+01 -1.791506e+01 1.243408e+01
      vertex 3.977808e+01 -1.811029e+01 1.260596e+01
    endloop
  endfacet
  facet normal 7.866803e-01 -4.595210e-01 -4.122798e-01
    outer loop
      vertex 3.980200e+01 -1.791506e+01 1.243408e+01
      vertex 3.993140e+01 -1.799271e+01 1.276758e+01
      vertex 3.977808e+01 -1.811029e+01 1.260596e+01
    endloop
  endfacet
  facet normal 4.844948e-01 -8.609648e-01 -1.549331e-01
    outer loop
      vertex 3.952808e+01 -1.834479e+01 1.269336e+01
      vertex 3.970728e+01 -1.826389e+01 1.280469e+01
      vertex 3.959497e+01 -1.836539e+01 1.301709e+01
    endloop
  endfacet
  facet normal 7.338790e-01 -6.383290e-01 -2.322878e-01
    outer loop
      vertex 3.993140e+01 -1.799271e+01 1.276758e+01
      vertex 3.984497e+01 -1.815846e+01 1.294971e+01
      vertex 3.977808e+01 -1.811029e+01 1.260596e+01
    endloop
  endfacet
  facet normal 6.314059e-01 -7.746127e-01 -3.607950e-02
    outer loop
      vertex 3.959497e+01 -1.836539e+01 1.301709e+01
      vertex 3.970728e+01 -1.826389e+01 1.280469e+01
      vertex 3.970728e+01 -1.827931e+01 1.313574e+01
    endloop
  endfacet
  facet normal 4.855734e-01 -8.587899e-01 1.633964e-01
    outer loop
      vertex 3.959497e+01 -1.836539e+01 1.301709e+01
      vertex 3.970728e+01 -1.827931e+01 1.313574e+01
      vertex 3.952808e+01 -1.834701e+01 1.331299e+01
    endloop
  endfacet
  facet normal 7.338790e-01 -6.383290e-01 -2.322878e-01
    outer loop
      vertex 3.970728e+01 -1.826389e+01 1.280469e+01
      vertex 3.977808e+01 -1.811029e+01 1.260596e+01
      vertex 3.984497e+01 -1.815846e+01 1.294971e+01
    endloop
  endfacet
  facet normal 6.314059e-01 -7.746127e-01 -3.607950e-02
    outer loop
      vertex 3.970728e+01 -1.826389e+01 1.280469e+01
      vertex 3.984497e+01 -1.815846e+01 1.294971e+01
      vertex 3.970728e+01 -1.827931e+01 1.313574e+01
    endloop
  endfacet
  facet normal 7.352878e-01 -6.688533e-01 1.094858e-01
    outer loop
      vertex 3.977808e+01 -1.817907e+01 1.327393e+01
      vertex 3.970728e+01 -1.827931e+01 1.313574e+01
      vertex 3.984497e+01 -1.815846e+01 1.294971e+01
    endloop
  endfacet
  facet normal 3.561525e-01 -8.331994e-01 4.230061e-01
    outer loop
      vertex 3.934497e+01 -1.832026e+01 1.351953e+01
      vertex 3.931909e+01 -1.835695e+01 1.346924e+01
      vertex 3.952808e+01 -1.834701e+01 1.331299e+01
    endloop
  endfacet
  facet normal 1.044315e-01 -7.548763e-01 6.474997e-01
    outer loop
      vertex 3.909497e+01 -1.830846e+01 1.359375e+01
      vertex 3.931909e+01 -1.820482e+01 1.367871e+01
      vertex 3.927808e+01 -1.817332e+01 1.372217e+01
    endloop
  endfacet
  facet normal 4.499279e-32 -2.449294e-16 -1.000000e+00
    outer loop
      vertex 3.668677e+01 -1.358066e+01 0.000000e+00
      vertex 1.312671e+01 -8.470411e+00 0.000000e+00
      vertex 5.025610e+01 -1.358066e+01 0.000000e+00
    endloop
  endfacet
  facet normal 4.499279e-32 -2.449294e-16 -1.000000e+00
    outer loop
      vertex 4.617432e+00 -8.470411e+00 0.000000e+00
      vertex -1.031958e+01 -5.217080e+00 0.000000e+00
      vertex 1.312671e+01 -8.470411e+00 0.000000e+00
    endloop
  endfacet
  facet normal 4.499279e-32 -2.449294e-16 -1.000000e+00
    outer loop
      vertex -1.560474e+01 -5.217080e+00 0.000000e+00
      vertex -2.473315e+01 -3.217082e+00 0.000000e+00
      vertex -1.031958e+01 -5.217080e+00 0.000000e+00
    endloop
  endfacet
  facet normal 4.499279e-32 -2.449294e-16 -1.000000e+00
    outer loop
      vertex -1.031958e+01 -5.217080e+00 0.000000e+00
      vertex -2.473315e+01 -3.217082e+00 0.000000e+00
      vertex -2.473315e+01 3.217084e+00 0.000000e+00
    endloop
  endfacet
  facet normal 4.499279e-32 -2.449294e-16 -1.000000e+00
    outer loop
      vertex -1.031958e+01 -5.217080e+00 0.000000e+00
      vertex -2.473315e+01 3.217084e+00 0.000000e+00
      vertex -1.031958e+01 5.217082e+00 0.000000e+00
    endloop
  endfacet
  facet normal 4.499279e-32 -2.449294e-16 -1.000000e+00
    outer loop
      vertex -1.031958e+01 -5.217080e+00 0.000000e+00
      vertex -1.031958e+01 5.217082e+00 0.000000e+00
      vertex 1.312671e+01 -8.470411e+00 0.000000e+00
    endloop
  endfacet
  facet normal 4.499279e-32 -2.449294e-16 -1.000000e+00
    outer loop
      vertex -5.025610e+01 3.217084e+00 0.000000e+00
      vertex -2.473315e+01 3.217084e+00 0.000000e+00
      vertex -5.025610e+01 -3.217082e+00 0.000000e+00
    endloop
  endfacet
  facet normal 4.499279e-32 -2.449294e-16 -1.000000e+00
    outer loop
      vertex -2.473315e+01 3.217084e+00 0.000000e+00
      vertex -1.560474e+01 5.217082e+00 0.000000e+00
      vertex -1.031958e+01 5.217082e+00 0.000000e+00
    endloop
  endfacet
  facet normal 4.499279e-32 -2.449294e-16 -1.000000e+00
    outer loop
      vertex 4.617432e+00 8.470413e+00 0.000000e+00
      vertex 1.312671e+01 8.470413e+00 0.000000e+00
      vertex -1.031958e+01 5.217082e+00 0.000000e+00
    endloop
  endfacet
  facet normal 4.499279e-32 -2.449294e-16 -1.000000e+00
    outer loop
      vertex 3.668677e+01 1.358066e+01 0.000000e+00
      vertex 5.025610e+01 1.358066e+01 0.000000e+00
      vertex 1.312671e+01 8.470413e+00 0.000000e+00
    endloop
  endfacet
  facet normal 4.499279e-32 -2.449294e-16 -1.000000e+00
    outer loop
      vertex 1.312671e+01 8.470413e+00 0.000000e+00
      vertex 5.025610e+01 1.358066e+01 0.000000e+00
      vertex 1.312671e+01 -8.470411e+00 0.000000e+00
    endloop
  endfacet
  facet normal 4.499279e-32 -2.449294e-16 -1.000000e+00
    outer loop
      vertex 1.312671e+01 8.470413e+00 0.000000e+00
      vertex 1.312671e+01 -8.470411e+00 0.000000e+00
      vertex -1.031958e+01 5.217082e+00 0.000000e+00
    endloop
  endfacet
  facet normal 4.499279e-32 -2.449294e-16 -1.000000e+00
    outer loop
      vertex -5.025610e+01 -3.217082e+00 0.000000e+00
      vertex -2.473315e+01 3.217084e+00 0.000000e+00
      vertex -2.473315e+01 -3.217082e+00 0.000000e+00
    endloop
  endfacet
  facet normal 4.499279e-32 -2.449294e-16 -1.000000e+00
    outer loop
      vertex 5.025610e+01 -1.358066e+01 0.000000e+00
      vertex 1.312671e+01 -8.470411e+00 0.000000e+00
      vertex 5.025610e+01 1.358066e+01 0.000000e+00
    endloop
  endfacet
  facet normal 1.079746e-16 -5.877863e-01 8.090163e-01
    outer loop
      vertex 5.025610e+01 1.407348e-06 4.179688e+01
      vertex 3.668677e+01 1.407348e-06 4.179688e+01
      vertex 5.025610e+01 -2.197392e+01 2.583203e+01
    endloop
  endfacet
  facet normal 1.079746e-16 -5.877863e-01 8.090163e-01
    outer loop
      vertex 3.668677e+01 1.407348e-06 4.179688e+01
      vertex 3.668677e+01 -2.197392e+01 2.583203e+01
      vertex 5.025610e+01 -2.197392e+01 2.583203e+01
    endloop
  endfacet
  facet normal -1.079746e-16 5.877863e-01 8.090163e-01
    outer loop
      vertex 5.025610e+01 2.197392e+01 2.583203e+01
      vertex 3.668677e+01 2.197392e+01 2.583203e+01
      vertex 5.025610e+01 1.407348e-06 4.179688e+01
    endloop
  endfacet
  facet normal -1.079746e-16 5.877863e-01 8.090163e-01
    outer loop
      vertex 3.668677e+01 2.197392e+01 2.583203e+01
      vertex 3.668677e+01 1.407348e-06 4.179688e+01
      vertex 5.025610e+01 1.407348e-06 4.179688e+01
    endloop
  endfacet
  facet normal -1.747063e-16 9.510567e-01 -3.090165e-01
    outer loop
      vertex 5.025610e+01 1.358066e+01 0.000000e+00
      vertex 3.668677e+01 1.358066e+01 0.000000e+00
      vertex 5.025610e+01 2.197392e+01 2.583203e+01
    endloop
  endfacet
  facet normal -1.747063e-16 9.510567e-01 -3.090165e-01
    outer loop
      vertex 3.668677e+01 1.358066e+01 0.000000e+00
      vertex 3.668677e+01 2.197392e+01 2.583203e+01
      vertex 5.025610e+01 2.197392e+01 2.583203e+01
    endloop
  endfacet
  facet normal -1.000000e+00 -1.836970e-16 0.000000e+00
    outer loop
      vertex -5.025610e+01 -3.217082e+00 0.000000e+00
      vertex -5.025610e+01 -5.205338e+00 6.119141e+00
      vertex -5.025610e+01 3.217084e+00 0.000000e+00
    endloop
  endfacet
  facet normal -1.000000e+00 -1.836970e-16 0.000000e+00
    outer loop
      vertex -5.025610e+01 1.407348e-06 9.900879e+00
      vertex -5.025610e+01 5.205339e+00 6.119141e+00
      vertex -5.025610e+01 -5.205338e+00 6.119141e+00
    endloop
  endfacet
  facet normal -1.000000e+00 -1.836970e-16 0.000000e+00
    outer loop
      vertex -5.025610e+01 5.205339e+00 6.119141e+00
      vertex -5.025610e+01 3.217084e+00 0.000000e+00
      vertex -5.025610e+01 -5.205338e+00 6.119141e+00
    endloop
  endfacet
  facet normal -2.505926e-12 -9.510567e-01 -3.090165e-01
    outer loop
      vertex 4.001880e+01 -1.770079e+01 1.268066e+01
      vertex 5.025610e+01 -1.358066e+01 0.000000e+00
      vertex 4.005151e+01 -1.777728e+01 1.291602e+01
    endloop
  endfacet
  facet normal -2.175516e-13 -9.510567e-01 -3.090165e-01
    outer loop
      vertex 4.001880e+01 -1.770079e+01 1.268066e+01
      vertex 3.992310e+01 -1.762952e+01 1.246094e+01
      vertex 5.025610e+01 -1.358066e+01 0.000000e+00
    endloop
  endfacet
  facet normal 1.747063e-16 -9.510567e-01 -3.090165e-01
    outer loop
      vertex 5.025610e+01 -1.358066e+01 0.000000e+00
      vertex 3.992310e+01 -1.762952e+01 1.246094e+01
      vertex 3.668677e+01 -1.358066e+01 0.000000e+00
    endloop
  endfacet
  facet normal 1.441486e-12 -9.510567e-01 -3.090165e-01
    outer loop
      vertex 3.992310e+01 -1.762952e+01 1.246094e+01
      vertex 3.977124e+01 -1.756831e+01 1.227295e+01
      vertex 3.668677e+01 -1.358066e+01 0.000000e+00
    endloop
  endfacet
  facet normal -9.254302e-13 -9.510567e-01 -3.090165e-01
    outer loop
      vertex 3.977124e+01 -1.756831e+01 1.227295e+01
      vertex 3.957349e+01 -1.752134e+01 1.212842e+01
      vertex 3.668677e+01 -1.358066e+01 0.000000e+00
    endloop
  endfacet
  facet normal 2.693313e-13 -9.510567e-01 -3.090165e-01
    outer loop
      vertex 3.957349e+01 -1.752134e+01 1.212842e+01
      vertex 3.934253e+01 -1.749182e+01 1.203711e+01
      vertex 3.668677e+01 -1.358066e+01 0.000000e+00
    endloop
  endfacet
  facet normal -1.689856e-13 -9.510567e-01 -3.090165e-01
    outer loop
      vertex 3.934253e+01 -1.749182e+01 1.203711e+01
      vertex 3.909497e+01 -1.748175e+01 1.200635e+01
      vertex 3.668677e+01 -1.358066e+01 0.000000e+00
    endloop
  endfacet
  facet normal 1.320328e-13 -9.510567e-01 -3.090165e-01
    outer loop
      vertex 3.909497e+01 -1.748175e+01 1.200635e+01
      vertex 3.884741e+01 -1.749182e+01 1.203711e+01
      vertex 3.668677e+01 -1.358066e+01 0.000000e+00
    endloop
  endfacet
  facet normal 7.935459e-13 -9.510567e-01 -3.090165e-01
    outer loop
      vertex 3.884741e+01 -1.749182e+01 1.203711e+01
      vertex 3.861694e+01 -1.752134e+01 1.212842e+01
      vertex 3.668677e+01 -1.358066e+01 0.000000e+00
    endloop
  endfacet
  facet normal -8.730868e-13 -9.510567e-01 -3.090165e-01
    outer loop
      vertex 3.861694e+01 -1.752134e+01 1.212842e+01
      vertex 3.841870e+01 -1.756831e+01 1.227295e+01
      vertex 3.668677e+01 -1.358066e+01 0.000000e+00
    endloop
  endfacet
  facet normal 9.576322e-14 -9.510567e-01 -3.090165e-01
    outer loop
      vertex 3.841870e+01 -1.756831e+01 1.227295e+01
      vertex 3.826685e+01 -1.762952e+01 1.246094e+01
      vertex 3.668677e+01 -1.358066e+01 0.000000e+00
    endloop
  endfacet
  facet normal -9.493258e-13 -9.510567e-01 -3.090165e-01
    outer loop
      vertex 3.826685e+01 -1.762952e+01 1.246094e+01
      vertex 3.817114e+01 -1.770079e+01 1.268066e+01
      vertex 3.668677e+01 -1.358066e+01 0.000000e+00
    endloop
  endfacet
  facet normal -1.426318e-12 -9.510567e-01 -3.090165e-01
    outer loop
      vertex 3.817114e+01 -1.785377e+01 1.315137e+01
      vertex 3.668677e+01 -2.197392e+01 2.583203e+01
      vertex 3.813892e+01 -1.777728e+01 1.291602e+01
    endloop
  endfacet
  facet normal -9.116134e-13 -9.510567e-01 -3.090165e-01
    outer loop
      vertex 3.817114e+01 -1.785377e+01 1.315137e+01
      vertex 3.826685e+01 -1.792505e+01 1.337061e+01
      vertex 3.668677e+01 -2.197392e+01 2.583203e+01
    endloop
  endfacet
  facet normal 5.905675e-13 -9.510567e-01 -3.090165e-01
    outer loop
      vertex 3.826685e+01 -1.792505e+01 1.337061e+01
      vertex 3.841870e+01 -1.798626e+01 1.355908e+01
      vertex 3.668677e+01 -2.197392e+01 2.583203e+01
    endloop
  endfacet
  facet normal -8.445341e-13 -9.510567e-01 -3.090165e-01
    outer loop
      vertex 3.841870e+01 -1.798626e+01 1.355908e+01
      vertex 3.861694e+01 -1.803323e+01 1.370361e+01
      vertex 3.668677e+01 -2.197392e+01 2.583203e+01
    endloop
  endfacet
  facet normal 1.410366e-13 -9.510567e-01 -3.090165e-01
    outer loop
      vertex 3.861694e+01 -1.803323e+01 1.370361e+01
      vertex 3.884741e+01 -1.806275e+01 1.379443e+01
      vertex 3.668677e+01 -2.197392e+01 2.583203e+01
    endloop
  endfacet
  facet normal -1.907843e-13 -9.510567e-01 -3.090165e-01
    outer loop
      vertex 3.884741e+01 -1.806275e+01 1.379443e+01
      vertex 3.909497e+01 -1.807282e+01 1.382568e+01
      vertex 3.668677e+01 -2.197392e+01 2.583203e+01
    endloop
  endfacet
  facet normal 1.687014e-13 -9.510567e-01 -3.090165e-01
    outer loop
      vertex 3.909497e+01 -1.807282e+01 1.382568e+01
      vertex 3.934253e+01 -1.806275e+01 1.379443e+01
      vertex 3.668677e+01 -2.197392e+01 2.583203e+01
    endloop
  endfacet
  facet normal 1.036482e-12 -9.510567e-01 -3.090165e-01
    outer loop
      vertex 3.934253e+01 -1.806275e+01 1.379443e+01
      vertex 3.957349e+01 -1.803323e+01 1.370361e+01
      vertex 3.668677e+01 -2.197392e+01 2.583203e+01
    endloop
  endfacet
  facet normal -9.665454e-13 -9.510567e-01 -3.090165e-01
    outer loop
      vertex 3.957349e+01 -1.803323e+01 1.370361e+01
      vertex 3.977124e+01 -1.798626e+01 1.355908e+01
      vertex 3.668677e+01 -2.197392e+01 2.583203e+01
    endloop
  endfacet
  facet normal 6.011986e-13 -9.510567e-01 -3.090165e-01
    outer loop
      vertex 3.977124e+01 -1.798626e+01 1.355908e+01
      vertex 3.992310e+01 -1.792505e+01 1.337061e+01
      vertex 3.668677e+01 -2.197392e+01 2.583203e+01
    endloop
  endfacet
  facet normal 1.747063e-16 -9.510567e-01 -3.090165e-01
    outer loop
      vertex 3.668677e+01 -2.197392e+01 2.583203e+01
      vertex 3.992310e+01 -1.792505e+01 1.337061e+01
      vertex 5.025610e+01 -2.197392e+01 2.583203e+01
    endloop
  endfacet
  facet normal -2.343489e-13 -9.510567e-01 -3.090165e-01
    outer loop
      vertex 3.992310e+01 -1.792505e+01 1.337061e+01
      vertex 4.001880e+01 -1.785377e+01 1.315137e+01
      vertex 5.025610e+01 -2.197392e+01 2.583203e+01
    endloop
  endfacet
  facet normal -9.940468e-13 -9.510567e-01 -3.090165e-01
    outer loop
      vertex 3.668677e+01 -2.197392e+01 2.583203e+01
      vertex 3.668677e+01 -1.358066e+01 0.000000e+00
      vertex 3.813892e+01 -1.777728e+01 1.291602e+01
    endloop
  endfacet
  facet normal 2.001822e-13 -9.510567e-01 -3.090165e-01
    outer loop
      vertex 5.025610e+01 -1.358066e+01 0.000000e+00
      vertex 5.025610e+01 -2.197392e+01 2.583203e+01
      vertex 4.005151e+01 -1.777728e+01 1.291602e+01
    endloop
  endfacet
  facet normal -1.809387e-12 -9.510567e-01 -3.090165e-01
    outer loop
      vertex 4.005151e+01 -1.777728e+01 1.291602e+01
      vertex 5.025610e+01 -2.197392e+01 2.583203e+01
      vertex 4.001880e+01 -1.785377e+01 1.315137e+01
    endloop
  endfacet
  facet normal 1.151449e-12 -9.510567e-01 -3.090165e-01
    outer loop
      vertex 3.668677e+01 -1.358066e+01 0.000000e+00
      vertex 3.817114e+01 -1.770079e+01 1.268066e+01
      vertex 3.813892e+01 -1.777728e+01 1.291602e+01
    endloop
  endfacet
  facet normal -2.020325e-01 9.314448e-01 -3.026443e-01
    outer loop
      vertex 1.312671e+01 8.470413e+00 0.000000e+00
      vertex 1.312671e+01 1.370538e+01 1.611182e+01
      vertex 3.668677e+01 1.358066e+01 0.000000e+00
    endloop
  endfacet
  facet normal -2.020325e-01 9.314448e-01 -3.026443e-01
    outer loop
      vertex 1.312671e+01 1.370538e+01 1.611182e+01
      vertex 3.668677e+01 2.197392e+01 2.583203e+01
      vertex 3.668677e+01 1.358066e+01 0.000000e+00
    endloop
  endfacet
  facet normal -4.751918e-01 5.171826e-01 7.118390e-01
    outer loop
      vertex 1.312671e+01 1.370538e+01 1.611182e+01
      vertex 1.312671e+01 1.407348e-06 2.606934e+01
      vertex 3.668677e+01 2.197392e+01 2.583203e+01
    endloop
  endfacet
  facet normal -4.751918e-01 5.171826e-01 7.118390e-01
    outer loop
      vertex 1.312671e+01 1.407348e-06 2.606934e+01
      vertex 3.668677e+01 1.407348e-06 4.179688e+01
      vertex 3.668677e+01 2.197392e+01 2.583203e+01
    endloop
  endfacet
  facet normal -4.751918e-01 -5.171826e-01 7.118390e-01
    outer loop
      vertex 1.312671e+01 -1.370538e+01 1.611182e+01
      vertex 3.668677e+01 -2.197392e+01 2.583203e+01
      vertex 1.312671e+01 1.407348e-06 2.606934e+01
    endloop
  endfacet
  facet normal -4.751918e-01 -5.171826e-01 7.118390e-01
    outer loop
      vertex 3.668677e+01 -2.197392e+01 2.583203e+01
      vertex 3.668677e+01 1.407348e-06 4.179688e+01
      vertex 1.312671e+01 1.407348e-06 2.606934e+01
    endloop
  endfacet
  facet normal -2.020325e-01 -9.314448e-01 -3.026443e-01
    outer loop
      vertex 1.312671e+01 -8.470411e+00 0.000000e+00
      vertex 3.668677e+01 -1.358066e+01 0.000000e+00
      vertex 1.312671e+01 -1.370538e+01 1.611182e+01
    endloop
  endfacet
  facet normal -2.020325e-01 -9.314448e-01 -3.026443e-01
    outer loop
      vertex 3.668677e+01 -1.358066e+01 0.000000e+00
      vertex 3.668677e+01 -2.197392e+01 2.583203e+01
      vertex 1.312671e+01 -1.370538e+01 1.611182e+01
    endloop
  endfacet
  facet normal -1.747063e-16 9.510567e-01 -3.090165e-01
    outer loop
      vertex 4.617432e+00 1.370538e+01 1.611182e+01
      vertex 1.312671e+01 1.370538e+01 1.611182e+01
      vertex 4.617432e+00 8.470413e+00 0.000000e+00
    endloop
  endfacet
  facet normal -1.747063e-16 9.510567e-01 -3.090165e-01
    outer loop
      vertex 1.312671e+01 1.370538e+01 1.611182e+01
      vertex 1.312671e+01 8.470413e+00 0.000000e+00
      vertex 4.617432e+00 8.470413e+00 0.000000e+00
    endloop
  endfacet
  facet normal -1.079746e-16 5.877863e-01 8.090163e-01
    outer loop
      vertex 4.617432e+00 1.407348e-06 2.606934e+01
      vertex 1.312671e+01 1.407348e-06 2.606934e+01
      vertex 4.617432e+00 1.370538e+01 1.611182e+01
    endloop
  endfacet
  facet normal -1.079746e-16 5.877863e-01 8.090163e-01
    outer loop
      vertex 1.312671e+01 1.407348e-06 2.606934e+01
      vertex 1.312671e+01 1.370538e+01 1.611182e+01
      vertex 4.617432e+00 1.370538e+01 1.611182e+01
    endloop
  endfacet
  facet normal 1.079746e-16 -5.877863e-01 8.090163e-01
    outer loop
      vertex 4.617432e+00 -1.370538e+01 1.611182e+01
      vertex 1.312671e+01 -1.370538e+01 1.611182e+01
      vertex 4.617432e+00 1.407348e-06 2.606934e+01
    endloop
  endfacet
  facet normal 1.079746e-16 -5.877863e-01 8.090163e-01
    outer loop
      vertex 1.312671e+01 -1.370538e+01 1.611182e+01
      vertex 1.312671e+01 1.407348e-06 2.606934e+01
      vertex 4.617432e+00 1.407348e-06 2.606934e+01
    endloop
  endfacet
  facet normal 1.747063e-16 -9.510567e-01 -3.090165e-01
    outer loop
      vertex 4.617432e+00 -8.470411e+00 0.000000e+00
      vertex 1.312671e+01 -8.470411e+00 0.000000e+00
      vertex 4.617432e+00 -1.370538e+01 1.611182e+01
    endloop
  endfacet
  facet normal 1.747063e-16 -9.510567e-01 -3.090165e-01
    outer loop
      vertex 1.312671e+01 -8.470411e+00 0.000000e+00
      vertex 1.312671e+01 -1.370538e+01 1.611182e+01
      vertex 4.617432e+00 -1.370538e+01 1.611182e+01
    endloop
  endfacet
  facet normal -2.028387e-01 9.312863e-01 -3.025928e-01
    outer loop
      vertex -1.031958e+01 5.217082e+00 0.000000e+00
      vertex -1.031958e+01 8.441398e+00 9.923340e+00
      vertex 4.617432e+00 8.470413e+00 0.000000e+00
    endloop
  endfacet
  facet normal -2.028387e-01 9.312863e-01 -3.025928e-01
    outer loop
      vertex -1.031958e+01 8.441398e+00 9.923340e+00
      vertex 4.617432e+00 1.370538e+01 1.611182e+01
      vertex 4.617432e+00 8.470413e+00 0.000000e+00
    endloop
  endfacet
  facet normal -4.767205e-01 5.166964e-01 7.111697e-01
    outer loop
      vertex -1.031958e+01 1.407348e-06 1.605664e+01
      vertex 4.617432e+00 1.407348e-06 2.606934e+01
      vertex -1.031958e+01 8.441398e+00 9.923340e+00
    endloop
  endfacet
  facet normal -4.767205e-01 5.166964e-01 7.111697e-01
    outer loop
      vertex 4.617432e+00 1.407348e-06 2.606934e+01
      vertex 4.617432e+00 1.370538e+01 1.611182e+01
      vertex -1.031958e+01 8.441398e+00 9.923340e+00
    endloop
  endfacet
  facet normal -4.767205e-01 -5.166964e-01 7.111697e-01
    outer loop
      vertex -1.031958e+01 -8.441396e+00 9.923340e+00
      vertex 4.617432e+00 -1.370538e+01 1.611182e+01
      vertex -1.031958e+01 1.407348e-06 1.605664e+01
    endloop
  endfacet
  facet normal -4.767205e-01 -5.166964e-01 7.111697e-01
    outer loop
      vertex 4.617432e+00 -1.370538e+01 1.611182e+01
      vertex 4.617432e+00 1.407348e-06 2.606934e+01
      vertex -1.031958e+01 1.407348e-06 1.605664e+01
    endloop
  endfacet
  facet normal -2.028387e-01 -9.312863e-01 -3.025928e-01
    outer loop
      vertex -1.031958e+01 -5.217080e+00 0.000000e+00
      vertex 4.617432e+00 -8.470411e+00 0.000000e+00
      vertex -1.031958e+01 -8.441396e+00 9.923340e+00
    endloop
  endfacet
  facet normal -2.028387e-01 -9.312863e-01 -3.025928e-01
    outer loop
      vertex 4.617432e+00 -8.470411e+00 0.000000e+00
      vertex 4.617432e+00 -1.370538e+01 1.611182e+01
      vertex -1.031958e+01 -8.441396e+00 9.923340e+00
    endloop
  endfacet
  facet normal -1.747063e-16 9.510567e-01 -3.090165e-01
    outer loop
      vertex -1.560474e+01 8.441398e+00 9.923340e+00
      vertex -1.031958e+01 8.441398e+00 9.923340e+00
      vertex -1.560474e+01 5.217082e+00 0.000000e+00
    endloop
  endfacet
  facet normal -1.747063e-16 9.510567e-01 -3.090165e-01
    outer loop
      vertex -1.031958e+01 8.441398e+00 9.923340e+00
      vertex -1.031958e+01 5.217082e+00 0.000000e+00
      vertex -1.560474e+01 5.217082e+00 0.000000e+00
    endloop
  endfacet
  facet normal -1.079746e-16 5.877863e-01 8.090163e-01
    outer loop
      vertex -1.560474e+01 1.407348e-06 1.605664e+01
      vertex -1.031958e+01 1.407348e-06 1.605664e+01
      vertex -1.560474e+01 8.441398e+00 9.923340e+00
    endloop
  endfacet
  facet normal -1.079746e-16 5.877863e-01 8.090163e-01
    outer loop
      vertex -1.031958e+01 1.407348e-06 1.605664e+01
      vertex -1.031958e+01 8.441398e+00 9.923340e+00
      vertex -1.560474e+01 8.441398e+00 9.923340e+00
    endloop
  endfacet
  facet normal 1.079746e-16 -5.877863e-01 8.090163e-01
    outer loop
      vertex -1.560474e+01 -8.441396e+00 9.923340e+00
      vertex -1.031958e+01 -8.441396e+00 9.923340e+00
      vertex -1.560474e+01 1.407348e-06 1.605664e+01
    endloop
  endfacet
  facet normal 1.079746e-16 -5.877863e-01 8.090163e-01
    outer loop
      vertex -1.031958e+01 -8.441396e+00 9.923340e+00
      vertex -1.031958e+01 1.407348e-06 1.605664e+01
      vertex -1.560474e+01 1.407348e-06 1.605664e+01
    endloop
  endfacet
  facet normal 1.747063e-16 -9.510567e-01 -3.090165e-01
    outer loop
      vertex -1.560474e+01 -5.217080e+00 0.000000e+00
      vertex -1.031958e+01 -5.217080e+00 0.000000e+00
      vertex -1.560474e+01 -8.441396e+00 9.923340e+00
    endloop
  endfacet
  facet normal 1.747063e-16 -9.510567e-01 -3.090165e-01
    outer loop
      vertex -1.031958e+01 -5.217080e+00 0.000000e+00
      vertex -1.031958e+01 -8.441396e+00 9.923340e+00
      vertex -1.560474e+01 -8.441396e+00 9.923340e+00
    endloop
  endfacet
  facet normal -2.039921e-01 9.310583e-01 -3.025187e-01
    outer loop
      vertex -2.473315e+01 3.217084e+00 0.000000e+00
      vertex -2.473315e+01 5.205339e+00 6.119141e+00
      vertex -1.560474e+01 5.217082e+00 0.000000e+00
    endloop
  endfacet
  facet normal -2.039921e-01 9.310583e-01 -3.025187e-01
    outer loop
      vertex -2.473315e+01 5.205339e+00 6.119141e+00
      vertex -1.560474e+01 8.441398e+00 9.923340e+00
      vertex -1.560474e+01 5.217082e+00 0.000000e+00
    endloop
  endfacet
  facet normal -4.789015e-01 5.159991e-01 7.102100e-01
    outer loop
      vertex -2.473315e+01 1.407348e-06 9.900879e+00
      vertex -1.560474e+01 1.407348e-06 1.605664e+01
      vertex -2.473315e+01 5.205339e+00 6.119141e+00
    endloop
  endfacet
  facet normal -4.789015e-01 5.159991e-01 7.102100e-01
    outer loop
      vertex -1.560474e+01 1.407348e-06 1.605664e+01
      vertex -1.560474e+01 8.441398e+00 9.923340e+00
      vertex -2.473315e+01 5.205339e+00 6.119141e+00
    endloop
  endfacet
  facet normal -4.789015e-01 -5.159991e-01 7.102100e-01
    outer loop
      vertex -2.473315e+01 -5.205338e+00 6.119141e+00
      vertex -1.560474e+01 -8.441396e+00 9.923340e+00
      vertex -2.473315e+01 1.407348e-06 9.900879e+00
    endloop
  endfacet
  facet normal -4.789015e-01 -5.159991e-01 7.102100e-01
    outer loop
      vertex -1.560474e+01 -8.441396e+00 9.923340e+00
      vertex -1.560474e+01 1.407348e-06 1.605664e+01
      vertex -2.473315e+01 1.407348e-06 9.900879e+00
    endloop
  endfacet
  facet normal -2.039921e-01 -9.310583e-01 -3.025187e-01
    outer loop
      vertex -2.473315e+01 -3.217082e+00 0.000000e+00
      vertex -1.560474e+01 -5.217080e+00 0.000000e+00
      vertex -2.473315e+01 -5.205338e+00 6.119141e+00
    endloop
  endfacet
  facet normal -2.039921e-01 -9.310583e-01 -3.025187e-01
    outer loop
      vertex -1.560474e+01 -5.217080e+00 0.000000e+00
      vertex -1.560474e+01 -8.441396e+00 9.923340e+00
      vertex -2.473315e+01 -5.205338e+00 6.119141e+00
    endloop
  endfacet
  facet normal -1.747063e-16 9.510567e-01 -3.090165e-01
    outer loop
      vertex -5.025610e+01 5.205339e+00 6.119141e+00
      vertex -2.473315e+01 5.205339e+00 6.119141e+00
      vertex -5.025610e+01 3.217084e+00 0.000000e+00
    endloop
  endfacet
  facet normal -1.747063e-16 9.510567e-01 -3.090165e-01
    outer loop
      vertex -2.473315e+01 5.205339e+00 6.119141e+00
      vertex -2.473315e+01 3.217084e+00 0.000000e+00
      vertex -5.025610e+01 3.217084e+00 0.000000e+00
    endloop
  endfacet
  facet normal -1.079746e-16 5.877863e-01 8.090163e-01
    outer loop
      vertex -5.025610e+01 1.407348e-06 9.900879e+00
      vertex -2.473315e+01 1.407348e-06 9.900879e+00
      vertex -5.025610e+01 5.205339e+00 6.119141e+00
    endloop
  endfacet
  facet normal -1.079746e-16 5.877863e-01 8.090163e-01
    outer loop
      vertex -2.473315e+01 1.407348e-06 9.900879e+00
      vertex -2.473315e+01 5.205339e+00 6.119141e+00
      vertex -5.025610e+01 5.205339e+00 6.119141e+00
    endloop
  endfacet
  facet normal 1.079746e-16 -5.877863e-01 8.090163e-01
    outer loop
      vertex -5.025610e+01 -5.205338e+00 6.119141e+00
      vertex -2.473315e+01 -5.205338e+00 6.119141e+00
      vertex -5.025610e+01 1.407348e-06 9.900879e+00
    endloop
  endfacet
  facet normal 1.079746e-16 -5.877863e-01 8.090163e-01
    outer loop
      vertex -2.473315e+01 -5.205338e+00 6.119141e+00
      vertex -2.473315e+01 1.407348e-06 9.900879e+00
      vertex -5.025610e+01 1.407348e-06 9.900879e+00
    endloop
  endfacet
  facet normal 1.747063e-16 -9.510567e-01 -3.090165e-01
    outer loop
      vertex -5.025610e+01 -3.217082e+00 0.000000e+00
      vertex -2.473315e+01 -3.217082e+00 0.000000e+00
      vertex -5.025610e+01 -5.205338e+00 6.119141e+00
    endloop
  endfacet
  facet normal 1.747063e-16 -9.510567e-01 -3.090165e-01
    outer loop
      vertex -2.473315e+01 -3.217082e+00 0.000000e+00
      vertex -2.473315e+01 -5.205338e+00 6.119141e+00
      vertex -5.025610e+01 -5.205338e+00 6.119141e+00
    endloop
  endfacet
  facet normal 1.079745e-16 -5.877857e-01 -8.090167e-01
    outer loop
      vertex 4.001880e+01 1.078703e+01 3.396045e+01
      vertex 3.817114e+01 1.078703e+01 3.396045e+01
      vertex 4.005151e+01 1.098728e+01 3.381494e+01
    endloop
  endfacet
  facet normal 1.079745e-16 -5.877857e-01 -8.090167e-01
    outer loop
      vertex 3.817114e+01 1.078703e+01 3.396045e+01
      vertex 4.001880e+01 1.078703e+01 3.396045e+01
      vertex 3.826685e+01 1.060042e+01 3.409570e+01
    endloop
  endfacet
  facet normal 1.079745e-16 -5.877857e-01 -8.090167e-01
    outer loop
      vertex 3.977124e+01 1.044018e+01 3.421240e+01
      vertex 3.841870e+01 1.044018e+01 3.421240e+01
      vertex 3.992310e+01 1.060042e+01 3.409570e+01
    endloop
  endfacet
  facet normal 1.079745e-16 -5.877857e-01 -8.090167e-01
    outer loop
      vertex 3.841870e+01 1.044018e+01 3.421240e+01
      vertex 3.977124e+01 1.044018e+01 3.421240e+01
      vertex 3.861694e+01 1.031722e+01 3.430176e+01
    endloop
  endfacet
  facet normal 1.079745e-16 -5.877857e-01 -8.090167e-01
    outer loop
      vertex 3.934253e+01 1.023992e+01 3.435791e+01
      vertex 3.884741e+01 1.023992e+01 3.435791e+01
      vertex 3.957349e+01 1.031722e+01 3.430176e+01
    endloop
  endfacet
  facet normal 1.079745e-16 -5.877857e-01 -8.090167e-01
    outer loop
      vertex 3.934253e+01 1.023992e+01 3.435791e+01
      vertex 3.909497e+01 1.021356e+01 3.437695e+01
      vertex 3.884741e+01 1.023992e+01 3.435791e+01
    endloop
  endfacet
  facet normal 1.079745e-16 -5.877857e-01 -8.090167e-01
    outer loop
      vertex 3.884741e+01 1.023992e+01 3.435791e+01
      vertex 3.861694e+01 1.031722e+01 3.430176e+01
      vertex 3.957349e+01 1.031722e+01 3.430176e+01
    endloop
  endfacet
  facet normal 1.079745e-16 -5.877857e-01 -8.090167e-01
    outer loop
      vertex 3.957349e+01 1.031722e+01 3.430176e+01
      vertex 3.861694e+01 1.031722e+01 3.430176e+01
      vertex 3.977124e+01 1.044018e+01 3.421240e+01
    endloop
  endfacet
  facet normal 1.079745e-16 -5.877857e-01 -8.090167e-01
    outer loop
      vertex 3.841870e+01 1.044018e+01 3.421240e+01
      vertex 3.826685e+01 1.060042e+01 3.409570e+01
      vertex 3.992310e+01 1.060042e+01 3.409570e+01
    endloop
  endfacet
  facet normal 1.079745e-16 -5.877857e-01 -8.090167e-01
    outer loop
      vertex 3.992310e+01 1.060042e+01 3.409570e+01
      vertex 3.826685e+01 1.060042e+01 3.409570e+01
      vertex 4.001880e+01 1.078703e+01 3.396045e+01
    endloop
  endfacet
  facet normal 1.079745e-16 -5.877857e-01 -8.090167e-01
    outer loop
      vertex 3.817114e+01 1.078703e+01 3.396045e+01
      vertex 3.813892e+01 1.098728e+01 3.381494e+01
      vertex 4.005151e+01 1.098728e+01 3.381494e+01
    endloop
  endfacet
  facet normal 1.079745e-16 -5.877857e-01 -8.090167e-01
    outer loop
      vertex 4.005151e+01 1.098728e+01 3.381494e+01
      vertex 3.813892e+01 1.098728e+01 3.381494e+01
      vertex 4.001880e+01 1.118754e+01 3.366943e+01
    endloop
  endfacet
  facet normal 1.079745e-16 -5.877857e-01 -8.090167e-01
    outer loop
      vertex 3.826685e+01 1.137414e+01 3.353369e+01
      vertex 3.992310e+01 1.137414e+01 3.353369e+01
      vertex 3.817114e+01 1.118754e+01 3.366943e+01
    endloop
  endfacet
  facet normal 1.079745e-16 -5.877857e-01 -8.090167e-01
    outer loop
      vertex 3.992310e+01 1.137414e+01 3.353369e+01
      vertex 3.826685e+01 1.137414e+01 3.353369e+01
      vertex 3.977124e+01 1.153439e+01 3.341748e+01
    endloop
  endfacet
  facet normal 1.079745e-16 -5.877857e-01 -8.090167e-01
    outer loop
      vertex 3.861694e+01 1.165735e+01 3.332813e+01
      vertex 3.957349e+01 1.165735e+01 3.332813e+01
      vertex 3.841870e+01 1.153439e+01 3.341748e+01
    endloop
  endfacet
  facet normal 1.079745e-16 -5.877857e-01 -8.090167e-01
    outer loop
      vertex 3.957349e+01 1.165735e+01 3.332813e+01
      vertex 3.861694e+01 1.165735e+01 3.332813e+01
      vertex 3.934253e+01 1.173464e+01 3.327197e+01
    endloop
  endfacet
  facet normal 1.079745e-16 -5.877857e-01 -8.090167e-01
    outer loop
      vertex 3.909497e+01 1.176100e+01 3.325244e+01
      vertex 3.934253e+01 1.173464e+01 3.327197e+01
      vertex 3.884741e+01 1.173464e+01 3.327197e+01
    endloop
  endfacet
  facet normal 1.079745e-16 -5.877857e-01 -8.090167e-01
    outer loop
      vertex 3.884741e+01 1.173464e+01 3.327197e+01
      vertex 3.934253e+01 1.173464e+01 3.327197e+01
      vertex 3.861694e+01 1.165735e+01 3.332813e+01
    endloop
  endfacet
  facet normal 1.079745e-16 -5.877857e-01 -8.090167e-01
    outer loop
      vertex 3.957349e+01 1.165735e+01 3.332813e+01
      vertex 3.977124e+01 1.153439e+01 3.341748e+01
      vertex 3.841870e+01 1.153439e+01 3.341748e+01
    endloop
  endfacet
  facet normal 1.079745e-16 -5.877857e-01 -8.090167e-01
    outer loop
      vertex 3.841870e+01 1.153439e+01 3.341748e+01
      vertex 3.977124e+01 1.153439e+01 3.341748e+01
      vertex 3.826685e+01 1.137414e+01 3.353369e+01
    endloop
  endfacet
  facet normal 1.079745e-16 -5.877857e-01 -8.090167e-01
    outer loop
      vertex 3.992310e+01 1.137414e+01 3.353369e+01
      vertex 4.001880e+01 1.118754e+01 3.366943e+01
      vertex 3.817114e+01 1.118754e+01 3.366943e+01
    endloop
  endfacet
  facet normal 1.079745e-16 -5.877857e-01 -8.090167e-01
    outer loop
      vertex 3.817114e+01 1.118754e+01 3.366943e+01
      vertex 4.001880e+01 1.118754e+01 3.366943e+01
      vertex 3.813892e+01 1.098728e+01 3.381494e+01
    endloop
  endfacet
  facet normal 9.638089e-01 2.404670e-01 1.150998e-01
    outer loop
      vertex 4.001880e+01 1.118754e+01 3.366943e+01
      vertex 4.002808e+01 1.107438e+01 3.382861e+01
      vertex 4.005151e+01 1.098728e+01 3.381494e+01
    endloop
  endfacet
  facet normal 2.329043e-01 -4.907542e-01 -8.395927e-01
    outer loop
      vertex 3.992310e+01 1.137414e+01 3.353369e+01
      vertex 3.996118e+01 1.131556e+01 3.357861e+01
      vertex 4.001880e+01 1.118754e+01 3.366943e+01
    endloop
  endfacet
  facet normal 7.870147e-01 6.038976e-01 1.261571e-01
    outer loop
      vertex 3.996118e+01 1.131556e+01 3.357861e+01
      vertex 3.992310e+01 1.137414e+01 3.353369e+01
      vertex 3.980200e+01 1.152267e+01 3.357861e+01
    endloop
  endfacet
  facet normal 7.890610e-01 6.054678e-01 1.038819e-01
    outer loop
      vertex 3.996118e+01 1.131556e+01 3.357861e+01
      vertex 3.980200e+01 1.152267e+01 3.357861e+01
      vertex 3.993140e+01 1.131556e+01 3.380273e+01
    endloop
  endfacet
  facet normal 8.724024e-01 4.751027e-01 1.148540e-01
    outer loop
      vertex 3.996118e+01 1.131556e+01 3.357861e+01
      vertex 3.993140e+01 1.131556e+01 3.380273e+01
      vertex 4.001880e+01 1.118754e+01 3.366943e+01
    endloop
  endfacet
  facet normal 5.766045e-01 7.964426e-01 -1.822267e-01
    outer loop
      vertex 3.957349e+01 1.165735e+01 3.332813e+01
      vertex 3.957788e+01 1.168159e+01 3.344922e+01
      vertex 3.977124e+01 1.153439e+01 3.341748e+01
    endloop
  endfacet
  facet normal 4.625301e-01 8.656561e-01 -1.915863e-01
    outer loop
      vertex 3.957788e+01 1.168159e+01 3.344922e+01
      vertex 3.957349e+01 1.165735e+01 3.332813e+01
      vertex 3.952808e+01 1.168159e+01 3.332861e+01
    endloop
  endfacet
  facet normal 3.561525e-01 9.227092e-01 -1.475232e-01
    outer loop
      vertex 3.957788e+01 1.168159e+01 3.344922e+01
      vertex 3.952808e+01 1.168159e+01 3.332861e+01
      vertex 3.931909e+01 1.178149e+01 3.344922e+01
    endloop
  endfacet
  facet normal 3.561525e-01 9.227092e-01 -1.475232e-01
    outer loop
      vertex 3.957788e+01 1.168159e+01 3.344922e+01
      vertex 3.931909e+01 1.178149e+01 3.344922e+01
      vertex 3.934497e+01 1.178149e+01 3.351123e+01
    endloop
  endfacet
  facet normal 3.821987e-01 9.227092e-01 -5.031741e-02
    outer loop
      vertex 3.957788e+01 1.168159e+01 3.344922e+01
      vertex 3.934497e+01 1.178149e+01 3.351123e+01
      vertex 3.959497e+01 1.168159e+01 3.357861e+01
    endloop
  endfacet
  facet normal 5.958096e-01 7.992859e-01 -7.843983e-02
    outer loop
      vertex 3.957788e+01 1.168159e+01 3.344922e+01
      vertex 3.959497e+01 1.168159e+01 3.357861e+01
      vertex 3.977124e+01 1.153439e+01 3.341748e+01
    endloop
  endfacet
  facet normal 1.258579e-01 9.292005e-01 -3.474856e-01
    outer loop
      vertex 3.909497e+01 1.176100e+01 3.325244e+01
      vertex 3.922437e+01 1.178149e+01 3.335449e+01
      vertex 3.934253e+01 1.173464e+01 3.327197e+01
    endloop
  endfacet
  facet normal -1.263591e-01 9.238240e-01 -3.613621e-01
    outer loop
      vertex 3.884741e+01 1.173464e+01 3.327197e+01
      vertex 3.902808e+01 1.178149e+01 3.332861e+01
      vertex 3.909497e+01 1.176100e+01 3.325244e+01
    endloop
  endfacet
  facet normal -3.823914e-01 7.239035e-01 -5.742304e-01
    outer loop
      vertex 3.861694e+01 1.165735e+01 3.332813e+01
      vertex 3.866187e+01 1.168159e+01 3.332861e+01
      vertex 3.884741e+01 1.173464e+01 3.327197e+01
    endloop
  endfacet
  facet normal -4.625301e-01 8.656561e-01 -1.915863e-01
    outer loop
      vertex 3.866187e+01 1.168159e+01 3.332861e+01
      vertex 3.861694e+01 1.165735e+01 3.332813e+01
      vertex 3.861206e+01 1.168159e+01 3.344922e+01
    endloop
  endfacet
  facet normal -3.561525e-01 9.227092e-01 -1.475232e-01
    outer loop
      vertex 3.866187e+01 1.168159e+01 3.332861e+01
      vertex 3.861206e+01 1.168159e+01 3.344922e+01
      vertex 3.884497e+01 1.178149e+01 3.351123e+01
    endloop
  endfacet
  facet normal -3.561525e-01 9.227092e-01 -1.475232e-01
    outer loop
      vertex 3.866187e+01 1.168159e+01 3.332861e+01
      vertex 3.884497e+01 1.178149e+01 3.351123e+01
      vertex 3.887085e+01 1.178149e+01 3.344922e+01
    endloop
  endfacet
  facet normal -3.058351e-01 9.227092e-01 -2.346755e-01
    outer loop
      vertex 3.866187e+01 1.168159e+01 3.332861e+01
      vertex 3.887085e+01 1.178149e+01 3.344922e+01
      vertex 3.891187e+01 1.178149e+01 3.339551e+01
    endloop
  endfacet
  facet normal -3.218243e-01 9.287468e-01 -1.840069e-01
    outer loop
      vertex 3.866187e+01 1.168159e+01 3.332861e+01
      vertex 3.891187e+01 1.178149e+01 3.339551e+01
      vertex 3.884741e+01 1.173464e+01 3.327197e+01
    endloop
  endfacet
  facet normal -7.565923e-01 6.465273e-01 -9.782866e-02
    outer loop
      vertex 3.826685e+01 1.137414e+01 3.353369e+01
      vertex 3.838794e+01 1.152267e+01 3.357861e+01
      vertex 3.841870e+01 1.153439e+01 3.341748e+01
    endloop
  endfacet
  facet normal -7.870147e-01 6.038976e-01 1.261571e-01
    outer loop
      vertex 3.838794e+01 1.152267e+01 3.357861e+01
      vertex 3.826685e+01 1.137414e+01 3.353369e+01
      vertex 3.822925e+01 1.131556e+01 3.357861e+01
    endloop
  endfacet
  facet normal -7.890610e-01 6.054678e-01 1.038819e-01
    outer loop
      vertex 3.838794e+01 1.152267e+01 3.357861e+01
      vertex 3.822925e+01 1.131556e+01 3.357861e+01
      vertex 3.841187e+01 1.152267e+01 3.376123e+01
    endloop
  endfacet
  facet normal -6.068157e-01 7.908176e-01 7.988880e-02
    outer loop
      vertex 3.838794e+01 1.152267e+01 3.357861e+01
      vertex 3.841187e+01 1.152267e+01 3.376123e+01
      vertex 3.861206e+01 1.168159e+01 3.370801e+01
    endloop
  endfacet
  facet normal -6.068157e-01 7.908176e-01 7.988880e-02
    outer loop
      vertex 3.838794e+01 1.152267e+01 3.357861e+01
      vertex 3.861206e+01 1.168159e+01 3.370801e+01
      vertex 3.859497e+01 1.168159e+01 3.357861e+01
    endloop
  endfacet
  facet normal -6.077098e-01 7.919829e-01 -5.875233e-02
    outer loop
      vertex 3.838794e+01 1.152267e+01 3.357861e+01
      vertex 3.859497e+01 1.168159e+01 3.357861e+01
      vertex 3.841870e+01 1.153439e+01 3.341748e+01
    endloop
  endfacet
  facet normal -9.638089e-01 2.404670e-01 1.150998e-01
    outer loop
      vertex 3.813892e+01 1.098728e+01 3.381494e+01
      vertex 3.816187e+01 1.107438e+01 3.382861e+01
      vertex 3.817114e+01 1.118754e+01 3.366943e+01
    endloop
  endfacet
  facet normal -9.080023e-01 1.845955e-01 3.761069e-01
    outer loop
      vertex 3.816187e+01 1.107438e+01 3.382861e+01
      vertex 3.813892e+01 1.098728e+01 3.381494e+01
      vertex 3.825854e+01 1.107438e+01 3.406152e+01
    endloop
  endfacet
  facet normal -8.546202e-01 3.798837e-01 3.539953e-01
    outer loop
      vertex 3.816187e+01 1.107438e+01 3.382861e+01
      vertex 3.825854e+01 1.107438e+01 3.406152e+01
      vertex 3.834497e+01 1.131556e+01 3.401123e+01
    endloop
  endfacet
  facet normal -8.546202e-01 3.798837e-01 3.539953e-01
    outer loop
      vertex 3.816187e+01 1.107438e+01 3.382861e+01
      vertex 3.834497e+01 1.131556e+01 3.401123e+01
      vertex 3.825854e+01 1.131556e+01 3.380273e+01
    endloop
  endfacet
  facet normal -8.973304e-01 3.826090e-01 2.200194e-01
    outer loop
      vertex 3.816187e+01 1.107438e+01 3.382861e+01
      vertex 3.825854e+01 1.131556e+01 3.380273e+01
      vertex 3.817114e+01 1.118754e+01 3.366943e+01
    endloop
  endfacet
  facet normal -8.806846e-01 -1.174966e-01 4.589000e-01
    outer loop
      vertex 3.826685e+01 1.060042e+01 3.409570e+01
      vertex 3.822925e+01 1.081556e+01 3.407861e+01
      vertex 3.817114e+01 1.078703e+01 3.396045e+01
    endloop
  endfacet
  facet normal -7.560062e-01 -2.910935e-01 5.862757e-01
    outer loop
      vertex 3.841870e+01 1.044018e+01 3.421240e+01
      vertex 3.841187e+01 1.055675e+01 3.426123e+01
      vertex 3.826685e+01 1.060042e+01 3.409570e+01
    endloop
  endfacet
  facet normal -5.709515e-01 -3.469318e-01 7.440785e-01
    outer loop
      vertex 3.841187e+01 1.055675e+01 3.426123e+01
      vertex 3.841870e+01 1.044018e+01 3.421240e+01
      vertex 3.861206e+01 1.055675e+01 3.441504e+01
    endloop
  endfacet
  facet normal -6.036410e-01 -1.294283e-01 7.866803e-01
    outer loop
      vertex 3.841187e+01 1.055675e+01 3.426123e+01
      vertex 3.861206e+01 1.055675e+01 3.441504e+01
      vertex 3.859497e+01 1.081556e+01 3.444434e+01
    endloop
  endfacet
  facet normal -6.036410e-01 -1.294283e-01 7.866803e-01
    outer loop
      vertex 3.841187e+01 1.055675e+01 3.426123e+01
      vertex 3.859497e+01 1.081556e+01 3.444434e+01
      vertex 3.838794e+01 1.081556e+01 3.428564e+01
    endloop
  endfacet
  facet normal -7.621785e-01 -1.299905e-01 6.341817e-01
    outer loop
      vertex 3.841187e+01 1.055675e+01 3.426123e+01
      vertex 3.838794e+01 1.081556e+01 3.428564e+01
      vertex 3.826685e+01 1.060042e+01 3.409570e+01
    endloop
  endfacet
  facet normal -3.817035e-01 -7.034819e-01 5.995129e-01
    outer loop
      vertex 3.884741e+01 1.023992e+01 3.435791e+01
      vertex 3.866187e+01 1.031556e+01 3.432861e+01
      vertex 3.861694e+01 1.031722e+01 3.430176e+01
    endloop
  endfacet
  facet normal -3.310226e-01 -5.017653e-01 7.991593e-01
    outer loop
      vertex 3.866187e+01 1.031556e+01 3.432861e+01
      vertex 3.884741e+01 1.023992e+01 3.435791e+01
      vertex 3.887085e+01 1.031556e+01 3.441504e+01
    endloop
  endfacet
  facet normal -3.539953e-01 -3.798837e-01 8.546202e-01
    outer loop
      vertex 3.866187e+01 1.031556e+01 3.432861e+01
      vertex 3.887085e+01 1.031556e+01 3.441504e+01
      vertex 3.884497e+01 1.055675e+01 3.451123e+01
    endloop
  endfacet
  facet normal -3.539953e-01 -3.798837e-01 8.546202e-01
    outer loop
      vertex 3.866187e+01 1.031556e+01 3.432861e+01
      vertex 3.884497e+01 1.055675e+01 3.451123e+01
      vertex 3.861206e+01 1.055675e+01 3.441504e+01
    endloop
  endfacet
  facet normal -4.819907e-01 -3.825796e-01 7.882372e-01
    outer loop
      vertex 3.866187e+01 1.031556e+01 3.432861e+01
      vertex 3.861206e+01 1.055675e+01 3.441504e+01
      vertex 3.861694e+01 1.031722e+01 3.430176e+01
    endloop
  endfacet
  facet normal 1.237613e-01 -5.737510e-01 8.096251e-01
    outer loop
      vertex 3.934253e+01 1.023992e+01 3.435791e+01
      vertex 3.931909e+01 1.031556e+01 3.441504e+01
      vertex 3.909497e+01 1.021356e+01 3.437695e+01
    endloop
  endfacet
  facet normal 3.310226e-01 -5.017653e-01 7.991593e-01
    outer loop
      vertex 3.931909e+01 1.031556e+01 3.441504e+01
      vertex 3.934253e+01 1.023992e+01 3.435791e+01
      vertex 3.952808e+01 1.031556e+01 3.432861e+01
    endloop
  endfacet
  facet normal 3.539953e-01 -3.798837e-01 8.546202e-01
    outer loop
      vertex 3.931909e+01 1.031556e+01 3.441504e+01
      vertex 3.952808e+01 1.031556e+01 3.432861e+01
      vertex 3.957788e+01 1.055675e+01 3.441504e+01
    endloop
  endfacet
  facet normal 3.539953e-01 -3.798837e-01 8.546202e-01
    outer loop
      vertex 3.931909e+01 1.031556e+01 3.441504e+01
      vertex 3.957788e+01 1.055675e+01 3.441504e+01
      vertex 3.934497e+01 1.055675e+01 3.451123e+01
    endloop
  endfacet
  facet normal 1.207412e-01 -3.798837e-01 9.171205e-01
    outer loop
      vertex 3.931909e+01 1.031556e+01 3.441504e+01
      vertex 3.934497e+01 1.055675e+01 3.451123e+01
      vertex 3.909497e+01 1.031556e+01 3.444434e+01
    endloop
  endfacet
  facet normal 1.091191e-01 -5.487393e-01 8.288415e-01
    outer loop
      vertex 3.931909e+01 1.031556e+01 3.441504e+01
      vertex 3.909497e+01 1.031556e+01 3.444434e+01
      vertex 3.909497e+01 1.021356e+01 3.437695e+01
    endloop
  endfacet
  facet normal 5.609773e-01 -3.631809e-01 7.439114e-01
    outer loop
      vertex 3.977124e+01 1.044018e+01 3.421240e+01
      vertex 3.957788e+01 1.055675e+01 3.441504e+01
      vertex 3.957349e+01 1.031722e+01 3.430176e+01
    endloop
  endfacet
  facet normal 5.709515e-01 -3.469318e-01 7.440785e-01
    outer loop
      vertex 3.957788e+01 1.055675e+01 3.441504e+01
      vertex 3.977124e+01 1.044018e+01 3.421240e+01
      vertex 3.977808e+01 1.055675e+01 3.426123e+01
    endloop
  endfacet
  facet normal 6.036410e-01 -1.294283e-01 7.866803e-01
    outer loop
      vertex 3.957788e+01 1.055675e+01 3.441504e+01
      vertex 3.977808e+01 1.055675e+01 3.426123e+01
      vertex 3.980200e+01 1.081556e+01 3.428564e+01
    endloop
  endfacet
  facet normal 6.036410e-01 -1.294283e-01 7.866803e-01
    outer loop
      vertex 3.957788e+01 1.055675e+01 3.441504e+01
      vertex 3.980200e+01 1.081556e+01 3.428564e+01
      vertex 3.959497e+01 1.081556e+01 3.444434e+01
    endloop
  endfacet
  facet normal 3.794646e-01 -1.294283e-01 9.161086e-01
    outer loop
      vertex 3.957788e+01 1.055675e+01 3.441504e+01
      vertex 3.959497e+01 1.081556e+01 3.444434e+01
      vertex 3.934497e+01 1.055675e+01 3.451123e+01
    endloop
  endfacet
  facet normal 8.806846e-01 -1.174966e-01 4.589000e-01
    outer loop
      vertex 4.001880e+01 1.078703e+01 3.396045e+01
      vertex 3.996118e+01 1.081556e+01 3.407861e+01
      vertex 3.992310e+01 1.060042e+01 3.409570e+01
    endloop
  endfacet
  facet normal 9.028032e-01 1.299187e-01 4.099604e-01
    outer loop
      vertex 3.996118e+01 1.081556e+01 3.407861e+01
      vertex 4.001880e+01 1.078703e+01 3.396045e+01
      vertex 3.993140e+01 1.107438e+01 3.406152e+01
    endloop
  endfacet
  facet normal 7.866803e-01 1.294283e-01 6.036410e-01
    outer loop
      vertex 3.996118e+01 1.081556e+01 3.407861e+01
      vertex 3.993140e+01 1.107438e+01 3.406152e+01
      vertex 3.980200e+01 1.081556e+01 3.428564e+01
    endloop
  endfacet
  facet normal 7.901579e-01 -8.966242e-02 6.063095e-01
    outer loop
      vertex 3.996118e+01 1.081556e+01 3.407861e+01
      vertex 3.980200e+01 1.081556e+01 3.428564e+01
      vertex 3.992310e+01 1.060042e+01 3.409570e+01
    endloop
  endfacet
  facet normal 3.847791e-02 9.555619e-01 -2.922687e-01
    outer loop
      vertex 3.909497e+01 1.176100e+01 3.325244e+01
      vertex 3.909497e+01 1.178149e+01 3.331934e+01
      vertex 3.916187e+01 1.178149e+01 3.332861e+01
    endloop
  endfacet
  facet normal 1.603514e-01 9.079778e-01 -3.871225e-01
    outer loop
      vertex 3.909497e+01 1.176100e+01 3.325244e+01
      vertex 3.916187e+01 1.178149e+01 3.332861e+01
      vertex 3.922437e+01 1.178149e+01 3.335449e+01
    endloop
  endfacet
  facet normal 1.718156e-02 9.912985e-01 -1.305069e-01
    outer loop
      vertex 3.909497e+01 1.178149e+01 3.331934e+01
      vertex 3.909497e+01 1.181556e+01 3.357861e+01
      vertex 3.916187e+01 1.178149e+01 3.332861e+01
    endloop
  endfacet
  facet normal 8.013313e-02 9.912985e-01 -1.044315e-01
    outer loop
      vertex 3.922437e+01 1.178149e+01 3.335449e+01
      vertex 3.909497e+01 1.181556e+01 3.357861e+01
      vertex 3.927808e+01 1.178149e+01 3.339551e+01
    endloop
  endfacet
  facet normal 1.965205e-01 9.464603e-01 -2.561105e-01
    outer loop
      vertex 3.922437e+01 1.178149e+01 3.335449e+01
      vertex 3.927808e+01 1.178149e+01 3.339551e+01
      vertex 3.934253e+01 1.173464e+01 3.327197e+01
    endloop
  endfacet
  facet normal 1.216131e-01 9.912985e-01 -5.037379e-02
    outer loop
      vertex 3.931909e+01 1.178149e+01 3.344922e+01
      vertex 3.909497e+01 1.181556e+01 3.357861e+01
      vertex 3.934497e+01 1.178149e+01 3.351123e+01
    endloop
  endfacet
  facet normal 1.305069e-01 9.912985e-01 1.718156e-02
    outer loop
      vertex 3.935376e+01 1.178149e+01 3.357861e+01
      vertex 3.909497e+01 1.181556e+01 3.357861e+01
      vertex 3.934497e+01 1.178149e+01 3.364551e+01
    endloop
  endfacet
  facet normal 3.821987e-01 9.227092e-01 5.031741e-02
    outer loop
      vertex 3.935376e+01 1.178149e+01 3.357861e+01
      vertex 3.934497e+01 1.178149e+01 3.364551e+01
      vertex 3.957788e+01 1.168159e+01 3.370801e+01
    endloop
  endfacet
  facet normal 3.821987e-01 9.227092e-01 5.031741e-02
    outer loop
      vertex 3.935376e+01 1.178149e+01 3.357861e+01
      vertex 3.957788e+01 1.168159e+01 3.370801e+01
      vertex 3.959497e+01 1.168159e+01 3.357861e+01
    endloop
  endfacet
  facet normal 3.821987e-01 9.227092e-01 -5.031741e-02
    outer loop
      vertex 3.935376e+01 1.178149e+01 3.357861e+01
      vertex 3.959497e+01 1.168159e+01 3.357861e+01
      vertex 3.934497e+01 1.178149e+01 3.351123e+01
    endloop
  endfacet
  facet normal 1.305069e-01 9.912985e-01 -1.718156e-02
    outer loop
      vertex 3.935376e+01 1.178149e+01 3.357861e+01
      vertex 3.934497e+01 1.178149e+01 3.351123e+01
      vertex 3.909497e+01 1.181556e+01 3.357861e+01
    endloop
  endfacet
  facet normal 8.013313e-02 9.912985e-01 1.044315e-01
    outer loop
      vertex 3.927808e+01 1.178149e+01 3.376123e+01
      vertex 3.909497e+01 1.181556e+01 3.357861e+01
      vertex 3.922437e+01 1.178149e+01 3.380273e+01
    endloop
  endfacet
  facet normal 2.346755e-01 9.227092e-01 3.058351e-01
    outer loop
      vertex 3.927808e+01 1.178149e+01 3.376123e+01
      vertex 3.922437e+01 1.178149e+01 3.380273e+01
      vertex 3.934497e+01 1.168159e+01 3.401123e+01
    endloop
  endfacet
  facet normal 2.346755e-01 9.227092e-01 3.058351e-01
    outer loop
      vertex 3.927808e+01 1.178149e+01 3.376123e+01
      vertex 3.934497e+01 1.168159e+01 3.401123e+01
      vertex 3.944849e+01 1.168159e+01 3.393213e+01
    endloop
  endfacet
  facet normal 3.058351e-01 9.227092e-01 2.346755e-01
    outer loop
      vertex 3.927808e+01 1.178149e+01 3.376123e+01
      vertex 3.944849e+01 1.168159e+01 3.393213e+01
      vertex 3.931909e+01 1.178149e+01 3.370801e+01
    endloop
  endfacet
  facet normal 1.044315e-01 9.912985e-01 8.013313e-02
    outer loop
      vertex 3.927808e+01 1.178149e+01 3.376123e+01
      vertex 3.931909e+01 1.178149e+01 3.370801e+01
      vertex 3.909497e+01 1.181556e+01 3.357861e+01
    endloop
  endfacet
  facet normal 1.718156e-02 9.912985e-01 1.305069e-01
    outer loop
      vertex 3.916187e+01 1.178149e+01 3.382861e+01
      vertex 3.909497e+01 1.181556e+01 3.357861e+01
      vertex 3.909497e+01 1.178149e+01 3.383740e+01
    endloop
  endfacet
  facet normal 5.031741e-02 9.227092e-01 3.821987e-01
    outer loop
      vertex 3.916187e+01 1.178149e+01 3.382861e+01
      vertex 3.909497e+01 1.178149e+01 3.383740e+01
      vertex 3.909497e+01 1.168159e+01 3.407861e+01
    endloop
  endfacet
  facet normal 5.031741e-02 9.227092e-01 3.821987e-01
    outer loop
      vertex 3.916187e+01 1.178149e+01 3.382861e+01
      vertex 3.909497e+01 1.168159e+01 3.407861e+01
      vertex 3.922437e+01 1.168159e+01 3.406152e+01
    endloop
  endfacet
  facet normal 1.475232e-01 9.227092e-01 3.561525e-01
    outer loop
      vertex 3.916187e+01 1.178149e+01 3.382861e+01
      vertex 3.922437e+01 1.168159e+01 3.406152e+01
      vertex 3.922437e+01 1.178149e+01 3.380273e+01
    endloop
  endfacet
  facet normal 5.037379e-02 9.912985e-01 1.216131e-01
    outer loop
      vertex 3.916187e+01 1.178149e+01 3.382861e+01
      vertex 3.922437e+01 1.178149e+01 3.380273e+01
      vertex 3.909497e+01 1.181556e+01 3.357861e+01
    endloop
  endfacet
  facet normal -5.037379e-02 9.912985e-01 1.216131e-01
    outer loop
      vertex 3.902808e+01 1.178149e+01 3.382861e+01
      vertex 3.909497e+01 1.181556e+01 3.357861e+01
      vertex 3.896558e+01 1.178149e+01 3.380273e+01
    endloop
  endfacet
  facet normal -1.475232e-01 9.227092e-01 3.561525e-01
    outer loop
      vertex 3.902808e+01 1.178149e+01 3.382861e+01
      vertex 3.896558e+01 1.178149e+01 3.380273e+01
      vertex 3.884497e+01 1.168159e+01 3.401123e+01
    endloop
  endfacet
  facet normal -1.475232e-01 9.227092e-01 3.561525e-01
    outer loop
      vertex 3.902808e+01 1.178149e+01 3.382861e+01
      vertex 3.884497e+01 1.168159e+01 3.401123e+01
      vertex 3.896558e+01 1.168159e+01 3.406152e+01
    endloop
  endfacet
  facet normal -5.031741e-02 9.227092e-01 3.821987e-01
    outer loop
      vertex 3.902808e+01 1.178149e+01 3.382861e+01
      vertex 3.896558e+01 1.168159e+01 3.406152e+01
      vertex 3.909497e+01 1.178149e+01 3.383740e+01
    endloop
  endfacet
  facet normal -1.718156e-02 9.912985e-01 1.305069e-01
    outer loop
      vertex 3.902808e+01 1.178149e+01 3.382861e+01
      vertex 3.909497e+01 1.178149e+01 3.383740e+01
      vertex 3.909497e+01 1.181556e+01 3.357861e+01
    endloop
  endfacet
  facet normal -1.044315e-01 9.912985e-01 8.013313e-02
    outer loop
      vertex 3.891187e+01 1.178149e+01 3.376123e+01
      vertex 3.909497e+01 1.181556e+01 3.357861e+01
      vertex 3.887085e+01 1.178149e+01 3.370801e+01
    endloop
  endfacet
  facet normal -3.058351e-01 9.227092e-01 2.346755e-01
    outer loop
      vertex 3.891187e+01 1.178149e+01 3.376123e+01
      vertex 3.887085e+01 1.178149e+01 3.370801e+01
      vertex 3.866187e+01 1.168159e+01 3.382861e+01
    endloop
  endfacet
  facet normal -3.058351e-01 9.227092e-01 2.346755e-01
    outer loop
      vertex 3.891187e+01 1.178149e+01 3.376123e+01
      vertex 3.866187e+01 1.168159e+01 3.382861e+01
      vertex 3.874146e+01 1.168159e+01 3.393213e+01
    endloop
  endfacet
  facet normal -2.346755e-01 9.227092e-01 3.058351e-01
    outer loop
      vertex 3.891187e+01 1.178149e+01 3.376123e+01
      vertex 3.874146e+01 1.168159e+01 3.393213e+01
      vertex 3.896558e+01 1.178149e+01 3.380273e+01
    endloop
  endfacet
  facet normal -8.013313e-02 9.912985e-01 1.044315e-01
    outer loop
      vertex 3.891187e+01 1.178149e+01 3.376123e+01
      vertex 3.896558e+01 1.178149e+01 3.380273e+01
      vertex 3.909497e+01 1.181556e+01 3.357861e+01
    endloop
  endfacet
  facet normal -1.305069e-01 9.912985e-01 1.718156e-02
    outer loop
      vertex 3.884497e+01 1.178149e+01 3.364551e+01
      vertex 3.909497e+01 1.181556e+01 3.357861e+01
      vertex 3.883618e+01 1.178149e+01 3.357861e+01
    endloop
  endfacet
  facet normal -3.821987e-01 9.227092e-01 5.031741e-02
    outer loop
      vertex 3.884497e+01 1.178149e+01 3.364551e+01
      vertex 3.883618e+01 1.178149e+01 3.357861e+01
      vertex 3.859497e+01 1.168159e+01 3.357861e+01
    endloop
  endfacet
  facet normal -3.821987e-01 9.227092e-01 5.031741e-02
    outer loop
      vertex 3.884497e+01 1.178149e+01 3.364551e+01
      vertex 3.859497e+01 1.168159e+01 3.357861e+01
      vertex 3.861206e+01 1.168159e+01 3.370801e+01
    endloop
  endfacet
  facet normal -3.561525e-01 9.227092e-01 1.475232e-01
    outer loop
      vertex 3.884497e+01 1.178149e+01 3.364551e+01
      vertex 3.861206e+01 1.168159e+01 3.370801e+01
      vertex 3.887085e+01 1.178149e+01 3.370801e+01
    endloop
  endfacet
  facet normal -1.216131e-01 9.912985e-01 5.037379e-02
    outer loop
      vertex 3.884497e+01 1.178149e+01 3.364551e+01
      vertex 3.887085e+01 1.178149e+01 3.370801e+01
      vertex 3.909497e+01 1.181556e+01 3.357861e+01
    endloop
  endfacet
  facet normal -1.216131e-01 9.912985e-01 -5.037379e-02
    outer loop
      vertex 3.884497e+01 1.178149e+01 3.351123e+01
      vertex 3.909497e+01 1.181556e+01 3.357861e+01
      vertex 3.887085e+01 1.178149e+01 3.344922e+01
    endloop
  endfacet
  facet normal -8.013313e-02 9.912985e-01 -1.044315e-01
    outer loop
      vertex 3.891187e+01 1.178149e+01 3.339551e+01
      vertex 3.909497e+01 1.181556e+01 3.357861e+01
      vertex 3.896558e+01 1.178149e+01 3.335449e+01
    endloop
  endfacet
  facet normal -1.965205e-01 9.464603e-01 -2.561105e-01
    outer loop
      vertex 3.891187e+01 1.178149e+01 3.339551e+01
      vertex 3.896558e+01 1.178149e+01 3.335449e+01
      vertex 3.884741e+01 1.173464e+01 3.327197e+01
    endloop
  endfacet
  facet normal -1.718156e-02 9.912985e-01 -1.305069e-01
    outer loop
      vertex 3.902808e+01 1.178149e+01 3.332861e+01
      vertex 3.909497e+01 1.181556e+01 3.357861e+01
      vertex 3.909497e+01 1.178149e+01 3.331934e+01
    endloop
  endfacet
  facet normal -3.847791e-02 9.555619e-01 -2.922687e-01
    outer loop
      vertex 3.902808e+01 1.178149e+01 3.332861e+01
      vertex 3.909497e+01 1.178149e+01 3.331934e+01
      vertex 3.909497e+01 1.176100e+01 3.325244e+01
    endloop
  endfacet
  facet normal -5.037379e-02 9.912985e-01 -1.216131e-01
    outer loop
      vertex 3.909497e+01 1.181556e+01 3.357861e+01
      vertex 3.902808e+01 1.178149e+01 3.332861e+01
      vertex 3.896558e+01 1.178149e+01 3.335449e+01
    endloop
  endfacet
  facet normal -1.091191e-01 -5.487393e-01 8.288415e-01
    outer loop
      vertex 3.909497e+01 1.021356e+01 3.437695e+01
      vertex 3.909497e+01 1.031556e+01 3.444434e+01
      vertex 3.887085e+01 1.031556e+01 3.441504e+01
    endloop
  endfacet
  facet normal -1.237613e-01 -5.737510e-01 8.096251e-01
    outer loop
      vertex 3.909497e+01 1.021356e+01 3.437695e+01
      vertex 3.887085e+01 1.031556e+01 3.441504e+01
      vertex 3.884741e+01 1.023992e+01 3.435791e+01
    endloop
  endfacet
  facet normal 5.037379e-02 9.912985e-01 -1.216131e-01
    outer loop
      vertex 3.909497e+01 1.181556e+01 3.357861e+01
      vertex 3.922437e+01 1.178149e+01 3.335449e+01
      vertex 3.916187e+01 1.178149e+01 3.332861e+01
    endloop
  endfacet
  facet normal 1.216131e-01 9.912985e-01 5.037379e-02
    outer loop
      vertex 3.909497e+01 1.181556e+01 3.357861e+01
      vertex 3.931909e+01 1.178149e+01 3.370801e+01
      vertex 3.934497e+01 1.178149e+01 3.364551e+01
    endloop
  endfacet
  facet normal 6.068157e-01 7.908176e-01 7.988880e-02
    outer loop
      vertex 3.957788e+01 1.168159e+01 3.370801e+01
      vertex 3.977808e+01 1.152267e+01 3.376123e+01
      vertex 3.959497e+01 1.168159e+01 3.357861e+01
    endloop
  endfacet
  facet normal 3.561525e-01 9.227092e-01 1.475232e-01
    outer loop
      vertex 3.957788e+01 1.168159e+01 3.370801e+01
      vertex 3.934497e+01 1.178149e+01 3.364551e+01
      vertex 3.952808e+01 1.168159e+01 3.382861e+01
    endloop
  endfacet
  facet normal 5.654622e-01 7.908176e-01 2.342221e-01
    outer loop
      vertex 3.957788e+01 1.168159e+01 3.370801e+01
      vertex 3.952808e+01 1.168159e+01 3.382861e+01
      vertex 3.970728e+01 1.152267e+01 3.393213e+01
    endloop
  endfacet
  facet normal 5.654622e-01 7.908176e-01 2.342221e-01
    outer loop
      vertex 3.957788e+01 1.168159e+01 3.370801e+01
      vertex 3.970728e+01 1.152267e+01 3.393213e+01
      vertex 3.977808e+01 1.152267e+01 3.376123e+01
    endloop
  endfacet
  facet normal 6.068157e-01 7.908176e-01 7.988880e-02
    outer loop
      vertex 3.959497e+01 1.168159e+01 3.357861e+01
      vertex 3.977808e+01 1.152267e+01 3.376123e+01
      vertex 3.980200e+01 1.152267e+01 3.357861e+01
    endloop
  endfacet
  facet normal 6.077098e-01 7.919829e-01 -5.875233e-02
    outer loop
      vertex 3.959497e+01 1.168159e+01 3.357861e+01
      vertex 3.980200e+01 1.152267e+01 3.357861e+01
      vertex 3.977124e+01 1.153439e+01 3.341748e+01
    endloop
  endfacet
  facet normal 8.973304e-01 3.826090e-01 2.200194e-01
    outer loop
      vertex 4.001880e+01 1.118754e+01 3.366943e+01
      vertex 3.993140e+01 1.131556e+01 3.380273e+01
      vertex 4.002808e+01 1.107438e+01 3.382861e+01
    endloop
  endfacet
  facet normal 7.352878e-01 6.054679e-01 3.045662e-01
    outer loop
      vertex 3.993140e+01 1.131556e+01 3.380273e+01
      vertex 3.977808e+01 1.152267e+01 3.376123e+01
      vertex 3.984497e+01 1.131556e+01 3.401123e+01
    endloop
  endfacet
  facet normal 8.546202e-01 3.798837e-01 3.539953e-01
    outer loop
      vertex 3.993140e+01 1.131556e+01 3.380273e+01
      vertex 3.984497e+01 1.131556e+01 3.401123e+01
      vertex 3.993140e+01 1.107438e+01 3.406152e+01
    endloop
  endfacet
  facet normal 8.546202e-01 3.798837e-01 3.539953e-01
    outer loop
      vertex 3.993140e+01 1.131556e+01 3.380273e+01
      vertex 3.993140e+01 1.107438e+01 3.406152e+01
      vertex 4.002808e+01 1.107438e+01 3.382861e+01
    endloop
  endfacet
  facet normal 9.080023e-01 1.845955e-01 3.761069e-01
    outer loop
      vertex 4.005151e+01 1.098728e+01 3.381494e+01
      vertex 4.002808e+01 1.107438e+01 3.382861e+01
      vertex 3.993140e+01 1.107438e+01 3.406152e+01
    endloop
  endfacet
  facet normal 9.090851e-01 1.377296e-01 3.931856e-01
    outer loop
      vertex 4.005151e+01 1.098728e+01 3.381494e+01
      vertex 3.993140e+01 1.107438e+01 3.406152e+01
      vertex 4.001880e+01 1.078703e+01 3.396045e+01
    endloop
  endfacet
  facet normal 7.890610e-01 6.054678e-01 1.038819e-01
    outer loop
      vertex 3.977808e+01 1.152267e+01 3.376123e+01
      vertex 3.993140e+01 1.131556e+01 3.380273e+01
      vertex 3.980200e+01 1.152267e+01 3.357861e+01
    endloop
  endfacet
  facet normal 7.565923e-01 6.465273e-01 -9.782866e-02
    outer loop
      vertex 3.977124e+01 1.153439e+01 3.341748e+01
      vertex 3.980200e+01 1.152267e+01 3.357861e+01
      vertex 3.992310e+01 1.137414e+01 3.353369e+01
    endloop
  endfacet
  facet normal 3.823914e-01 7.239035e-01 -5.742304e-01
    outer loop
      vertex 3.957349e+01 1.165735e+01 3.332813e+01
      vertex 3.934253e+01 1.173464e+01 3.327197e+01
      vertex 3.952808e+01 1.168159e+01 3.332861e+01
    endloop
  endfacet
  facet normal 2.756378e-01 9.377045e-01 -2.115043e-01
    outer loop
      vertex 3.934253e+01 1.173464e+01 3.327197e+01
      vertex 3.927808e+01 1.178149e+01 3.339551e+01
      vertex 3.931909e+01 1.178149e+01 3.344922e+01
    endloop
  endfacet
  facet normal 3.256746e-01 9.238191e-01 -2.012319e-01
    outer loop
      vertex 3.934253e+01 1.173464e+01 3.327197e+01
      vertex 3.931909e+01 1.178149e+01 3.344922e+01
      vertex 3.952808e+01 1.168159e+01 3.332861e+01
    endloop
  endfacet
  facet normal -1.377591e-01 9.329593e-01 -3.325798e-01
    outer loop
      vertex 3.884741e+01 1.173464e+01 3.327197e+01
      vertex 3.896558e+01 1.178149e+01 3.335449e+01
      vertex 3.902808e+01 1.178149e+01 3.332861e+01
    endloop
  endfacet
  facet normal -3.821987e-01 9.227092e-01 -5.031741e-02
    outer loop
      vertex 3.859497e+01 1.168159e+01 3.357861e+01
      vertex 3.883618e+01 1.178149e+01 3.357861e+01
      vertex 3.861206e+01 1.168159e+01 3.344922e+01
    endloop
  endfacet
  facet normal -5.958096e-01 7.992859e-01 -7.843983e-02
    outer loop
      vertex 3.859497e+01 1.168159e+01 3.357861e+01
      vertex 3.861206e+01 1.168159e+01 3.344922e+01
      vertex 3.841870e+01 1.153439e+01 3.341748e+01
    endloop
  endfacet
  facet normal -1.044315e-01 9.912985e-01 -8.013313e-02
    outer loop
      vertex 3.887085e+01 1.178149e+01 3.344922e+01
      vertex 3.909497e+01 1.181556e+01 3.357861e+01
      vertex 3.891187e+01 1.178149e+01 3.339551e+01
    endloop
  endfacet
  facet normal -5.766045e-01 7.964426e-01 -1.822267e-01
    outer loop
      vertex 3.841870e+01 1.153439e+01 3.341748e+01
      vertex 3.861206e+01 1.168159e+01 3.344922e+01
      vertex 3.861694e+01 1.165735e+01 3.332813e+01
    endloop
  endfacet
  facet normal -3.821987e-01 9.227092e-01 -5.031741e-02
    outer loop
      vertex 3.884497e+01 1.178149e+01 3.351123e+01
      vertex 3.861206e+01 1.168159e+01 3.344922e+01
      vertex 3.883618e+01 1.178149e+01 3.357861e+01
    endloop
  endfacet
  facet normal -1.305069e-01 9.912985e-01 -1.718156e-02
    outer loop
      vertex 3.884497e+01 1.178149e+01 3.351123e+01
      vertex 3.883618e+01 1.178149e+01 3.357861e+01
      vertex 3.909497e+01 1.181556e+01 3.357861e+01
    endloop
  endfacet
  facet normal -8.724024e-01 4.751027e-01 1.148540e-01
    outer loop
      vertex 3.817114e+01 1.118754e+01 3.366943e+01
      vertex 3.825854e+01 1.131556e+01 3.380273e+01
      vertex 3.822925e+01 1.131556e+01 3.357861e+01
    endloop
  endfacet
  facet normal -2.329043e-01 -4.907542e-01 -8.395927e-01
    outer loop
      vertex 3.817114e+01 1.118754e+01 3.366943e+01
      vertex 3.822925e+01 1.131556e+01 3.357861e+01
      vertex 3.826685e+01 1.137414e+01 3.353369e+01
    endloop
  endfacet
  facet normal -7.352878e-01 6.054679e-01 3.045662e-01
    outer loop
      vertex 3.841187e+01 1.152267e+01 3.376123e+01
      vertex 3.825854e+01 1.131556e+01 3.380273e+01
      vertex 3.848267e+01 1.152267e+01 3.393213e+01
    endloop
  endfacet
  facet normal -5.654622e-01 7.908176e-01 2.342221e-01
    outer loop
      vertex 3.841187e+01 1.152267e+01 3.376123e+01
      vertex 3.848267e+01 1.152267e+01 3.393213e+01
      vertex 3.866187e+01 1.168159e+01 3.382861e+01
    endloop
  endfacet
  facet normal -5.654622e-01 7.908176e-01 2.342221e-01
    outer loop
      vertex 3.841187e+01 1.152267e+01 3.376123e+01
      vertex 3.866187e+01 1.168159e+01 3.382861e+01
      vertex 3.861206e+01 1.168159e+01 3.370801e+01
    endloop
  endfacet
  facet normal -3.561525e-01 9.227092e-01 1.475232e-01
    outer loop
      vertex 3.887085e+01 1.178149e+01 3.370801e+01
      vertex 3.861206e+01 1.168159e+01 3.370801e+01
      vertex 3.866187e+01 1.168159e+01 3.382861e+01
    endloop
  endfacet
  facet normal -7.890610e-01 6.054678e-01 1.038819e-01
    outer loop
      vertex 3.825854e+01 1.131556e+01 3.380273e+01
      vertex 3.841187e+01 1.152267e+01 3.376123e+01
      vertex 3.822925e+01 1.131556e+01 3.357861e+01
    endloop
  endfacet
  facet normal -9.090851e-01 1.377296e-01 3.931856e-01
    outer loop
      vertex 3.813892e+01 1.098728e+01 3.381494e+01
      vertex 3.817114e+01 1.078703e+01 3.396045e+01
      vertex 3.825854e+01 1.107438e+01 3.406152e+01
    endloop
  endfacet
  facet normal -7.866803e-01 1.294283e-01 6.036410e-01
    outer loop
      vertex 3.825854e+01 1.107438e+01 3.406152e+01
      vertex 3.822925e+01 1.081556e+01 3.407861e+01
      vertex 3.841187e+01 1.107438e+01 3.426123e+01
    endloop
  endfacet
  facet normal -7.338790e-01 3.798837e-01 5.631251e-01
    outer loop
      vertex 3.825854e+01 1.107438e+01 3.406152e+01
      vertex 3.841187e+01 1.107438e+01 3.426123e+01
      vertex 3.848267e+01 1.131556e+01 3.419092e+01
    endloop
  endfacet
  facet normal -7.338790e-01 3.798837e-01 5.631251e-01
    outer loop
      vertex 3.825854e+01 1.107438e+01 3.406152e+01
      vertex 3.848267e+01 1.131556e+01 3.419092e+01
      vertex 3.834497e+01 1.131556e+01 3.401123e+01
    endloop
  endfacet
  facet normal -7.352878e-01 6.054679e-01 3.045662e-01
    outer loop
      vertex 3.825854e+01 1.131556e+01 3.380273e+01
      vertex 3.834497e+01 1.131556e+01 3.401123e+01
      vertex 3.848267e+01 1.152267e+01 3.393213e+01
    endloop
  endfacet
  facet normal -4.855734e-01 7.908176e-01 3.725936e-01
    outer loop
      vertex 3.874146e+01 1.168159e+01 3.393213e+01
      vertex 3.866187e+01 1.168159e+01 3.382861e+01
      vertex 3.848267e+01 1.152267e+01 3.393213e+01
    endloop
  endfacet
  facet normal -4.855734e-01 7.908176e-01 3.725936e-01
    outer loop
      vertex 3.874146e+01 1.168159e+01 3.393213e+01
      vertex 3.848267e+01 1.152267e+01 3.393213e+01
      vertex 3.859497e+01 1.152267e+01 3.407861e+01
    endloop
  endfacet
  facet normal -3.725936e-01 7.908176e-01 4.855734e-01
    outer loop
      vertex 3.874146e+01 1.168159e+01 3.393213e+01
      vertex 3.859497e+01 1.152267e+01 3.407861e+01
      vertex 3.884497e+01 1.168159e+01 3.401123e+01
    endloop
  endfacet
  facet normal -2.346755e-01 9.227092e-01 3.058351e-01
    outer loop
      vertex 3.874146e+01 1.168159e+01 3.393213e+01
      vertex 3.884497e+01 1.168159e+01 3.401123e+01
      vertex 3.896558e+01 1.178149e+01 3.380273e+01
    endloop
  endfacet
  facet normal -6.314059e-01 6.054678e-01 4.844948e-01
    outer loop
      vertex 3.848267e+01 1.152267e+01 3.393213e+01
      vertex 3.834497e+01 1.131556e+01 3.401123e+01
      vertex 3.859497e+01 1.152267e+01 3.407861e+01
    endloop
  endfacet
  facet normal -9.028032e-01 1.299187e-01 4.099604e-01
    outer loop
      vertex 3.825854e+01 1.107438e+01 3.406152e+01
      vertex 3.817114e+01 1.078703e+01 3.396045e+01
      vertex 3.822925e+01 1.081556e+01 3.407861e+01
    endloop
  endfacet
  facet normal -7.901579e-01 -8.966242e-02 6.063095e-01
    outer loop
      vertex 3.822925e+01 1.081556e+01 3.407861e+01
      vertex 3.826685e+01 1.060042e+01 3.409570e+01
      vertex 3.838794e+01 1.081556e+01 3.428564e+01
    endloop
  endfacet
  facet normal -7.866803e-01 1.294283e-01 6.036410e-01
    outer loop
      vertex 3.822925e+01 1.081556e+01 3.407861e+01
      vertex 3.838794e+01 1.081556e+01 3.428564e+01
      vertex 3.841187e+01 1.107438e+01 3.426123e+01
    endloop
  endfacet
  facet normal -6.036410e-01 1.294283e-01 7.866803e-01
    outer loop
      vertex 3.841187e+01 1.107438e+01 3.426123e+01
      vertex 3.838794e+01 1.081556e+01 3.428564e+01
      vertex 3.861206e+01 1.107438e+01 3.441504e+01
    endloop
  endfacet
  facet normal -5.631252e-01 3.798837e-01 7.338790e-01
    outer loop
      vertex 3.841187e+01 1.107438e+01 3.426123e+01
      vertex 3.861206e+01 1.107438e+01 3.441504e+01
      vertex 3.866187e+01 1.131556e+01 3.432861e+01
    endloop
  endfacet
  facet normal -5.631252e-01 3.798837e-01 7.338790e-01
    outer loop
      vertex 3.841187e+01 1.107438e+01 3.426123e+01
      vertex 3.866187e+01 1.131556e+01 3.432861e+01
      vertex 3.848267e+01 1.131556e+01 3.419092e+01
    endloop
  endfacet
  facet normal -6.314059e-01 6.054678e-01 4.844948e-01
    outer loop
      vertex 3.834497e+01 1.131556e+01 3.401123e+01
      vertex 3.848267e+01 1.131556e+01 3.419092e+01
      vertex 3.859497e+01 1.152267e+01 3.407861e+01
    endloop
  endfacet
  facet normal -4.844948e-01 6.054678e-01 6.314059e-01
    outer loop
      vertex 3.859497e+01 1.152267e+01 3.407861e+01
      vertex 3.848267e+01 1.131556e+01 3.419092e+01
      vertex 3.874146e+01 1.152267e+01 3.419092e+01
    endloop
  endfacet
  facet normal -3.725936e-01 7.908176e-01 4.855734e-01
    outer loop
      vertex 3.859497e+01 1.152267e+01 3.407861e+01
      vertex 3.874146e+01 1.152267e+01 3.419092e+01
      vertex 3.884497e+01 1.168159e+01 3.401123e+01
    endloop
  endfacet
  facet normal -5.609773e-01 -3.631809e-01 7.439114e-01
    outer loop
      vertex 3.841870e+01 1.044018e+01 3.421240e+01
      vertex 3.861694e+01 1.031722e+01 3.430176e+01
      vertex 3.861206e+01 1.055675e+01 3.441504e+01
    endloop
  endfacet
  facet normal -6.036410e-01 1.294283e-01 7.866803e-01
    outer loop
      vertex 3.838794e+01 1.081556e+01 3.428564e+01
      vertex 3.859497e+01 1.081556e+01 3.444434e+01
      vertex 3.861206e+01 1.107438e+01 3.441504e+01
    endloop
  endfacet
  facet normal -3.794646e-01 -1.294283e-01 9.161086e-01
    outer loop
      vertex 3.859497e+01 1.081556e+01 3.444434e+01
      vertex 3.861206e+01 1.055675e+01 3.441504e+01
      vertex 3.883618e+01 1.081556e+01 3.454443e+01
    endloop
  endfacet
  facet normal -3.794646e-01 1.294283e-01 9.161086e-01
    outer loop
      vertex 3.859497e+01 1.081556e+01 3.444434e+01
      vertex 3.883618e+01 1.081556e+01 3.454443e+01
      vertex 3.884497e+01 1.107438e+01 3.451123e+01
    endloop
  endfacet
  facet normal -3.794646e-01 1.294283e-01 9.161086e-01
    outer loop
      vertex 3.859497e+01 1.081556e+01 3.444434e+01
      vertex 3.884497e+01 1.107438e+01 3.451123e+01
      vertex 3.861206e+01 1.107438e+01 3.441504e+01
    endloop
  endfacet
  facet normal -4.844948e-01 6.054678e-01 6.314059e-01
    outer loop
      vertex 3.848267e+01 1.131556e+01 3.419092e+01
      vertex 3.866187e+01 1.131556e+01 3.432861e+01
      vertex 3.874146e+01 1.152267e+01 3.419092e+01
    endloop
  endfacet
  facet normal -3.539953e-01 3.798837e-01 8.546202e-01
    outer loop
      vertex 3.866187e+01 1.131556e+01 3.432861e+01
      vertex 3.861206e+01 1.107438e+01 3.441504e+01
      vertex 3.887085e+01 1.131556e+01 3.441504e+01
    endloop
  endfacet
  facet normal -3.045662e-01 6.054679e-01 7.352878e-01
    outer loop
      vertex 3.866187e+01 1.131556e+01 3.432861e+01
      vertex 3.887085e+01 1.131556e+01 3.441504e+01
      vertex 3.891187e+01 1.152267e+01 3.426123e+01
    endloop
  endfacet
  facet normal -3.045662e-01 6.054679e-01 7.352878e-01
    outer loop
      vertex 3.866187e+01 1.131556e+01 3.432861e+01
      vertex 3.891187e+01 1.152267e+01 3.426123e+01
      vertex 3.874146e+01 1.152267e+01 3.419092e+01
    endloop
  endfacet
  facet normal -2.342221e-01 7.908176e-01 5.654622e-01
    outer loop
      vertex 3.896558e+01 1.168159e+01 3.406152e+01
      vertex 3.884497e+01 1.168159e+01 3.401123e+01
      vertex 3.874146e+01 1.152267e+01 3.419092e+01
    endloop
  endfacet
  facet normal -2.342221e-01 7.908176e-01 5.654622e-01
    outer loop
      vertex 3.896558e+01 1.168159e+01 3.406152e+01
      vertex 3.874146e+01 1.152267e+01 3.419092e+01
      vertex 3.891187e+01 1.152267e+01 3.426123e+01
    endloop
  endfacet
  facet normal -7.988880e-02 7.908176e-01 6.068157e-01
    outer loop
      vertex 3.896558e+01 1.168159e+01 3.406152e+01
      vertex 3.891187e+01 1.152267e+01 3.426123e+01
      vertex 3.909497e+01 1.168159e+01 3.407861e+01
    endloop
  endfacet
  facet normal -5.031741e-02 9.227092e-01 3.821987e-01
    outer loop
      vertex 3.896558e+01 1.168159e+01 3.406152e+01
      vertex 3.909497e+01 1.168159e+01 3.407861e+01
      vertex 3.909497e+01 1.178149e+01 3.383740e+01
    endloop
  endfacet
  facet normal -3.794646e-01 -1.294283e-01 9.161086e-01
    outer loop
      vertex 3.861206e+01 1.055675e+01 3.441504e+01
      vertex 3.884497e+01 1.055675e+01 3.451123e+01
      vertex 3.883618e+01 1.081556e+01 3.454443e+01
    endloop
  endfacet
  facet normal -1.207412e-01 -3.798837e-01 9.171205e-01
    outer loop
      vertex 3.884497e+01 1.055675e+01 3.451123e+01
      vertex 3.887085e+01 1.031556e+01 3.441504e+01
      vertex 3.909497e+01 1.055675e+01 3.454443e+01
    endloop
  endfacet
  facet normal -1.294283e-01 -1.294283e-01 9.831056e-01
    outer loop
      vertex 3.884497e+01 1.055675e+01 3.451123e+01
      vertex 3.909497e+01 1.055675e+01 3.454443e+01
      vertex 3.909497e+01 1.081556e+01 3.457861e+01
    endloop
  endfacet
  facet normal -1.294283e-01 -1.294283e-01 9.831056e-01
    outer loop
      vertex 3.884497e+01 1.055675e+01 3.451123e+01
      vertex 3.909497e+01 1.081556e+01 3.457861e+01
      vertex 3.883618e+01 1.081556e+01 3.454443e+01
    endloop
  endfacet
  facet normal -3.539953e-01 3.798837e-01 8.546202e-01
    outer loop
      vertex 3.861206e+01 1.107438e+01 3.441504e+01
      vertex 3.884497e+01 1.107438e+01 3.451123e+01
      vertex 3.887085e+01 1.131556e+01 3.441504e+01
    endloop
  endfacet
  facet normal -1.294283e-01 1.294283e-01 9.831056e-01
    outer loop
      vertex 3.884497e+01 1.107438e+01 3.451123e+01
      vertex 3.883618e+01 1.081556e+01 3.454443e+01
      vertex 3.909497e+01 1.107438e+01 3.454443e+01
    endloop
  endfacet
  facet normal -1.207412e-01 3.798837e-01 9.171205e-01
    outer loop
      vertex 3.884497e+01 1.107438e+01 3.451123e+01
      vertex 3.909497e+01 1.107438e+01 3.454443e+01
      vertex 3.909497e+01 1.131556e+01 3.444434e+01
    endloop
  endfacet
  facet normal -1.207412e-01 3.798837e-01 9.171205e-01
    outer loop
      vertex 3.884497e+01 1.107438e+01 3.451123e+01
      vertex 3.909497e+01 1.131556e+01 3.444434e+01
      vertex 3.887085e+01 1.131556e+01 3.441504e+01
    endloop
  endfacet
  facet normal -1.038819e-01 6.054678e-01 7.890610e-01
    outer loop
      vertex 3.891187e+01 1.152267e+01 3.426123e+01
      vertex 3.887085e+01 1.131556e+01 3.441504e+01
      vertex 3.909497e+01 1.152267e+01 3.428564e+01
    endloop
  endfacet
  facet normal -7.988880e-02 7.908176e-01 6.068157e-01
    outer loop
      vertex 3.891187e+01 1.152267e+01 3.426123e+01
      vertex 3.909497e+01 1.152267e+01 3.428564e+01
      vertex 3.909497e+01 1.168159e+01 3.407861e+01
    endloop
  endfacet
  facet normal 7.988880e-02 7.908176e-01 6.068157e-01
    outer loop
      vertex 3.909497e+01 1.168159e+01 3.407861e+01
      vertex 3.909497e+01 1.152267e+01 3.428564e+01
      vertex 3.922437e+01 1.168159e+01 3.406152e+01
    endloop
  endfacet
  facet normal 1.038819e-01 6.054678e-01 7.890610e-01
    outer loop
      vertex 3.909497e+01 1.152267e+01 3.428564e+01
      vertex 3.909497e+01 1.131556e+01 3.444434e+01
      vertex 3.927808e+01 1.152267e+01 3.426123e+01
    endloop
  endfacet
  facet normal 7.988880e-02 7.908176e-01 6.068157e-01
    outer loop
      vertex 3.909497e+01 1.152267e+01 3.428564e+01
      vertex 3.927808e+01 1.152267e+01 3.426123e+01
      vertex 3.922437e+01 1.168159e+01 3.406152e+01
    endloop
  endfacet
  facet normal 1.207412e-01 3.798837e-01 9.171205e-01
    outer loop
      vertex 3.909497e+01 1.131556e+01 3.444434e+01
      vertex 3.909497e+01 1.107438e+01 3.454443e+01
      vertex 3.931909e+01 1.131556e+01 3.441504e+01
    endloop
  endfacet
  facet normal 1.038819e-01 6.054678e-01 7.890610e-01
    outer loop
      vertex 3.909497e+01 1.131556e+01 3.444434e+01
      vertex 3.931909e+01 1.131556e+01 3.441504e+01
      vertex 3.927808e+01 1.152267e+01 3.426123e+01
    endloop
  endfacet
  facet normal -1.038819e-01 6.054678e-01 7.890610e-01
    outer loop
      vertex 3.909497e+01 1.131556e+01 3.444434e+01
      vertex 3.909497e+01 1.152267e+01 3.428564e+01
      vertex 3.887085e+01 1.131556e+01 3.441504e+01
    endloop
  endfacet
  facet normal 1.294283e-01 1.294283e-01 9.831056e-01
    outer loop
      vertex 3.909497e+01 1.107438e+01 3.454443e+01
      vertex 3.909497e+01 1.081556e+01 3.457861e+01
      vertex 3.934497e+01 1.107438e+01 3.451123e+01
    endloop
  endfacet
  facet normal 1.207412e-01 3.798837e-01 9.171205e-01
    outer loop
      vertex 3.909497e+01 1.107438e+01 3.454443e+01
      vertex 3.934497e+01 1.107438e+01 3.451123e+01
      vertex 3.931909e+01 1.131556e+01 3.441504e+01
    endloop
  endfacet
  facet normal 1.294283e-01 -1.294283e-01 9.831056e-01
    outer loop
      vertex 3.909497e+01 1.081556e+01 3.457861e+01
      vertex 3.909497e+01 1.055675e+01 3.454443e+01
      vertex 3.935376e+01 1.081556e+01 3.454443e+01
    endloop
  endfacet
  facet normal 1.294283e-01 1.294283e-01 9.831056e-01
    outer loop
      vertex 3.909497e+01 1.081556e+01 3.457861e+01
      vertex 3.935376e+01 1.081556e+01 3.454443e+01
      vertex 3.934497e+01 1.107438e+01 3.451123e+01
    endloop
  endfacet
  facet normal -1.294283e-01 1.294283e-01 9.831056e-01
    outer loop
      vertex 3.909497e+01 1.081556e+01 3.457861e+01
      vertex 3.909497e+01 1.107438e+01 3.454443e+01
      vertex 3.883618e+01 1.081556e+01 3.454443e+01
    endloop
  endfacet
  facet normal 1.294283e-01 -1.294283e-01 9.831056e-01
    outer loop
      vertex 3.935376e+01 1.081556e+01 3.454443e+01
      vertex 3.909497e+01 1.055675e+01 3.454443e+01
      vertex 3.934497e+01 1.055675e+01 3.451123e+01
    endloop
  endfacet
  facet normal 3.794646e-01 -1.294283e-01 9.161086e-01
    outer loop
      vertex 3.935376e+01 1.081556e+01 3.454443e+01
      vertex 3.934497e+01 1.055675e+01 3.451123e+01
      vertex 3.959497e+01 1.081556e+01 3.444434e+01
    endloop
  endfacet
  facet normal 3.794646e-01 1.294283e-01 9.161086e-01
    outer loop
      vertex 3.935376e+01 1.081556e+01 3.454443e+01
      vertex 3.959497e+01 1.081556e+01 3.444434e+01
      vertex 3.957788e+01 1.107438e+01 3.441504e+01
    endloop
  endfacet
  facet normal 3.794646e-01 1.294283e-01 9.161086e-01
    outer loop
      vertex 3.935376e+01 1.081556e+01 3.454443e+01
      vertex 3.957788e+01 1.107438e+01 3.441504e+01
      vertex 3.934497e+01 1.107438e+01 3.451123e+01
    endloop
  endfacet
  facet normal 1.207412e-01 -3.798837e-01 9.171205e-01
    outer loop
      vertex 3.934497e+01 1.055675e+01 3.451123e+01
      vertex 3.909497e+01 1.055675e+01 3.454443e+01
      vertex 3.909497e+01 1.031556e+01 3.444434e+01
    endloop
  endfacet
  facet normal 3.539953e-01 3.798837e-01 8.546202e-01
    outer loop
      vertex 3.931909e+01 1.131556e+01 3.441504e+01
      vertex 3.934497e+01 1.107438e+01 3.451123e+01
      vertex 3.952808e+01 1.131556e+01 3.432861e+01
    endloop
  endfacet
  facet normal 3.045662e-01 6.054679e-01 7.352878e-01
    outer loop
      vertex 3.931909e+01 1.131556e+01 3.441504e+01
      vertex 3.952808e+01 1.131556e+01 3.432861e+01
      vertex 3.944849e+01 1.152267e+01 3.419092e+01
    endloop
  endfacet
  facet normal 3.045662e-01 6.054679e-01 7.352878e-01
    outer loop
      vertex 3.931909e+01 1.131556e+01 3.441504e+01
      vertex 3.944849e+01 1.152267e+01 3.419092e+01
      vertex 3.927808e+01 1.152267e+01 3.426123e+01
    endloop
  endfacet
  facet normal 2.342221e-01 7.908176e-01 5.654622e-01
    outer loop
      vertex 3.922437e+01 1.168159e+01 3.406152e+01
      vertex 3.927808e+01 1.152267e+01 3.426123e+01
      vertex 3.934497e+01 1.168159e+01 3.401123e+01
    endloop
  endfacet
  facet normal 1.475232e-01 9.227092e-01 3.561525e-01
    outer loop
      vertex 3.922437e+01 1.168159e+01 3.406152e+01
      vertex 3.934497e+01 1.168159e+01 3.401123e+01
      vertex 3.922437e+01 1.178149e+01 3.380273e+01
    endloop
  endfacet
  facet normal -1.207412e-01 -3.798837e-01 9.171205e-01
    outer loop
      vertex 3.887085e+01 1.031556e+01 3.441504e+01
      vertex 3.909497e+01 1.031556e+01 3.444434e+01
      vertex 3.909497e+01 1.055675e+01 3.454443e+01
    endloop
  endfacet
  facet normal 4.819907e-01 -3.825796e-01 7.882372e-01
    outer loop
      vertex 3.957349e+01 1.031722e+01 3.430176e+01
      vertex 3.957788e+01 1.055675e+01 3.441504e+01
      vertex 3.952808e+01 1.031556e+01 3.432861e+01
    endloop
  endfacet
  facet normal 3.817035e-01 -7.034819e-01 5.995129e-01
    outer loop
      vertex 3.957349e+01 1.031722e+01 3.430176e+01
      vertex 3.952808e+01 1.031556e+01 3.432861e+01
      vertex 3.934253e+01 1.023992e+01 3.435791e+01
    endloop
  endfacet
  facet normal 3.539953e-01 3.798837e-01 8.546202e-01
    outer loop
      vertex 3.934497e+01 1.107438e+01 3.451123e+01
      vertex 3.957788e+01 1.107438e+01 3.441504e+01
      vertex 3.952808e+01 1.131556e+01 3.432861e+01
    endloop
  endfacet
  facet normal 6.036410e-01 1.294283e-01 7.866803e-01
    outer loop
      vertex 3.957788e+01 1.107438e+01 3.441504e+01
      vertex 3.959497e+01 1.081556e+01 3.444434e+01
      vertex 3.977808e+01 1.107438e+01 3.426123e+01
    endloop
  endfacet
  facet normal 5.631252e-01 3.798837e-01 7.338790e-01
    outer loop
      vertex 3.957788e+01 1.107438e+01 3.441504e+01
      vertex 3.977808e+01 1.107438e+01 3.426123e+01
      vertex 3.970728e+01 1.131556e+01 3.419092e+01
    endloop
  endfacet
  facet normal 5.631252e-01 3.798837e-01 7.338790e-01
    outer loop
      vertex 3.957788e+01 1.107438e+01 3.441504e+01
      vertex 3.970728e+01 1.131556e+01 3.419092e+01
      vertex 3.952808e+01 1.131556e+01 3.432861e+01
    endloop
  endfacet
  facet normal 3.725936e-01 7.908176e-01 4.855734e-01
    outer loop
      vertex 3.944849e+01 1.168159e+01 3.393213e+01
      vertex 3.934497e+01 1.168159e+01 3.401123e+01
      vertex 3.944849e+01 1.152267e+01 3.419092e+01
    endloop
  endfacet
  facet normal 3.725936e-01 7.908176e-01 4.855734e-01
    outer loop
      vertex 3.944849e+01 1.168159e+01 3.393213e+01
      vertex 3.944849e+01 1.152267e+01 3.419092e+01
      vertex 3.959497e+01 1.152267e+01 3.407861e+01
    endloop
  endfacet
  facet normal 4.855734e-01 7.908176e-01 3.725936e-01
    outer loop
      vertex 3.944849e+01 1.168159e+01 3.393213e+01
      vertex 3.959497e+01 1.152267e+01 3.407861e+01
      vertex 3.952808e+01 1.168159e+01 3.382861e+01
    endloop
  endfacet
  facet normal 3.058351e-01 9.227092e-01 2.346755e-01
    outer loop
      vertex 3.944849e+01 1.168159e+01 3.393213e+01
      vertex 3.952808e+01 1.168159e+01 3.382861e+01
      vertex 3.931909e+01 1.178149e+01 3.370801e+01
    endloop
  endfacet
  facet normal 4.844948e-01 6.054678e-01 6.314059e-01
    outer loop
      vertex 3.944849e+01 1.152267e+01 3.419092e+01
      vertex 3.952808e+01 1.131556e+01 3.432861e+01
      vertex 3.959497e+01 1.152267e+01 3.407861e+01
    endloop
  endfacet
  facet normal 2.342221e-01 7.908176e-01 5.654622e-01
    outer loop
      vertex 3.927808e+01 1.152267e+01 3.426123e+01
      vertex 3.944849e+01 1.152267e+01 3.419092e+01
      vertex 3.934497e+01 1.168159e+01 3.401123e+01
    endloop
  endfacet
  facet normal 7.621785e-01 -1.299905e-01 6.341817e-01
    outer loop
      vertex 3.992310e+01 1.060042e+01 3.409570e+01
      vertex 3.980200e+01 1.081556e+01 3.428564e+01
      vertex 3.977808e+01 1.055675e+01 3.426123e+01
    endloop
  endfacet
  facet normal 7.560062e-01 -2.910935e-01 5.862757e-01
    outer loop
      vertex 3.992310e+01 1.060042e+01 3.409570e+01
      vertex 3.977808e+01 1.055675e+01 3.426123e+01
      vertex 3.977124e+01 1.044018e+01 3.421240e+01
    endloop
  endfacet
  facet normal 6.036410e-01 1.294283e-01 7.866803e-01
    outer loop
      vertex 3.959497e+01 1.081556e+01 3.444434e+01
      vertex 3.980200e+01 1.081556e+01 3.428564e+01
      vertex 3.977808e+01 1.107438e+01 3.426123e+01
    endloop
  endfacet
  facet normal 7.866803e-01 1.294283e-01 6.036410e-01
    outer loop
      vertex 3.980200e+01 1.081556e+01 3.428564e+01
      vertex 3.993140e+01 1.107438e+01 3.406152e+01
      vertex 3.977808e+01 1.107438e+01 3.426123e+01
    endloop
  endfacet
  facet normal 4.844948e-01 6.054678e-01 6.314059e-01
    outer loop
      vertex 3.952808e+01 1.131556e+01 3.432861e+01
      vertex 3.970728e+01 1.131556e+01 3.419092e+01
      vertex 3.959497e+01 1.152267e+01 3.407861e+01
    endloop
  endfacet
  facet normal 7.338790e-01 3.798837e-01 5.631251e-01
    outer loop
      vertex 3.993140e+01 1.107438e+01 3.406152e+01
      vertex 3.984497e+01 1.131556e+01 3.401123e+01
      vertex 3.977808e+01 1.107438e+01 3.426123e+01
    endloop
  endfacet
  facet normal 6.314059e-01 6.054678e-01 4.844948e-01
    outer loop
      vertex 3.959497e+01 1.152267e+01 3.407861e+01
      vertex 3.970728e+01 1.131556e+01 3.419092e+01
      vertex 3.970728e+01 1.152267e+01 3.393213e+01
    endloop
  endfacet
  facet normal 4.855734e-01 7.908176e-01 3.725936e-01
    outer loop
      vertex 3.959497e+01 1.152267e+01 3.407861e+01
      vertex 3.970728e+01 1.152267e+01 3.393213e+01
      vertex 3.952808e+01 1.168159e+01 3.382861e+01
    endloop
  endfacet
  facet normal 7.338790e-01 3.798837e-01 5.631251e-01
    outer loop
      vertex 3.970728e+01 1.131556e+01 3.419092e+01
      vertex 3.977808e+01 1.107438e+01 3.426123e+01
      vertex 3.984497e+01 1.131556e+01 3.401123e+01
    endloop
  endfacet
  facet normal 6.314059e-01 6.054678e-01 4.844948e-01
    outer loop
      vertex 3.970728e+01 1.131556e+01 3.419092e+01
      vertex 3.984497e+01 1.131556e+01 3.401123e+01
      vertex 3.970728e+01 1.152267e+01 3.393213e+01
    endloop
  endfacet
  facet normal 7.352878e-01 6.054679e-01 3.045662e-01
    outer loop
      vertex 3.977808e+01 1.152267e+01 3.376123e+01
      vertex 3.970728e+01 1.152267e+01 3.393213e+01
      vertex 3.984497e+01 1.131556e+01 3.401123e+01
    endloop
  endfacet
  facet normal 3.561525e-01 9.227092e-01 1.475232e-01
    outer loop
      vertex 3.934497e+01 1.178149e+01 3.364551e+01
      vertex 3.931909e+01 1.178149e+01 3.370801e+01
      vertex 3.952808e+01 1.168159e+01 3.382861e+01
    endloop
  endfacet
  facet normal 1.044315e-01 9.912985e-01 -8.013313e-02
    outer loop
      vertex 3.909497e+01 1.181556e+01 3.357861e+01
      vertex 3.931909e+01 1.178149e+01 3.344922e+01
      vertex 3.927808e+01 1.178149e+01 3.339551e+01
    endloop
  endfacet
  facet normal 1.747062e-16 -9.510564e-01 3.090174e-01
    outer loop
      vertex 4.001880e+01 1.785427e+01 1.315137e+01
      vertex 3.817114e+01 1.785427e+01 1.315137e+01
      vertex 4.005151e+01 1.777778e+01 1.291602e+01
    endloop
  endfacet
  facet normal 1.747062e-16 -9.510564e-01 3.090174e-01
    outer loop
      vertex 3.817114e+01 1.785427e+01 1.315137e+01
      vertex 4.001880e+01 1.785427e+01 1.315137e+01
      vertex 3.826685e+01 1.792555e+01 1.337061e+01
    endloop
  endfacet
  facet normal 1.747062e-16 -9.510564e-01 3.090174e-01
    outer loop
      vertex 3.977124e+01 1.798675e+01 1.355908e+01
      vertex 3.841870e+01 1.798675e+01 1.355908e+01
      vertex 3.992310e+01 1.792555e+01 1.337061e+01
    endloop
  endfacet
  facet normal 1.747062e-16 -9.510564e-01 3.090174e-01
    outer loop
      vertex 3.841870e+01 1.798675e+01 1.355908e+01
      vertex 3.977124e+01 1.798675e+01 1.355908e+01
      vertex 3.861694e+01 1.803372e+01 1.370361e+01
    endloop
  endfacet
  facet normal 1.747062e-16 -9.510564e-01 3.090174e-01
    outer loop
      vertex 3.934253e+01 1.806325e+01 1.379443e+01
      vertex 3.884741e+01 1.806325e+01 1.379443e+01
      vertex 3.957349e+01 1.803372e+01 1.370361e+01
    endloop
  endfacet
  facet normal 1.747062e-16 -9.510564e-01 3.090174e-01
    outer loop
      vertex 3.934253e+01 1.806325e+01 1.379443e+01
      vertex 3.909497e+01 1.807332e+01 1.382568e+01
      vertex 3.884741e+01 1.806325e+01 1.379443e+01
    endloop
  endfacet
  facet normal 1.747062e-16 -9.510564e-01 3.090174e-01
    outer loop
      vertex 3.884741e+01 1.806325e+01 1.379443e+01
      vertex 3.861694e+01 1.803372e+01 1.370361e+01
      vertex 3.957349e+01 1.803372e+01 1.370361e+01
    endloop
  endfacet
  facet normal 1.747062e-16 -9.510564e-01 3.090174e-01
    outer loop
      vertex 3.957349e+01 1.803372e+01 1.370361e+01
      vertex 3.861694e+01 1.803372e+01 1.370361e+01
      vertex 3.977124e+01 1.798675e+01 1.355908e+01
    endloop
  endfacet
  facet normal 1.747062e-16 -9.510564e-01 3.090174e-01
    outer loop
      vertex 3.841870e+01 1.798675e+01 1.355908e+01
      vertex 3.826685e+01 1.792555e+01 1.337061e+01
      vertex 3.992310e+01 1.792555e+01 1.337061e+01
    endloop
  endfacet
  facet normal 1.747062e-16 -9.510564e-01 3.090174e-01
    outer loop
      vertex 3.992310e+01 1.792555e+01 1.337061e+01
      vertex 3.826685e+01 1.792555e+01 1.337061e+01
      vertex 4.001880e+01 1.785427e+01 1.315137e+01
    endloop
  endfacet
  facet normal 1.747062e-16 -9.510564e-01 3.090174e-01
    outer loop
      vertex 3.817114e+01 1.785427e+01 1.315137e+01
      vertex 3.813892e+01 1.777778e+01 1.291602e+01
      vertex 4.005151e+01 1.777778e+01 1.291602e+01
    endloop
  endfacet
  facet normal 1.747062e-16 -9.510564e-01 3.090174e-01
    outer loop
      vertex 4.005151e+01 1.777778e+01 1.291602e+01
      vertex 3.813892e+01 1.777778e+01 1.291602e+01
      vertex 4.001880e+01 1.770129e+01 1.268066e+01
    endloop
  endfacet
  facet normal 1.747062e-16 -9.510564e-01 3.090174e-01
    outer loop
      vertex 3.826685e+01 1.763001e+01 1.246143e+01
      vertex 3.992310e+01 1.763001e+01 1.246143e+01
      vertex 3.817114e+01 1.770129e+01 1.268066e+01
    endloop
  endfacet
  facet normal 1.747062e-16 -9.510564e-01 3.090174e-01
    outer loop
      vertex 3.992310e+01 1.763001e+01 1.246143e+01
      vertex 3.826685e+01 1.763001e+01 1.246143e+01
      vertex 3.977124e+01 1.756880e+01 1.227295e+01
    endloop
  endfacet
  facet normal 1.747062e-16 -9.510564e-01 3.090174e-01
    outer loop
      vertex 3.861694e+01 1.752184e+01 1.212842e+01
      vertex 3.957349e+01 1.752184e+01 1.212842e+01
      vertex 3.841870e+01 1.756880e+01 1.227295e+01
    endloop
  endfacet
  facet normal 1.747062e-16 -9.510564e-01 3.090174e-01
    outer loop
      vertex 3.957349e+01 1.752184e+01 1.212842e+01
      vertex 3.861694e+01 1.752184e+01 1.212842e+01
      vertex 3.934253e+01 1.749231e+01 1.203760e+01
    endloop
  endfacet
  facet normal 1.747062e-16 -9.510564e-01 3.090174e-01
    outer loop
      vertex 3.909497e+01 1.748224e+01 1.200635e+01
      vertex 3.934253e+01 1.749231e+01 1.203760e+01
      vertex 3.884741e+01 1.749231e+01 1.203760e+01
    endloop
  endfacet
  facet normal 1.747062e-16 -9.510564e-01 3.090174e-01
    outer loop
      vertex 3.884741e+01 1.749231e+01 1.203760e+01
      vertex 3.934253e+01 1.749231e+01 1.203760e+01
      vertex 3.861694e+01 1.752184e+01 1.212842e+01
    endloop
  endfacet
  facet normal 1.747062e-16 -9.510564e-01 3.090174e-01
    outer loop
      vertex 3.957349e+01 1.752184e+01 1.212842e+01
      vertex 3.977124e+01 1.756880e+01 1.227295e+01
      vertex 3.841870e+01 1.756880e+01 1.227295e+01
    endloop
  endfacet
  facet normal 1.747062e-16 -9.510564e-01 3.090174e-01
    outer loop
      vertex 3.841870e+01 1.756880e+01 1.227295e+01
      vertex 3.977124e+01 1.756880e+01 1.227295e+01
      vertex 3.826685e+01 1.763001e+01 1.246143e+01
    endloop
  endfacet
  facet normal 1.747062e-16 -9.510564e-01 3.090174e-01
    outer loop
      vertex 3.992310e+01 1.763001e+01 1.246143e+01
      vertex 4.001880e+01 1.770129e+01 1.268066e+01
      vertex 3.817114e+01 1.770129e+01 1.268066e+01
    endloop
  endfacet
  facet normal 1.747062e-16 -9.510564e-01 3.090174e-01
    outer loop
      vertex 3.817114e+01 1.770129e+01 1.268066e+01
      vertex 4.001880e+01 1.770129e+01 1.268066e+01
      vertex 3.813892e+01 1.777778e+01 1.291602e+01
    endloop
  endfacet
  facet normal 9.638089e-01 1.837748e-01 -1.931300e-01
    outer loop
      vertex 4.001880e+01 1.770129e+01 1.268066e+01
      vertex 4.002808e+01 1.781767e+01 1.283740e+01
      vertex 4.005151e+01 1.777778e+01 1.291602e+01
    endloop
  endfacet
  facet normal 2.329043e-01 -9.501515e-01 2.072866e-01
    outer loop
      vertex 3.992310e+01 1.763001e+01 1.246143e+01
      vertex 3.996118e+01 1.765444e+01 1.253076e+01
      vertex 4.001880e+01 1.770129e+01 1.268066e+01
    endloop
  endfacet
  facet normal 7.870147e-01 3.065972e-01 -5.353560e-01
    outer loop
      vertex 3.996118e+01 1.765444e+01 1.253076e+01
      vertex 3.992310e+01 1.763001e+01 1.246143e+01
      vertex 3.980200e+01 1.771844e+01 1.233398e+01
    endloop
  endfacet
  facet normal 7.890610e-01 2.858973e-01 -5.437328e-01
    outer loop
      vertex 3.996118e+01 1.765444e+01 1.253076e+01
      vertex 3.980200e+01 1.771844e+01 1.233398e+01
      vertex 3.993140e+01 1.786762e+01 1.260010e+01
    endloop
  endfacet
  facet normal 8.724024e-01 2.560474e-01 -4.163577e-01
    outer loop
      vertex 3.996118e+01 1.765444e+01 1.253076e+01
      vertex 3.993140e+01 1.786762e+01 1.260010e+01
      vertex 4.001880e+01 1.770129e+01 1.268066e+01
    endloop
  endfacet
  facet normal 5.766045e-01 7.280641e-02 -8.137730e-01
    outer loop
      vertex 3.957349e+01 1.752184e+01 1.212842e+01
      vertex 3.957788e+01 1.764447e+01 1.214258e+01
      vertex 3.977124e+01 1.756880e+01 1.227295e+01
    endloop
  endfacet
  facet normal 4.625301e-01 8.529311e-02 -8.824914e-01
    outer loop
      vertex 3.957788e+01 1.764447e+01 1.214258e+01
      vertex 3.957349e+01 1.752184e+01 1.212842e+01
      vertex 3.952808e+01 1.752979e+01 1.210547e+01
    endloop
  endfacet
  facet normal 3.561525e-01 1.448299e-01 -9.231358e-01
    outer loop
      vertex 3.957788e+01 1.764447e+01 1.214258e+01
      vertex 3.952808e+01 1.752979e+01 1.210547e+01
      vertex 3.931909e+01 1.767534e+01 1.204785e+01
    endloop
  endfacet
  facet normal 3.561525e-01 1.448299e-01 -9.231358e-01
    outer loop
      vertex 3.957788e+01 1.764447e+01 1.214258e+01
      vertex 3.931909e+01 1.767534e+01 1.204785e+01
      vertex 3.934497e+01 1.773471e+01 1.206689e+01
    endloop
  endfacet
  facet normal 3.821987e-01 2.372781e-01 -8.930976e-01
    outer loop
      vertex 3.957788e+01 1.764447e+01 1.214258e+01
      vertex 3.934497e+01 1.773471e+01 1.206689e+01
      vertex 3.959497e+01 1.776755e+01 1.218262e+01
    endloop
  endfacet
  facet normal 5.958096e-01 1.723922e-01 -7.844054e-01
    outer loop
      vertex 3.957788e+01 1.764447e+01 1.214258e+01
      vertex 3.959497e+01 1.776755e+01 1.218262e+01
      vertex 3.977124e+01 1.756880e+01 1.227295e+01
    endloop
  endfacet
  facet normal 1.258579e-01 -4.333972e-02 -9.911011e-01
    outer loop
      vertex 3.909497e+01 1.748224e+01 1.200635e+01
      vertex 3.922437e+01 1.758524e+01 1.201855e+01
      vertex 3.934253e+01 1.749231e+01 1.203760e+01
    endloop
  endfacet
  facet normal -1.263591e-01 -5.819849e-02 -9.902759e-01
    outer loop
      vertex 3.884741e+01 1.749231e+01 1.203760e+01
      vertex 3.902808e+01 1.756066e+01 1.201025e+01
      vertex 3.909497e+01 1.748224e+01 1.200635e+01
    endloop
  endfacet
  facet normal -3.823914e-01 -3.224270e-01 -8.659201e-01
    outer loop
      vertex 3.861694e+01 1.752184e+01 1.212842e+01
      vertex 3.866187e+01 1.752979e+01 1.210547e+01
      vertex 3.884741e+01 1.749231e+01 1.203760e+01
    endloop
  endfacet
  facet normal -4.625301e-01 8.529311e-02 -8.824914e-01
    outer loop
      vertex 3.866187e+01 1.752979e+01 1.210547e+01
      vertex 3.861694e+01 1.752184e+01 1.212842e+01
      vertex 3.861206e+01 1.764447e+01 1.214258e+01
    endloop
  endfacet
  facet normal -3.561525e-01 1.448299e-01 -9.231358e-01
    outer loop
      vertex 3.866187e+01 1.752979e+01 1.210547e+01
      vertex 3.861206e+01 1.764447e+01 1.214258e+01
      vertex 3.884497e+01 1.773471e+01 1.206689e+01
    endloop
  endfacet
  facet normal -3.561525e-01 1.448299e-01 -9.231358e-01
    outer loop
      vertex 3.866187e+01 1.752979e+01 1.210547e+01
      vertex 3.884497e+01 1.773471e+01 1.206689e+01
      vertex 3.887085e+01 1.767534e+01 1.204785e+01
    endloop
  endfacet
  facet normal -3.058351e-01 6.194317e-02 -9.500673e-01
    outer loop
      vertex 3.866187e+01 1.752979e+01 1.210547e+01
      vertex 3.887085e+01 1.767534e+01 1.204785e+01
      vertex 3.891187e+01 1.762436e+01 1.203125e+01
    endloop
  endfacet
  facet normal -3.218243e-01 1.119976e-01 -9.401519e-01
    outer loop
      vertex 3.866187e+01 1.752979e+01 1.210547e+01
      vertex 3.891187e+01 1.762436e+01 1.203125e+01
      vertex 3.884741e+01 1.749231e+01 1.203760e+01
    endloop
  endfacet
  facet normal -7.565923e-01 1.067473e-01 -6.451148e-01
    outer loop
      vertex 3.826685e+01 1.763001e+01 1.246143e+01
      vertex 3.838794e+01 1.771844e+01 1.233398e+01
      vertex 3.841870e+01 1.756880e+01 1.227295e+01
    endloop
  endfacet
  facet normal -7.870147e-01 3.065972e-01 -5.353560e-01
    outer loop
      vertex 3.838794e+01 1.771844e+01 1.233398e+01
      vertex 3.826685e+01 1.763001e+01 1.246143e+01
      vertex 3.822925e+01 1.765444e+01 1.253076e+01
    endloop
  endfacet
  facet normal -7.890610e-01 2.858973e-01 -5.437328e-01
    outer loop
      vertex 3.838794e+01 1.771844e+01 1.233398e+01
      vertex 3.822925e+01 1.765444e+01 1.253076e+01
      vertex 3.841187e+01 1.789250e+01 1.239014e+01
    endloop
  endfacet
  facet normal -6.068157e-01 3.203548e-01 -7.274252e-01
    outer loop
      vertex 3.838794e+01 1.771844e+01 1.233398e+01
      vertex 3.841187e+01 1.789250e+01 1.239014e+01
      vertex 3.861206e+01 1.789063e+01 1.222266e+01
    endloop
  endfacet
  facet normal -6.068157e-01 3.203548e-01 -7.274252e-01
    outer loop
      vertex 3.838794e+01 1.771844e+01 1.233398e+01
      vertex 3.861206e+01 1.789063e+01 1.222266e+01
      vertex 3.859497e+01 1.776755e+01 1.218262e+01
    endloop
  endfacet
  facet normal -6.077098e-01 1.888594e-01 -7.713760e-01
    outer loop
      vertex 3.838794e+01 1.771844e+01 1.233398e+01
      vertex 3.859497e+01 1.776755e+01 1.218262e+01
      vertex 3.841870e+01 1.756880e+01 1.227295e+01
    endloop
  endfacet
  facet normal -9.638089e-01 1.837748e-01 -1.931300e-01
    outer loop
      vertex 3.813892e+01 1.777778e+01 1.291602e+01
      vertex 3.816187e+01 1.781767e+01 1.283740e+01
      vertex 3.817114e+01 1.770129e+01 1.268066e+01
    endloop
  endfacet
  facet normal -9.080023e-01 4.147420e-01 -5.933736e-02
    outer loop
      vertex 3.816187e+01 1.781767e+01 1.283740e+01
      vertex 3.813892e+01 1.777778e+01 1.291602e+01
      vertex 3.825854e+01 1.803924e+01 1.290918e+01
    endloop
  endfacet
  facet normal -8.546202e-01 4.540600e-01 -2.519003e-01
    outer loop
      vertex 3.816187e+01 1.781767e+01 1.283740e+01
      vertex 3.825854e+01 1.803924e+01 1.290918e+01
      vertex 3.834497e+01 1.806626e+01 1.266455e+01
    endloop
  endfacet
  facet normal -8.546202e-01 4.540600e-01 -2.519003e-01
    outer loop
      vertex 3.816187e+01 1.781767e+01 1.283740e+01
      vertex 3.834497e+01 1.806626e+01 1.266455e+01
      vertex 3.825854e+01 1.786762e+01 1.260010e+01
    endloop
  endfacet
  facet normal -8.973304e-01 3.274835e-01 -2.958930e-01
    outer loop
      vertex 3.816187e+01 1.781767e+01 1.283740e+01
      vertex 3.825854e+01 1.786762e+01 1.260010e+01
      vertex 3.817114e+01 1.770129e+01 1.268066e+01
    endloop
  endfacet
  facet normal -8.806846e-01 4.001314e-01 2.535537e-01
    outer loop
      vertex 3.826685e+01 1.792555e+01 1.337061e+01
      vertex 3.822925e+01 1.797546e+01 1.316064e+01
      vertex 3.817114e+01 1.785427e+01 1.315137e+01
    endloop
  endfacet
  facet normal -7.560062e-01 4.676284e-01 4.580156e-01
    outer loop
      vertex 3.841870e+01 1.798675e+01 1.355908e+01
      vertex 3.841187e+01 1.806954e+01 1.346338e+01
      vertex 3.826685e+01 1.792555e+01 1.337061e+01
    endloop
  endfacet
  facet normal -5.709515e-01 6.004528e-01 5.598846e-01
    outer loop
      vertex 3.841187e+01 1.806954e+01 1.346338e+01
      vertex 3.841870e+01 1.798675e+01 1.355908e+01
      vertex 3.861206e+01 1.821553e+01 1.351074e+01
    endloop
  endfacet
  facet normal -6.036410e-01 7.081819e-01 3.661912e-01
    outer loop
      vertex 3.841187e+01 1.806954e+01 1.346338e+01
      vertex 3.861206e+01 1.821553e+01 1.351074e+01
      vertex 3.859497e+01 1.832357e+01 1.327393e+01
    endloop
  endfacet
  facet normal -6.036410e-01 7.081819e-01 3.661912e-01
    outer loop
      vertex 3.841187e+01 1.806954e+01 1.346338e+01
      vertex 3.859497e+01 1.832357e+01 1.327393e+01
      vertex 3.838794e+01 1.817243e+01 1.322461e+01
    endloop
  endfacet
  facet normal -7.621785e-01 5.629733e-01 3.196012e-01
    outer loop
      vertex 3.841187e+01 1.806954e+01 1.346338e+01
      vertex 3.838794e+01 1.817243e+01 1.322461e+01
      vertex 3.826685e+01 1.792555e+01 1.337061e+01
    endloop
  endfacet
  facet normal -3.817035e-01 3.527829e-01 8.543107e-01
    outer loop
      vertex 3.884741e+01 1.806325e+01 1.379443e+01
      vertex 3.866187e+01 1.805872e+01 1.371338e+01
      vertex 3.861694e+01 1.803372e+01 1.370361e+01
    endloop
  endfacet
  facet normal -3.310226e-01 6.049917e-01 7.241610e-01
    outer loop
      vertex 3.866187e+01 1.805872e+01 1.371338e+01
      vertex 3.884741e+01 1.806325e+01 1.379443e+01
      vertex 3.887085e+01 1.814100e+01 1.374023e+01
    endloop
  endfacet
  facet normal -3.539953e-01 6.954016e-01 6.253831e-01
    outer loop
      vertex 3.866187e+01 1.805872e+01 1.371338e+01
      vertex 3.887085e+01 1.814100e+01 1.374023e+01
      vertex 3.884497e+01 1.830730e+01 1.354102e+01
    endloop
  endfacet
  facet normal -3.539953e-01 6.954016e-01 6.253831e-01
    outer loop
      vertex 3.866187e+01 1.805872e+01 1.371338e+01
      vertex 3.884497e+01 1.830730e+01 1.354102e+01
      vertex 3.861206e+01 1.821553e+01 1.351074e+01
    endloop
  endfacet
  facet normal -4.819907e-01 6.314346e-01 6.074335e-01
    outer loop
      vertex 3.866187e+01 1.805872e+01 1.371338e+01
      vertex 3.861206e+01 1.821553e+01 1.351074e+01
      vertex 3.861694e+01 1.803372e+01 1.370361e+01
    endloop
  endfacet
  facet normal 1.237613e-01 5.927005e-01 7.958575e-01
    outer loop
      vertex 3.934253e+01 1.806325e+01 1.379443e+01
      vertex 3.931909e+01 1.814100e+01 1.374023e+01
      vertex 3.909497e+01 1.807332e+01 1.382568e+01
    endloop
  endfacet
  facet normal 3.310226e-01 6.049917e-01 7.241610e-01
    outer loop
      vertex 3.931909e+01 1.814100e+01 1.374023e+01
      vertex 3.934253e+01 1.806325e+01 1.379443e+01
      vertex 3.952808e+01 1.805872e+01 1.371338e+01
    endloop
  endfacet
  facet normal 3.539953e-01 6.954016e-01 6.253831e-01
    outer loop
      vertex 3.931909e+01 1.814100e+01 1.374023e+01
      vertex 3.952808e+01 1.805872e+01 1.371338e+01
      vertex 3.957788e+01 1.821553e+01 1.351074e+01
    endloop
  endfacet
  facet normal 3.539953e-01 6.954016e-01 6.253831e-01
    outer loop
      vertex 3.931909e+01 1.814100e+01 1.374023e+01
      vertex 3.957788e+01 1.821553e+01 1.351074e+01
      vertex 3.934497e+01 1.830730e+01 1.354102e+01
    endloop
  endfacet
  facet normal 1.207412e-01 7.548429e-01 6.446967e-01
    outer loop
      vertex 3.931909e+01 1.814100e+01 1.374023e+01
      vertex 3.934497e+01 1.830730e+01 1.354102e+01
      vertex 3.909497e+01 1.816906e+01 1.374951e+01
    endloop
  endfacet
  facet normal 1.091191e-01 6.187053e-01 7.780082e-01
    outer loop
      vertex 3.931909e+01 1.814100e+01 1.374023e+01
      vertex 3.909497e+01 1.816906e+01 1.374951e+01
      vertex 3.909497e+01 1.807332e+01 1.382568e+01
    endloop
  endfacet
  facet normal 5.609773e-01 5.952727e-01 5.752868e-01
    outer loop
      vertex 3.977124e+01 1.798675e+01 1.355908e+01
      vertex 3.957788e+01 1.821553e+01 1.351074e+01
      vertex 3.957349e+01 1.803372e+01 1.370361e+01
    endloop
  endfacet
  facet normal 5.709515e-01 6.004528e-01 5.598846e-01
    outer loop
      vertex 3.957788e+01 1.821553e+01 1.351074e+01
      vertex 3.977124e+01 1.798675e+01 1.355908e+01
      vertex 3.977808e+01 1.806954e+01 1.346338e+01
    endloop
  endfacet
  facet normal 6.036410e-01 7.081819e-01 3.661912e-01
    outer loop
      vertex 3.957788e+01 1.821553e+01 1.351074e+01
      vertex 3.977808e+01 1.806954e+01 1.346338e+01
      vertex 3.980200e+01 1.817243e+01 1.322461e+01
    endloop
  endfacet
  facet normal 6.036410e-01 7.081819e-01 3.661912e-01
    outer loop
      vertex 3.957788e+01 1.821553e+01 1.351074e+01
      vertex 3.980200e+01 1.817243e+01 1.322461e+01
      vertex 3.959497e+01 1.832357e+01 1.327393e+01
    endloop
  endfacet
  facet normal 3.794646e-01 8.312755e-01 4.061868e-01
    outer loop
      vertex 3.957788e+01 1.821553e+01 1.351074e+01
      vertex 3.959497e+01 1.832357e+01 1.327393e+01
      vertex 3.934497e+01 1.830730e+01 1.354102e+01
    endloop
  endfacet
  facet normal 8.806846e-01 4.001314e-01 2.535537e-01
    outer loop
      vertex 4.001880e+01 1.785427e+01 1.315137e+01
      vertex 3.996118e+01 1.797546e+01 1.316064e+01
      vertex 3.992310e+01 1.792555e+01 1.337061e+01
    endloop
  endfacet
  facet normal 9.028032e-01 4.300426e-01 3.124668e-03
    outer loop
      vertex 3.996118e+01 1.797546e+01 1.316064e+01
      vertex 4.001880e+01 1.785427e+01 1.315137e+01
      vertex 3.993140e+01 1.803924e+01 1.290918e+01
    endloop
  endfacet
  facet normal 7.866803e-01 6.140922e-01 6.344169e-02
    outer loop
      vertex 3.996118e+01 1.797546e+01 1.316064e+01
      vertex 3.993140e+01 1.803924e+01 1.290918e+01
      vertex 3.980200e+01 1.817243e+01 1.322461e+01
    endloop
  endfacet
  facet normal 7.901579e-01 5.489274e-01 2.726340e-01
    outer loop
      vertex 3.996118e+01 1.797546e+01 1.316064e+01
      vertex 3.980200e+01 1.817243e+01 1.322461e+01
      vertex 3.992310e+01 1.792555e+01 1.337061e+01
    endloop
  endfacet
  facet normal 3.847791e-02 1.732077e-02 -9.991093e-01
    outer loop
      vertex 3.909497e+01 1.748224e+01 1.200635e+01
      vertex 3.909497e+01 1.755227e+01 1.200781e+01
      vertex 3.916187e+01 1.756066e+01 1.201025e+01
    endloop
  endfacet
  facet normal 1.603514e-01 -8.759475e-02 -9.831656e-01
    outer loop
      vertex 3.909497e+01 1.748224e+01 1.200635e+01
      vertex 3.916187e+01 1.756066e+01 1.201025e+01
      vertex 3.922437e+01 1.758524e+01 1.201855e+01
    endloop
  endfacet
  facet normal 1.718156e-02 1.822086e-01 -9.831098e-01
    outer loop
      vertex 3.909497e+01 1.755227e+01 1.200781e+01
      vertex 3.909497e+01 1.780895e+01 1.205518e+01
      vertex 3.916187e+01 1.756066e+01 1.201025e+01
    endloop
  endfacet
  facet normal 8.013313e-02 2.070078e-01 -9.750520e-01
    outer loop
      vertex 3.922437e+01 1.758524e+01 1.201855e+01
      vertex 3.909497e+01 1.780895e+01 1.205518e+01
      vertex 3.927808e+01 1.762436e+01 1.203125e+01
    endloop
  endfacet
  facet normal 1.965205e-01 4.889681e-02 -9.792798e-01
    outer loop
      vertex 3.922437e+01 1.758524e+01 1.201855e+01
      vertex 3.927808e+01 1.762436e+01 1.203125e+01
      vertex 3.934253e+01 1.749231e+01 1.203760e+01
    endloop
  endfacet
  facet normal 1.216131e-01 2.584198e-01 -9.583473e-01
    outer loop
      vertex 3.931909e+01 1.767534e+01 1.204785e+01
      vertex 3.909497e+01 1.780895e+01 1.205518e+01
      vertex 3.934497e+01 1.773471e+01 1.206689e+01
    endloop
  endfacet
  facet normal 1.305069e-01 3.226687e-01 -9.374715e-01
    outer loop
      vertex 3.935376e+01 1.779842e+01 1.208789e+01
      vertex 3.909497e+01 1.780895e+01 1.205518e+01
      vertex 3.934497e+01 1.786213e+01 1.210840e+01
    endloop
  endfacet
  facet normal 3.821987e-01 3.329875e-01 -8.619997e-01
    outer loop
      vertex 3.935376e+01 1.779842e+01 1.208789e+01
      vertex 3.934497e+01 1.786213e+01 1.210840e+01
      vertex 3.957788e+01 1.789063e+01 1.222266e+01
    endloop
  endfacet
  facet normal 3.821987e-01 3.329875e-01 -8.619997e-01
    outer loop
      vertex 3.935376e+01 1.779842e+01 1.208789e+01
      vertex 3.957788e+01 1.789063e+01 1.222266e+01
      vertex 3.959497e+01 1.776755e+01 1.218262e+01
    endloop
  endfacet
  facet normal 3.821987e-01 2.372781e-01 -8.930976e-01
    outer loop
      vertex 3.935376e+01 1.779842e+01 1.208789e+01
      vertex 3.959497e+01 1.776755e+01 1.218262e+01
      vertex 3.934497e+01 1.773471e+01 1.206689e+01
    endloop
  endfacet
  facet normal 1.305069e-01 2.899874e-01 -9.480903e-01
    outer loop
      vertex 3.935376e+01 1.779842e+01 1.208789e+01
      vertex 3.934497e+01 1.773471e+01 1.206689e+01
      vertex 3.909497e+01 1.780895e+01 1.205518e+01
    endloop
  endfacet
  facet normal 8.013313e-02 4.056484e-01 -9.105098e-01
    outer loop
      vertex 3.927808e+01 1.797247e+01 1.214404e+01
      vertex 3.909497e+01 1.780895e+01 1.205518e+01
      vertex 3.922437e+01 1.801159e+01 1.215674e+01
    endloop
  endfacet
  facet normal 2.346755e-01 5.759993e-01 -7.830404e-01
    outer loop
      vertex 3.927808e+01 1.797247e+01 1.214404e+01
      vertex 3.922437e+01 1.801159e+01 1.215674e+01
      vertex 3.934497e+01 1.817937e+01 1.231641e+01
    endloop
  endfacet
  facet normal 2.346755e-01 5.759993e-01 -7.830404e-01
    outer loop
      vertex 3.927808e+01 1.797247e+01 1.214404e+01
      vertex 3.934497e+01 1.817937e+01 1.231641e+01
      vertex 3.944849e+01 1.810380e+01 1.229199e+01
    endloop
  endfacet
  facet normal 3.058351e-01 5.083225e-01 -8.050299e-01
    outer loop
      vertex 3.927808e+01 1.797247e+01 1.214404e+01
      vertex 3.944849e+01 1.810380e+01 1.229199e+01
      vertex 3.931909e+01 1.792149e+01 1.212744e+01
    endloop
  endfacet
  facet normal 1.044315e-01 3.825392e-01 -9.180184e-01
    outer loop
      vertex 3.927808e+01 1.797247e+01 1.214404e+01
      vertex 3.931909e+01 1.792149e+01 1.212744e+01
      vertex 3.909497e+01 1.780895e+01 1.205518e+01
    endloop
  endfacet
  facet normal 1.718156e-02 4.304475e-01 -9.024521e-01
    outer loop
      vertex 3.916187e+01 1.803618e+01 1.216504e+01
      vertex 3.909497e+01 1.780895e+01 1.205518e+01
      vertex 3.909497e+01 1.804457e+01 1.216748e+01
    endloop
  endfacet
  facet normal 5.031741e-02 6.486254e-01 -7.594427e-01
    outer loop
      vertex 3.916187e+01 1.803618e+01 1.216504e+01
      vertex 3.909497e+01 1.804457e+01 1.216748e+01
      vertex 3.909497e+01 1.824308e+01 1.233740e+01
    endloop
  endfacet
  facet normal 5.031741e-02 6.486254e-01 -7.594427e-01
    outer loop
      vertex 3.916187e+01 1.803618e+01 1.216504e+01
      vertex 3.909497e+01 1.824308e+01 1.233740e+01
      vertex 3.922437e+01 1.822687e+01 1.233203e+01
    endloop
  endfacet
  facet normal 1.475232e-01 6.238540e-01 -7.674915e-01
    outer loop
      vertex 3.916187e+01 1.803618e+01 1.216504e+01
      vertex 3.922437e+01 1.822687e+01 1.233203e+01
      vertex 3.922437e+01 1.801159e+01 1.215674e+01
    endloop
  endfacet
  facet normal 5.037379e-02 4.219890e-01 -9.052004e-01
    outer loop
      vertex 3.916187e+01 1.803618e+01 1.216504e+01
      vertex 3.922437e+01 1.801159e+01 1.215674e+01
      vertex 3.909497e+01 1.780895e+01 1.205518e+01
    endloop
  endfacet
  facet normal -5.037379e-02 4.219890e-01 -9.052004e-01
    outer loop
      vertex 3.902808e+01 1.803618e+01 1.216504e+01
      vertex 3.909497e+01 1.780895e+01 1.205518e+01
      vertex 3.896558e+01 1.801159e+01 1.215674e+01
    endloop
  endfacet
  facet normal -1.475232e-01 6.238540e-01 -7.674915e-01
    outer loop
      vertex 3.902808e+01 1.803618e+01 1.216504e+01
      vertex 3.896558e+01 1.801159e+01 1.215674e+01
      vertex 3.884497e+01 1.817937e+01 1.231641e+01
    endloop
  endfacet
  facet normal -1.475232e-01 6.238540e-01 -7.674915e-01
    outer loop
      vertex 3.902808e+01 1.803618e+01 1.216504e+01
      vertex 3.884497e+01 1.817937e+01 1.231641e+01
      vertex 3.896558e+01 1.822687e+01 1.233203e+01
    endloop
  endfacet
  facet normal -5.031741e-02 6.486254e-01 -7.594427e-01
    outer loop
      vertex 3.902808e+01 1.803618e+01 1.216504e+01
      vertex 3.896558e+01 1.822687e+01 1.233203e+01
      vertex 3.909497e+01 1.804457e+01 1.216748e+01
    endloop
  endfacet
  facet normal -1.718156e-02 4.304475e-01 -9.024521e-01
    outer loop
      vertex 3.902808e+01 1.803618e+01 1.216504e+01
      vertex 3.909497e+01 1.804457e+01 1.216748e+01
      vertex 3.909497e+01 1.780895e+01 1.205518e+01
    endloop
  endfacet
  facet normal -1.044315e-01 3.825392e-01 -9.180184e-01
    outer loop
      vertex 3.891187e+01 1.797247e+01 1.214404e+01
      vertex 3.909497e+01 1.780895e+01 1.205518e+01
      vertex 3.887085e+01 1.792149e+01 1.212744e+01
    endloop
  endfacet
  facet normal -3.058351e-01 5.083225e-01 -8.050299e-01
    outer loop
      vertex 3.891187e+01 1.797247e+01 1.214404e+01
      vertex 3.887085e+01 1.792149e+01 1.212744e+01
      vertex 3.866187e+01 1.800531e+01 1.225977e+01
    endloop
  endfacet
  facet normal -3.058351e-01 5.083225e-01 -8.050299e-01
    outer loop
      vertex 3.891187e+01 1.797247e+01 1.214404e+01
      vertex 3.866187e+01 1.800531e+01 1.225977e+01
      vertex 3.874146e+01 1.810380e+01 1.229199e+01
    endloop
  endfacet
  facet normal -2.346755e-01 5.759993e-01 -7.830404e-01
    outer loop
      vertex 3.891187e+01 1.797247e+01 1.214404e+01
      vertex 3.874146e+01 1.810380e+01 1.229199e+01
      vertex 3.896558e+01 1.801159e+01 1.215674e+01
    endloop
  endfacet
  facet normal -8.013313e-02 4.056484e-01 -9.105098e-01
    outer loop
      vertex 3.891187e+01 1.797247e+01 1.214404e+01
      vertex 3.896558e+01 1.801159e+01 1.215674e+01
      vertex 3.909497e+01 1.780895e+01 1.205518e+01
    endloop
  endfacet
  facet normal -1.305069e-01 3.226687e-01 -9.374715e-01
    outer loop
      vertex 3.884497e+01 1.786213e+01 1.210840e+01
      vertex 3.909497e+01 1.780895e+01 1.205518e+01
      vertex 3.883618e+01 1.779842e+01 1.208789e+01
    endloop
  endfacet
  facet normal -3.821987e-01 3.329875e-01 -8.619997e-01
    outer loop
      vertex 3.884497e+01 1.786213e+01 1.210840e+01
      vertex 3.883618e+01 1.779842e+01 1.208789e+01
      vertex 3.859497e+01 1.776755e+01 1.218262e+01
    endloop
  endfacet
  facet normal -3.821987e-01 3.329875e-01 -8.619997e-01
    outer loop
      vertex 3.884497e+01 1.786213e+01 1.210840e+01
      vertex 3.859497e+01 1.776755e+01 1.218262e+01
      vertex 3.861206e+01 1.789063e+01 1.222266e+01
    endloop
  endfacet
  facet normal -3.561525e-01 4.254357e-01 -8.319615e-01
    outer loop
      vertex 3.884497e+01 1.786213e+01 1.210840e+01
      vertex 3.861206e+01 1.789063e+01 1.222266e+01
      vertex 3.887085e+01 1.792149e+01 1.212744e+01
    endloop
  endfacet
  facet normal -1.216131e-01 3.542364e-01 -9.272146e-01
    outer loop
      vertex 3.884497e+01 1.786213e+01 1.210840e+01
      vertex 3.887085e+01 1.792149e+01 1.212744e+01
      vertex 3.909497e+01 1.780895e+01 1.205518e+01
    endloop
  endfacet
  facet normal -1.216131e-01 2.584198e-01 -9.583473e-01
    outer loop
      vertex 3.884497e+01 1.773471e+01 1.206689e+01
      vertex 3.909497e+01 1.780895e+01 1.205518e+01
      vertex 3.887085e+01 1.767534e+01 1.204785e+01
    endloop
  endfacet
  facet normal -8.013313e-02 2.070078e-01 -9.750520e-01
    outer loop
      vertex 3.891187e+01 1.762436e+01 1.203125e+01
      vertex 3.909497e+01 1.780895e+01 1.205518e+01
      vertex 3.896558e+01 1.758524e+01 1.201855e+01
    endloop
  endfacet
  facet normal -1.965205e-01 4.889681e-02 -9.792798e-01
    outer loop
      vertex 3.891187e+01 1.762436e+01 1.203125e+01
      vertex 3.896558e+01 1.758524e+01 1.201855e+01
      vertex 3.884741e+01 1.749231e+01 1.203760e+01
    endloop
  endfacet
  facet normal -1.718156e-02 1.822086e-01 -9.831098e-01
    outer loop
      vertex 3.902808e+01 1.756066e+01 1.201025e+01
      vertex 3.909497e+01 1.780895e+01 1.205518e+01
      vertex 3.909497e+01 1.755227e+01 1.200781e+01
    endloop
  endfacet
  facet normal -3.847791e-02 1.732077e-02 -9.991093e-01
    outer loop
      vertex 3.902808e+01 1.756066e+01 1.201025e+01
      vertex 3.909497e+01 1.755227e+01 1.200781e+01
      vertex 3.909497e+01 1.748224e+01 1.200635e+01
    endloop
  endfacet
  facet normal -5.037379e-02 1.906672e-01 -9.803614e-01
    outer loop
      vertex 3.909497e+01 1.780895e+01 1.205518e+01
      vertex 3.902808e+01 1.756066e+01 1.201025e+01
      vertex 3.896558e+01 1.758524e+01 1.201855e+01
    endloop
  endfacet
  facet normal -1.091191e-01 6.187053e-01 7.780082e-01
    outer loop
      vertex 3.909497e+01 1.807332e+01 1.382568e+01
      vertex 3.909497e+01 1.816906e+01 1.374951e+01
      vertex 3.887085e+01 1.814100e+01 1.374023e+01
    endloop
  endfacet
  facet normal -1.237613e-01 5.927005e-01 7.958575e-01
    outer loop
      vertex 3.909497e+01 1.807332e+01 1.382568e+01
      vertex 3.887085e+01 1.814100e+01 1.374023e+01
      vertex 3.884741e+01 1.806325e+01 1.379443e+01
    endloop
  endfacet
  facet normal 5.037379e-02 1.906672e-01 -9.803614e-01
    outer loop
      vertex 3.909497e+01 1.780895e+01 1.205518e+01
      vertex 3.922437e+01 1.758524e+01 1.201855e+01
      vertex 3.916187e+01 1.756066e+01 1.201025e+01
    endloop
  endfacet
  facet normal 1.216131e-01 3.542364e-01 -9.272146e-01
    outer loop
      vertex 3.909497e+01 1.780895e+01 1.205518e+01
      vertex 3.931909e+01 1.792149e+01 1.212744e+01
      vertex 3.934497e+01 1.786213e+01 1.210840e+01
    endloop
  endfacet
  facet normal 6.068157e-01 3.203548e-01 -7.274252e-01
    outer loop
      vertex 3.957788e+01 1.789063e+01 1.222266e+01
      vertex 3.977808e+01 1.789250e+01 1.239014e+01
      vertex 3.959497e+01 1.776755e+01 1.218262e+01
    endloop
  endfacet
  facet normal 3.561525e-01 4.254357e-01 -8.319615e-01
    outer loop
      vertex 3.957788e+01 1.789063e+01 1.222266e+01
      vertex 3.934497e+01 1.786213e+01 1.210840e+01
      vertex 3.952808e+01 1.800531e+01 1.225977e+01
    endloop
  endfacet
  facet normal 5.654622e-01 4.671345e-01 -6.797336e-01
    outer loop
      vertex 3.957788e+01 1.789063e+01 1.222266e+01
      vertex 3.952808e+01 1.800531e+01 1.225977e+01
      vertex 3.970728e+01 1.805469e+01 1.244287e+01
    endloop
  endfacet
  facet normal 5.654622e-01 4.671345e-01 -6.797336e-01
    outer loop
      vertex 3.957788e+01 1.789063e+01 1.222266e+01
      vertex 3.970728e+01 1.805469e+01 1.244287e+01
      vertex 3.977808e+01 1.789250e+01 1.239014e+01
    endloop
  endfacet
  facet normal 6.068157e-01 3.203548e-01 -7.274252e-01
    outer loop
      vertex 3.959497e+01 1.776755e+01 1.218262e+01
      vertex 3.977808e+01 1.789250e+01 1.239014e+01
      vertex 3.980200e+01 1.771844e+01 1.233398e+01
    endloop
  endfacet
  facet normal 6.077098e-01 1.888594e-01 -7.713760e-01
    outer loop
      vertex 3.959497e+01 1.776755e+01 1.218262e+01
      vertex 3.980200e+01 1.771844e+01 1.233398e+01
      vertex 3.977124e+01 1.756880e+01 1.227295e+01
    endloop
  endfacet
  facet normal 8.973304e-01 3.274835e-01 -2.958930e-01
    outer loop
      vertex 4.001880e+01 1.770129e+01 1.268066e+01
      vertex 3.993140e+01 1.786762e+01 1.260010e+01
      vertex 4.002808e+01 1.781767e+01 1.283740e+01
    endloop
  endfacet
  facet normal 7.352878e-01 4.767595e-01 -4.817180e-01
    outer loop
      vertex 3.993140e+01 1.786762e+01 1.260010e+01
      vertex 3.977808e+01 1.789250e+01 1.239014e+01
      vertex 3.984497e+01 1.806626e+01 1.266455e+01
    endloop
  endfacet
  facet normal 8.546202e-01 4.540600e-01 -2.519003e-01
    outer loop
      vertex 3.993140e+01 1.786762e+01 1.260010e+01
      vertex 3.984497e+01 1.806626e+01 1.266455e+01
      vertex 3.993140e+01 1.803924e+01 1.290918e+01
    endloop
  endfacet
  facet normal 8.546202e-01 4.540600e-01 -2.519003e-01
    outer loop
      vertex 3.993140e+01 1.786762e+01 1.260010e+01
      vertex 3.993140e+01 1.803924e+01 1.290918e+01
      vertex 4.002808e+01 1.781767e+01 1.283740e+01
    endloop
  endfacet
  facet normal 9.080023e-01 4.147420e-01 -5.933736e-02
    outer loop
      vertex 4.005151e+01 1.777778e+01 1.291602e+01
      vertex 4.002808e+01 1.781767e+01 1.283740e+01
      vertex 3.993140e+01 1.803924e+01 1.290918e+01
    endloop
  endfacet
  facet normal 9.090851e-01 4.165025e-01 -9.487567e-03
    outer loop
      vertex 4.005151e+01 1.777778e+01 1.291602e+01
      vertex 3.993140e+01 1.803924e+01 1.290918e+01
      vertex 4.001880e+01 1.785427e+01 1.315137e+01
    endloop
  endfacet
  facet normal 7.890610e-01 2.858973e-01 -5.437328e-01
    outer loop
      vertex 3.977808e+01 1.789250e+01 1.239014e+01
      vertex 3.993140e+01 1.786762e+01 1.260010e+01
      vertex 3.980200e+01 1.771844e+01 1.233398e+01
    endloop
  endfacet
  facet normal 7.565923e-01 1.067473e-01 -6.451148e-01
    outer loop
      vertex 3.977124e+01 1.756880e+01 1.227295e+01
      vertex 3.980200e+01 1.771844e+01 1.233398e+01
      vertex 3.992310e+01 1.763001e+01 1.246143e+01
    endloop
  endfacet
  facet normal 3.823914e-01 -3.224270e-01 -8.659201e-01
    outer loop
      vertex 3.957349e+01 1.752184e+01 1.212842e+01
      vertex 3.934253e+01 1.749231e+01 1.203760e+01
      vertex 3.952808e+01 1.752979e+01 1.210547e+01
    endloop
  endfacet
  facet normal 2.756378e-01 8.861408e-02 -9.571684e-01
    outer loop
      vertex 3.934253e+01 1.749231e+01 1.203760e+01
      vertex 3.927808e+01 1.762436e+01 1.203125e+01
      vertex 3.931909e+01 1.767534e+01 1.204785e+01
    endloop
  endfacet
  facet normal 3.256746e-01 9.409293e-02 -9.407883e-01
    outer loop
      vertex 3.934253e+01 1.749231e+01 1.203760e+01
      vertex 3.931909e+01 1.767534e+01 1.204785e+01
      vertex 3.952808e+01 1.752979e+01 1.210547e+01
    endloop
  endfacet
  facet normal -1.377591e-01 -2.800190e-02 -9.900699e-01
    outer loop
      vertex 3.884741e+01 1.749231e+01 1.203760e+01
      vertex 3.896558e+01 1.758524e+01 1.201855e+01
      vertex 3.902808e+01 1.756066e+01 1.201025e+01
    endloop
  endfacet
  facet normal -3.821987e-01 2.372781e-01 -8.930976e-01
    outer loop
      vertex 3.859497e+01 1.776755e+01 1.218262e+01
      vertex 3.883618e+01 1.779842e+01 1.208789e+01
      vertex 3.861206e+01 1.764447e+01 1.214258e+01
    endloop
  endfacet
  facet normal -5.958096e-01 1.723922e-01 -7.844054e-01
    outer loop
      vertex 3.859497e+01 1.776755e+01 1.218262e+01
      vertex 3.861206e+01 1.764447e+01 1.214258e+01
      vertex 3.841870e+01 1.756880e+01 1.227295e+01
    endloop
  endfacet
  facet normal -1.044315e-01 2.301169e-01 -9.675434e-01
    outer loop
      vertex 3.887085e+01 1.767534e+01 1.204785e+01
      vertex 3.909497e+01 1.780895e+01 1.205518e+01
      vertex 3.891187e+01 1.762436e+01 1.203125e+01
    endloop
  endfacet
  facet normal -5.766045e-01 7.280641e-02 -8.137730e-01
    outer loop
      vertex 3.841870e+01 1.756880e+01 1.227295e+01
      vertex 3.861206e+01 1.764447e+01 1.214258e+01
      vertex 3.861694e+01 1.752184e+01 1.212842e+01
    endloop
  endfacet
  facet normal -3.821987e-01 2.372781e-01 -8.930976e-01
    outer loop
      vertex 3.884497e+01 1.773471e+01 1.206689e+01
      vertex 3.861206e+01 1.764447e+01 1.214258e+01
      vertex 3.883618e+01 1.779842e+01 1.208789e+01
    endloop
  endfacet
  facet normal -1.305069e-01 2.899874e-01 -9.480903e-01
    outer loop
      vertex 3.884497e+01 1.773471e+01 1.206689e+01
      vertex 3.883618e+01 1.779842e+01 1.208789e+01
      vertex 3.909497e+01 1.780895e+01 1.205518e+01
    endloop
  endfacet
  facet normal -8.724024e-01 2.560474e-01 -4.163577e-01
    outer loop
      vertex 3.817114e+01 1.770129e+01 1.268066e+01
      vertex 3.825854e+01 1.786762e+01 1.260010e+01
      vertex 3.822925e+01 1.765444e+01 1.253076e+01
    endloop
  endfacet
  facet normal -2.329043e-01 -9.501515e-01 2.072866e-01
    outer loop
      vertex 3.817114e+01 1.770129e+01 1.268066e+01
      vertex 3.822925e+01 1.765444e+01 1.253076e+01
      vertex 3.826685e+01 1.763001e+01 1.246143e+01
    endloop
  endfacet
  facet normal -7.352878e-01 4.767595e-01 -4.817180e-01
    outer loop
      vertex 3.841187e+01 1.789250e+01 1.239014e+01
      vertex 3.825854e+01 1.786762e+01 1.260010e+01
      vertex 3.848267e+01 1.805469e+01 1.244287e+01
    endloop
  endfacet
  facet normal -5.654622e-01 4.671345e-01 -6.797336e-01
    outer loop
      vertex 3.841187e+01 1.789250e+01 1.239014e+01
      vertex 3.848267e+01 1.805469e+01 1.244287e+01
      vertex 3.866187e+01 1.800531e+01 1.225977e+01
    endloop
  endfacet
  facet normal -5.654622e-01 4.671345e-01 -6.797336e-01
    outer loop
      vertex 3.841187e+01 1.789250e+01 1.239014e+01
      vertex 3.866187e+01 1.800531e+01 1.225977e+01
      vertex 3.861206e+01 1.789063e+01 1.222266e+01
    endloop
  endfacet
  facet normal -3.561525e-01 4.254357e-01 -8.319615e-01
    outer loop
      vertex 3.887085e+01 1.792149e+01 1.212744e+01
      vertex 3.861206e+01 1.789063e+01 1.222266e+01
      vertex 3.866187e+01 1.800531e+01 1.225977e+01
    endloop
  endfacet
  facet normal -7.890610e-01 2.858973e-01 -5.437328e-01
    outer loop
      vertex 3.825854e+01 1.786762e+01 1.260010e+01
      vertex 3.841187e+01 1.789250e+01 1.239014e+01
      vertex 3.822925e+01 1.765444e+01 1.253076e+01
    endloop
  endfacet
  facet normal -9.090851e-01 4.165025e-01 -9.487567e-03
    outer loop
      vertex 3.813892e+01 1.777778e+01 1.291602e+01
      vertex 3.817114e+01 1.785427e+01 1.315137e+01
      vertex 3.825854e+01 1.803924e+01 1.290918e+01
    endloop
  endfacet
  facet normal -7.866803e-01 6.140922e-01 6.344169e-02
    outer loop
      vertex 3.825854e+01 1.803924e+01 1.290918e+01
      vertex 3.822925e+01 1.797546e+01 1.316064e+01
      vertex 3.841187e+01 1.822950e+01 1.297119e+01
    endloop
  endfacet
  facet normal -7.338790e-01 6.529543e-01 -1.872756e-01
    outer loop
      vertex 3.825854e+01 1.803924e+01 1.290918e+01
      vertex 3.841187e+01 1.822950e+01 1.297119e+01
      vertex 3.848267e+01 1.823684e+01 1.272021e+01
    endloop
  endfacet
  facet normal -7.338790e-01 6.529543e-01 -1.872756e-01
    outer loop
      vertex 3.825854e+01 1.803924e+01 1.290918e+01
      vertex 3.848267e+01 1.823684e+01 1.272021e+01
      vertex 3.834497e+01 1.806626e+01 1.266455e+01
    endloop
  endfacet
  facet normal -7.352878e-01 4.767595e-01 -4.817180e-01
    outer loop
      vertex 3.825854e+01 1.786762e+01 1.260010e+01
      vertex 3.834497e+01 1.806626e+01 1.266455e+01
      vertex 3.848267e+01 1.805469e+01 1.244287e+01
    endloop
  endfacet
  facet normal -4.855734e-01 5.987336e-01 -6.369745e-01
    outer loop
      vertex 3.874146e+01 1.810380e+01 1.229199e+01
      vertex 3.866187e+01 1.800531e+01 1.225977e+01
      vertex 3.848267e+01 1.805469e+01 1.244287e+01
    endloop
  endfacet
  facet normal -4.855734e-01 5.987336e-01 -6.369745e-01
    outer loop
      vertex 3.874146e+01 1.810380e+01 1.229199e+01
      vertex 3.848267e+01 1.805469e+01 1.244287e+01
      vertex 3.859497e+01 1.819397e+01 1.248828e+01
    endloop
  endfacet
  facet normal -3.725936e-01 7.061839e-01 -6.020618e-01
    outer loop
      vertex 3.874146e+01 1.810380e+01 1.229199e+01
      vertex 3.859497e+01 1.819397e+01 1.248828e+01
      vertex 3.884497e+01 1.817937e+01 1.231641e+01
    endloop
  endfacet
  facet normal -2.346755e-01 5.759993e-01 -7.830404e-01
    outer loop
      vertex 3.874146e+01 1.810380e+01 1.229199e+01
      vertex 3.884497e+01 1.817937e+01 1.231641e+01
      vertex 3.896558e+01 1.801159e+01 1.215674e+01
    endloop
  endfacet
  facet normal -6.314059e-01 6.478818e-01 -4.261170e-01
    outer loop
      vertex 3.848267e+01 1.805469e+01 1.244287e+01
      vertex 3.834497e+01 1.806626e+01 1.266455e+01
      vertex 3.859497e+01 1.819397e+01 1.248828e+01
    endloop
  endfacet
  facet normal -9.028032e-01 4.300426e-01 3.124668e-03
    outer loop
      vertex 3.825854e+01 1.803924e+01 1.290918e+01
      vertex 3.817114e+01 1.785427e+01 1.315137e+01
      vertex 3.822925e+01 1.797546e+01 1.316064e+01
    endloop
  endfacet
  facet normal -7.901579e-01 5.489274e-01 2.726340e-01
    outer loop
      vertex 3.822925e+01 1.797546e+01 1.316064e+01
      vertex 3.826685e+01 1.792555e+01 1.337061e+01
      vertex 3.838794e+01 1.817243e+01 1.322461e+01
    endloop
  endfacet
  facet normal -7.866803e-01 6.140922e-01 6.344169e-02
    outer loop
      vertex 3.822925e+01 1.797546e+01 1.316064e+01
      vertex 3.838794e+01 1.817243e+01 1.322461e+01
      vertex 3.841187e+01 1.822950e+01 1.297119e+01
    endloop
  endfacet
  facet normal -6.036410e-01 7.881730e-01 1.200039e-01
    outer loop
      vertex 3.841187e+01 1.822950e+01 1.297119e+01
      vertex 3.838794e+01 1.817243e+01 1.322461e+01
      vertex 3.861206e+01 1.837549e+01 1.301855e+01
    endloop
  endfacet
  facet normal -5.631252e-01 8.153509e-01 -1.345098e-01
    outer loop
      vertex 3.841187e+01 1.822950e+01 1.297119e+01
      vertex 3.861206e+01 1.837549e+01 1.301855e+01
      vertex 3.866187e+01 1.836773e+01 1.276270e+01
    endloop
  endfacet
  facet normal -5.631252e-01 8.153509e-01 -1.345098e-01
    outer loop
      vertex 3.841187e+01 1.822950e+01 1.297119e+01
      vertex 3.866187e+01 1.836773e+01 1.276270e+01
      vertex 3.848267e+01 1.823684e+01 1.272021e+01
    endloop
  endfacet
  facet normal -6.314059e-01 6.478818e-01 -4.261170e-01
    outer loop
      vertex 3.834497e+01 1.806626e+01 1.266455e+01
      vertex 3.848267e+01 1.823684e+01 1.272021e+01
      vertex 3.859497e+01 1.819397e+01 1.248828e+01
    endloop
  endfacet
  facet normal -4.844948e-01 7.876026e-01 -3.807189e-01
    outer loop
      vertex 3.859497e+01 1.819397e+01 1.248828e+01
      vertex 3.848267e+01 1.823684e+01 1.272021e+01
      vertex 3.874146e+01 1.830084e+01 1.252295e+01
    endloop
  endfacet
  facet normal -3.725936e-01 7.061839e-01 -6.020618e-01
    outer loop
      vertex 3.859497e+01 1.819397e+01 1.248828e+01
      vertex 3.874146e+01 1.830084e+01 1.252295e+01
      vertex 3.884497e+01 1.817937e+01 1.231641e+01
    endloop
  endfacet
  facet normal -5.609773e-01 5.952727e-01 5.752868e-01
    outer loop
      vertex 3.841870e+01 1.798675e+01 1.355908e+01
      vertex 3.861694e+01 1.803372e+01 1.370361e+01
      vertex 3.861206e+01 1.821553e+01 1.351074e+01
    endloop
  endfacet
  facet normal -6.036410e-01 7.881730e-01 1.200039e-01
    outer loop
      vertex 3.838794e+01 1.817243e+01 1.322461e+01
      vertex 3.859497e+01 1.832357e+01 1.327393e+01
      vertex 3.861206e+01 1.837549e+01 1.301855e+01
    endloop
  endfacet
  facet normal -3.794646e-01 8.312755e-01 4.061868e-01
    outer loop
      vertex 3.859497e+01 1.832357e+01 1.327393e+01
      vertex 3.861206e+01 1.821553e+01 1.351074e+01
      vertex 3.883618e+01 1.841858e+01 1.330469e+01
    endloop
  endfacet
  facet normal -3.794646e-01 9.112666e-01 1.599995e-01
    outer loop
      vertex 3.859497e+01 1.832357e+01 1.327393e+01
      vertex 3.883618e+01 1.841858e+01 1.330469e+01
      vertex 3.884497e+01 1.846726e+01 1.304834e+01
    endloop
  endfacet
  facet normal -3.794646e-01 9.112666e-01 1.599995e-01
    outer loop
      vertex 3.859497e+01 1.832357e+01 1.327393e+01
      vertex 3.884497e+01 1.846726e+01 1.304834e+01
      vertex 3.861206e+01 1.837549e+01 1.301855e+01
    endloop
  endfacet
  facet normal -4.844948e-01 7.876026e-01 -3.807189e-01
    outer loop
      vertex 3.848267e+01 1.823684e+01 1.272021e+01
      vertex 3.866187e+01 1.836773e+01 1.276270e+01
      vertex 3.874146e+01 1.830084e+01 1.252295e+01
    endloop
  endfacet
  facet normal -3.539953e-01 9.301826e-01 -9.719872e-02
    outer loop
      vertex 3.866187e+01 1.836773e+01 1.276270e+01
      vertex 3.861206e+01 1.837549e+01 1.301855e+01
      vertex 3.887085e+01 1.845001e+01 1.278906e+01
    endloop
  endfacet
  facet normal -3.045662e-01 8.864001e-01 -3.486177e-01
    outer loop
      vertex 3.866187e+01 1.836773e+01 1.276270e+01
      vertex 3.887085e+01 1.845001e+01 1.278906e+01
      vertex 3.891187e+01 1.836802e+01 1.254492e+01
    endloop
  endfacet
  facet normal -3.045662e-01 8.864001e-01 -3.486177e-01
    outer loop
      vertex 3.866187e+01 1.836773e+01 1.276270e+01
      vertex 3.891187e+01 1.836802e+01 1.254492e+01
      vertex 3.874146e+01 1.830084e+01 1.252295e+01
    endloop
  endfacet
  facet normal -2.342221e-01 7.821626e-01 -5.773748e-01
    outer loop
      vertex 3.896558e+01 1.822687e+01 1.233203e+01
      vertex 3.884497e+01 1.817937e+01 1.231641e+01
      vertex 3.874146e+01 1.830084e+01 1.252295e+01
    endloop
  endfacet
  facet normal -2.342221e-01 7.821626e-01 -5.773748e-01
    outer loop
      vertex 3.896558e+01 1.822687e+01 1.233203e+01
      vertex 3.874146e+01 1.830084e+01 1.252295e+01
      vertex 3.891187e+01 1.836802e+01 1.254492e+01
    endloop
  endfacet
  facet normal -7.988880e-02 8.214921e-01 -5.645959e-01
    outer loop
      vertex 3.896558e+01 1.822687e+01 1.233203e+01
      vertex 3.891187e+01 1.836802e+01 1.254492e+01
      vertex 3.909497e+01 1.824308e+01 1.233740e+01
    endloop
  endfacet
  facet normal -5.031741e-02 6.486254e-01 -7.594427e-01
    outer loop
      vertex 3.896558e+01 1.822687e+01 1.233203e+01
      vertex 3.909497e+01 1.824308e+01 1.233740e+01
      vertex 3.909497e+01 1.804457e+01 1.216748e+01
    endloop
  endfacet
  facet normal -3.794646e-01 8.312755e-01 4.061868e-01
    outer loop
      vertex 3.861206e+01 1.821553e+01 1.351074e+01
      vertex 3.884497e+01 1.830730e+01 1.354102e+01
      vertex 3.883618e+01 1.841858e+01 1.330469e+01
    endloop
  endfacet
  facet normal -1.207412e-01 7.548429e-01 6.446967e-01
    outer loop
      vertex 3.884497e+01 1.830730e+01 1.354102e+01
      vertex 3.887085e+01 1.814100e+01 1.374023e+01
      vertex 3.909497e+01 1.833860e+01 1.355078e+01
    endloop
  endfacet
  facet normal -1.294283e-01 8.949934e-01 4.268900e-01
    outer loop
      vertex 3.884497e+01 1.830730e+01 1.354102e+01
      vertex 3.909497e+01 1.833860e+01 1.355078e+01
      vertex 3.909497e+01 1.845099e+01 1.331543e+01
    endloop
  endfacet
  facet normal -1.294283e-01 8.949934e-01 4.268900e-01
    outer loop
      vertex 3.884497e+01 1.830730e+01 1.354102e+01
      vertex 3.909497e+01 1.845099e+01 1.331543e+01
      vertex 3.883618e+01 1.841858e+01 1.330469e+01
    endloop
  endfacet
  facet normal -3.539953e-01 9.301826e-01 -9.719872e-02
    outer loop
      vertex 3.861206e+01 1.837549e+01 1.301855e+01
      vertex 3.884497e+01 1.846726e+01 1.304834e+01
      vertex 3.887085e+01 1.845001e+01 1.278906e+01
    endloop
  endfacet
  facet normal -1.294283e-01 9.749845e-01 1.807027e-01
    outer loop
      vertex 3.884497e+01 1.846726e+01 1.304834e+01
      vertex 3.883618e+01 1.841858e+01 1.330469e+01
      vertex 3.909497e+01 1.849856e+01 1.305859e+01
    endloop
  endfacet
  facet normal -1.207412e-01 9.896239e-01 -7.788509e-02
    outer loop
      vertex 3.884497e+01 1.846726e+01 1.304834e+01
      vertex 3.909497e+01 1.849856e+01 1.305859e+01
      vertex 3.909497e+01 1.847808e+01 1.279834e+01
    endloop
  endfacet
  facet normal -1.207412e-01 9.896239e-01 -7.788509e-02
    outer loop
      vertex 3.884497e+01 1.846726e+01 1.304834e+01
      vertex 3.909497e+01 1.847808e+01 1.279834e+01
      vertex 3.887085e+01 1.845001e+01 1.278906e+01
    endloop
  endfacet
  facet normal -1.038819e-01 9.375415e-01 -3.320009e-01
    outer loop
      vertex 3.891187e+01 1.836802e+01 1.254492e+01
      vertex 3.887085e+01 1.845001e+01 1.278906e+01
      vertex 3.909497e+01 1.839094e+01 1.255225e+01
    endloop
  endfacet
  facet normal -7.988880e-02 8.214921e-01 -5.645959e-01
    outer loop
      vertex 3.891187e+01 1.836802e+01 1.254492e+01
      vertex 3.909497e+01 1.839094e+01 1.255225e+01
      vertex 3.909497e+01 1.824308e+01 1.233740e+01
    endloop
  endfacet
  facet normal 7.988880e-02 8.214921e-01 -5.645959e-01
    outer loop
      vertex 3.909497e+01 1.824308e+01 1.233740e+01
      vertex 3.909497e+01 1.839094e+01 1.255225e+01
      vertex 3.922437e+01 1.822687e+01 1.233203e+01
    endloop
  endfacet
  facet normal 1.038819e-01 9.375415e-01 -3.320009e-01
    outer loop
      vertex 3.909497e+01 1.839094e+01 1.255225e+01
      vertex 3.909497e+01 1.847808e+01 1.279834e+01
      vertex 3.927808e+01 1.836802e+01 1.254492e+01
    endloop
  endfacet
  facet normal 7.988880e-02 8.214921e-01 -5.645959e-01
    outer loop
      vertex 3.909497e+01 1.839094e+01 1.255225e+01
      vertex 3.927808e+01 1.836802e+01 1.254492e+01
      vertex 3.922437e+01 1.822687e+01 1.233203e+01
    endloop
  endfacet
  facet normal 1.207412e-01 9.896239e-01 -7.788509e-02
    outer loop
      vertex 3.909497e+01 1.847808e+01 1.279834e+01
      vertex 3.909497e+01 1.849856e+01 1.305859e+01
      vertex 3.931909e+01 1.845001e+01 1.278906e+01
    endloop
  endfacet
  facet normal 1.038819e-01 9.375415e-01 -3.320009e-01
    outer loop
      vertex 3.909497e+01 1.847808e+01 1.279834e+01
      vertex 3.931909e+01 1.845001e+01 1.278906e+01
      vertex 3.927808e+01 1.836802e+01 1.254492e+01
    endloop
  endfacet
  facet normal -1.038819e-01 9.375415e-01 -3.320009e-01
    outer loop
      vertex 3.909497e+01 1.847808e+01 1.279834e+01
      vertex 3.909497e+01 1.839094e+01 1.255225e+01
      vertex 3.887085e+01 1.845001e+01 1.278906e+01
    endloop
  endfacet
  facet normal 1.294283e-01 9.749845e-01 1.807027e-01
    outer loop
      vertex 3.909497e+01 1.849856e+01 1.305859e+01
      vertex 3.909497e+01 1.845099e+01 1.331543e+01
      vertex 3.934497e+01 1.846726e+01 1.304834e+01
    endloop
  endfacet
  facet normal 1.207412e-01 9.896239e-01 -7.788509e-02
    outer loop
      vertex 3.909497e+01 1.849856e+01 1.305859e+01
      vertex 3.934497e+01 1.846726e+01 1.304834e+01
      vertex 3.931909e+01 1.845001e+01 1.278906e+01
    endloop
  endfacet
  facet normal 1.294283e-01 8.949934e-01 4.268900e-01
    outer loop
      vertex 3.909497e+01 1.845099e+01 1.331543e+01
      vertex 3.909497e+01 1.833860e+01 1.355078e+01
      vertex 3.935376e+01 1.841858e+01 1.330469e+01
    endloop
  endfacet
  facet normal 1.294283e-01 9.749845e-01 1.807027e-01
    outer loop
      vertex 3.909497e+01 1.845099e+01 1.331543e+01
      vertex 3.935376e+01 1.841858e+01 1.330469e+01
      vertex 3.934497e+01 1.846726e+01 1.304834e+01
    endloop
  endfacet
  facet normal -1.294283e-01 9.749845e-01 1.807027e-01
    outer loop
      vertex 3.909497e+01 1.845099e+01 1.331543e+01
      vertex 3.909497e+01 1.849856e+01 1.305859e+01
      vertex 3.883618e+01 1.841858e+01 1.330469e+01
    endloop
  endfacet
  facet normal 1.294283e-01 8.949934e-01 4.268900e-01
    outer loop
      vertex 3.935376e+01 1.841858e+01 1.330469e+01
      vertex 3.909497e+01 1.833860e+01 1.355078e+01
      vertex 3.934497e+01 1.830730e+01 1.354102e+01
    endloop
  endfacet
  facet normal 3.794646e-01 8.312755e-01 4.061868e-01
    outer loop
      vertex 3.935376e+01 1.841858e+01 1.330469e+01
      vertex 3.934497e+01 1.830730e+01 1.354102e+01
      vertex 3.959497e+01 1.832357e+01 1.327393e+01
    endloop
  endfacet
  facet normal 3.794646e-01 9.112666e-01 1.599995e-01
    outer loop
      vertex 3.935376e+01 1.841858e+01 1.330469e+01
      vertex 3.959497e+01 1.832357e+01 1.327393e+01
      vertex 3.957788e+01 1.837549e+01 1.301855e+01
    endloop
  endfacet
  facet normal 3.794646e-01 9.112666e-01 1.599995e-01
    outer loop
      vertex 3.935376e+01 1.841858e+01 1.330469e+01
      vertex 3.957788e+01 1.837549e+01 1.301855e+01
      vertex 3.934497e+01 1.846726e+01 1.304834e+01
    endloop
  endfacet
  facet normal 1.207412e-01 7.548429e-01 6.446967e-01
    outer loop
      vertex 3.934497e+01 1.830730e+01 1.354102e+01
      vertex 3.909497e+01 1.833860e+01 1.355078e+01
      vertex 3.909497e+01 1.816906e+01 1.374951e+01
    endloop
  endfacet
  facet normal 3.539953e-01 9.301826e-01 -9.719872e-02
    outer loop
      vertex 3.931909e+01 1.845001e+01 1.278906e+01
      vertex 3.934497e+01 1.846726e+01 1.304834e+01
      vertex 3.952808e+01 1.836773e+01 1.276270e+01
    endloop
  endfacet
  facet normal 3.045662e-01 8.864001e-01 -3.486177e-01
    outer loop
      vertex 3.931909e+01 1.845001e+01 1.278906e+01
      vertex 3.952808e+01 1.836773e+01 1.276270e+01
      vertex 3.944849e+01 1.830084e+01 1.252295e+01
    endloop
  endfacet
  facet normal 3.045662e-01 8.864001e-01 -3.486177e-01
    outer loop
      vertex 3.931909e+01 1.845001e+01 1.278906e+01
      vertex 3.944849e+01 1.830084e+01 1.252295e+01
      vertex 3.927808e+01 1.836802e+01 1.254492e+01
    endloop
  endfacet
  facet normal 2.342221e-01 7.821626e-01 -5.773748e-01
    outer loop
      vertex 3.922437e+01 1.822687e+01 1.233203e+01
      vertex 3.927808e+01 1.836802e+01 1.254492e+01
      vertex 3.934497e+01 1.817937e+01 1.231641e+01
    endloop
  endfacet
  facet normal 1.475232e-01 6.238540e-01 -7.674915e-01
    outer loop
      vertex 3.922437e+01 1.822687e+01 1.233203e+01
      vertex 3.934497e+01 1.817937e+01 1.231641e+01
      vertex 3.922437e+01 1.801159e+01 1.215674e+01
    endloop
  endfacet
  facet normal -1.207412e-01 7.548429e-01 6.446967e-01
    outer loop
      vertex 3.887085e+01 1.814100e+01 1.374023e+01
      vertex 3.909497e+01 1.816906e+01 1.374951e+01
      vertex 3.909497e+01 1.833860e+01 1.355078e+01
    endloop
  endfacet
  facet normal 4.819907e-01 6.314346e-01 6.074335e-01
    outer loop
      vertex 3.957349e+01 1.803372e+01 1.370361e+01
      vertex 3.957788e+01 1.821553e+01 1.351074e+01
      vertex 3.952808e+01 1.805872e+01 1.371338e+01
    endloop
  endfacet
  facet normal 3.817035e-01 3.527829e-01 8.543107e-01
    outer loop
      vertex 3.957349e+01 1.803372e+01 1.370361e+01
      vertex 3.952808e+01 1.805872e+01 1.371338e+01
      vertex 3.934253e+01 1.806325e+01 1.379443e+01
    endloop
  endfacet
  facet normal 3.539953e-01 9.301826e-01 -9.719872e-02
    outer loop
      vertex 3.934497e+01 1.846726e+01 1.304834e+01
      vertex 3.957788e+01 1.837549e+01 1.301855e+01
      vertex 3.952808e+01 1.836773e+01 1.276270e+01
    endloop
  endfacet
  facet normal 6.036410e-01 7.881730e-01 1.200039e-01
    outer loop
      vertex 3.957788e+01 1.837549e+01 1.301855e+01
      vertex 3.959497e+01 1.832357e+01 1.327393e+01
      vertex 3.977808e+01 1.822950e+01 1.297119e+01
    endloop
  endfacet
  facet normal 5.631252e-01 8.153509e-01 -1.345098e-01
    outer loop
      vertex 3.957788e+01 1.837549e+01 1.301855e+01
      vertex 3.977808e+01 1.822950e+01 1.297119e+01
      vertex 3.970728e+01 1.823684e+01 1.272021e+01
    endloop
  endfacet
  facet normal 5.631252e-01 8.153509e-01 -1.345098e-01
    outer loop
      vertex 3.957788e+01 1.837549e+01 1.301855e+01
      vertex 3.970728e+01 1.823684e+01 1.272021e+01
      vertex 3.952808e+01 1.836773e+01 1.276270e+01
    endloop
  endfacet
  facet normal 3.725936e-01 7.061839e-01 -6.020618e-01
    outer loop
      vertex 3.944849e+01 1.810380e+01 1.229199e+01
      vertex 3.934497e+01 1.817937e+01 1.231641e+01
      vertex 3.944849e+01 1.830084e+01 1.252295e+01
    endloop
  endfacet
  facet normal 3.725936e-01 7.061839e-01 -6.020618e-01
    outer loop
      vertex 3.944849e+01 1.810380e+01 1.229199e+01
      vertex 3.944849e+01 1.830084e+01 1.252295e+01
      vertex 3.959497e+01 1.819397e+01 1.248828e+01
    endloop
  endfacet
  facet normal 4.855734e-01 5.987336e-01 -6.369745e-01
    outer loop
      vertex 3.944849e+01 1.810380e+01 1.229199e+01
      vertex 3.959497e+01 1.819397e+01 1.248828e+01
      vertex 3.952808e+01 1.800531e+01 1.225977e+01
    endloop
  endfacet
  facet normal 3.058351e-01 5.083225e-01 -8.050299e-01
    outer loop
      vertex 3.944849e+01 1.810380e+01 1.229199e+01
      vertex 3.952808e+01 1.800531e+01 1.225977e+01
      vertex 3.931909e+01 1.792149e+01 1.212744e+01
    endloop
  endfacet
  facet normal 4.844948e-01 7.876026e-01 -3.807189e-01
    outer loop
      vertex 3.944849e+01 1.830084e+01 1.252295e+01
      vertex 3.952808e+01 1.836773e+01 1.276270e+01
      vertex 3.959497e+01 1.819397e+01 1.248828e+01
    endloop
  endfacet
  facet normal 2.342221e-01 7.821626e-01 -5.773748e-01
    outer loop
      vertex 3.927808e+01 1.836802e+01 1.254492e+01
      vertex 3.944849e+01 1.830084e+01 1.252295e+01
      vertex 3.934497e+01 1.817937e+01 1.231641e+01
    endloop
  endfacet
  facet normal 7.621785e-01 5.629733e-01 3.196012e-01
    outer loop
      vertex 3.992310e+01 1.792555e+01 1.337061e+01
      vertex 3.980200e+01 1.817243e+01 1.322461e+01
      vertex 3.977808e+01 1.806954e+01 1.346338e+01
    endloop
  endfacet
  facet normal 7.560062e-01 4.676284e-01 4.580156e-01
    outer loop
      vertex 3.992310e+01 1.792555e+01 1.337061e+01
      vertex 3.977808e+01 1.806954e+01 1.346338e+01
      vertex 3.977124e+01 1.798675e+01 1.355908e+01
    endloop
  endfacet
  facet normal 6.036410e-01 7.881730e-01 1.200039e-01
    outer loop
      vertex 3.959497e+01 1.832357e+01 1.327393e+01
      vertex 3.980200e+01 1.817243e+01 1.322461e+01
      vertex 3.977808e+01 1.822950e+01 1.297119e+01
    endloop
  endfacet
  facet normal 7.866803e-01 6.140922e-01 6.344169e-02
    outer loop
      vertex 3.980200e+01 1.817243e+01 1.322461e+01
      vertex 3.993140e+01 1.803924e+01 1.290918e+01
      vertex 3.977808e+01 1.822950e+01 1.297119e+01
    endloop
  endfacet
  facet normal 4.844948e-01 7.876026e-01 -3.807189e-01
    outer loop
      vertex 3.952808e+01 1.836773e+01 1.276270e+01
      vertex 3.970728e+01 1.823684e+01 1.272021e+01
      vertex 3.959497e+01 1.819397e+01 1.248828e+01
    endloop
  endfacet
  facet normal 7.338790e-01 6.529543e-01 -1.872756e-01
    outer loop
      vertex 3.993140e+01 1.803924e+01 1.290918e+01
      vertex 3.984497e+01 1.806626e+01 1.266455e+01
      vertex 3.977808e+01 1.822950e+01 1.297119e+01
    endloop
  endfacet
  facet normal 6.314059e-01 6.478818e-01 -4.261170e-01
    outer loop
      vertex 3.959497e+01 1.819397e+01 1.248828e+01
      vertex 3.970728e+01 1.823684e+01 1.272021e+01
      vertex 3.970728e+01 1.805469e+01 1.244287e+01
    endloop
  endfacet
  facet normal 4.855734e-01 5.987336e-01 -6.369745e-01
    outer loop
      vertex 3.959497e+01 1.819397e+01 1.248828e+01
      vertex 3.970728e+01 1.805469e+01 1.244287e+01
      vertex 3.952808e+01 1.800531e+01 1.225977e+01
    endloop
  endfacet
  facet normal 7.338790e-01 6.529543e-01 -1.872756e-01
    outer loop
      vertex 3.970728e+01 1.823684e+01 1.272021e+01
      vertex 3.977808e+01 1.822950e+01 1.297119e+01
      vertex 3.984497e+01 1.806626e+01 1.266455e+01
    endloop
  endfacet
  facet normal 6.314059e-01 6.478818e-01 -4.261170e-01
    outer loop
      vertex 3.970728e+01 1.823684e+01 1.272021e+01
      vertex 3.984497e+01 1.806626e+01 1.266455e+01
      vertex 3.970728e+01 1.805469e+01 1.244287e+01
    endloop
  endfacet
  facet normal 7.352878e-01 4.767595e-01 -4.817180e-01
    outer loop
      vertex 3.977808e+01 1.789250e+01 1.239014e+01
      vertex 3.970728e+01 1.805469e+01 1.244287e+01
      vertex 3.984497e+01 1.806626e+01 1.266455e+01
    endloop
  endfacet
  facet normal 3.561525e-01 4.254357e-01 -8.319615e-01
    outer loop
      vertex 3.934497e+01 1.786213e+01 1.210840e+01
      vertex 3.931909e+01 1.792149e+01 1.212744e+01
      vertex 3.952808e+01 1.800531e+01 1.225977e+01
    endloop
  endfacet
  facet normal 1.044315e-01 2.301169e-01 -9.675434e-01
    outer loop
      vertex 3.909497e+01 1.780895e+01 1.205518e+01
      vertex 3.931909e+01 1.767534e+01 1.204785e+01
      vertex 3.927808e+01 1.762436e+01 1.203125e+01
    endloop
  endfacet
  facet normal -1.079743e-16 5.877848e-01 -8.090172e-01
    outer loop
      vertex 4.001880e+01 -1.118721e+01 3.366895e+01
      vertex 3.817114e+01 -1.118721e+01 3.366895e+01
      vertex 4.005151e+01 -1.098696e+01 3.381445e+01
    endloop
  endfacet
  facet normal -1.079743e-16 5.877848e-01 -8.090172e-01
    outer loop
      vertex 3.817114e+01 -1.118721e+01 3.366895e+01
      vertex 4.001880e+01 -1.118721e+01 3.366895e+01
      vertex 3.826685e+01 -1.137382e+01 3.353369e+01
    endloop
  endfacet
  facet normal -1.079743e-16 5.877848e-01 -8.090172e-01
    outer loop
      vertex 3.977124e+01 -1.153406e+01 3.341699e+01
      vertex 3.841870e+01 -1.153406e+01 3.341699e+01
      vertex 3.992310e+01 -1.137382e+01 3.353369e+01
    endloop
  endfacet
  facet normal -1.079743e-16 5.877848e-01 -8.090172e-01
    outer loop
      vertex 3.841870e+01 -1.153406e+01 3.341699e+01
      vertex 3.977124e+01 -1.153406e+01 3.341699e+01
      vertex 3.861694e+01 -1.165702e+01 3.332764e+01
    endloop
  endfacet
  facet normal -1.079743e-16 5.877848e-01 -8.090172e-01
    outer loop
      vertex 3.934253e+01 -1.173431e+01 3.327148e+01
      vertex 3.884741e+01 -1.173431e+01 3.327148e+01
      vertex 3.957349e+01 -1.165702e+01 3.332764e+01
    endloop
  endfacet
  facet normal -1.079743e-16 5.877848e-01 -8.090172e-01
    outer loop
      vertex 3.934253e+01 -1.173431e+01 3.327148e+01
      vertex 3.909497e+01 -1.176068e+01 3.325244e+01
      vertex 3.884741e+01 -1.173431e+01 3.327148e+01
    endloop
  endfacet
  facet normal -1.079743e-16 5.877848e-01 -8.090172e-01
    outer loop
      vertex 3.884741e+01 -1.173431e+01 3.327148e+01
      vertex 3.861694e+01 -1.165702e+01 3.332764e+01
      vertex 3.957349e+01 -1.165702e+01 3.332764e+01
    endloop
  endfacet
  facet normal -1.079743e-16 5.877848e-01 -8.090172e-01
    outer loop
      vertex 3.957349e+01 -1.165702e+01 3.332764e+01
      vertex 3.861694e+01 -1.165702e+01 3.332764e+01
      vertex 3.977124e+01 -1.153406e+01 3.341699e+01
    endloop
  endfacet
  facet normal -1.079743e-16 5.877848e-01 -8.090172e-01
    outer loop
      vertex 3.841870e+01 -1.153406e+01 3.341699e+01
      vertex 3.826685e+01 -1.137382e+01 3.353369e+01
      vertex 3.992310e+01 -1.137382e+01 3.353369e+01
    endloop
  endfacet
  facet normal -1.079743e-16 5.877848e-01 -8.090172e-01
    outer loop
      vertex 3.992310e+01 -1.137382e+01 3.353369e+01
      vertex 3.826685e+01 -1.137382e+01 3.353369e+01
      vertex 4.001880e+01 -1.118721e+01 3.366895e+01
    endloop
  endfacet
  facet normal -1.079743e-16 5.877848e-01 -8.090172e-01
    outer loop
      vertex 3.817114e+01 -1.118721e+01 3.366895e+01
      vertex 3.813892e+01 -1.098696e+01 3.381445e+01
      vertex 4.005151e+01 -1.098696e+01 3.381445e+01
    endloop
  endfacet
  facet normal -1.079743e-16 5.877848e-01 -8.090172e-01
    outer loop
      vertex 4.005151e+01 -1.098696e+01 3.381445e+01
      vertex 3.813892e+01 -1.098696e+01 3.381445e+01
      vertex 4.001880e+01 -1.078670e+01 3.395996e+01
    endloop
  endfacet
  facet normal -1.079743e-16 5.877848e-01 -8.090172e-01
    outer loop
      vertex 3.826685e+01 -1.060009e+01 3.409570e+01
      vertex 3.992310e+01 -1.060009e+01 3.409570e+01
      vertex 3.817114e+01 -1.078670e+01 3.395996e+01
    endloop
  endfacet
  facet normal -1.079743e-16 5.877848e-01 -8.090172e-01
    outer loop
      vertex 3.992310e+01 -1.060009e+01 3.409570e+01
      vertex 3.826685e+01 -1.060009e+01 3.409570e+01
      vertex 3.977124e+01 -1.043985e+01 3.421191e+01
    endloop
  endfacet
  facet normal -1.079743e-16 5.877848e-01 -8.090172e-01
    outer loop
      vertex 3.861694e+01 -1.031689e+01 3.430127e+01
      vertex 3.957349e+01 -1.031689e+01 3.430127e+01
      vertex 3.841870e+01 -1.043985e+01 3.421191e+01
    endloop
  endfacet
  facet normal -1.079743e-16 5.877848e-01 -8.090172e-01
    outer loop
      vertex 3.957349e+01 -1.031689e+01 3.430127e+01
      vertex 3.861694e+01 -1.031689e+01 3.430127e+01
      vertex 3.934253e+01 -1.023960e+01 3.435742e+01
    endloop
  endfacet
  facet normal -1.079743e-16 5.877848e-01 -8.090172e-01
    outer loop
      vertex 3.909497e+01 -1.021323e+01 3.437695e+01
      vertex 3.934253e+01 -1.023960e+01 3.435742e+01
      vertex 3.884741e+01 -1.023960e+01 3.435742e+01
    endloop
  endfacet
  facet normal -1.079743e-16 5.877848e-01 -8.090172e-01
    outer loop
      vertex 3.884741e+01 -1.023960e+01 3.435742e+01
      vertex 3.934253e+01 -1.023960e+01 3.435742e+01
      vertex 3.861694e+01 -1.031689e+01 3.430127e+01
    endloop
  endfacet
  facet normal -1.079743e-16 5.877848e-01 -8.090172e-01
    outer loop
      vertex 3.957349e+01 -1.031689e+01 3.430127e+01
      vertex 3.977124e+01 -1.043985e+01 3.421191e+01
      vertex 3.841870e+01 -1.043985e+01 3.421191e+01
    endloop
  endfacet
  facet normal -1.079743e-16 5.877848e-01 -8.090172e-01
    outer loop
      vertex 3.841870e+01 -1.043985e+01 3.421191e+01
      vertex 3.977124e+01 -1.043985e+01 3.421191e+01
      vertex 3.826685e+01 -1.060009e+01 3.409570e+01
    endloop
  endfacet
  facet normal -1.079743e-16 5.877848e-01 -8.090172e-01
    outer loop
      vertex 3.992310e+01 -1.060009e+01 3.409570e+01
      vertex 4.001880e+01 -1.078670e+01 3.395996e+01
      vertex 3.817114e+01 -1.078670e+01 3.395996e+01
    endloop
  endfacet
  facet normal -1.079743e-16 5.877848e-01 -8.090172e-01
    outer loop
      vertex 3.817114e+01 -1.078670e+01 3.395996e+01
      vertex 4.001880e+01 -1.078670e+01 3.395996e+01
      vertex 3.813892e+01 -1.098696e+01 3.381445e+01
    endloop
  endfacet
  facet normal 9.638089e-01 -3.515801e-02 2.642655e-01
    outer loop
      vertex 4.001880e+01 -1.078670e+01 3.395996e+01
      vertex 4.002808e+01 -1.097302e+01 3.390186e+01
      vertex 4.005151e+01 -1.098696e+01 3.381445e+01
    endloop
  endfacet
  facet normal 2.329043e-01 6.468487e-01 -7.261834e-01
    outer loop
      vertex 3.992310e+01 -1.060009e+01 3.409570e+01
      vertex 3.996118e+01 -1.066073e+01 3.405371e+01
      vertex 4.001880e+01 -1.078670e+01 3.395996e+01
    endloop
  endfacet
  facet normal 7.870147e-01 6.663208e-02 6.133254e-01
    outer loop
      vertex 3.996118e+01 -1.066073e+01 3.405371e+01
      vertex 3.992310e+01 -1.060009e+01 3.409570e+01
      vertex 3.980200e+01 -1.059673e+01 3.425098e+01
    endloop
  endfacet
  facet normal 7.890610e-01 8.830233e-02 6.079354e-01
    outer loop
      vertex 3.996118e+01 -1.066073e+01 3.405371e+01
      vertex 3.980200e+01 -1.059673e+01 3.425098e+01
      vertex 3.993140e+01 -1.087390e+01 3.412305e+01
    endloop
  endfacet
  facet normal 8.724024e-01 3.758221e-02 4.873414e-01
    outer loop
      vertex 3.996118e+01 -1.066073e+01 3.405371e+01
      vertex 3.993140e+01 -1.087390e+01 3.412305e+01
      vertex 4.001880e+01 -1.078670e+01 3.395996e+01
    endloop
  endfacet
  facet normal 5.766045e-01 4.194221e-01 7.011507e-01
    outer loop
      vertex 3.957349e+01 -1.031689e+01 3.430127e+01
      vertex 3.957788e+01 -1.042454e+01 3.436182e+01
      vertex 3.977124e+01 -1.043985e+01 3.421191e+01
    endloop
  endfacet
  facet normal 4.625301e-01 4.497118e-01 7.640845e-01
    outer loop
      vertex 3.957788e+01 -1.042454e+01 3.436182e+01
      vertex 3.957349e+01 -1.031689e+01 3.430127e+01
      vertex 3.952808e+01 -1.030986e+01 3.432471e+01
    endloop
  endfacet
  facet normal 3.561525e-01 4.254357e-01 8.319615e-01
    outer loop
      vertex 3.957788e+01 -1.042454e+01 3.436182e+01
      vertex 3.952808e+01 -1.030986e+01 3.432471e+01
      vertex 3.931909e+01 -1.039367e+01 3.445703e+01
    endloop
  endfacet
  facet normal 3.561525e-01 4.254357e-01 8.319615e-01
    outer loop
      vertex 3.957788e+01 -1.042454e+01 3.436182e+01
      vertex 3.931909e+01 -1.039367e+01 3.445703e+01
      vertex 3.934497e+01 -1.045304e+01 3.447607e+01
    endloop
  endfacet
  facet normal 3.821987e-01 3.329875e-01 8.619997e-01
    outer loop
      vertex 3.957788e+01 -1.042454e+01 3.436182e+01
      vertex 3.934497e+01 -1.045304e+01 3.447607e+01
      vertex 3.959497e+01 -1.054762e+01 3.440186e+01
    endloop
  endfacet
  facet normal 5.958096e-01 3.215936e-01 7.359269e-01
    outer loop
      vertex 3.957788e+01 -1.042454e+01 3.436182e+01
      vertex 3.959497e+01 -1.054762e+01 3.440186e+01
      vertex 3.977124e+01 -1.043985e+01 3.421191e+01
    endloop
  endfacet
  facet normal 1.258579e-01 6.176172e-01 7.763432e-01
    outer loop
      vertex 3.909497e+01 -1.021323e+01 3.437695e+01
      vertex 3.922437e+01 -1.030358e+01 3.442773e+01
      vertex 3.934253e+01 -1.023960e+01 3.435742e+01
    endloop
  endfacet
  facet normal -1.263591e-01 6.291531e-01 7.669418e-01
    outer loop
      vertex 3.884741e+01 -1.023960e+01 3.435742e+01
      vertex 3.902808e+01 -1.027899e+01 3.441992e+01
      vertex 3.909497e+01 -1.021323e+01 3.437695e+01
    endloop
  endfacet
  facet normal -3.823914e-01 7.698240e-01 5.110263e-01
    outer loop
      vertex 3.861694e+01 -1.031689e+01 3.430127e+01
      vertex 3.866187e+01 -1.030986e+01 3.432471e+01
      vertex 3.884741e+01 -1.023960e+01 3.435742e+01
    endloop
  endfacet
  facet normal -4.625301e-01 4.497118e-01 7.640845e-01
    outer loop
      vertex 3.866187e+01 -1.030986e+01 3.432471e+01
      vertex 3.861694e+01 -1.031689e+01 3.430127e+01
      vertex 3.861206e+01 -1.042454e+01 3.436182e+01
    endloop
  endfacet
  facet normal -3.561525e-01 4.254357e-01 8.319615e-01
    outer loop
      vertex 3.866187e+01 -1.030986e+01 3.432471e+01
      vertex 3.861206e+01 -1.042454e+01 3.436182e+01
      vertex 3.884497e+01 -1.045304e+01 3.447607e+01
    endloop
  endfacet
  facet normal -3.561525e-01 4.254357e-01 8.319615e-01
    outer loop
      vertex 3.866187e+01 -1.030986e+01 3.432471e+01
      vertex 3.884497e+01 -1.045304e+01 3.447607e+01
      vertex 3.887085e+01 -1.039367e+01 3.445703e+01
    endloop
  endfacet
  facet normal -3.058351e-01 5.083225e-01 8.050299e-01
    outer loop
      vertex 3.866187e+01 -1.030986e+01 3.432471e+01
      vertex 3.887085e+01 -1.039367e+01 3.445703e+01
      vertex 3.891187e+01 -1.034269e+01 3.444043e+01
    endloop
  endfacet
  facet normal -3.218243e-01 4.619995e-01 8.264294e-01
    outer loop
      vertex 3.866187e+01 -1.030986e+01 3.432471e+01
      vertex 3.891187e+01 -1.034269e+01 3.444043e+01
      vertex 3.884741e+01 -1.023960e+01 3.435742e+01
    endloop
  endfacet
  facet normal -7.565923e-01 2.928285e-01 5.846533e-01
    outer loop
      vertex 3.826685e+01 -1.060009e+01 3.409570e+01
      vertex 3.838794e+01 -1.059673e+01 3.425098e+01
      vertex 3.841870e+01 -1.043985e+01 3.421191e+01
    endloop
  endfacet
  facet normal -7.870147e-01 6.663208e-02 6.133254e-01
    outer loop
      vertex 3.838794e+01 -1.059673e+01 3.425098e+01
      vertex 3.826685e+01 -1.060009e+01 3.409570e+01
      vertex 3.822925e+01 -1.066073e+01 3.405371e+01
    endloop
  endfacet
  facet normal -7.890610e-01 8.830233e-02 6.079354e-01
    outer loop
      vertex 3.838794e+01 -1.059673e+01 3.425098e+01
      vertex 3.822925e+01 -1.066073e+01 3.405371e+01
      vertex 3.841187e+01 -1.077078e+01 3.430713e+01
    endloop
  endfacet
  facet normal -6.068157e-01 1.683973e-01 7.767993e-01
    outer loop
      vertex 3.838794e+01 -1.059673e+01 3.425098e+01
      vertex 3.841187e+01 -1.077078e+01 3.430713e+01
      vertex 3.861206e+01 -1.067070e+01 3.444189e+01
    endloop
  endfacet
  facet normal -6.068157e-01 1.683973e-01 7.767993e-01
    outer loop
      vertex 3.838794e+01 -1.059673e+01 3.425098e+01
      vertex 3.861206e+01 -1.067070e+01 3.444189e+01
      vertex 3.859497e+01 -1.054762e+01 3.440186e+01
    endloop
  endfacet
  facet normal -6.077098e-01 3.006130e-01 7.350650e-01
    outer loop
      vertex 3.838794e+01 -1.059673e+01 3.425098e+01
      vertex 3.859497e+01 -1.054762e+01 3.440186e+01
      vertex 3.841870e+01 -1.043985e+01 3.421191e+01
    endloop
  endfacet
  facet normal -9.638089e-01 -3.515801e-02 2.642655e-01
    outer loop
      vertex 3.813892e+01 -1.098696e+01 3.381445e+01
      vertex 3.816187e+01 -1.097302e+01 3.390186e+01
      vertex 3.817114e+01 -1.078670e+01 3.395996e+01
    endloop
  endfacet
  facet normal -9.080023e-01 -3.006557e-01 2.917842e-01
    outer loop
      vertex 3.816187e+01 -1.097302e+01 3.390186e+01
      vertex 3.813892e+01 -1.098696e+01 3.381445e+01
      vertex 3.825854e+01 -1.119458e+01 3.397363e+01
    endloop
  endfacet
  facet normal -8.546202e-01 -2.192790e-01 4.706815e-01
    outer loop
      vertex 3.816187e+01 -1.097302e+01 3.390186e+01
      vertex 3.825854e+01 -1.119458e+01 3.397363e+01
      vertex 3.834497e+01 -1.107255e+01 3.418750e+01
    endloop
  endfacet
  facet normal -8.546202e-01 -2.192790e-01 4.706815e-01
    outer loop
      vertex 3.816187e+01 -1.097302e+01 3.390186e+01
      vertex 3.834497e+01 -1.107255e+01 3.418750e+01
      vertex 3.825854e+01 -1.087390e+01 3.412305e+01
    endloop
  endfacet
  facet normal -8.973304e-01 -9.101817e-02 4.318725e-01
    outer loop
      vertex 3.816187e+01 -1.097302e+01 3.390186e+01
      vertex 3.825854e+01 -1.087390e+01 3.412305e+01
      vertex 3.817114e+01 -1.078670e+01 3.395996e+01
    endloop
  endfacet
  facet normal -8.806846e-01 -4.727482e-01 3.006204e-02
    outer loop
      vertex 3.826685e+01 -1.137382e+01 3.353369e+01
      vertex 3.822925e+01 -1.129077e+01 3.373291e+01
      vertex 3.817114e+01 -1.118721e+01 3.366895e+01
    endloop
  endfacet
  facet normal -7.560062e-01 -6.475341e-01 -9.567726e-02
    outer loop
      vertex 3.841870e+01 -1.153406e+01 3.341699e+01
      vertex 3.841187e+01 -1.154480e+01 3.354346e+01
      vertex 3.826685e+01 -1.137382e+01 3.353369e+01
    endloop
  endfacet
  facet normal -5.709515e-01 -8.148685e-01 -1.000188e-01
    outer loop
      vertex 3.841187e+01 -1.154480e+01 3.354346e+01
      vertex 3.841870e+01 -1.153406e+01 3.341699e+01
      vertex 3.861206e+01 -1.169079e+01 3.359082e+01
    endloop
  endfacet
  facet normal -6.036410e-01 -7.881730e-01 1.200039e-01
    outer loop
      vertex 3.841187e+01 -1.154480e+01 3.354346e+01
      vertex 3.861206e+01 -1.169079e+01 3.359082e+01
      vertex 3.859497e+01 -1.163888e+01 3.384570e+01
    endloop
  endfacet
  facet normal -6.036410e-01 -7.881730e-01 1.200039e-01
    outer loop
      vertex 3.841187e+01 -1.154480e+01 3.354346e+01
      vertex 3.859497e+01 -1.163888e+01 3.384570e+01
      vertex 3.838794e+01 -1.148774e+01 3.379688e+01
    endloop
  endfacet
  facet normal -7.621785e-01 -6.433119e-01 7.234462e-02
    outer loop
      vertex 3.841187e+01 -1.154480e+01 3.354346e+01
      vertex 3.838794e+01 -1.148774e+01 3.379688e+01
      vertex 3.826685e+01 -1.137382e+01 3.353369e+01
    endloop
  endfacet
  facet normal -3.817035e-01 -7.875586e-01 -4.837913e-01
    outer loop
      vertex 3.884741e+01 -1.173431e+01 3.327148e+01
      vertex 3.866187e+01 -1.168304e+01 3.333447e+01
      vertex 3.861694e+01 -1.165702e+01 3.332764e+01
    endloop
  endfacet
  facet normal -3.310226e-01 -9.150997e-01 -2.302533e-01
    outer loop
      vertex 3.866187e+01 -1.168304e+01 3.333447e+01
      vertex 3.884741e+01 -1.173431e+01 3.327148e+01
      vertex 3.887085e+01 -1.176532e+01 3.336133e+01
    endloop
  endfacet
  facet normal -3.539953e-01 -9.301826e-01 -9.719872e-02
    outer loop
      vertex 3.866187e+01 -1.168304e+01 3.333447e+01
      vertex 3.887085e+01 -1.176532e+01 3.336133e+01
      vertex 3.884497e+01 -1.178256e+01 3.362061e+01
    endloop
  endfacet
  facet normal -3.539953e-01 -9.301826e-01 -9.719872e-02
    outer loop
      vertex 3.866187e+01 -1.168304e+01 3.333447e+01
      vertex 3.884497e+01 -1.178256e+01 3.362061e+01
      vertex 3.861206e+01 -1.169079e+01 3.359082e+01
    endloop
  endfacet
  facet normal -4.819907e-01 -8.678817e-01 -1.202761e-01
    outer loop
      vertex 3.866187e+01 -1.168304e+01 3.333447e+01
      vertex 3.861206e+01 -1.169079e+01 3.359082e+01
      vertex 3.861694e+01 -1.165702e+01 3.332764e+01
    endloop
  endfacet
  facet normal 1.237613e-01 -9.472981e-01 -2.954817e-01
    outer loop
      vertex 3.934253e+01 -1.173431e+01 3.327148e+01
      vertex 3.931909e+01 -1.176532e+01 3.336133e+01
      vertex 3.909497e+01 -1.176068e+01 3.325244e+01
    endloop
  endfacet
  facet normal 3.310226e-01 -9.150997e-01 -2.302533e-01
    outer loop
      vertex 3.931909e+01 -1.176532e+01 3.336133e+01
      vertex 3.934253e+01 -1.173431e+01 3.327148e+01
      vertex 3.952808e+01 -1.168304e+01 3.333447e+01
    endloop
  endfacet
  facet normal 3.539953e-01 -9.301826e-01 -9.719872e-02
    outer loop
      vertex 3.931909e+01 -1.176532e+01 3.336133e+01
      vertex 3.952808e+01 -1.168304e+01 3.333447e+01
      vertex 3.957788e+01 -1.169079e+01 3.359082e+01
    endloop
  endfacet
  facet normal 3.539953e-01 -9.301826e-01 -9.719872e-02
    outer loop
      vertex 3.931909e+01 -1.176532e+01 3.336133e+01
      vertex 3.957788e+01 -1.169079e+01 3.359082e+01
      vertex 3.934497e+01 -1.178256e+01 3.362061e+01
    endloop
  endfacet
  facet normal 1.207412e-01 -9.896239e-01 -7.788509e-02
    outer loop
      vertex 3.931909e+01 -1.176532e+01 3.336133e+01
      vertex 3.934497e+01 -1.178256e+01 3.362061e+01
      vertex 3.909497e+01 -1.179339e+01 3.337061e+01
    endloop
  endfacet
  facet normal 1.091191e-01 -9.578449e-01 -2.657560e-01
    outer loop
      vertex 3.931909e+01 -1.176532e+01 3.336133e+01
      vertex 3.909497e+01 -1.179339e+01 3.337061e+01
      vertex 3.909497e+01 -1.176068e+01 3.325244e+01
    endloop
  endfacet
  facet normal 5.609773e-01 -8.197308e-01 -1.155243e-01
    outer loop
      vertex 3.977124e+01 -1.153406e+01 3.341699e+01
      vertex 3.957788e+01 -1.169079e+01 3.359082e+01
      vertex 3.957349e+01 -1.165702e+01 3.332764e+01
    endloop
  endfacet
  facet normal 5.709515e-01 -8.148685e-01 -1.000188e-01
    outer loop
      vertex 3.957788e+01 -1.169079e+01 3.359082e+01
      vertex 3.977124e+01 -1.153406e+01 3.341699e+01
      vertex 3.977808e+01 -1.154480e+01 3.354346e+01
    endloop
  endfacet
  facet normal 6.036410e-01 -7.881730e-01 1.200039e-01
    outer loop
      vertex 3.957788e+01 -1.169079e+01 3.359082e+01
      vertex 3.977808e+01 -1.154480e+01 3.354346e+01
      vertex 3.980200e+01 -1.148774e+01 3.379688e+01
    endloop
  endfacet
  facet normal 6.036410e-01 -7.881730e-01 1.200039e-01
    outer loop
      vertex 3.957788e+01 -1.169079e+01 3.359082e+01
      vertex 3.980200e+01 -1.148774e+01 3.379688e+01
      vertex 3.959497e+01 -1.163888e+01 3.384570e+01
    endloop
  endfacet
  facet normal 3.794646e-01 -9.112666e-01 1.599995e-01
    outer loop
      vertex 3.957788e+01 -1.169079e+01 3.359082e+01
      vertex 3.959497e+01 -1.163888e+01 3.384570e+01
      vertex 3.934497e+01 -1.178256e+01 3.362061e+01
    endloop
  endfacet
  facet normal 8.806846e-01 -4.727482e-01 3.006204e-02
    outer loop
      vertex 4.001880e+01 -1.118721e+01 3.366895e+01
      vertex 3.996118e+01 -1.129077e+01 3.373291e+01
      vertex 3.992310e+01 -1.137382e+01 3.353369e+01
    endloop
  endfacet
  facet normal 9.028032e-01 -3.497484e-01 2.502448e-01
    outer loop
      vertex 3.996118e+01 -1.129077e+01 3.373291e+01
      vertex 4.001880e+01 -1.118721e+01 3.366895e+01
      vertex 3.993140e+01 -1.119458e+01 3.397363e+01
    endloop
  endfacet
  facet normal 7.866803e-01 -5.341012e-01 3.096290e-01
    outer loop
      vertex 3.996118e+01 -1.129077e+01 3.373291e+01
      vertex 3.993140e+01 -1.119458e+01 3.397363e+01
      vertex 3.980200e+01 -1.148774e+01 3.379688e+01
    endloop
  endfacet
  facet normal 7.901579e-01 -6.043418e-01 1.020859e-01
    outer loop
      vertex 3.996118e+01 -1.129077e+01 3.373291e+01
      vertex 3.980200e+01 -1.148774e+01 3.379688e+01
      vertex 3.992310e+01 -1.137382e+01 3.353369e+01
    endloop
  endfacet
  facet normal 3.847791e-02 5.732489e-01 8.184773e-01
    outer loop
      vertex 3.909497e+01 -1.021323e+01 3.437695e+01
      vertex 3.909497e+01 -1.027060e+01 3.441699e+01
      vertex 3.916187e+01 -1.027899e+01 3.441992e+01
    endloop
  endfacet
  facet normal 1.603514e-01 6.487559e-01 7.439108e-01
    outer loop
      vertex 3.909497e+01 -1.021323e+01 3.437695e+01
      vertex 3.916187e+01 -1.027899e+01 3.441992e+01
      vertex 3.922437e+01 -1.030358e+01 3.442773e+01
    endloop
  endfacet
  facet normal 1.718156e-02 4.304475e-01 9.024521e-01
    outer loop
      vertex 3.909497e+01 -1.027060e+01 3.441699e+01
      vertex 3.909497e+01 -1.050622e+01 3.452930e+01
      vertex 3.916187e+01 -1.027899e+01 3.441992e+01
    endloop
  endfacet
  facet normal 8.013313e-02 4.056484e-01 9.105098e-01
    outer loop
      vertex 3.922437e+01 -1.030358e+01 3.442773e+01
      vertex 3.909497e+01 -1.050622e+01 3.452930e+01
      vertex 3.927808e+01 -1.034269e+01 3.444043e+01
    endloop
  endfacet
  facet normal 1.965205e-01 5.360478e-01 8.209948e-01
    outer loop
      vertex 3.922437e+01 -1.030358e+01 3.442773e+01
      vertex 3.927808e+01 -1.034269e+01 3.444043e+01
      vertex 3.934253e+01 -1.023960e+01 3.435742e+01
    endloop
  endfacet
  facet normal 1.216131e-01 3.542364e-01 9.272146e-01
    outer loop
      vertex 3.931909e+01 -1.039367e+01 3.445703e+01
      vertex 3.909497e+01 -1.050622e+01 3.452930e+01
      vertex 3.934497e+01 -1.045304e+01 3.447607e+01
    endloop
  endfacet
  facet normal 1.305069e-01 2.899874e-01 9.480903e-01
    outer loop
      vertex 3.935376e+01 -1.051675e+01 3.449707e+01
      vertex 3.909497e+01 -1.050622e+01 3.452930e+01
      vertex 3.934497e+01 -1.058046e+01 3.451758e+01
    endloop
  endfacet
  facet normal 3.821987e-01 2.372781e-01 8.930976e-01
    outer loop
      vertex 3.935376e+01 -1.051675e+01 3.449707e+01
      vertex 3.934497e+01 -1.058046e+01 3.451758e+01
      vertex 3.957788e+01 -1.067070e+01 3.444189e+01
    endloop
  endfacet
  facet normal 3.821987e-01 2.372781e-01 8.930976e-01
    outer loop
      vertex 3.935376e+01 -1.051675e+01 3.449707e+01
      vertex 3.957788e+01 -1.067070e+01 3.444189e+01
      vertex 3.959497e+01 -1.054762e+01 3.440186e+01
    endloop
  endfacet
  facet normal 3.821987e-01 3.329875e-01 8.619997e-01
    outer loop
      vertex 3.935376e+01 -1.051675e+01 3.449707e+01
      vertex 3.959497e+01 -1.054762e+01 3.440186e+01
      vertex 3.934497e+01 -1.045304e+01 3.447607e+01
    endloop
  endfacet
  facet normal 1.305069e-01 3.226687e-01 9.374715e-01
    outer loop
      vertex 3.935376e+01 -1.051675e+01 3.449707e+01
      vertex 3.934497e+01 -1.045304e+01 3.447607e+01
      vertex 3.909497e+01 -1.050622e+01 3.452930e+01
    endloop
  endfacet
  facet normal 8.013313e-02 2.070078e-01 9.750520e-01
    outer loop
      vertex 3.927808e+01 -1.069080e+01 3.455371e+01
      vertex 3.909497e+01 -1.050622e+01 3.452930e+01
      vertex 3.922437e+01 -1.072992e+01 3.456641e+01
    endloop
  endfacet
  facet normal 2.346755e-01 -5.733592e-03 9.720569e-01
    outer loop
      vertex 3.927808e+01 -1.069080e+01 3.455371e+01
      vertex 3.922437e+01 -1.072992e+01 3.456641e+01
      vertex 3.934497e+01 -1.095944e+01 3.453564e+01
    endloop
  endfacet
  facet normal 2.346755e-01 -5.733592e-03 9.720569e-01
    outer loop
      vertex 3.927808e+01 -1.069080e+01 3.455371e+01
      vertex 3.934497e+01 -1.095944e+01 3.453564e+01
      vertex 3.944849e+01 -1.088387e+01 3.451123e+01
    endloop
  endfacet
  facet normal 3.058351e-01 6.194317e-02 9.500673e-01
    outer loop
      vertex 3.927808e+01 -1.069080e+01 3.455371e+01
      vertex 3.944849e+01 -1.088387e+01 3.451123e+01
      vertex 3.931909e+01 -1.063983e+01 3.453711e+01
    endloop
  endfacet
  facet normal 1.044315e-01 2.301169e-01 9.675434e-01
    outer loop
      vertex 3.927808e+01 -1.069080e+01 3.455371e+01
      vertex 3.931909e+01 -1.063983e+01 3.453711e+01
      vertex 3.909497e+01 -1.050622e+01 3.452930e+01
    endloop
  endfacet
  facet normal 1.718156e-02 1.822086e-01 9.831098e-01
    outer loop
      vertex 3.916187e+01 -1.075451e+01 3.457422e+01
      vertex 3.909497e+01 -1.050622e+01 3.452930e+01
      vertex 3.909497e+01 -1.076290e+01 3.457715e+01
    endloop
  endfacet
  facet normal 5.031741e-02 -7.835971e-02 9.956545e-01
    outer loop
      vertex 3.916187e+01 -1.075451e+01 3.457422e+01
      vertex 3.909497e+01 -1.076290e+01 3.457715e+01
      vertex 3.909497e+01 -1.102315e+01 3.455664e+01
    endloop
  endfacet
  facet normal 5.031741e-02 -7.835971e-02 9.956545e-01
    outer loop
      vertex 3.916187e+01 -1.075451e+01 3.457422e+01
      vertex 3.909497e+01 -1.102315e+01 3.455664e+01
      vertex 3.922437e+01 -1.100695e+01 3.455127e+01
    endloop
  endfacet
  facet normal 1.475232e-01 -5.358829e-02 9.876058e-01
    outer loop
      vertex 3.916187e+01 -1.075451e+01 3.457422e+01
      vertex 3.922437e+01 -1.100695e+01 3.455127e+01
      vertex 3.922437e+01 -1.072992e+01 3.456641e+01
    endloop
  endfacet
  facet normal 5.037379e-02 1.906672e-01 9.803614e-01
    outer loop
      vertex 3.916187e+01 -1.075451e+01 3.457422e+01
      vertex 3.922437e+01 -1.072992e+01 3.456641e+01
      vertex 3.909497e+01 -1.050622e+01 3.452930e+01
    endloop
  endfacet
  facet normal -5.037379e-02 1.906672e-01 9.803614e-01
    outer loop
      vertex 3.902808e+01 -1.075451e+01 3.457422e+01
      vertex 3.909497e+01 -1.050622e+01 3.452930e+01
      vertex 3.896558e+01 -1.072992e+01 3.456641e+01
    endloop
  endfacet
  facet normal -1.475232e-01 -5.358829e-02 9.876058e-01
    outer loop
      vertex 3.902808e+01 -1.075451e+01 3.457422e+01
      vertex 3.896558e+01 -1.072992e+01 3.456641e+01
      vertex 3.884497e+01 -1.095944e+01 3.453564e+01
    endloop
  endfacet
  facet normal -1.475232e-01 -5.358829e-02 9.876058e-01
    outer loop
      vertex 3.902808e+01 -1.075451e+01 3.457422e+01
      vertex 3.884497e+01 -1.095944e+01 3.453564e+01
      vertex 3.896558e+01 -1.100695e+01 3.455127e+01
    endloop
  endfacet
  facet normal -5.031741e-02 -7.835971e-02 9.956545e-01
    outer loop
      vertex 3.902808e+01 -1.075451e+01 3.457422e+01
      vertex 3.896558e+01 -1.100695e+01 3.455127e+01
      vertex 3.909497e+01 -1.076290e+01 3.457715e+01
    endloop
  endfacet
  facet normal -1.718156e-02 1.822086e-01 9.831098e-01
    outer loop
      vertex 3.902808e+01 -1.075451e+01 3.457422e+01
      vertex 3.909497e+01 -1.076290e+01 3.457715e+01
      vertex 3.909497e+01 -1.050622e+01 3.452930e+01
    endloop
  endfacet
  facet normal -1.044315e-01 2.301169e-01 9.675434e-01
    outer loop
      vertex 3.891187e+01 -1.069080e+01 3.455371e+01
      vertex 3.909497e+01 -1.050622e+01 3.452930e+01
      vertex 3.887085e+01 -1.063983e+01 3.453711e+01
    endloop
  endfacet
  facet normal -3.058351e-01 6.194317e-02 9.500673e-01
    outer loop
      vertex 3.891187e+01 -1.069080e+01 3.455371e+01
      vertex 3.887085e+01 -1.063983e+01 3.453711e+01
      vertex 3.866187e+01 -1.078538e+01 3.447900e+01
    endloop
  endfacet
  facet normal -3.058351e-01 6.194317e-02 9.500673e-01
    outer loop
      vertex 3.891187e+01 -1.069080e+01 3.455371e+01
      vertex 3.866187e+01 -1.078538e+01 3.447900e+01
      vertex 3.874146e+01 -1.088387e+01 3.451123e+01
    endloop
  endfacet
  facet normal -2.346755e-01 -5.733592e-03 9.720569e-01
    outer loop
      vertex 3.891187e+01 -1.069080e+01 3.455371e+01
      vertex 3.874146e+01 -1.088387e+01 3.451123e+01
      vertex 3.896558e+01 -1.072992e+01 3.456641e+01
    endloop
  endfacet
  facet normal -8.013313e-02 2.070078e-01 9.750520e-01
    outer loop
      vertex 3.891187e+01 -1.069080e+01 3.455371e+01
      vertex 3.896558e+01 -1.072992e+01 3.456641e+01
      vertex 3.909497e+01 -1.050622e+01 3.452930e+01
    endloop
  endfacet
  facet normal -1.305069e-01 2.899874e-01 9.480903e-01
    outer loop
      vertex 3.884497e+01 -1.058046e+01 3.451758e+01
      vertex 3.909497e+01 -1.050622e+01 3.452930e+01
      vertex 3.883618e+01 -1.051675e+01 3.449707e+01
    endloop
  endfacet
  facet normal -3.821987e-01 2.372781e-01 8.930976e-01
    outer loop
      vertex 3.884497e+01 -1.058046e+01 3.451758e+01
      vertex 3.883618e+01 -1.051675e+01 3.449707e+01
      vertex 3.859497e+01 -1.054762e+01 3.440186e+01
    endloop
  endfacet
  facet normal -3.821987e-01 2.372781e-01 8.930976e-01
    outer loop
      vertex 3.884497e+01 -1.058046e+01 3.451758e+01
      vertex 3.859497e+01 -1.054762e+01 3.440186e+01
      vertex 3.861206e+01 -1.067070e+01 3.444189e+01
    endloop
  endfacet
  facet normal -3.561525e-01 1.448299e-01 9.231358e-01
    outer loop
      vertex 3.884497e+01 -1.058046e+01 3.451758e+01
      vertex 3.861206e+01 -1.067070e+01 3.444189e+01
      vertex 3.887085e+01 -1.063983e+01 3.453711e+01
    endloop
  endfacet
  facet normal -1.216131e-01 2.584198e-01 9.583473e-01
    outer loop
      vertex 3.884497e+01 -1.058046e+01 3.451758e+01
      vertex 3.887085e+01 -1.063983e+01 3.453711e+01
      vertex 3.909497e+01 -1.050622e+01 3.452930e+01
    endloop
  endfacet
  facet normal -1.216131e-01 3.542364e-01 9.272146e-01
    outer loop
      vertex 3.884497e+01 -1.045304e+01 3.447607e+01
      vertex 3.909497e+01 -1.050622e+01 3.452930e+01
      vertex 3.887085e+01 -1.039367e+01 3.445703e+01
    endloop
  endfacet
  facet normal -8.013313e-02 4.056484e-01 9.105098e-01
    outer loop
      vertex 3.891187e+01 -1.034269e+01 3.444043e+01
      vertex 3.909497e+01 -1.050622e+01 3.452930e+01
      vertex 3.896558e+01 -1.030358e+01 3.442773e+01
    endloop
  endfacet
  facet normal -1.965205e-01 5.360478e-01 8.209948e-01
    outer loop
      vertex 3.891187e+01 -1.034269e+01 3.444043e+01
      vertex 3.896558e+01 -1.030358e+01 3.442773e+01
      vertex 3.884741e+01 -1.023960e+01 3.435742e+01
    endloop
  endfacet
  facet normal -1.718156e-02 4.304475e-01 9.024521e-01
    outer loop
      vertex 3.902808e+01 -1.027899e+01 3.441992e+01
      vertex 3.909497e+01 -1.050622e+01 3.452930e+01
      vertex 3.909497e+01 -1.027060e+01 3.441699e+01
    endloop
  endfacet
  facet normal -3.847791e-02 5.732489e-01 8.184773e-01
    outer loop
      vertex 3.902808e+01 -1.027899e+01 3.441992e+01
      vertex 3.909497e+01 -1.027060e+01 3.441699e+01
      vertex 3.909497e+01 -1.021323e+01 3.437695e+01
    endloop
  endfacet
  facet normal -5.037379e-02 4.219890e-01 9.052004e-01
    outer loop
      vertex 3.909497e+01 -1.050622e+01 3.452930e+01
      vertex 3.902808e+01 -1.027899e+01 3.441992e+01
      vertex 3.896558e+01 -1.030358e+01 3.442773e+01
    endloop
  endfacet
  facet normal -1.091191e-01 -9.578449e-01 -2.657560e-01
    outer loop
      vertex 3.909497e+01 -1.176068e+01 3.325244e+01
      vertex 3.909497e+01 -1.179339e+01 3.337061e+01
      vertex 3.887085e+01 -1.176532e+01 3.336133e+01
    endloop
  endfacet
  facet normal -1.237613e-01 -9.472981e-01 -2.954817e-01
    outer loop
      vertex 3.909497e+01 -1.176068e+01 3.325244e+01
      vertex 3.887085e+01 -1.176532e+01 3.336133e+01
      vertex 3.884741e+01 -1.173431e+01 3.327148e+01
    endloop
  endfacet
  facet normal 5.037379e-02 4.219890e-01 9.052004e-01
    outer loop
      vertex 3.909497e+01 -1.050622e+01 3.452930e+01
      vertex 3.922437e+01 -1.030358e+01 3.442773e+01
      vertex 3.916187e+01 -1.027899e+01 3.441992e+01
    endloop
  endfacet
  facet normal 1.216131e-01 2.584198e-01 9.583473e-01
    outer loop
      vertex 3.909497e+01 -1.050622e+01 3.452930e+01
      vertex 3.931909e+01 -1.063983e+01 3.453711e+01
      vertex 3.934497e+01 -1.058046e+01 3.451758e+01
    endloop
  endfacet
  facet normal 6.068157e-01 1.683973e-01 7.767993e-01
    outer loop
      vertex 3.957788e+01 -1.067070e+01 3.444189e+01
      vertex 3.977808e+01 -1.077078e+01 3.430713e+01
      vertex 3.959497e+01 -1.054762e+01 3.440186e+01
    endloop
  endfacet
  facet normal 3.561525e-01 1.448299e-01 9.231358e-01
    outer loop
      vertex 3.957788e+01 -1.067070e+01 3.444189e+01
      vertex 3.934497e+01 -1.058046e+01 3.451758e+01
      vertex 3.952808e+01 -1.078538e+01 3.447900e+01
    endloop
  endfacet
  facet normal 5.654622e-01 2.161761e-02 8.244908e-01
    outer loop
      vertex 3.957788e+01 -1.067070e+01 3.444189e+01
      vertex 3.952808e+01 -1.078538e+01 3.447900e+01
      vertex 3.970728e+01 -1.093298e+01 3.435986e+01
    endloop
  endfacet
  facet normal 5.654622e-01 2.161761e-02 8.244908e-01
    outer loop
      vertex 3.957788e+01 -1.067070e+01 3.444189e+01
      vertex 3.970728e+01 -1.093298e+01 3.435986e+01
      vertex 3.977808e+01 -1.077078e+01 3.430713e+01
    endloop
  endfacet
  facet normal 6.068157e-01 1.683973e-01 7.767993e-01
    outer loop
      vertex 3.959497e+01 -1.054762e+01 3.440186e+01
      vertex 3.977808e+01 -1.077078e+01 3.430713e+01
      vertex 3.980200e+01 -1.059673e+01 3.425098e+01
    endloop
  endfacet
  facet normal 6.077098e-01 3.006130e-01 7.350650e-01
    outer loop
      vertex 3.959497e+01 -1.054762e+01 3.440186e+01
      vertex 3.980200e+01 -1.059673e+01 3.425098e+01
      vertex 3.977124e+01 -1.043985e+01 3.421191e+01
    endloop
  endfacet
  facet normal 8.973304e-01 -9.101817e-02 4.318725e-01
    outer loop
      vertex 4.001880e+01 -1.078670e+01 3.395996e+01
      vertex 3.993140e+01 -1.087390e+01 3.412305e+01
      vertex 4.002808e+01 -1.097302e+01 3.390186e+01
    endloop
  endfacet
  facet normal 7.352878e-01 -1.025598e-01 6.699502e-01
    outer loop
      vertex 3.993140e+01 -1.087390e+01 3.412305e+01
      vertex 3.977808e+01 -1.077078e+01 3.430713e+01
      vertex 3.984497e+01 -1.107255e+01 3.418750e+01
    endloop
  endfacet
  facet normal 8.546202e-01 -2.192790e-01 4.706815e-01
    outer loop
      vertex 3.993140e+01 -1.087390e+01 3.412305e+01
      vertex 3.984497e+01 -1.107255e+01 3.418750e+01
      vertex 3.993140e+01 -1.119458e+01 3.397363e+01
    endloop
  endfacet
  facet normal 8.546202e-01 -2.192790e-01 4.706815e-01
    outer loop
      vertex 3.993140e+01 -1.087390e+01 3.412305e+01
      vertex 3.993140e+01 -1.119458e+01 3.397363e+01
      vertex 4.002808e+01 -1.097302e+01 3.390186e+01
    endloop
  endfacet
  facet normal 9.080023e-01 -3.006557e-01 2.917842e-01
    outer loop
      vertex 4.005151e+01 -1.098696e+01 3.381445e+01
      vertex 4.002808e+01 -1.097302e+01 3.390186e+01
      vertex 3.993140e+01 -1.119458e+01 3.397363e+01
    endloop
  endfacet
  facet normal 9.090851e-01 -3.313809e-01 2.524896e-01
    outer loop
      vertex 4.005151e+01 -1.098696e+01 3.381445e+01
      vertex 3.993140e+01 -1.119458e+01 3.397363e+01
      vertex 4.001880e+01 -1.118721e+01 3.366895e+01
    endloop
  endfacet
  facet normal 7.890610e-01 8.830233e-02 6.079354e-01
    outer loop
      vertex 3.977808e+01 -1.077078e+01 3.430713e+01
      vertex 3.993140e+01 -1.087390e+01 3.412305e+01
      vertex 3.980200e+01 -1.059673e+01 3.425098e+01
    endloop
  endfacet
  facet normal 7.565923e-01 2.928285e-01 5.846533e-01
    outer loop
      vertex 3.977124e+01 -1.043985e+01 3.421191e+01
      vertex 3.980200e+01 -1.059673e+01 3.425098e+01
      vertex 3.992310e+01 -1.060009e+01 3.409570e+01
    endloop
  endfacet
  facet normal 3.823914e-01 7.698240e-01 5.110263e-01
    outer loop
      vertex 3.957349e+01 -1.031689e+01 3.430127e+01
      vertex 3.934253e+01 -1.023960e+01 3.435742e+01
      vertex 3.952808e+01 -1.030986e+01 3.432471e+01
    endloop
  endfacet
  facet normal 2.756378e-01 4.909192e-01 8.264515e-01
    outer loop
      vertex 3.934253e+01 -1.023960e+01 3.435742e+01
      vertex 3.927808e+01 -1.034269e+01 3.444043e+01
      vertex 3.931909e+01 -1.039367e+01 3.445703e+01
    endloop
  endfacet
  facet normal 3.256746e-01 4.768587e-01 8.164201e-01
    outer loop
      vertex 3.934253e+01 -1.023960e+01 3.435742e+01
      vertex 3.931909e+01 -1.039367e+01 3.445703e+01
      vertex 3.952808e+01 -1.030986e+01 3.432471e+01
    endloop
  endfacet
  facet normal -1.377591e-01 6.046025e-01 7.845243e-01
    outer loop
      vertex 3.884741e+01 -1.023960e+01 3.435742e+01
      vertex 3.896558e+01 -1.030358e+01 3.442773e+01
      vertex 3.902808e+01 -1.027899e+01 3.441992e+01
    endloop
  endfacet
  facet normal -3.821987e-01 3.329875e-01 8.619997e-01
    outer loop
      vertex 3.859497e+01 -1.054762e+01 3.440186e+01
      vertex 3.883618e+01 -1.051675e+01 3.449707e+01
      vertex 3.861206e+01 -1.042454e+01 3.436182e+01
    endloop
  endfacet
  facet normal -5.958096e-01 3.215936e-01 7.359269e-01
    outer loop
      vertex 3.859497e+01 -1.054762e+01 3.440186e+01
      vertex 3.861206e+01 -1.042454e+01 3.436182e+01
      vertex 3.841870e+01 -1.043985e+01 3.421191e+01
    endloop
  endfacet
  facet normal -1.044315e-01 3.825392e-01 9.180184e-01
    outer loop
      vertex 3.887085e+01 -1.039367e+01 3.445703e+01
      vertex 3.909497e+01 -1.050622e+01 3.452930e+01
      vertex 3.891187e+01 -1.034269e+01 3.444043e+01
    endloop
  endfacet
  facet normal -5.766045e-01 4.194221e-01 7.011507e-01
    outer loop
      vertex 3.841870e+01 -1.043985e+01 3.421191e+01
      vertex 3.861206e+01 -1.042454e+01 3.436182e+01
      vertex 3.861694e+01 -1.031689e+01 3.430127e+01
    endloop
  endfacet
  facet normal -3.821987e-01 3.329875e-01 8.619997e-01
    outer loop
      vertex 3.884497e+01 -1.045304e+01 3.447607e+01
      vertex 3.861206e+01 -1.042454e+01 3.436182e+01
      vertex 3.883618e+01 -1.051675e+01 3.449707e+01
    endloop
  endfacet
  facet normal -1.305069e-01 3.226687e-01 9.374715e-01
    outer loop
      vertex 3.884497e+01 -1.045304e+01 3.447607e+01
      vertex 3.883618e+01 -1.051675e+01 3.449707e+01
      vertex 3.909497e+01 -1.050622e+01 3.452930e+01
    endloop
  endfacet
  facet normal -8.724024e-01 3.758221e-02 4.873414e-01
    outer loop
      vertex 3.817114e+01 -1.078670e+01 3.395996e+01
      vertex 3.825854e+01 -1.087390e+01 3.412305e+01
      vertex 3.822925e+01 -1.066073e+01 3.405371e+01
    endloop
  endfacet
  facet normal -2.329043e-01 6.468487e-01 -7.261834e-01
    outer loop
      vertex 3.817114e+01 -1.078670e+01 3.395996e+01
      vertex 3.822925e+01 -1.066073e+01 3.405371e+01
      vertex 3.826685e+01 -1.060009e+01 3.409570e+01
    endloop
  endfacet
  facet normal -7.352878e-01 -1.025598e-01 6.699502e-01
    outer loop
      vertex 3.841187e+01 -1.077078e+01 3.430713e+01
      vertex 3.825854e+01 -1.087390e+01 3.412305e+01
      vertex 3.848267e+01 -1.093298e+01 3.435986e+01
    endloop
  endfacet
  facet normal -5.654622e-01 2.161761e-02 8.244908e-01
    outer loop
      vertex 3.841187e+01 -1.077078e+01 3.430713e+01
      vertex 3.848267e+01 -1.093298e+01 3.435986e+01
      vertex 3.866187e+01 -1.078538e+01 3.447900e+01
    endloop
  endfacet
  facet normal -5.654622e-01 2.161761e-02 8.244908e-01
    outer loop
      vertex 3.841187e+01 -1.077078e+01 3.430713e+01
      vertex 3.866187e+01 -1.078538e+01 3.447900e+01
      vertex 3.861206e+01 -1.067070e+01 3.444189e+01
    endloop
  endfacet
  facet normal -3.561525e-01 1.448299e-01 9.231358e-01
    outer loop
      vertex 3.887085e+01 -1.063983e+01 3.453711e+01
      vertex 3.861206e+01 -1.067070e+01 3.444189e+01
      vertex 3.866187e+01 -1.078538e+01 3.447900e+01
    endloop
  endfacet
  facet normal -7.890610e-01 8.830233e-02 6.079354e-01
    outer loop
      vertex 3.825854e+01 -1.087390e+01 3.412305e+01
      vertex 3.841187e+01 -1.077078e+01 3.430713e+01
      vertex 3.822925e+01 -1.066073e+01 3.405371e+01
    endloop
  endfacet
  facet normal -9.090851e-01 -3.313809e-01 2.524896e-01
    outer loop
      vertex 3.813892e+01 -1.098696e+01 3.381445e+01
      vertex 3.817114e+01 -1.118721e+01 3.366895e+01
      vertex 3.825854e+01 -1.119458e+01 3.397363e+01
    endloop
  endfacet
  facet normal -7.866803e-01 -5.341012e-01 3.096290e-01
    outer loop
      vertex 3.825854e+01 -1.119458e+01 3.397363e+01
      vertex 3.822925e+01 -1.129077e+01 3.373291e+01
      vertex 3.841187e+01 -1.138484e+01 3.403564e+01
    endloop
  endfacet
  facet normal -7.338790e-01 -4.181733e-01 5.353062e-01
    outer loop
      vertex 3.825854e+01 -1.119458e+01 3.397363e+01
      vertex 3.841187e+01 -1.138484e+01 3.403564e+01
      vertex 3.848267e+01 -1.124313e+01 3.424316e+01
    endloop
  endfacet
  facet normal -7.338790e-01 -4.181733e-01 5.353062e-01
    outer loop
      vertex 3.825854e+01 -1.119458e+01 3.397363e+01
      vertex 3.848267e+01 -1.124313e+01 3.424316e+01
      vertex 3.834497e+01 -1.107255e+01 3.418750e+01
    endloop
  endfacet
  facet normal -7.352878e-01 -1.025598e-01 6.699502e-01
    outer loop
      vertex 3.825854e+01 -1.087390e+01 3.412305e+01
      vertex 3.834497e+01 -1.107255e+01 3.418750e+01
      vertex 3.848267e+01 -1.093298e+01 3.435986e+01
    endloop
  endfacet
  facet normal -4.855734e-01 -1.099815e-01 8.672500e-01
    outer loop
      vertex 3.874146e+01 -1.088387e+01 3.451123e+01
      vertex 3.866187e+01 -1.078538e+01 3.447900e+01
      vertex 3.848267e+01 -1.093298e+01 3.435986e+01
    endloop
  endfacet
  facet normal -4.855734e-01 -1.099815e-01 8.672500e-01
    outer loop
      vertex 3.874146e+01 -1.088387e+01 3.451123e+01
      vertex 3.848267e+01 -1.093298e+01 3.435986e+01
      vertex 3.859497e+01 -1.107226e+01 3.440527e+01
    endloop
  endfacet
  facet normal -3.725936e-01 -2.174317e-01 9.021627e-01
    outer loop
      vertex 3.874146e+01 -1.088387e+01 3.451123e+01
      vertex 3.859497e+01 -1.107226e+01 3.440527e+01
      vertex 3.884497e+01 -1.095944e+01 3.453564e+01
    endloop
  endfacet
  facet normal -2.346755e-01 -5.733592e-03 9.720569e-01
    outer loop
      vertex 3.874146e+01 -1.088387e+01 3.451123e+01
      vertex 3.884497e+01 -1.095944e+01 3.453564e+01
      vertex 3.896558e+01 -1.072992e+01 3.456641e+01
    endloop
  endfacet
  facet normal -6.314059e-01 -2.736821e-01 7.255512e-01
    outer loop
      vertex 3.848267e+01 -1.093298e+01 3.435986e+01
      vertex 3.834497e+01 -1.107255e+01 3.418750e+01
      vertex 3.859497e+01 -1.107226e+01 3.440527e+01
    endloop
  endfacet
  facet normal -9.028032e-01 -3.497484e-01 2.502448e-01
    outer loop
      vertex 3.825854e+01 -1.119458e+01 3.397363e+01
      vertex 3.817114e+01 -1.118721e+01 3.366895e+01
      vertex 3.822925e+01 -1.129077e+01 3.373291e+01
    endloop
  endfacet
  facet normal -7.901579e-01 -6.043418e-01 1.020859e-01
    outer loop
      vertex 3.822925e+01 -1.129077e+01 3.373291e+01
      vertex 3.826685e+01 -1.137382e+01 3.353369e+01
      vertex 3.838794e+01 -1.148774e+01 3.379688e+01
    endloop
  endfacet
  facet normal -7.866803e-01 -5.341012e-01 3.096290e-01
    outer loop
      vertex 3.822925e+01 -1.129077e+01 3.373291e+01
      vertex 3.838794e+01 -1.148774e+01 3.379688e+01
      vertex 3.841187e+01 -1.138484e+01 3.403564e+01
    endloop
  endfacet
  facet normal -6.036410e-01 -7.081819e-01 3.661912e-01
    outer loop
      vertex 3.841187e+01 -1.138484e+01 3.403564e+01
      vertex 3.838794e+01 -1.148774e+01 3.379688e+01
      vertex 3.861206e+01 -1.153083e+01 3.408301e+01
    endloop
  endfacet
  facet normal -5.631252e-01 -5.805699e-01 5.880720e-01
    outer loop
      vertex 3.841187e+01 -1.138484e+01 3.403564e+01
      vertex 3.861206e+01 -1.153083e+01 3.408301e+01
      vertex 3.866187e+01 -1.137402e+01 3.428564e+01
    endloop
  endfacet
  facet normal -5.631252e-01 -5.805699e-01 5.880720e-01
    outer loop
      vertex 3.841187e+01 -1.138484e+01 3.403564e+01
      vertex 3.866187e+01 -1.137402e+01 3.428564e+01
      vertex 3.848267e+01 -1.124313e+01 3.424316e+01
    endloop
  endfacet
  facet normal -6.314059e-01 -2.736821e-01 7.255512e-01
    outer loop
      vertex 3.834497e+01 -1.107255e+01 3.418750e+01
      vertex 3.848267e+01 -1.124313e+01 3.424316e+01
      vertex 3.859497e+01 -1.107226e+01 3.440527e+01
    endloop
  endfacet
  facet normal -4.844948e-01 -4.134029e-01 7.709493e-01
    outer loop
      vertex 3.859497e+01 -1.107226e+01 3.440527e+01
      vertex 3.848267e+01 -1.124313e+01 3.424316e+01
      vertex 3.874146e+01 -1.117913e+01 3.443994e+01
    endloop
  endfacet
  facet normal -3.725936e-01 -2.174317e-01 9.021627e-01
    outer loop
      vertex 3.859497e+01 -1.107226e+01 3.440527e+01
      vertex 3.874146e+01 -1.117913e+01 3.443994e+01
      vertex 3.884497e+01 -1.095944e+01 3.453564e+01
    endloop
  endfacet
  facet normal -5.609773e-01 -8.197308e-01 -1.155243e-01
    outer loop
      vertex 3.841870e+01 -1.153406e+01 3.341699e+01
      vertex 3.861694e+01 -1.165702e+01 3.332764e+01
      vertex 3.861206e+01 -1.169079e+01 3.359082e+01
    endloop
  endfacet
  facet normal -6.036410e-01 -7.081819e-01 3.661912e-01
    outer loop
      vertex 3.838794e+01 -1.148774e+01 3.379688e+01
      vertex 3.859497e+01 -1.163888e+01 3.384570e+01
      vertex 3.861206e+01 -1.153083e+01 3.408301e+01
    endloop
  endfacet
  facet normal -3.794646e-01 -9.112666e-01 1.599995e-01
    outer loop
      vertex 3.859497e+01 -1.163888e+01 3.384570e+01
      vertex 3.861206e+01 -1.169079e+01 3.359082e+01
      vertex 3.883618e+01 -1.173389e+01 3.387695e+01
    endloop
  endfacet
  facet normal -3.794646e-01 -8.312755e-01 4.061868e-01
    outer loop
      vertex 3.859497e+01 -1.163888e+01 3.384570e+01
      vertex 3.883618e+01 -1.173389e+01 3.387695e+01
      vertex 3.884497e+01 -1.162261e+01 3.411279e+01
    endloop
  endfacet
  facet normal -3.794646e-01 -8.312755e-01 4.061868e-01
    outer loop
      vertex 3.859497e+01 -1.163888e+01 3.384570e+01
      vertex 3.884497e+01 -1.162261e+01 3.411279e+01
      vertex 3.861206e+01 -1.153083e+01 3.408301e+01
    endloop
  endfacet
  facet normal -4.844948e-01 -4.134029e-01 7.709493e-01
    outer loop
      vertex 3.848267e+01 -1.124313e+01 3.424316e+01
      vertex 3.866187e+01 -1.137402e+01 3.428564e+01
      vertex 3.874146e+01 -1.117913e+01 3.443994e+01
    endloop
  endfacet
  facet normal -3.539953e-01 -6.954016e-01 6.253831e-01
    outer loop
      vertex 3.866187e+01 -1.137402e+01 3.428564e+01
      vertex 3.861206e+01 -1.153083e+01 3.408301e+01
      vertex 3.887085e+01 -1.145630e+01 3.431250e+01
    endloop
  endfacet
  facet normal -3.045662e-01 -5.122004e-01 8.030505e-01
    outer loop
      vertex 3.866187e+01 -1.137402e+01 3.428564e+01
      vertex 3.887085e+01 -1.145630e+01 3.431250e+01
      vertex 3.891187e+01 -1.124631e+01 3.446191e+01
    endloop
  endfacet
  facet normal -3.045662e-01 -5.122004e-01 8.030505e-01
    outer loop
      vertex 3.866187e+01 -1.137402e+01 3.428564e+01
      vertex 3.891187e+01 -1.124631e+01 3.446191e+01
      vertex 3.874146e+01 -1.117913e+01 3.443994e+01
    endloop
  endfacet
  facet normal -2.342221e-01 -2.934105e-01 9.268497e-01
    outer loop
      vertex 3.896558e+01 -1.100695e+01 3.455127e+01
      vertex 3.884497e+01 -1.095944e+01 3.453564e+01
      vertex 3.874146e+01 -1.117913e+01 3.443994e+01
    endloop
  endfacet
  facet normal -2.342221e-01 -2.934105e-01 9.268497e-01
    outer loop
      vertex 3.896558e+01 -1.100695e+01 3.455127e+01
      vertex 3.874146e+01 -1.117913e+01 3.443994e+01
      vertex 3.891187e+01 -1.124631e+01 3.446191e+01
    endloop
  endfacet
  facet normal -7.988880e-02 -3.327399e-01 9.396286e-01
    outer loop
      vertex 3.896558e+01 -1.100695e+01 3.455127e+01
      vertex 3.891187e+01 -1.124631e+01 3.446191e+01
      vertex 3.909497e+01 -1.102315e+01 3.455664e+01
    endloop
  endfacet
  facet normal -5.031741e-02 -7.835971e-02 9.956545e-01
    outer loop
      vertex 3.896558e+01 -1.100695e+01 3.455127e+01
      vertex 3.909497e+01 -1.102315e+01 3.455664e+01
      vertex 3.909497e+01 -1.076290e+01 3.457715e+01
    endloop
  endfacet
  facet normal -3.794646e-01 -9.112666e-01 1.599995e-01
    outer loop
      vertex 3.861206e+01 -1.169079e+01 3.359082e+01
      vertex 3.884497e+01 -1.178256e+01 3.362061e+01
      vertex 3.883618e+01 -1.173389e+01 3.387695e+01
    endloop
  endfacet
  facet normal -1.207412e-01 -9.896239e-01 -7.788509e-02
    outer loop
      vertex 3.884497e+01 -1.178256e+01 3.362061e+01
      vertex 3.887085e+01 -1.176532e+01 3.336133e+01
      vertex 3.909497e+01 -1.181387e+01 3.363086e+01
    endloop
  endfacet
  facet normal -1.294283e-01 -9.749845e-01 1.807027e-01
    outer loop
      vertex 3.884497e+01 -1.178256e+01 3.362061e+01
      vertex 3.909497e+01 -1.181387e+01 3.363086e+01
      vertex 3.909497e+01 -1.176629e+01 3.388721e+01
    endloop
  endfacet
  facet normal -1.294283e-01 -9.749845e-01 1.807027e-01
    outer loop
      vertex 3.884497e+01 -1.178256e+01 3.362061e+01
      vertex 3.909497e+01 -1.176629e+01 3.388721e+01
      vertex 3.883618e+01 -1.173389e+01 3.387695e+01
    endloop
  endfacet
  facet normal -3.539953e-01 -6.954016e-01 6.253831e-01
    outer loop
      vertex 3.861206e+01 -1.153083e+01 3.408301e+01
      vertex 3.884497e+01 -1.162261e+01 3.411279e+01
      vertex 3.887085e+01 -1.145630e+01 3.431250e+01
    endloop
  endfacet
  facet normal -1.294283e-01 -8.949934e-01 4.268900e-01
    outer loop
      vertex 3.884497e+01 -1.162261e+01 3.411279e+01
      vertex 3.883618e+01 -1.173389e+01 3.387695e+01
      vertex 3.909497e+01 -1.165391e+01 3.412305e+01
    endloop
  endfacet
  facet normal -1.207412e-01 -7.548429e-01 6.446967e-01
    outer loop
      vertex 3.884497e+01 -1.162261e+01 3.411279e+01
      vertex 3.909497e+01 -1.165391e+01 3.412305e+01
      vertex 3.909497e+01 -1.148437e+01 3.432129e+01
    endloop
  endfacet
  facet normal -1.207412e-01 -7.548429e-01 6.446967e-01
    outer loop
      vertex 3.884497e+01 -1.162261e+01 3.411279e+01
      vertex 3.909497e+01 -1.148437e+01 3.432129e+01
      vertex 3.887085e+01 -1.145630e+01 3.431250e+01
    endloop
  endfacet
  facet normal -1.038819e-01 -5.633418e-01 8.196674e-01
    outer loop
      vertex 3.891187e+01 -1.124631e+01 3.446191e+01
      vertex 3.887085e+01 -1.145630e+01 3.431250e+01
      vertex 3.909497e+01 -1.126923e+01 3.446924e+01
    endloop
  endfacet
  facet normal -7.988880e-02 -3.327399e-01 9.396286e-01
    outer loop
      vertex 3.891187e+01 -1.124631e+01 3.446191e+01
      vertex 3.909497e+01 -1.126923e+01 3.446924e+01
      vertex 3.909497e+01 -1.102315e+01 3.455664e+01
    endloop
  endfacet
  facet normal 7.988880e-02 -3.327399e-01 9.396286e-01
    outer loop
      vertex 3.909497e+01 -1.102315e+01 3.455664e+01
      vertex 3.909497e+01 -1.126923e+01 3.446924e+01
      vertex 3.922437e+01 -1.100695e+01 3.455127e+01
    endloop
  endfacet
  facet normal 1.038819e-01 -5.633418e-01 8.196674e-01
    outer loop
      vertex 3.909497e+01 -1.126923e+01 3.446924e+01
      vertex 3.909497e+01 -1.148437e+01 3.432129e+01
      vertex 3.927808e+01 -1.124631e+01 3.446191e+01
    endloop
  endfacet
  facet normal 7.988880e-02 -3.327399e-01 9.396286e-01
    outer loop
      vertex 3.909497e+01 -1.126923e+01 3.446924e+01
      vertex 3.927808e+01 -1.124631e+01 3.446191e+01
      vertex 3.922437e+01 -1.100695e+01 3.455127e+01
    endloop
  endfacet
  facet normal 1.207412e-01 -7.548429e-01 6.446967e-01
    outer loop
      vertex 3.909497e+01 -1.148437e+01 3.432129e+01
      vertex 3.909497e+01 -1.165391e+01 3.412305e+01
      vertex 3.931909e+01 -1.145630e+01 3.431250e+01
    endloop
  endfacet
  facet normal 1.038819e-01 -5.633418e-01 8.196674e-01
    outer loop
      vertex 3.909497e+01 -1.148437e+01 3.432129e+01
      vertex 3.931909e+01 -1.145630e+01 3.431250e+01
      vertex 3.927808e+01 -1.124631e+01 3.446191e+01
    endloop
  endfacet
  facet normal -1.038819e-01 -5.633418e-01 8.196674e-01
    outer loop
      vertex 3.909497e+01 -1.148437e+01 3.432129e+01
      vertex 3.909497e+01 -1.126923e+01 3.446924e+01
      vertex 3.887085e+01 -1.145630e+01 3.431250e+01
    endloop
  endfacet
  facet normal 1.294283e-01 -8.949934e-01 4.268900e-01
    outer loop
      vertex 3.909497e+01 -1.165391e+01 3.412305e+01
      vertex 3.909497e+01 -1.176629e+01 3.388721e+01
      vertex 3.934497e+01 -1.162261e+01 3.411279e+01
    endloop
  endfacet
  facet normal 1.207412e-01 -7.548429e-01 6.446967e-01
    outer loop
      vertex 3.909497e+01 -1.165391e+01 3.412305e+01
      vertex 3.934497e+01 -1.162261e+01 3.411279e+01
      vertex 3.931909e+01 -1.145630e+01 3.431250e+01
    endloop
  endfacet
  facet normal 1.294283e-01 -9.749845e-01 1.807027e-01
    outer loop
      vertex 3.909497e+01 -1.176629e+01 3.388721e+01
      vertex 3.909497e+01 -1.181387e+01 3.363086e+01
      vertex 3.935376e+01 -1.173389e+01 3.387695e+01
    endloop
  endfacet
  facet normal 1.294283e-01 -8.949934e-01 4.268900e-01
    outer loop
      vertex 3.909497e+01 -1.176629e+01 3.388721e+01
      vertex 3.935376e+01 -1.173389e+01 3.387695e+01
      vertex 3.934497e+01 -1.162261e+01 3.411279e+01
    endloop
  endfacet
  facet normal -1.294283e-01 -8.949934e-01 4.268900e-01
    outer loop
      vertex 3.909497e+01 -1.176629e+01 3.388721e+01
      vertex 3.909497e+01 -1.165391e+01 3.412305e+01
      vertex 3.883618e+01 -1.173389e+01 3.387695e+01
    endloop
  endfacet
  facet normal 1.294283e-01 -9.749845e-01 1.807027e-01
    outer loop
      vertex 3.935376e+01 -1.173389e+01 3.387695e+01
      vertex 3.909497e+01 -1.181387e+01 3.363086e+01
      vertex 3.934497e+01 -1.178256e+01 3.362061e+01
    endloop
  endfacet
  facet normal 3.794646e-01 -9.112666e-01 1.599995e-01
    outer loop
      vertex 3.935376e+01 -1.173389e+01 3.387695e+01
      vertex 3.934497e+01 -1.178256e+01 3.362061e+01
      vertex 3.959497e+01 -1.163888e+01 3.384570e+01
    endloop
  endfacet
  facet normal 3.794646e-01 -8.312755e-01 4.061868e-01
    outer loop
      vertex 3.935376e+01 -1.173389e+01 3.387695e+01
      vertex 3.959497e+01 -1.163888e+01 3.384570e+01
      vertex 3.957788e+01 -1.153083e+01 3.408301e+01
    endloop
  endfacet
  facet normal 3.794646e-01 -8.312755e-01 4.061868e-01
    outer loop
      vertex 3.935376e+01 -1.173389e+01 3.387695e+01
      vertex 3.957788e+01 -1.153083e+01 3.408301e+01
      vertex 3.934497e+01 -1.162261e+01 3.411279e+01
    endloop
  endfacet
  facet normal 1.207412e-01 -9.896239e-01 -7.788509e-02
    outer loop
      vertex 3.934497e+01 -1.178256e+01 3.362061e+01
      vertex 3.909497e+01 -1.181387e+01 3.363086e+01
      vertex 3.909497e+01 -1.179339e+01 3.337061e+01
    endloop
  endfacet
  facet normal 3.539953e-01 -6.954016e-01 6.253831e-01
    outer loop
      vertex 3.931909e+01 -1.145630e+01 3.431250e+01
      vertex 3.934497e+01 -1.162261e+01 3.411279e+01
      vertex 3.952808e+01 -1.137402e+01 3.428564e+01
    endloop
  endfacet
  facet normal 3.045662e-01 -5.122004e-01 8.030505e-01
    outer loop
      vertex 3.931909e+01 -1.145630e+01 3.431250e+01
      vertex 3.952808e+01 -1.137402e+01 3.428564e+01
      vertex 3.944849e+01 -1.117913e+01 3.443994e+01
    endloop
  endfacet
  facet normal 3.045662e-01 -5.122004e-01 8.030505e-01
    outer loop
      vertex 3.931909e+01 -1.145630e+01 3.431250e+01
      vertex 3.944849e+01 -1.117913e+01 3.443994e+01
      vertex 3.927808e+01 -1.124631e+01 3.446191e+01
    endloop
  endfacet
  facet normal 2.342221e-01 -2.934105e-01 9.268497e-01
    outer loop
      vertex 3.922437e+01 -1.100695e+01 3.455127e+01
      vertex 3.927808e+01 -1.124631e+01 3.446191e+01
      vertex 3.934497e+01 -1.095944e+01 3.453564e+01
    endloop
  endfacet
  facet normal 1.475232e-01 -5.358829e-02 9.876058e-01
    outer loop
      vertex 3.922437e+01 -1.100695e+01 3.455127e+01
      vertex 3.934497e+01 -1.095944e+01 3.453564e+01
      vertex 3.922437e+01 -1.072992e+01 3.456641e+01
    endloop
  endfacet
  facet normal -1.207412e-01 -9.896239e-01 -7.788509e-02
    outer loop
      vertex 3.887085e+01 -1.176532e+01 3.336133e+01
      vertex 3.909497e+01 -1.179339e+01 3.337061e+01
      vertex 3.909497e+01 -1.181387e+01 3.363086e+01
    endloop
  endfacet
  facet normal 4.819907e-01 -8.678817e-01 -1.202761e-01
    outer loop
      vertex 3.957349e+01 -1.165702e+01 3.332764e+01
      vertex 3.957788e+01 -1.169079e+01 3.359082e+01
      vertex 3.952808e+01 -1.168304e+01 3.333447e+01
    endloop
  endfacet
  facet normal 3.817035e-01 -7.875586e-01 -4.837913e-01
    outer loop
      vertex 3.957349e+01 -1.165702e+01 3.332764e+01
      vertex 3.952808e+01 -1.168304e+01 3.333447e+01
      vertex 3.934253e+01 -1.173431e+01 3.327148e+01
    endloop
  endfacet
  facet normal 3.539953e-01 -6.954016e-01 6.253831e-01
    outer loop
      vertex 3.934497e+01 -1.162261e+01 3.411279e+01
      vertex 3.957788e+01 -1.153083e+01 3.408301e+01
      vertex 3.952808e+01 -1.137402e+01 3.428564e+01
    endloop
  endfacet
  facet normal 6.036410e-01 -7.081819e-01 3.661912e-01
    outer loop
      vertex 3.957788e+01 -1.153083e+01 3.408301e+01
      vertex 3.959497e+01 -1.163888e+01 3.384570e+01
      vertex 3.977808e+01 -1.138484e+01 3.403564e+01
    endloop
  endfacet
  facet normal 5.631252e-01 -5.805699e-01 5.880720e-01
    outer loop
      vertex 3.957788e+01 -1.153083e+01 3.408301e+01
      vertex 3.977808e+01 -1.138484e+01 3.403564e+01
      vertex 3.970728e+01 -1.124313e+01 3.424316e+01
    endloop
  endfacet
  facet normal 5.631252e-01 -5.805699e-01 5.880720e-01
    outer loop
      vertex 3.957788e+01 -1.153083e+01 3.408301e+01
      vertex 3.970728e+01 -1.124313e+01 3.424316e+01
      vertex 3.952808e+01 -1.137402e+01 3.428564e+01
    endloop
  endfacet
  facet normal 3.725936e-01 -2.174317e-01 9.021627e-01
    outer loop
      vertex 3.944849e+01 -1.088387e+01 3.451123e+01
      vertex 3.934497e+01 -1.095944e+01 3.453564e+01
      vertex 3.944849e+01 -1.117913e+01 3.443994e+01
    endloop
  endfacet
  facet normal 3.725936e-01 -2.174317e-01 9.021627e-01
    outer loop
      vertex 3.944849e+01 -1.088387e+01 3.451123e+01
      vertex 3.944849e+01 -1.117913e+01 3.443994e+01
      vertex 3.959497e+01 -1.107226e+01 3.440527e+01
    endloop
  endfacet
  facet normal 4.855734e-01 -1.099815e-01 8.672500e-01
    outer loop
      vertex 3.944849e+01 -1.088387e+01 3.451123e+01
      vertex 3.959497e+01 -1.107226e+01 3.440527e+01
      vertex 3.952808e+01 -1.078538e+01 3.447900e+01
    endloop
  endfacet
  facet normal 3.058351e-01 6.194317e-02 9.500673e-01
    outer loop
      vertex 3.944849e+01 -1.088387e+01 3.451123e+01
      vertex 3.952808e+01 -1.078538e+01 3.447900e+01
      vertex 3.931909e+01 -1.063983e+01 3.453711e+01
    endloop
  endfacet
  facet normal 4.844948e-01 -4.134029e-01 7.709493e-01
    outer loop
      vertex 3.944849e+01 -1.117913e+01 3.443994e+01
      vertex 3.952808e+01 -1.137402e+01 3.428564e+01
      vertex 3.959497e+01 -1.107226e+01 3.440527e+01
    endloop
  endfacet
  facet normal 2.342221e-01 -2.934105e-01 9.268497e-01
    outer loop
      vertex 3.927808e+01 -1.124631e+01 3.446191e+01
      vertex 3.944849e+01 -1.117913e+01 3.443994e+01
      vertex 3.934497e+01 -1.095944e+01 3.453564e+01
    endloop
  endfacet
  facet normal 7.621785e-01 -6.433119e-01 7.234462e-02
    outer loop
      vertex 3.992310e+01 -1.137382e+01 3.353369e+01
      vertex 3.980200e+01 -1.148774e+01 3.379688e+01
      vertex 3.977808e+01 -1.154480e+01 3.354346e+01
    endloop
  endfacet
  facet normal 7.560062e-01 -6.475341e-01 -9.567726e-02
    outer loop
      vertex 3.992310e+01 -1.137382e+01 3.353369e+01
      vertex 3.977808e+01 -1.154480e+01 3.354346e+01
      vertex 3.977124e+01 -1.153406e+01 3.341699e+01
    endloop
  endfacet
  facet normal 6.036410e-01 -7.081819e-01 3.661912e-01
    outer loop
      vertex 3.959497e+01 -1.163888e+01 3.384570e+01
      vertex 3.980200e+01 -1.148774e+01 3.379688e+01
      vertex 3.977808e+01 -1.138484e+01 3.403564e+01
    endloop
  endfacet
  facet normal 7.866803e-01 -5.341012e-01 3.096290e-01
    outer loop
      vertex 3.980200e+01 -1.148774e+01 3.379688e+01
      vertex 3.993140e+01 -1.119458e+01 3.397363e+01
      vertex 3.977808e+01 -1.138484e+01 3.403564e+01
    endloop
  endfacet
  facet normal 4.844948e-01 -4.134029e-01 7.709493e-01
    outer loop
      vertex 3.952808e+01 -1.137402e+01 3.428564e+01
      vertex 3.970728e+01 -1.124313e+01 3.424316e+01
      vertex 3.959497e+01 -1.107226e+01 3.440527e+01
    endloop
  endfacet
  facet normal 7.338790e-01 -4.181733e-01 5.353062e-01
    outer loop
      vertex 3.993140e+01 -1.119458e+01 3.397363e+01
      vertex 3.984497e+01 -1.107255e+01 3.418750e+01
      vertex 3.977808e+01 -1.138484e+01 3.403564e+01
    endloop
  endfacet
  facet normal 6.314059e-01 -2.736821e-01 7.255512e-01
    outer loop
      vertex 3.959497e+01 -1.107226e+01 3.440527e+01
      vertex 3.970728e+01 -1.124313e+01 3.424316e+01
      vertex 3.970728e+01 -1.093298e+01 3.435986e+01
    endloop
  endfacet
  facet normal 4.855734e-01 -1.099815e-01 8.672500e-01
    outer loop
      vertex 3.959497e+01 -1.107226e+01 3.440527e+01
      vertex 3.970728e+01 -1.093298e+01 3.435986e+01
      vertex 3.952808e+01 -1.078538e+01 3.447900e+01
    endloop
  endfacet
  facet normal 7.338790e-01 -4.181733e-01 5.353062e-01
    outer loop
      vertex 3.970728e+01 -1.124313e+01 3.424316e+01
      vertex 3.977808e+01 -1.138484e+01 3.403564e+01
      vertex 3.984497e+01 -1.107255e+01 3.418750e+01
    endloop
  endfacet
  facet normal 6.314059e-01 -2.736821e-01 7.255512e-01
    outer loop
      vertex 3.970728e+01 -1.124313e+01 3.424316e+01
      vertex 3.984497e+01 -1.107255e+01 3.418750e+01
      vertex 3.970728e+01 -1.093298e+01 3.435986e+01
    endloop
  endfacet
  facet normal 7.352878e-01 -1.025598e-01 6.699502e-01
    outer loop
      vertex 3.977808e+01 -1.077078e+01 3.430713e+01
      vertex 3.970728e+01 -1.093298e+01 3.435986e+01
      vertex 3.984497e+01 -1.107255e+01 3.418750e+01
    endloop
  endfacet
  facet normal 3.561525e-01 1.448299e-01 9.231358e-01
    outer loop
      vertex 3.934497e+01 -1.058046e+01 3.451758e+01
      vertex 3.931909e+01 -1.063983e+01 3.453711e+01
      vertex 3.952808e+01 -1.078538e+01 3.447900e+01
    endloop
  endfacet
  facet normal 1.044315e-01 3.825392e-01 9.180184e-01
    outer loop
      vertex 3.909497e+01 -1.050622e+01 3.452930e+01
      vertex 3.931909e+01 -1.039367e+01 3.445703e+01
      vertex 3.927808e+01 -1.034269e+01 3.444043e+01
    endloop
  endfacet
endsolid Default
