solid Default
  facet normal 1.000000e+00 0.000000e+00 0.000000e+00
    outer loop
      vertex 2.979767e+01 5.333328e+00 1.814720e+01
      vertex 2.979767e+01 3.639709e+00 1.518720e+01
      vertex 2.979767e+01 1.066667e+01 9.073584e+00
    endloop
  endfacet
  facet normal 1.000000e+00 0.000000e+00 0.000000e+00
    outer loop
      vertex 2.979767e+01 5.333328e+00 1.814720e+01
      vertex 2.979767e+01 -5.333321e+00 1.814720e+01
      vertex 2.979767e+01 3.639709e+00 1.518720e+01
    endloop
  endfacet
  facet normal 1.000000e+00 0.000000e+00 0.000000e+00
    outer loop
      vertex 2.979767e+01 3.639709e+00 1.518720e+01
      vertex 2.979767e+01 -5.333321e+00 1.814720e+01
      vertex 2.979767e+01 -3.639717e+00 1.518720e+01
    endloop
  endfacet
  facet normal 1.000000e+00 0.000000e+00 0.000000e+00
    outer loop
      vertex 2.979767e+01 -1.066666e+01 3.552714e-15
      vertex 2.979767e+01 -7.233208e+00 3.552714e-15
      vertex 2.979767e+01 -1.066666e+01 9.073584e+00
    endloop
  endfacet
  facet normal 1.000000e+00 0.000000e+00 0.000000e+00
    outer loop
      vertex 2.979767e+01 -7.233208e+00 3.552714e-15
      vertex 2.979767e+01 -7.233208e+00 9.073584e+00
      vertex 2.979767e+01 -1.066666e+01 9.073584e+00
    endloop
  endfacet
  facet normal 1.000000e+00 0.000000e+00 0.000000e+00
    outer loop
      vertex 2.979767e+01 -7.233208e+00 9.073584e+00
      vertex 2.979767e+01 -3.639717e+00 1.518720e+01
      vertex 2.979767e+01 -1.066666e+01 9.073584e+00
    endloop
  endfacet
  facet normal 1.000000e+00 0.000000e+00 0.000000e+00
    outer loop
      vertex 2.979767e+01 -1.066666e+01 9.073584e+00
      vertex 2.979767e+01 -3.639717e+00 1.518720e+01
      vertex 2.979767e+01 -5.333321e+00 1.814720e+01
    endloop
  endfacet
  facet normal 1.000000e+00 0.000000e+00 0.000000e+00
    outer loop
      vertex 2.979767e+01 3.639709e+00 1.518720e+01
      vertex 2.979767e+01 7.233208e+00 9.073584e+00
      vertex 2.979767e+01 1.066667e+01 9.073584e+00
    endloop
  endfacet
  facet normal 1.000000e+00 0.000000e+00 0.000000e+00
    outer loop
      vertex 2.979767e+01 7.233208e+00 7.105427e-15
      vertex 2.979767e+01 1.066667e+01 7.105427e-15
      vertex 2.979767e+01 7.233208e+00 9.073584e+00
    endloop
  endfacet
  facet normal 1.000000e+00 0.000000e+00 0.000000e+00
    outer loop
      vertex 2.979767e+01 1.066667e+01 7.105427e-15
      vertex 2.979767e+01 1.066667e+01 9.073584e+00
      vertex 2.979767e+01 7.233208e+00 9.073584e+00
    endloop
  endfacet
  facet normal 0.000000e+00 1.000000e+00 1.836970e-16
    outer loop
      vertex 1.790215e+01 -7.233208e+00 9.073584e+00
      vertex 2.979767e+01 -7.233208e+00 9.073584e+00
      vertex 1.815919e+01 -7.233208e+00 7.984755e+00
    endloop
  endfacet
  facet normal 0.000000e+00 1.000000e+00 1.836970e-16
    outer loop
      vertex 1.322432e+01 -7.233208e+00 3.552714e-15
      vertex 1.815919e+01 -7.233208e+00 7.984755e+00
      vertex 2.979767e+01 -7.233208e+00 3.552714e-15
    endloop
  endfacet
  facet normal 0.000000e+00 1.000000e+00 1.836970e-16
    outer loop
      vertex 1.815919e+01 -7.233208e+00 7.984755e+00
      vertex 2.979767e+01 -7.233208e+00 9.073584e+00
      vertex 2.979767e+01 -7.233208e+00 3.552714e-15
    endloop
  endfacet
  facet normal 0.000000e+00 -1.000000e+00 -1.836970e-16
    outer loop
      vertex 2.979767e+01 -1.066666e+01 9.073584e+00
      vertex 2.782881e+01 -1.066666e+01 9.073584e+00
      vertex 2.979767e+01 -1.066666e+01 3.552714e-15
    endloop
  endfacet
  facet normal 0.000000e+00 -1.000000e+00 -1.836970e-16
    outer loop
      vertex 2.782881e+01 -1.066666e+01 9.073584e+00
      vertex 2.735398e+01 -1.066666e+01 9.073584e+00
      vertex 2.979767e+01 -1.066666e+01 3.552714e-15
    endloop
  endfacet
  facet normal 0.000000e+00 -1.000000e+00 -1.836970e-16
    outer loop
      vertex 2.735398e+01 -1.066666e+01 9.073584e+00
      vertex 2.450349e+01 -1.066666e+01 9.073584e+00
      vertex 2.979767e+01 -1.066666e+01 3.552714e-15
    endloop
  endfacet
  facet normal 0.000000e+00 -1.000000e+00 -1.836970e-16
    outer loop
      vertex 1.944521e+01 -1.066666e+01 9.073584e+00
      vertex 1.490840e+01 -1.066666e+01 1.732910e+00
      vertex 2.450349e+01 -1.066666e+01 9.073584e+00
    endloop
  endfacet
  facet normal 0.000000e+00 -1.000000e+00 -1.836970e-16
    outer loop
      vertex 1.383739e+01 -1.066666e+01 3.552714e-15
      vertex 2.979767e+01 -1.066666e+01 3.552714e-15
      vertex 1.490840e+01 -1.066666e+01 1.732910e+00
    endloop
  endfacet
  facet normal 0.000000e+00 -1.000000e+00 -1.836970e-16
    outer loop
      vertex 1.490840e+01 -1.066666e+01 1.732910e+00
      vertex 2.979767e+01 -1.066666e+01 3.552714e-15
      vertex 2.450349e+01 -1.066666e+01 9.073584e+00
    endloop
  endfacet
  facet normal 0.000000e+00 -8.621035e-01 5.067322e-01
    outer loop
      vertex 2.979767e+01 -1.066666e+01 9.073584e+00
      vertex 2.979767e+01 -5.333321e+00 1.814720e+01
      vertex 2.782881e+01 -1.066666e+01 9.073584e+00
    endloop
  endfacet
  facet normal 0.000000e+00 -8.621035e-01 5.067322e-01
    outer loop
      vertex 2.117817e+01 -5.333321e+00 1.814720e+01
      vertex 2.450349e+01 -1.066666e+01 9.073584e+00
      vertex 2.979767e+01 -5.333321e+00 1.814720e+01
    endloop
  endfacet
  facet normal 0.000000e+00 -8.621035e-01 5.067322e-01
    outer loop
      vertex 2.117817e+01 -5.333321e+00 1.814720e+01
      vertex 1.944521e+01 -1.066666e+01 9.073584e+00
      vertex 2.450349e+01 -1.066666e+01 9.073584e+00
    endloop
  endfacet
  facet normal 0.000000e+00 -8.621035e-01 5.067322e-01
    outer loop
      vertex 2.450349e+01 -1.066666e+01 9.073584e+00
      vertex 2.735398e+01 -1.066666e+01 9.073584e+00
      vertex 2.979767e+01 -5.333321e+00 1.814720e+01
    endloop
  endfacet
  facet normal 0.000000e+00 -8.621035e-01 5.067322e-01
    outer loop
      vertex 2.735398e+01 -1.066666e+01 9.073584e+00
      vertex 2.782881e+01 -1.066666e+01 9.073584e+00
      vertex 2.979767e+01 -5.333321e+00 1.814720e+01
    endloop
  endfacet
  facet normal -0.000000e+00 1.836970e-16 -1.000000e+00
    outer loop
      vertex 2.979767e+01 -1.066666e+01 3.552714e-15
      vertex 1.383739e+01 -1.066666e+01 3.552714e-15
      vertex 2.979767e+01 -7.233208e+00 3.552714e-15
    endloop
  endfacet
  facet normal 0.000000e+00 1.836970e-16 -1.000000e+00
    outer loop
      vertex 1.264000e+01 -1.231475e+01 3.552714e-15
      vertex 1.072977e+01 -1.066666e+01 3.552714e-15
      vertex 1.383739e+01 -1.066666e+01 3.552714e-15
    endloop
  endfacet
  facet normal 0.000000e+00 1.836970e-16 -1.000000e+00
    outer loop
      vertex 7.567749e+00 -1.929615e+01 1.776357e-15
      vertex 6.142456e+00 -1.698061e+01 1.776357e-15
      vertex 1.264000e+01 -1.231475e+01 3.552714e-15
    endloop
  endfacet
  facet normal -0.000000e+00 1.836970e-16 -1.000000e+00
    outer loop
      vertex 7.567745e+00 -1.929617e+01 1.776357e-15
      vertex 7.567737e+00 -1.929617e+01 1.776357e-15
      vertex 7.567749e+00 -1.929615e+01 1.776357e-15
    endloop
  endfacet
  facet normal -0.000000e+00 1.836970e-16 -1.000000e+00
    outer loop
      vertex 7.567737e+00 -1.929617e+01 1.776357e-15
      vertex 6.417362e+00 -1.966993e+01 1.776357e-15
      vertex 7.567749e+00 -1.929615e+01 1.776357e-15
    endloop
  endfacet
  facet normal 0.000000e+00 1.836970e-16 -1.000000e+00
    outer loop
      vertex -2.576886e+00 -2.259228e+01 0.000000e+00
      vertex -2.784825e+00 -1.988120e+01 1.776357e-15
      vertex 6.417362e+00 -1.966993e+01 1.776357e-15
    endloop
  endfacet
  facet normal 0.000000e+00 1.836970e-16 -1.000000e+00
    outer loop
      vertex -2.784825e+00 -1.988120e+01 1.776357e-15
      vertex -2.576886e+00 -2.259228e+01 0.000000e+00
      vertex -2.784873e+00 -1.988122e+01 1.776357e-15
    endloop
  endfacet
  facet normal 0.000000e+00 1.836970e-16 -1.000000e+00
    outer loop
      vertex -2.576886e+00 -2.259228e+01 0.000000e+00
      vertex -2.576939e+00 -2.259229e+01 0.000000e+00
      vertex -2.784873e+00 -1.988122e+01 1.776357e-15
    endloop
  endfacet
  facet normal 0.000000e+00 1.836970e-16 -1.000000e+00
    outer loop
      vertex -1.899105e+01 -1.725904e+01 1.776357e-15
      vertex -1.722929e+01 -1.518795e+01 1.776357e-15
      vertex -1.078402e+01 -1.992565e+01 1.776357e-15
    endloop
  endfacet
  facet normal 0.000000e+00 1.836970e-16 -1.000000e+00
    outer loop
      vertex -1.899105e+01 -1.725904e+01 1.776357e-15
      vertex -1.899113e+01 -1.725893e+01 1.776357e-15
      vertex -1.722929e+01 -1.518795e+01 1.776357e-15
    endloop
  endfacet
  facet normal -0.000000e+00 1.836970e-16 -1.000000e+00
    outer loop
      vertex -1.722929e+01 -1.518795e+01 1.776357e-15
      vertex -1.899113e+01 -1.725893e+01 1.776357e-15
      vertex -1.722936e+01 -1.518786e+01 1.776357e-15
    endloop
  endfacet
  facet normal 0.000000e+00 1.836970e-16 -1.000000e+00
    outer loop
      vertex -2.526082e+01 -8.629311e+00 3.552714e-15
      vertex -2.274669e+01 -7.593803e+00 3.552714e-15
      vertex -2.526070e+01 -8.629494e+00 3.552714e-15
    endloop
  endfacet
  facet normal 0.000000e+00 1.836970e-16 -1.000000e+00
    outer loop
      vertex -2.526082e+01 -8.629311e+00 3.552714e-15
      vertex -2.526082e+01 0.000000e+00 5.329071e-15
      vertex -2.274669e+01 -7.593803e+00 3.552714e-15
    endloop
  endfacet
  facet normal 0.000000e+00 1.836970e-16 -1.000000e+00
    outer loop
      vertex -2.526082e+01 8.629318e+00 7.105427e-15
      vertex -2.274669e+01 7.593803e+00 7.105427e-15
      vertex -2.526082e+01 0.000000e+00 5.329071e-15
    endloop
  endfacet
  facet normal 0.000000e+00 1.836970e-16 -1.000000e+00
    outer loop
      vertex -2.526082e+01 8.629318e+00 7.105427e-15
      vertex -2.526070e+01 8.629486e+00 7.105427e-15
      vertex -2.274669e+01 7.593803e+00 7.105427e-15
    endloop
  endfacet
  facet normal 0.000000e+00 1.836970e-16 -1.000000e+00
    outer loop
      vertex -1.899113e+01 1.725893e+01 8.881784e-15
      vertex -1.722936e+01 1.518786e+01 7.105427e-15
      vertex -2.526070e+01 8.629486e+00 7.105427e-15
    endloop
  endfacet
  facet normal 0.000000e+00 1.836970e-16 -1.000000e+00
    outer loop
      vertex -1.722936e+01 1.518786e+01 7.105427e-15
      vertex -1.899113e+01 1.725893e+01 8.881784e-15
      vertex -1.722929e+01 1.518796e+01 7.105427e-15
    endloop
  endfacet
  facet normal 0.000000e+00 1.836970e-16 -1.000000e+00
    outer loop
      vertex -1.899113e+01 1.725893e+01 8.881784e-15
      vertex -1.899105e+01 1.725904e+01 8.881784e-15
      vertex -1.722929e+01 1.518796e+01 7.105427e-15
    endloop
  endfacet
  facet normal 0.000000e+00 1.836970e-16 -1.000000e+00
    outer loop
      vertex -2.576939e+00 2.259229e+01 8.881784e-15
      vertex -2.784873e+00 1.988122e+01 8.881784e-15
      vertex -1.078402e+01 1.992566e+01 8.881784e-15
    endloop
  endfacet
  facet normal 0.000000e+00 1.836970e-16 -1.000000e+00
    outer loop
      vertex -2.576939e+00 2.259229e+01 8.881784e-15
      vertex -2.576886e+00 2.259228e+01 8.881784e-15
      vertex -2.784873e+00 1.988122e+01 8.881784e-15
    endloop
  endfacet
  facet normal 0.000000e+00 1.836970e-16 -1.000000e+00
    outer loop
      vertex -2.784873e+00 1.988122e+01 8.881784e-15
      vertex -2.576886e+00 2.259228e+01 8.881784e-15
      vertex -2.784825e+00 1.988120e+01 8.881784e-15
    endloop
  endfacet
  facet normal 0.000000e+00 1.836970e-16 -1.000000e+00
    outer loop
      vertex 7.567737e+00 1.929617e+01 8.881784e-15
      vertex 7.567749e+00 1.929615e+01 8.881784e-15
      vertex 6.417362e+00 1.966994e+01 8.881784e-15
    endloop
  endfacet
  facet normal 0.000000e+00 1.836970e-16 -1.000000e+00
    outer loop
      vertex 7.567737e+00 1.929617e+01 8.881784e-15
      vertex 7.567745e+00 1.929616e+01 8.881784e-15
      vertex 7.567749e+00 1.929615e+01 8.881784e-15
    endloop
  endfacet
  facet normal 0.000000e+00 1.836970e-16 -1.000000e+00
    outer loop
      vertex 1.264000e+01 1.231475e+01 7.105427e-15
      vertex 6.142456e+00 1.698061e+01 8.881784e-15
      vertex 7.567749e+00 1.929615e+01 8.881784e-15
    endloop
  endfacet
  facet normal -0.000000e+00 1.836970e-16 -1.000000e+00
    outer loop
      vertex 1.383739e+01 1.066667e+01 7.105427e-15
      vertex 1.072977e+01 1.066667e+01 7.105427e-15
      vertex 1.264000e+01 1.231475e+01 7.105427e-15
    endloop
  endfacet
  facet normal 0.000000e+00 1.836970e-16 -1.000000e+00
    outer loop
      vertex 2.979767e+01 1.066667e+01 7.105427e-15
      vertex 2.979767e+01 7.233208e+00 7.105427e-15
      vertex 1.383739e+01 1.066667e+01 7.105427e-15
    endloop
  endfacet
  facet normal -0.000000e+00 1.836970e-16 -1.000000e+00
    outer loop
      vertex 2.979767e+01 7.233208e+00 7.105427e-15
      vertex 1.322432e+01 7.233208e+00 7.105427e-15
      vertex 1.383739e+01 1.066667e+01 7.105427e-15
    endloop
  endfacet
  facet normal 0.000000e+00 1.836970e-16 -1.000000e+00
    outer loop
      vertex 1.322432e+01 7.233208e+00 7.105427e-15
      vertex 1.072977e+01 1.066667e+01 7.105427e-15
      vertex 1.383739e+01 1.066667e+01 7.105427e-15
    endloop
  endfacet
  facet normal 0.000000e+00 1.836970e-16 -1.000000e+00
    outer loop
      vertex 1.072977e+01 1.066667e+01 7.105427e-15
      vertex 1.060604e+01 1.083698e+01 7.105427e-15
      vertex 1.264000e+01 1.231475e+01 7.105427e-15
    endloop
  endfacet
  facet normal 0.000000e+00 1.836970e-16 -1.000000e+00
    outer loop
      vertex 1.060604e+01 1.083698e+01 7.105427e-15
      vertex 6.142456e+00 1.698061e+01 8.881784e-15
      vertex 1.264000e+01 1.231475e+01 7.105427e-15
    endloop
  endfacet
  facet normal 0.000000e+00 1.836970e-16 -1.000000e+00
    outer loop
      vertex 6.142456e+00 1.698061e+01 8.881784e-15
      vertex 6.142448e+00 1.698062e+01 8.881784e-15
      vertex 7.567749e+00 1.929615e+01 8.881784e-15
    endloop
  endfacet
  facet normal 0.000000e+00 1.836970e-16 -1.000000e+00
    outer loop
      vertex 6.142448e+00 1.698062e+01 8.881784e-15
      vertex 6.142444e+00 1.698062e+01 8.881784e-15
      vertex 7.567749e+00 1.929615e+01 8.881784e-15
    endloop
  endfacet
  facet normal -0.000000e+00 1.836970e-16 -1.000000e+00
    outer loop
      vertex 7.567749e+00 1.929615e+01 8.881784e-15
      vertex 6.142444e+00 1.698062e+01 8.881784e-15
      vertex 6.417362e+00 1.966994e+01 8.881784e-15
    endloop
  endfacet
  facet normal 0.000000e+00 1.836970e-16 -1.000000e+00
    outer loop
      vertex 6.142444e+00 1.698062e+01 8.881784e-15
      vertex 5.130115e+00 1.730955e+01 8.881784e-15
      vertex 6.417362e+00 1.966994e+01 8.881784e-15
    endloop
  endfacet
  facet normal 0.000000e+00 1.836970e-16 -1.000000e+00
    outer loop
      vertex -2.784873e+00 1.988122e+01 8.881784e-15
      vertex -1.000710e+01 1.753458e+01 8.881784e-15
      vertex -1.078402e+01 1.992566e+01 8.881784e-15
    endloop
  endfacet
  facet normal -0.000000e+00 1.836970e-16 -1.000000e+00
    outer loop
      vertex -1.000710e+01 1.753458e+01 8.881784e-15
      vertex -1.722929e+01 1.518796e+01 7.105427e-15
      vertex -1.078402e+01 1.992566e+01 8.881784e-15
    endloop
  endfacet
  facet normal 0.000000e+00 1.836970e-16 -1.000000e+00
    outer loop
      vertex -1.722936e+01 1.518786e+01 7.105427e-15
      vertex -2.274658e+01 7.593948e+00 7.105427e-15
      vertex -2.526070e+01 8.629486e+00 7.105427e-15
    endloop
  endfacet
  facet normal 0.000000e+00 1.836970e-16 -1.000000e+00
    outer loop
      vertex -2.274658e+01 7.593948e+00 7.105427e-15
      vertex -2.274669e+01 7.593803e+00 7.105427e-15
      vertex -2.526070e+01 8.629486e+00 7.105427e-15
    endloop
  endfacet
  facet normal 0.000000e+00 1.836970e-16 -1.000000e+00
    outer loop
      vertex -2.274669e+01 7.593803e+00 7.105427e-15
      vertex -2.274669e+01 0.000000e+00 5.329071e-15
      vertex -2.526082e+01 0.000000e+00 5.329071e-15
    endloop
  endfacet
  facet normal 0.000000e+00 1.836970e-16 -1.000000e+00
    outer loop
      vertex -2.274669e+01 0.000000e+00 5.329071e-15
      vertex -2.274669e+01 -7.593803e+00 3.552714e-15
      vertex -2.526082e+01 0.000000e+00 5.329071e-15
    endloop
  endfacet
  facet normal 0.000000e+00 1.836970e-16 -1.000000e+00
    outer loop
      vertex -2.274669e+01 -7.593803e+00 3.552714e-15
      vertex -2.274658e+01 -7.593956e+00 3.552714e-15
      vertex -2.526070e+01 -8.629494e+00 3.552714e-15
    endloop
  endfacet
  facet normal 0.000000e+00 1.836970e-16 -1.000000e+00
    outer loop
      vertex -2.274658e+01 -7.593956e+00 3.552714e-15
      vertex -1.722936e+01 -1.518786e+01 1.776357e-15
      vertex -2.526070e+01 -8.629494e+00 3.552714e-15
    endloop
  endfacet
  facet normal 0.000000e+00 1.836970e-16 -1.000000e+00
    outer loop
      vertex -2.526070e+01 -8.629494e+00 3.552714e-15
      vertex -1.722936e+01 -1.518786e+01 1.776357e-15
      vertex -1.899113e+01 -1.725893e+01 1.776357e-15
    endloop
  endfacet
  facet normal 0.000000e+00 1.836970e-16 -1.000000e+00
    outer loop
      vertex -1.722929e+01 -1.518795e+01 1.776357e-15
      vertex -1.000710e+01 -1.753458e+01 1.776357e-15
      vertex -1.078402e+01 -1.992565e+01 1.776357e-15
    endloop
  endfacet
  facet normal 0.000000e+00 1.836970e-16 -1.000000e+00
    outer loop
      vertex -1.000710e+01 -1.753458e+01 1.776357e-15
      vertex -2.784873e+00 -1.988122e+01 1.776357e-15
      vertex -1.078402e+01 -1.992565e+01 1.776357e-15
    endloop
  endfacet
  facet normal 0.000000e+00 1.836970e-16 -1.000000e+00
    outer loop
      vertex -2.784825e+00 -1.988120e+01 1.776357e-15
      vertex 5.130115e+00 -1.730955e+01 1.776357e-15
      vertex 6.417362e+00 -1.966993e+01 1.776357e-15
    endloop
  endfacet
  facet normal 0.000000e+00 1.836970e-16 -1.000000e+00
    outer loop
      vertex 5.130115e+00 -1.730955e+01 1.776357e-15
      vertex 6.142444e+00 -1.698063e+01 1.776357e-15
      vertex 6.417362e+00 -1.966993e+01 1.776357e-15
    endloop
  endfacet
  facet normal 0.000000e+00 1.836970e-16 -1.000000e+00
    outer loop
      vertex 6.417362e+00 -1.966993e+01 1.776357e-15
      vertex 6.142444e+00 -1.698063e+01 1.776357e-15
      vertex 7.567749e+00 -1.929615e+01 1.776357e-15
    endloop
  endfacet
  facet normal 0.000000e+00 1.836970e-16 -1.000000e+00
    outer loop
      vertex 6.142444e+00 -1.698063e+01 1.776357e-15
      vertex 6.142448e+00 -1.698061e+01 1.776357e-15
      vertex 7.567749e+00 -1.929615e+01 1.776357e-15
    endloop
  endfacet
  facet normal 0.000000e+00 1.836970e-16 -1.000000e+00
    outer loop
      vertex 6.142456e+00 -1.698061e+01 1.776357e-15
      vertex 1.060604e+01 -1.083698e+01 3.552714e-15
      vertex 1.264000e+01 -1.231475e+01 3.552714e-15
    endloop
  endfacet
  facet normal 0.000000e+00 1.836970e-16 -1.000000e+00
    outer loop
      vertex 1.060604e+01 -1.083698e+01 3.552714e-15
      vertex 1.072977e+01 -1.066666e+01 3.552714e-15
      vertex 1.264000e+01 -1.231475e+01 3.552714e-15
    endloop
  endfacet
  facet normal 0.000000e+00 1.836970e-16 -1.000000e+00
    outer loop
      vertex 1.072977e+01 -1.066666e+01 3.552714e-15
      vertex 1.322432e+01 -7.233208e+00 3.552714e-15
      vertex 1.383739e+01 -1.066666e+01 3.552714e-15
    endloop
  endfacet
  facet normal 0.000000e+00 1.836970e-16 -1.000000e+00
    outer loop
      vertex 1.322432e+01 -7.233208e+00 3.552714e-15
      vertex 2.979767e+01 -7.233208e+00 3.552714e-15
      vertex 1.383739e+01 -1.066666e+01 3.552714e-15
    endloop
  endfacet
  facet normal 0.000000e+00 1.836970e-16 -1.000000e+00
    outer loop
      vertex -1.078402e+01 -1.992565e+01 1.776357e-15
      vertex -2.784873e+00 -1.988122e+01 1.776357e-15
      vertex -2.576939e+00 -2.259229e+01 0.000000e+00
    endloop
  endfacet
  facet normal 0.000000e+00 1.836970e-16 -1.000000e+00
    outer loop
      vertex 7.567749e+00 -1.929615e+01 1.776357e-15
      vertex 6.142448e+00 -1.698061e+01 1.776357e-15
      vertex 6.142456e+00 -1.698061e+01 1.776357e-15
    endloop
  endfacet
  facet normal 0.000000e+00 1.836970e-16 -1.000000e+00
    outer loop
      vertex -1.722929e+01 1.518796e+01 7.105427e-15
      vertex -1.899105e+01 1.725904e+01 8.881784e-15
      vertex -1.078402e+01 1.992566e+01 8.881784e-15
    endloop
  endfacet
  facet normal 0.000000e+00 1.836970e-16 -1.000000e+00
    outer loop
      vertex 5.130115e+00 1.730955e+01 8.881784e-15
      vertex -2.784825e+00 1.988120e+01 8.881784e-15
      vertex 6.417362e+00 1.966994e+01 8.881784e-15
    endloop
  endfacet
  facet normal 0.000000e+00 1.836970e-16 -1.000000e+00
    outer loop
      vertex 6.417362e+00 1.966994e+01 8.881784e-15
      vertex -2.784825e+00 1.988120e+01 8.881784e-15
      vertex -2.576886e+00 2.259228e+01 8.881784e-15
    endloop
  endfacet
  facet normal 0.000000e+00 -1.836970e-16 1.000000e+00
    outer loop
      vertex 2.979767e+01 5.333328e+00 1.814720e+01
      vertex 2.117817e+01 5.333328e+00 1.814720e+01
      vertex 2.979767e+01 -5.333321e+00 1.814720e+01
    endloop
  endfacet
  facet normal 0.000000e+00 -1.836970e-16 1.000000e+00
    outer loop
      vertex 2.117817e+01 5.333328e+00 1.814720e+01
      vertex 2.117817e+01 -5.333321e+00 1.814720e+01
      vertex 2.979767e+01 -5.333321e+00 1.814720e+01
    endloop
  endfacet
  facet normal 0.000000e+00 8.621035e-01 5.067322e-01
    outer loop
      vertex 2.979767e+01 1.066667e+01 9.073584e+00
      vertex 2.782881e+01 1.066667e+01 9.073584e+00
      vertex 2.979767e+01 5.333328e+00 1.814720e+01
    endloop
  endfacet
  facet normal 0.000000e+00 8.621035e-01 5.067322e-01
    outer loop
      vertex 2.782881e+01 1.066667e+01 9.073584e+00
      vertex 2.735398e+01 1.066667e+01 9.073584e+00
      vertex 2.979767e+01 5.333328e+00 1.814720e+01
    endloop
  endfacet
  facet normal 0.000000e+00 8.621035e-01 5.067322e-01
    outer loop
      vertex 2.735398e+01 1.066667e+01 9.073584e+00
      vertex 2.450349e+01 1.066667e+01 9.073584e+00
      vertex 2.979767e+01 5.333328e+00 1.814720e+01
    endloop
  endfacet
  facet normal 0.000000e+00 8.621035e-01 5.067322e-01
    outer loop
      vertex 1.944521e+01 1.066667e+01 9.073584e+00
      vertex 2.117817e+01 5.333328e+00 1.814720e+01
      vertex 2.450349e+01 1.066667e+01 9.073584e+00
    endloop
  endfacet
  facet normal 0.000000e+00 8.621035e-01 5.067322e-01
    outer loop
      vertex 2.117817e+01 5.333328e+00 1.814720e+01
      vertex 2.979767e+01 5.333328e+00 1.814720e+01
      vertex 2.450349e+01 1.066667e+01 9.073584e+00
    endloop
  endfacet
  facet normal -8.090163e-01 5.877863e-01 1.079746e-16
    outer loop
      vertex -1.505818e+00 -8.629494e+00 3.315111e+01
      vertex -1.505818e+00 -8.629494e+00 3.843641e+01
      vertex -7.534547e-01 -7.593956e+00 3.315110e+01
    endloop
  endfacet
  facet normal -8.090163e-01 5.877863e-01 1.079746e-16
    outer loop
      vertex 4.763889e+00 -1.421085e-14 3.315107e+01
      vertex 4.011524e+00 -1.035545e+00 3.315107e+01
      vertex 4.763889e+00 -1.421085e-14 3.843637e+01
    endloop
  endfacet
  facet normal -8.090163e-01 5.877863e-01 -6.027959e-15
    outer loop
      vertex 4.011524e+00 -1.035545e+00 3.315107e+01
      vertex -7.534547e-01 -7.593956e+00 3.315110e+01
      vertex 4.763889e+00 -1.421085e-14 3.843637e+01
    endloop
  endfacet
  facet normal -8.090163e-01 5.877863e-01 -1.735293e-15
    outer loop
      vertex -7.534547e-01 -7.593956e+00 3.315110e+01
      vertex -1.505818e+00 -8.629494e+00 3.843641e+01
      vertex 4.763889e+00 -1.421085e-14 3.843637e+01
    endloop
  endfacet
  facet normal -8.090163e-01 -5.877863e-01 -4.412007e-06
    outer loop
      vertex -1.505818e+00 8.629486e+00 3.843641e+01
      vertex -7.534261e-01 7.593948e+00 3.315108e+01
      vertex 4.763889e+00 -1.421085e-14 3.843637e+01
    endloop
  endfacet
  facet normal -8.090177e-01 -5.877842e-01 -5.013652e-06
    outer loop
      vertex -1.505818e+00 8.629486e+00 3.843641e+01
      vertex -1.505797e+00 8.629501e+00 3.315109e+01
      vertex -7.534261e-01 7.593948e+00 3.315108e+01
    endloop
  endfacet
  facet normal -8.090177e-01 -5.877842e-01 -5.684225e-15
    outer loop
      vertex -7.534261e-01 7.593948e+00 3.315108e+01
      vertex 4.011524e+00 1.035545e+00 3.315107e+01
      vertex 4.763889e+00 -1.421085e-14 3.843637e+01
    endloop
  endfacet
  facet normal -8.090177e-01 -5.877842e-01 -1.079742e-16
    outer loop
      vertex 4.011524e+00 1.035545e+00 3.315107e+01
      vertex 4.763889e+00 -1.421085e-14 3.315107e+01
      vertex 4.763889e+00 -1.421085e-14 3.843637e+01
    endloop
  endfacet
  facet normal 3.090182e-01 9.510561e-01 3.470853e-06
    outer loop
      vertex -1.165039e+01 -5.333305e+00 3.315117e+01
      vertex -1.165037e+01 -5.333321e+00 3.843646e+01
      vertex -1.043304e+01 -5.728844e+00 3.315116e+01
    endloop
  endfacet
  facet normal 3.090182e-01 9.510561e-01 1.747062e-16
    outer loop
      vertex -1.505818e+00 -8.629494e+00 3.315111e+01
      vertex -2.723164e+00 -8.233940e+00 3.315111e+01
      vertex -1.505818e+00 -8.629494e+00 3.843641e+01
    endloop
  endfacet
  facet normal 3.090182e-01 9.510561e-01 2.576242e-16
    outer loop
      vertex -2.723164e+00 -8.233940e+00 3.315111e+01
      vertex -1.043304e+01 -5.728844e+00 3.315116e+01
      vertex -1.505818e+00 -8.629494e+00 3.843641e+01
    endloop
  endfacet
  facet normal 3.090165e-01 9.510567e-01 3.054358e-06
    outer loop
      vertex -1.043304e+01 -5.728844e+00 3.315116e+01
      vertex -1.165037e+01 -5.333321e+00 3.843646e+01
      vertex -1.505818e+00 -8.629494e+00 3.843641e+01
    endloop
  endfacet
  facet normal 1.000000e+00 -1.242298e-06 -1.801619e-06
    outer loop
      vertex -1.165038e+01 5.333344e+00 3.315114e+01
      vertex -1.165037e+01 5.333328e+00 3.843646e+01
      vertex -1.165038e+01 4.053329e+00 3.315114e+01
    endloop
  endfacet
  facet normal 1.000000e+00 -1.242379e-06 -4.308783e-06
    outer loop
      vertex -1.165039e+01 -5.333305e+00 3.315117e+01
      vertex -1.165039e+01 -4.053322e+00 3.315113e+01
      vertex -1.165037e+01 -5.333321e+00 3.843646e+01
    endloop
  endfacet
  facet normal 1.000000e+00 -1.242284e-06 -4.308759e-06
    outer loop
      vertex -1.165039e+01 -4.053322e+00 3.315113e+01
      vertex -1.165038e+01 4.053329e+00 3.315114e+01
      vertex -1.165037e+01 -5.333321e+00 3.843646e+01
    endloop
  endfacet
  facet normal 1.000000e+00 3.862192e-22 -2.102480e-06
    outer loop
      vertex -1.165037e+01 -5.333321e+00 3.843646e+01
      vertex -1.165038e+01 4.053329e+00 3.315114e+01
      vertex -1.165037e+01 5.333328e+00 3.843646e+01
    endloop
  endfacet
  facet normal 3.090165e-01 -9.510567e-01 -2.906704e-06
    outer loop
      vertex -1.165037e+01 5.333328e+00 3.843646e+01
      vertex -1.043302e+01 5.728882e+00 3.315114e+01
      vertex -1.505818e+00 8.629486e+00 3.843641e+01
    endloop
  endfacet
  facet normal 3.090158e-01 -9.510569e-01 -3.091913e-06
    outer loop
      vertex -1.165037e+01 5.333328e+00 3.843646e+01
      vertex -1.165038e+01 5.333344e+00 3.315114e+01
      vertex -1.043302e+01 5.728882e+00 3.315114e+01
    endloop
  endfacet
  facet normal 3.090158e-01 -9.510569e-01 -1.548488e-06
    outer loop
      vertex -1.043302e+01 5.728882e+00 3.315114e+01
      vertex -2.723176e+00 8.233955e+00 3.315110e+01
      vertex -1.505818e+00 8.629486e+00 3.843641e+01
    endloop
  endfacet
  facet normal 3.090158e-01 -9.510569e-01 -1.548486e-06
    outer loop
      vertex -2.723176e+00 8.233955e+00 3.315110e+01
      vertex -1.505797e+00 8.629501e+00 3.315109e+01
      vertex -1.505818e+00 8.629486e+00 3.843641e+01
    endloop
  endfacet
  facet normal 6.070737e-01 -1.752718e-05 -7.946455e-01
    outer loop
      vertex -1.165039e+01 -5.333305e+00 3.315117e+01
      vertex -1.722932e+01 -9.386665e+00 2.888920e+01
      vertex -1.165039e+01 -4.053322e+00 3.315113e+01
    endloop
  endfacet
  facet normal 6.070628e-01 5.352284e-07 -7.946539e-01
    outer loop
      vertex -1.722932e+01 -9.386665e+00 2.888920e+01
      vertex -1.722932e+01 -1.421085e-14 2.888921e+01
      vertex -1.165039e+01 -4.053322e+00 3.315113e+01
    endloop
  endfacet
  facet normal 1.875921e-01 5.773518e-01 -7.946534e-01
    outer loop
      vertex -1.165039e+01 -5.333305e+00 3.315117e+01
      vertex -1.043304e+01 -5.728844e+00 3.315116e+01
      vertex -1.722932e+01 -9.386665e+00 2.888920e+01
    endloop
  endfacet
  facet normal 1.875921e-01 5.773518e-01 -7.946534e-01
    outer loop
      vertex -1.043304e+01 -5.728844e+00 3.315116e+01
      vertex -8.302088e+00 -1.228728e+01 2.888920e+01
      vertex -1.722932e+01 -9.386665e+00 2.888920e+01
    endloop
  endfacet
  facet normal 1.875885e-01 5.773514e-01 -7.946546e-01
    outer loop
      vertex -1.043304e+01 -5.728844e+00 3.315116e+01
      vertex -2.723164e+00 -8.233940e+00 3.315111e+01
      vertex -8.302088e+00 -1.228728e+01 2.888920e+01
    endloop
  endfacet
  facet normal 1.875913e-01 5.773488e-01 -7.946558e-01
    outer loop
      vertex -2.723164e+00 -8.233940e+00 3.315111e+01
      vertex -1.505818e+00 -8.629494e+00 3.315111e+01
      vertex -8.302088e+00 -1.228728e+01 2.888920e+01
    endloop
  endfacet
  facet normal 1.875918e-01 5.773482e-01 -7.946561e-01
    outer loop
      vertex -1.505818e+00 -8.629494e+00 3.315111e+01
      vertex 6.251502e-01 -1.518795e+01 2.888918e+01
      vertex -8.302088e+00 -1.228728e+01 2.888920e+01
    endloop
  endfacet
  facet normal -4.911254e-01 3.568192e-01 -7.946546e-01
    outer loop
      vertex -7.534547e-01 -7.593956e+00 3.315110e+01
      vertex 6.142482e+00 -7.593956e+00 2.888916e+01
      vertex -1.505818e+00 -8.629494e+00 3.315111e+01
    endloop
  endfacet
  facet normal -4.911254e-01 3.568192e-01 -7.946546e-01
    outer loop
      vertex 6.142482e+00 -7.593956e+00 2.888916e+01
      vertex 6.251502e-01 -1.518795e+01 2.888918e+01
      vertex -1.505818e+00 -8.629494e+00 3.315111e+01
    endloop
  endfacet
  facet normal -4.911251e-01 3.568206e-01 -7.946541e-01
    outer loop
      vertex -7.534547e-01 -7.593956e+00 3.315110e+01
      vertex 4.011524e+00 -1.035545e+00 3.315107e+01
      vertex 6.142482e+00 -7.593956e+00 2.888916e+01
    endloop
  endfacet
  facet normal -4.911256e-01 3.568203e-01 -7.946540e-01
    outer loop
      vertex 4.763889e+00 -1.421085e-14 3.315107e+01
      vertex 1.165981e+01 -1.421085e-14 2.888913e+01
      vertex 4.011524e+00 -1.035545e+00 3.315107e+01
    endloop
  endfacet
  facet normal -4.911256e-01 3.568203e-01 -7.946540e-01
    outer loop
      vertex 1.165981e+01 -1.421085e-14 2.888913e+01
      vertex 6.142482e+00 -7.593956e+00 2.888916e+01
      vertex 4.011524e+00 -1.035545e+00 3.315107e+01
    endloop
  endfacet
  facet normal -0.000000e+00 1.836970e-16 -1.000000e+00
    outer loop
      vertex 2.979767e+01 -3.639717e+00 1.518720e+01
      vertex 1.851079e+01 -3.639717e+00 1.518720e+01
      vertex 2.979767e+01 3.639709e+00 1.518720e+01
    endloop
  endfacet
  facet normal 0.000000e+00 1.836970e-16 -1.000000e+00
    outer loop
      vertex 1.851079e+01 -3.639717e+00 1.518720e+01
      vertex 1.851079e+01 3.639709e+00 1.518720e+01
      vertex 2.979767e+01 3.639709e+00 1.518720e+01
    endloop
  endfacet
  facet normal 0.000000e+00 8.621036e-01 -5.067320e-01
    outer loop
      vertex 1.851079e+01 -3.639717e+00 1.518720e+01
      vertex 2.979767e+01 -3.639717e+00 1.518720e+01
      vertex 1.891523e+01 -4.115166e+00 1.437832e+01
    endloop
  endfacet
  facet normal 0.000000e+00 8.621036e-01 -5.067320e-01
    outer loop
      vertex 1.790215e+01 -7.233208e+00 9.073584e+00
      vertex 1.891523e+01 -4.115166e+00 1.437832e+01
      vertex 2.979767e+01 -7.233208e+00 9.073584e+00
    endloop
  endfacet
  facet normal 4.776209e-16 8.621036e-01 -5.067320e-01
    outer loop
      vertex 2.979767e+01 -7.233208e+00 9.073584e+00
      vertex 1.891523e+01 -4.115166e+00 1.437832e+01
      vertex 2.979767e+01 -3.639717e+00 1.518720e+01
    endloop
  endfacet
  facet normal 0.000000e+00 -8.621036e-01 -5.067320e-01
    outer loop
      vertex 1.790215e+01 7.233208e+00 9.073584e+00
      vertex 2.979767e+01 7.233208e+00 9.073584e+00
      vertex 1.891523e+01 4.115158e+00 1.437832e+01
    endloop
  endfacet
  facet normal 0.000000e+00 -8.621036e-01 -5.067320e-01
    outer loop
      vertex 1.851079e+01 3.639709e+00 1.518720e+01
      vertex 1.891523e+01 4.115158e+00 1.437832e+01
      vertex 2.979767e+01 3.639709e+00 1.518720e+01
    endloop
  endfacet
  facet normal -2.071609e-15 -8.621036e-01 -5.067320e-01
    outer loop
      vertex 1.891523e+01 4.115158e+00 1.437832e+01
      vertex 2.979767e+01 7.233208e+00 9.073584e+00
      vertex 2.979767e+01 3.639709e+00 1.518720e+01
    endloop
  endfacet
  facet normal -7.946567e-01 -5.773481e-01 -1.875897e-01
    outer loop
      vertex 1.566465e+01 1.066667e+01 7.984751e+00
      vertex 1.540761e+01 1.066667e+01 9.073580e+00
      vertex 1.107732e+01 1.698062e+01 7.984753e+00
    endloop
  endfacet
  facet normal -7.946555e-01 -5.773480e-01 -1.875950e-01
    outer loop
      vertex 1.815919e+01 7.233208e+00 7.984755e+00
      vertex 1.790215e+01 7.233208e+00 9.073584e+00
      vertex 1.566465e+01 1.066667e+01 7.984751e+00
    endloop
  endfacet
  facet normal -7.946572e-01 -5.773475e-01 -1.875898e-01
    outer loop
      vertex 1.790215e+01 7.233208e+00 9.073584e+00
      vertex 1.540761e+01 1.066667e+01 9.073580e+00
      vertex 1.566465e+01 1.066667e+01 7.984751e+00
    endloop
  endfacet
  facet normal -7.946563e-01 -5.773481e-01 -1.875910e-01
    outer loop
      vertex 1.540761e+01 1.066667e+01 9.073580e+00
      vertex 1.558522e+01 1.012004e+01 1.000356e+01
      vertex 1.107732e+01 1.698062e+01 7.984753e+00
    endloop
  endfacet
  facet normal -7.946563e-01 -5.773481e-01 -1.875912e-01
    outer loop
      vertex 1.558522e+01 1.012004e+01 1.000356e+01
      vertex 1.260227e+01 1.228729e+01 1.596953e+01
      vertex 1.107732e+01 1.698062e+01 7.984753e+00
    endloop
  endfacet
  facet normal -7.236073e-01 -5.257282e-01 4.472162e-01
    outer loop
      vertex 1.566465e+01 1.066667e+01 7.984751e+00
      vertex 1.107732e+01 1.698062e+01 7.984753e+00
      vertex 1.348696e+01 1.066667e+01 4.461195e+00
    endloop
  endfacet
  facet normal -7.236070e-01 -5.257282e-01 4.472165e-01
    outer loop
      vertex 1.107732e+01 1.698062e+01 7.984753e+00
      vertex 1.149877e+01 1.148558e+01 2.206934e+00
      vertex 1.348696e+01 1.066667e+01 4.461195e+00
    endloop
  endfacet
  facet normal -7.236066e-01 -5.257294e-01 4.472158e-01
    outer loop
      vertex 1.192929e+01 1.066667e+01 1.940857e+00
      vertex 1.348696e+01 1.066667e+01 4.461195e+00
      vertex 1.149877e+01 1.148558e+01 2.206934e+00
    endloop
  endfacet
  facet normal -7.236066e-01 -5.257294e-01 4.472158e-01
    outer loop
      vertex 1.192929e+01 1.066667e+01 1.940857e+00
      vertex 1.149877e+01 1.148558e+01 2.206934e+00
      vertex 1.072977e+01 1.066667e+01 7.105427e-15
    endloop
  endfacet
  facet normal -7.236075e-01 -5.257285e-01 4.472157e-01
    outer loop
      vertex 1.149877e+01 1.148558e+01 2.206934e+00
      vertex 1.060604e+01 1.083698e+01 7.105427e-15
      vertex 1.072977e+01 1.066667e+01 7.105427e-15
    endloop
  endfacet
  facet normal 4.911260e-01 -3.568208e-01 7.946535e-01
    outer loop
      vertex -2.274669e+01 7.593803e+00 7.105427e-15
      vertex -2.274658e+01 7.593948e+00 7.105427e-15
      vertex -2.274674e+01 7.593948e+00 9.727478e-05
    endloop
  endfacet
  facet normal 4.911264e-01 -3.568190e-01 7.946541e-01
    outer loop
      vertex -1.722936e+01 1.518786e+01 7.105427e-15
      vertex -1.722940e+01 1.518796e+01 6.389618e-05
      vertex -2.274658e+01 7.593948e+00 7.105427e-15
    endloop
  endfacet
  facet normal 4.911264e-01 -3.568190e-01 7.946541e-01
    outer loop
      vertex -1.722940e+01 1.518796e+01 6.389618e-05
      vertex -2.274674e+01 7.593948e+00 9.727478e-05
      vertex -2.274658e+01 7.593948e+00 7.105427e-15
    endloop
  endfacet
  facet normal 4.911259e-01 -3.568193e-01 7.946543e-01
    outer loop
      vertex -1.722936e+01 1.518786e+01 7.105427e-15
      vertex -1.722929e+01 1.518796e+01 7.105427e-15
      vertex -1.722940e+01 1.518796e+01 6.389618e-05
    endloop
  endfacet
  facet normal 3.035291e-01 -9.341729e-01 -1.875929e-01
    outer loop
      vertex -1.076955e+01 1.988124e+01 1.596958e+01
      vertex -1.842307e+00 2.278186e+01 1.596956e+01
      vertex -5.834651e+00 1.988124e+01 2.395434e+01
    endloop
  endfacet
  facet normal 3.035297e-01 -9.341729e-01 -1.875920e-01
    outer loop
      vertex -1.076955e+01 1.988124e+01 1.596958e+01
      vertex -1.570442e+01 1.988124e+01 7.984806e+00
      vertex -6.777182e+00 2.278186e+01 7.984806e+00
    endloop
  endfacet
  facet normal 3.035292e-01 -9.341730e-01 -1.875923e-01
    outer loop
      vertex -1.076955e+01 1.988124e+01 1.596958e+01
      vertex -6.777182e+00 2.278186e+01 7.984806e+00
      vertex -1.842307e+00 2.278186e+01 1.596956e+01
    endloop
  endfacet
  facet normal -3.035297e-01 -9.341729e-01 1.875920e-01
    outer loop
      vertex 2.150058e+00 1.988124e+01 7.984787e+00
      vertex 7.084930e+00 1.988124e+01 1.596956e+01
      vertex -1.842307e+00 2.278186e+01 1.596956e+01
    endloop
  endfacet
  facet normal -3.035292e-01 -9.341730e-01 1.875923e-01
    outer loop
      vertex 2.150058e+00 1.988124e+01 7.984787e+00
      vertex -1.842307e+00 2.278186e+01 1.596956e+01
      vertex -6.777182e+00 2.278186e+01 7.984806e+00
    endloop
  endfacet
  facet normal -3.035291e-01 -9.341729e-01 1.875929e-01
    outer loop
      vertex 2.150058e+00 1.988124e+01 7.984787e+00
      vertex -6.777182e+00 2.278186e+01 7.984806e+00
      vertex -2.784838e+00 1.988124e+01 2.574921e-05
    endloop
  endfacet
  facet normal 2.763931e-01 -8.506525e-01 4.472104e-01
    outer loop
      vertex -1.034809e+01 1.858405e+01 2.206982e+00
      vertex -2.784838e+00 1.988124e+01 2.574921e-05
      vertex -6.777182e+00 2.278186e+01 7.984806e+00
    endloop
  endfacet
  facet normal 2.763924e-01 -8.506525e-01 4.472109e-01
    outer loop
      vertex -1.034809e+01 1.858405e+01 2.206982e+00
      vertex -6.777182e+00 2.278186e+01 7.984806e+00
      vertex -1.570442e+01 1.988124e+01 7.984806e+00
    endloop
  endfacet
  facet normal -2.763934e-01 -8.506524e-01 -4.472105e-01
    outer loop
      vertex 1.728603e+00 1.858405e+01 2.174738e+01
      vertex -5.834651e+00 1.988124e+01 2.395434e+01
      vertex -1.842307e+00 2.278186e+01 1.596956e+01
    endloop
  endfacet
  facet normal -2.763924e-01 -8.506524e-01 -4.472111e-01
    outer loop
      vertex 1.728603e+00 1.858405e+01 2.174738e+01
      vertex -1.842307e+00 2.278186e+01 1.596956e+01
      vertex 7.084930e+00 1.988124e+01 1.596956e+01
    endloop
  endfacet
  facet normal -7.946547e-01 -5.773512e-01 -1.875882e-01
    outer loop
      vertex 1.260227e+01 1.228729e+01 1.596953e+01
      vertex 8.609909e+00 1.518796e+01 2.395430e+01
      vertex 7.084930e+00 1.988124e+01 1.596956e+01
    endloop
  endfacet
  facet normal -7.946540e-01 -5.773507e-01 -1.875931e-01
    outer loop
      vertex 1.260227e+01 1.228729e+01 1.596953e+01
      vertex 7.084930e+00 1.988124e+01 1.596956e+01
      vertex 1.107732e+01 1.698062e+01 7.984753e+00
    endloop
  endfacet
  facet normal -7.946543e-01 -5.773518e-01 -1.875888e-01
    outer loop
      vertex 1.558522e+01 1.012004e+01 1.000356e+01
      vertex 1.672466e+01 6.613327e+00 1.596954e+01
      vertex 1.260227e+01 1.228729e+01 1.596953e+01
    endloop
  endfacet
  facet normal -7.946510e-01 -5.773494e-01 -1.876099e-01
    outer loop
      vertex 1.672466e+01 6.613327e+00 1.596954e+01
      vertex 1.711019e+01 5.426666e+00 1.798841e+01
      vertex 1.260227e+01 1.228729e+01 1.596953e+01
    endloop
  endfacet
  facet normal -7.946572e-01 -5.773475e-01 -1.875895e-01
    outer loop
      vertex 1.711019e+01 5.426666e+00 1.798841e+01
      vertex 1.412725e+01 7.593948e+00 2.395427e+01
      vertex 1.260227e+01 1.228729e+01 1.596953e+01
    endloop
  endfacet
  facet normal -7.946565e-01 -5.773483e-01 -1.875901e-01
    outer loop
      vertex 1.260227e+01 1.228729e+01 1.596953e+01
      vertex 1.412725e+01 7.593948e+00 2.395427e+01
      vertex 8.609909e+00 1.518796e+01 2.395430e+01
    endloop
  endfacet
  facet normal -4.911258e-01 -3.568195e-01 -7.946542e-01
    outer loop
      vertex 6.142482e+00 7.593964e+00 2.888916e+01
      vertex 6.251502e-01 1.518796e+01 2.888918e+01
      vertex 8.609909e+00 1.518796e+01 2.395430e+01
    endloop
  endfacet
  facet normal -4.911263e-01 -3.568192e-01 -7.946540e-01
    outer loop
      vertex 6.142482e+00 7.593964e+00 2.888916e+01
      vertex 8.609909e+00 1.518796e+01 2.395430e+01
      vertex 1.412725e+01 7.593948e+00 2.395427e+01
    endloop
  endfacet
  facet normal -4.911254e-01 -3.568192e-01 -7.946546e-01
    outer loop
      vertex -7.534261e-01 7.593948e+00 3.315108e+01
      vertex -1.505797e+00 8.629501e+00 3.315109e+01
      vertex 6.142482e+00 7.593964e+00 2.888916e+01
    endloop
  endfacet
  facet normal -4.911254e-01 -3.568192e-01 -7.946546e-01
    outer loop
      vertex -1.505797e+00 8.629501e+00 3.315109e+01
      vertex 6.251502e-01 1.518796e+01 2.888918e+01
      vertex 6.142482e+00 7.593964e+00 2.888916e+01
    endloop
  endfacet
  facet normal 1.875928e-01 -5.773513e-01 -7.946537e-01
    outer loop
      vertex -8.302088e+00 1.228729e+01 2.888920e+01
      vertex -5.834651e+00 1.988124e+01 2.395434e+01
      vertex 6.251502e-01 1.518796e+01 2.888918e+01
    endloop
  endfacet
  facet normal 1.875843e-01 -5.773553e-01 -7.946528e-01
    outer loop
      vertex -2.723176e+00 8.233955e+00 3.315110e+01
      vertex -8.302088e+00 1.228729e+01 2.888920e+01
      vertex -1.505797e+00 8.629501e+00 3.315109e+01
    endloop
  endfacet
  facet normal 1.875914e-01 -5.773470e-01 -7.946571e-01
    outer loop
      vertex -8.302088e+00 1.228729e+01 2.888920e+01
      vertex 6.251502e-01 1.518796e+01 2.888918e+01
      vertex -1.505797e+00 8.629501e+00 3.315109e+01
    endloop
  endfacet
  facet normal 1.875909e-01 -5.773481e-01 -7.946564e-01
    outer loop
      vertex -8.302088e+00 1.228729e+01 2.888920e+01
      vertex -1.722932e+01 9.386673e+00 2.888920e+01
      vertex -1.476193e+01 1.698062e+01 2.395437e+01
    endloop
  endfacet
  facet normal 1.875881e-01 -5.773507e-01 -7.946552e-01
    outer loop
      vertex -8.302088e+00 1.228729e+01 2.888920e+01
      vertex -1.476193e+01 1.698062e+01 2.395437e+01
      vertex -5.834651e+00 1.988124e+01 2.395434e+01
    endloop
  endfacet
  facet normal 3.035277e-01 -9.341735e-01 -1.875920e-01
    outer loop
      vertex -1.076955e+01 1.988124e+01 1.596958e+01
      vertex -5.834651e+00 1.988124e+01 2.395434e+01
      vertex -1.476193e+01 1.698062e+01 2.395437e+01
    endloop
  endfacet
  facet normal 3.035282e-01 -9.341734e-01 -1.875917e-01
    outer loop
      vertex -1.076955e+01 1.988124e+01 1.596958e+01
      vertex -1.476193e+01 1.698062e+01 2.395437e+01
      vertex -1.969681e+01 1.698062e+01 1.596962e+01
    endloop
  endfacet
  facet normal 3.035282e-01 -9.341735e-01 -1.875911e-01
    outer loop
      vertex -1.076955e+01 1.988124e+01 1.596958e+01
      vertex -1.969681e+01 1.698062e+01 1.596962e+01
      vertex -1.570442e+01 1.988124e+01 7.984806e+00
    endloop
  endfacet
  facet normal -3.035277e-01 -9.341735e-01 1.875920e-01
    outer loop
      vertex 6.142444e+00 1.698062e+01 8.881784e-15
      vertex 2.150058e+00 1.988124e+01 7.984787e+00
      vertex 5.130115e+00 1.730955e+01 8.881784e-15
    endloop
  endfacet
  facet normal -3.035277e-01 -9.341735e-01 1.875920e-01
    outer loop
      vertex 2.150058e+00 1.988124e+01 7.984787e+00
      vertex -2.784838e+00 1.988124e+01 2.574921e-05
      vertex 5.130115e+00 1.730955e+01 8.881784e-15
    endloop
  endfacet
  facet normal -3.035282e-01 -9.341734e-01 1.875917e-01
    outer loop
      vertex 6.142448e+00 1.698062e+01 8.881784e-15
      vertex 1.107732e+01 1.698062e+01 7.984753e+00
      vertex 6.142444e+00 1.698062e+01 8.881784e-15
    endloop
  endfacet
  facet normal -3.035282e-01 -9.341734e-01 1.875917e-01
    outer loop
      vertex 1.107732e+01 1.698062e+01 7.984753e+00
      vertex 2.150058e+00 1.988124e+01 7.984787e+00
      vertex 6.142444e+00 1.698062e+01 8.881784e-15
    endloop
  endfacet
  facet normal -3.035282e-01 -9.341735e-01 1.875911e-01
    outer loop
      vertex 2.150058e+00 1.988124e+01 7.984787e+00
      vertex 1.107732e+01 1.698062e+01 7.984753e+00
      vertex 7.084930e+00 1.988124e+01 1.596956e+01
    endloop
  endfacet
  facet normal -2.763922e-01 -8.506526e-01 -4.472109e-01
    outer loop
      vertex 1.728603e+00 1.858405e+01 2.174738e+01
      vertex 7.084930e+00 1.988124e+01 1.596956e+01
      vertex 8.609909e+00 1.518796e+01 2.395430e+01
    endloop
  endfacet
  facet normal -2.763925e-01 -8.506528e-01 -4.472102e-01
    outer loop
      vertex 1.728603e+00 1.858405e+01 2.174738e+01
      vertex 8.609909e+00 1.518796e+01 2.395430e+01
      vertex 6.251502e-01 1.518796e+01 2.888918e+01
    endloop
  endfacet
  facet normal -2.763933e-01 -8.506526e-01 -4.472102e-01
    outer loop
      vertex 1.728603e+00 1.858405e+01 2.174738e+01
      vertex 6.251502e-01 1.518796e+01 2.888918e+01
      vertex -5.834651e+00 1.988124e+01 2.395434e+01
    endloop
  endfacet
  facet normal -1.875927e-01 -5.773513e-01 7.946537e-01
    outer loop
      vertex -2.784873e+00 1.988122e+01 8.881784e-15
      vertex -2.784825e+00 1.988120e+01 8.881784e-15
      vertex -2.784838e+00 1.988124e+01 2.574921e-05
    endloop
  endfacet
  facet normal -1.875881e-01 -5.773508e-01 7.946551e-01
    outer loop
      vertex -2.784825e+00 1.988120e+01 8.881784e-15
      vertex 5.130115e+00 1.730955e+01 8.881784e-15
      vertex -2.784838e+00 1.988124e+01 2.574921e-05
    endloop
  endfacet
  facet normal -7.236074e-01 -5.257280e-01 4.472162e-01
    outer loop
      vertex 6.142448e+00 1.698062e+01 8.881784e-15
      vertex 6.142456e+00 1.698061e+01 8.881784e-15
      vertex 1.107732e+01 1.698062e+01 7.984753e+00
    endloop
  endfacet
  facet normal -7.236074e-01 -5.257280e-01 4.472162e-01
    outer loop
      vertex 6.142456e+00 1.698061e+01 8.881784e-15
      vertex 1.149877e+01 1.148558e+01 2.206934e+00
      vertex 1.107732e+01 1.698062e+01 7.984753e+00
    endloop
  endfacet
  facet normal -7.236075e-01 -5.257283e-01 4.472157e-01
    outer loop
      vertex 6.142456e+00 1.698061e+01 8.881784e-15
      vertex 1.060604e+01 1.083698e+01 7.105427e-15
      vertex 1.149877e+01 1.148558e+01 2.206934e+00
    endloop
  endfacet
  facet normal 7.946547e-01 -5.773513e-01 1.875882e-01
    outer loop
      vertex -2.122176e+01 1.228729e+01 7.984838e+00
      vertex -1.722940e+01 1.518796e+01 6.389618e-05
      vertex -1.570442e+01 1.988124e+01 7.984806e+00
    endloop
  endfacet
  facet normal 7.946540e-01 -5.773508e-01 1.875931e-01
    outer loop
      vertex -2.122176e+01 1.228729e+01 7.984838e+00
      vertex -1.570442e+01 1.988124e+01 7.984806e+00
      vertex -1.969681e+01 1.698062e+01 1.596962e+01
    endloop
  endfacet
  facet normal 7.946563e-01 -5.773481e-01 1.875911e-01
    outer loop
      vertex -2.122176e+01 1.228729e+01 7.984838e+00
      vertex -1.969681e+01 1.698062e+01 1.596962e+01
      vertex -2.521411e+01 9.386673e+00 1.596962e+01
    endloop
  endfacet
  facet normal 7.946565e-01 -5.773482e-01 1.875903e-01
    outer loop
      vertex -2.122176e+01 1.228729e+01 7.984838e+00
      vertex -2.274674e+01 7.593948e+00 9.727478e-05
      vertex -1.722940e+01 1.518796e+01 6.389618e-05
    endloop
  endfacet
  facet normal 7.236069e-01 -5.257283e-01 -4.472166e-01
    outer loop
      vertex -2.011826e+01 1.148558e+01 2.174743e+01
      vertex -2.521411e+01 9.386673e+00 1.596962e+01
      vertex -1.969681e+01 1.698062e+01 1.596962e+01
    endloop
  endfacet
  facet normal 7.236074e-01 -5.257280e-01 -4.472162e-01
    outer loop
      vertex -2.011826e+01 1.148558e+01 2.174743e+01
      vertex -1.969681e+01 1.698062e+01 1.596962e+01
      vertex -1.476193e+01 1.698062e+01 2.395437e+01
    endloop
  endfacet
  facet normal 7.236075e-01 -5.257283e-01 -4.472157e-01
    outer loop
      vertex -2.011826e+01 1.148558e+01 2.174743e+01
      vertex -1.476193e+01 1.698062e+01 2.395437e+01
      vertex -1.722932e+01 9.386673e+00 2.888920e+01
    endloop
  endfacet
  facet normal 2.763924e-01 -8.506525e-01 4.472108e-01
    outer loop
      vertex -1.034809e+01 1.858405e+01 2.206982e+00
      vertex -1.570442e+01 1.988124e+01 7.984806e+00
      vertex -1.722940e+01 1.518796e+01 6.389618e-05
    endloop
  endfacet
  facet normal 2.763926e-01 -8.506527e-01 4.472104e-01
    outer loop
      vertex -1.000710e+01 1.753458e+01 8.881784e-15
      vertex -1.034809e+01 1.858405e+01 2.206982e+00
      vertex -1.722929e+01 1.518796e+01 7.105427e-15
    endloop
  endfacet
  facet normal 2.763926e-01 -8.506527e-01 4.472104e-01
    outer loop
      vertex -1.034809e+01 1.858405e+01 2.206982e+00
      vertex -1.722940e+01 1.518796e+01 6.389618e-05
      vertex -1.722929e+01 1.518796e+01 7.105427e-15
    endloop
  endfacet
  facet normal 2.763931e-01 -8.506525e-01 4.472104e-01
    outer loop
      vertex -1.000710e+01 1.753458e+01 8.881784e-15
      vertex -2.784873e+00 1.988122e+01 8.881784e-15
      vertex -1.034809e+01 1.858405e+01 2.206982e+00
    endloop
  endfacet
  facet normal 2.763931e-01 -8.506525e-01 4.472104e-01
    outer loop
      vertex -2.784873e+00 1.988122e+01 8.881784e-15
      vertex -2.784838e+00 1.988124e+01 2.574921e-05
      vertex -1.034809e+01 1.858405e+01 2.206982e+00
    endloop
  endfacet
  facet normal -4.911260e-01 3.568208e-01 -7.946535e-01
    outer loop
      vertex -2.526070e+01 8.629486e+00 7.105427e-15
      vertex -2.526082e+01 8.629318e+00 7.105427e-15
      vertex -2.526088e+01 8.629486e+00 1.106262e-04
    endloop
  endfacet
  facet normal -4.911264e-01 3.568190e-01 -7.946541e-01
    outer loop
      vertex -1.899113e+01 1.725893e+01 8.881784e-15
      vertex -2.526070e+01 8.629486e+00 7.105427e-15
      vertex -1.899117e+01 1.725904e+01 7.247925e-05
    endloop
  endfacet
  facet normal -4.911264e-01 3.568190e-01 -7.946541e-01
    outer loop
      vertex -2.526070e+01 8.629486e+00 7.105427e-15
      vertex -2.526088e+01 8.629486e+00 1.106262e-04
      vertex -1.899117e+01 1.725904e+01 7.247925e-05
    endloop
  endfacet
  facet normal -4.911259e-01 3.568193e-01 -7.946543e-01
    outer loop
      vertex -1.899105e+01 1.725904e+01 8.881784e-15
      vertex -1.899113e+01 1.725893e+01 8.881784e-15
      vertex -1.899117e+01 1.725904e+01 7.247925e-05
    endloop
  endfacet
  facet normal -3.035291e-01 9.341729e-01 1.875929e-01
    outer loop
      vertex -1.505841e+00 2.588848e+01 1.814723e+01
      vertex -1.165043e+01 2.259232e+01 1.814725e+01
      vertex -6.042597e+00 2.259232e+01 2.722084e+01
    endloop
  endfacet
  facet normal -3.035297e-01 9.341729e-01 1.875920e-01
    outer loop
      vertex -1.725824e+01 2.259232e+01 9.073643e+00
      vertex -1.165043e+01 2.259232e+01 1.814725e+01
      vertex -7.113656e+00 2.588848e+01 9.073643e+00
    endloop
  endfacet
  facet normal -3.035292e-01 9.341730e-01 1.875923e-01
    outer loop
      vertex -7.113656e+00 2.588848e+01 9.073643e+00
      vertex -1.165043e+01 2.259232e+01 1.814725e+01
      vertex -1.505841e+00 2.588848e+01 1.814723e+01
    endloop
  endfacet
  facet normal 3.035297e-01 9.341729e-01 -1.875920e-01
    outer loop
      vertex 8.638744e+00 2.259232e+01 1.814723e+01
      vertex 3.030937e+00 2.259232e+01 9.073622e+00
      vertex -1.505841e+00 2.588848e+01 1.814723e+01
    endloop
  endfacet
  facet normal 3.035292e-01 9.341730e-01 -1.875923e-01
    outer loop
      vertex -1.505841e+00 2.588848e+01 1.814723e+01
      vertex 3.030937e+00 2.259232e+01 9.073622e+00
      vertex -7.113656e+00 2.588848e+01 9.073643e+00
    endloop
  endfacet
  facet normal 3.035291e-01 9.341729e-01 -1.875929e-01
    outer loop
      vertex -7.113656e+00 2.588848e+01 9.073643e+00
      vertex 3.030937e+00 2.259232e+01 9.073622e+00
      vertex -2.576899e+00 2.259232e+01 2.956390e-05
    endloop
  endfacet
  facet normal -2.763931e-01 8.506525e-01 -4.472104e-01
    outer loop
      vertex -2.576899e+00 2.259232e+01 2.956390e-05
      vertex -1.117151e+01 2.111824e+01 2.507935e+00
      vertex -7.113656e+00 2.588848e+01 9.073643e+00
    endloop
  endfacet
  facet normal -2.763924e-01 8.506525e-01 -4.472109e-01
    outer loop
      vertex -7.113656e+00 2.588848e+01 9.073643e+00
      vertex -1.117151e+01 2.111824e+01 2.507935e+00
      vertex -1.725824e+01 2.259232e+01 9.073643e+00
    endloop
  endfacet
  facet normal 2.763934e-01 8.506524e-01 4.472105e-01
    outer loop
      vertex -6.042597e+00 2.259232e+01 2.722084e+01
      vertex 2.552009e+00 2.111824e+01 2.471294e+01
      vertex -1.505841e+00 2.588848e+01 1.814723e+01
    endloop
  endfacet
  facet normal 2.763924e-01 8.506524e-01 4.472111e-01
    outer loop
      vertex -1.505841e+00 2.588848e+01 1.814723e+01
      vertex 2.552009e+00 2.111824e+01 2.471294e+01
      vertex 8.638744e+00 2.259232e+01 1.814723e+01
    endloop
  endfacet
  facet normal 7.946547e-01 5.773512e-01 1.875882e-01
    outer loop
      vertex 1.037167e+01 1.725904e+01 2.722080e+01
      vertex 1.490845e+01 1.396283e+01 1.814719e+01
      vertex 8.638744e+00 2.259232e+01 1.814723e+01
    endloop
  endfacet
  facet normal 7.946540e-01 5.773507e-01 1.875931e-01
    outer loop
      vertex 8.638744e+00 2.259232e+01 1.814723e+01
      vertex 1.490845e+01 1.396283e+01 1.814719e+01
      vertex 1.317556e+01 1.929616e+01 9.073584e+00
    endloop
  endfacet
  facet normal 7.946562e-01 5.773482e-01 1.875912e-01
    outer loop
      vertex 1.317556e+01 1.929616e+01 9.073584e+00
      vertex 1.490845e+01 1.396283e+01 1.814719e+01
      vertex 1.944521e+01 1.066667e+01 9.073584e+00
    endloop
  endfacet
  facet normal 7.946542e-01 5.773518e-01 1.875889e-01
    outer loop
      vertex 1.944521e+01 1.066667e+01 9.073584e+00
      vertex 1.490845e+01 1.396283e+01 1.814719e+01
      vertex 2.117817e+01 5.333328e+00 1.814720e+01
    endloop
  endfacet
  facet normal 7.946537e-01 5.773514e-01 1.875925e-01
    outer loop
      vertex 2.117817e+01 5.333328e+00 1.814720e+01
      vertex 1.490845e+01 1.396283e+01 1.814719e+01
      vertex 1.664138e+01 8.629486e+00 2.722076e+01
    endloop
  endfacet
  facet normal 7.946565e-01 5.773483e-01 1.875901e-01
    outer loop
      vertex 1.664138e+01 8.629486e+00 2.722076e+01
      vertex 1.490845e+01 1.396283e+01 1.814719e+01
      vertex 1.037167e+01 1.725904e+01 2.722080e+01
    endloop
  endfacet
  facet normal 4.911258e-01 3.568195e-01 7.946542e-01
    outer loop
      vertex 1.298088e+00 1.725904e+01 3.282861e+01
      vertex 7.567783e+00 8.629501e+00 3.282859e+01
      vertex 1.037167e+01 1.725904e+01 2.722080e+01
    endloop
  endfacet
  facet normal 4.911263e-01 3.568192e-01 7.946540e-01
    outer loop
      vertex 1.037167e+01 1.725904e+01 2.722080e+01
      vertex 7.567783e+00 8.629501e+00 3.282859e+01
      vertex 1.664138e+01 8.629486e+00 2.722076e+01
    endloop
  endfacet
  facet normal 4.911254e-01 3.568192e-01 7.946546e-01
    outer loop
      vertex -1.505818e+00 8.629486e+00 3.843641e+01
      vertex 7.567783e+00 8.629501e+00 3.282859e+01
      vertex 1.298088e+00 1.725904e+01 3.282861e+01
    endloop
  endfacet
  facet normal -1.875928e-01 5.773513e-01 7.946537e-01
    outer loop
      vertex -6.042597e+00 2.259232e+01 2.722084e+01
      vertex -8.846505e+00 1.396283e+01 3.282864e+01
      vertex 1.298088e+00 1.725904e+01 3.282861e+01
    endloop
  endfacet
  facet normal -1.875919e-01 5.773483e-01 7.946560e-01
    outer loop
      vertex 1.298088e+00 1.725904e+01 3.282861e+01
      vertex -8.846505e+00 1.396283e+01 3.282864e+01
      vertex -1.505818e+00 8.629486e+00 3.843641e+01
    endloop
  endfacet
  facet normal -1.875885e-01 5.773514e-01 7.946546e-01
    outer loop
      vertex -1.505818e+00 8.629486e+00 3.843641e+01
      vertex -8.846505e+00 1.396283e+01 3.282864e+01
      vertex -1.165037e+01 5.333328e+00 3.843646e+01
    endloop
  endfacet
  facet normal -1.875921e-01 5.773518e-01 7.946534e-01
    outer loop
      vertex -1.165037e+01 5.333328e+00 3.843646e+01
      vertex -8.846505e+00 1.396283e+01 3.282864e+01
      vertex -1.899109e+01 1.066667e+01 3.282864e+01
    endloop
  endfacet
  facet normal -1.875909e-01 5.773481e-01 7.946564e-01
    outer loop
      vertex -1.899109e+01 1.066667e+01 3.282864e+01
      vertex -8.846505e+00 1.396283e+01 3.282864e+01
      vertex -1.618724e+01 1.929616e+01 2.722088e+01
    endloop
  endfacet
  facet normal -1.875881e-01 5.773507e-01 7.946552e-01
    outer loop
      vertex -1.618724e+01 1.929616e+01 2.722088e+01
      vertex -8.846505e+00 1.396283e+01 3.282864e+01
      vertex -6.042597e+00 2.259232e+01 2.722084e+01
    endloop
  endfacet
  facet normal -3.035277e-01 9.341735e-01 1.875920e-01
    outer loop
      vertex -6.042597e+00 2.259232e+01 2.722084e+01
      vertex -1.165043e+01 2.259232e+01 1.814725e+01
      vertex -1.618724e+01 1.929616e+01 2.722088e+01
    endloop
  endfacet
  facet normal -3.035282e-01 9.341734e-01 1.875917e-01
    outer loop
      vertex -1.618724e+01 1.929616e+01 2.722088e+01
      vertex -1.165043e+01 2.259232e+01 1.814725e+01
      vertex -2.179505e+01 1.929616e+01 1.814729e+01
    endloop
  endfacet
  facet normal -3.035282e-01 9.341735e-01 1.875911e-01
    outer loop
      vertex -2.179505e+01 1.929616e+01 1.814729e+01
      vertex -1.165043e+01 2.259232e+01 1.814725e+01
      vertex -1.725824e+01 2.259232e+01 9.073643e+00
    endloop
  endfacet
  facet normal 3.035277e-01 9.341735e-01 -1.875920e-01
    outer loop
      vertex 7.567737e+00 1.929617e+01 8.881784e-15
      vertex 6.417362e+00 1.966994e+01 8.881784e-15
      vertex 3.030937e+00 2.259232e+01 9.073622e+00
    endloop
  endfacet
  facet normal 3.035277e-01 9.341735e-01 -1.875920e-01
    outer loop
      vertex 6.417362e+00 1.966994e+01 8.881784e-15
      vertex -2.576899e+00 2.259232e+01 2.956390e-05
      vertex 3.030937e+00 2.259232e+01 9.073622e+00
    endloop
  endfacet
  facet normal 3.035282e-01 9.341734e-01 -1.875917e-01
    outer loop
      vertex 7.567745e+00 1.929616e+01 8.881784e-15
      vertex 7.567737e+00 1.929617e+01 8.881784e-15
      vertex 1.317556e+01 1.929616e+01 9.073584e+00
    endloop
  endfacet
  facet normal 3.035282e-01 9.341734e-01 -1.875917e-01
    outer loop
      vertex 7.567737e+00 1.929617e+01 8.881784e-15
      vertex 3.030937e+00 2.259232e+01 9.073622e+00
      vertex 1.317556e+01 1.929616e+01 9.073584e+00
    endloop
  endfacet
  facet normal 3.035282e-01 9.341735e-01 -1.875911e-01
    outer loop
      vertex 1.317556e+01 1.929616e+01 9.073584e+00
      vertex 3.030937e+00 2.259232e+01 9.073622e+00
      vertex 8.638744e+00 2.259232e+01 1.814723e+01
    endloop
  endfacet
  facet normal 2.763922e-01 8.506526e-01 4.472109e-01
    outer loop
      vertex 8.638744e+00 2.259232e+01 1.814723e+01
      vertex 2.552009e+00 2.111824e+01 2.471294e+01
      vertex 1.037167e+01 1.725904e+01 2.722080e+01
    endloop
  endfacet
  facet normal 2.763925e-01 8.506528e-01 4.472102e-01
    outer loop
      vertex 1.037167e+01 1.725904e+01 2.722080e+01
      vertex 2.552009e+00 2.111824e+01 2.471294e+01
      vertex 1.298088e+00 1.725904e+01 3.282861e+01
    endloop
  endfacet
  facet normal 2.763933e-01 8.506526e-01 4.472102e-01
    outer loop
      vertex 1.298088e+00 1.725904e+01 3.282861e+01
      vertex 2.552009e+00 2.111824e+01 2.471294e+01
      vertex -6.042597e+00 2.259232e+01 2.722084e+01
    endloop
  endfacet
  facet normal 1.875927e-01 5.773513e-01 -7.946537e-01
    outer loop
      vertex -2.576886e+00 2.259228e+01 8.881784e-15
      vertex -2.576939e+00 2.259229e+01 8.881784e-15
      vertex -2.576899e+00 2.259232e+01 2.956390e-05
    endloop
  endfacet
  facet normal 1.875881e-01 5.773508e-01 -7.946551e-01
    outer loop
      vertex 6.417362e+00 1.966994e+01 8.881784e-15
      vertex -2.576886e+00 2.259228e+01 8.881784e-15
      vertex -2.576899e+00 2.259232e+01 2.956390e-05
    endloop
  endfacet
  facet normal 7.236071e-01 5.257282e-01 -4.472165e-01
    outer loop
      vertex 1.944521e+01 1.066667e+01 9.073584e+00
      vertex 1.365448e+01 1.305180e+01 2.507881e+00
      vertex 1.317556e+01 1.929616e+01 9.073584e+00
    endloop
  endfacet
  facet normal 7.236074e-01 5.257280e-01 -4.472162e-01
    outer loop
      vertex 7.567745e+00 1.929616e+01 8.881784e-15
      vertex 1.317556e+01 1.929616e+01 9.073584e+00
      vertex 7.567749e+00 1.929615e+01 8.881784e-15
    endloop
  endfacet
  facet normal 7.236074e-01 5.257280e-01 -4.472162e-01
    outer loop
      vertex 1.317556e+01 1.929616e+01 9.073584e+00
      vertex 1.365448e+01 1.305180e+01 2.507881e+00
      vertex 7.567749e+00 1.929615e+01 8.881784e-15
    endloop
  endfacet
  facet normal 7.236075e-01 5.257283e-01 -4.472157e-01
    outer loop
      vertex 1.264000e+01 1.231475e+01 7.105427e-15
      vertex 7.567749e+00 1.929615e+01 8.881784e-15
      vertex 1.365448e+01 1.305180e+01 2.507881e+00
    endloop
  endfacet
  facet normal 7.236075e-01 5.257285e-01 -4.472157e-01
    outer loop
      vertex 1.490840e+01 1.066667e+01 1.732910e+00
      vertex 1.383739e+01 1.066667e+01 7.105427e-15
      vertex 1.365448e+01 1.305180e+01 2.507881e+00
    endloop
  endfacet
  facet normal 7.236075e-01 5.257285e-01 -4.472157e-01
    outer loop
      vertex 1.383739e+01 1.066667e+01 7.105427e-15
      vertex 1.264000e+01 1.231475e+01 7.105427e-15
      vertex 1.365448e+01 1.305180e+01 2.507881e+00
    endloop
  endfacet
  facet normal 7.236070e-01 5.257285e-01 -4.472164e-01
    outer loop
      vertex 1.944521e+01 1.066667e+01 9.073584e+00
      vertex 1.490840e+01 1.066667e+01 1.732910e+00
      vertex 1.365448e+01 1.305180e+01 2.507881e+00
    endloop
  endfacet
  facet normal -7.946547e-01 5.773513e-01 -1.875882e-01
    outer loop
      vertex -1.899117e+01 1.725904e+01 7.247925e-05
      vertex -2.352795e+01 1.396283e+01 9.073681e+00
      vertex -1.725824e+01 2.259232e+01 9.073643e+00
    endloop
  endfacet
  facet normal -7.946540e-01 5.773508e-01 -1.875931e-01
    outer loop
      vertex -1.725824e+01 2.259232e+01 9.073643e+00
      vertex -2.352795e+01 1.396283e+01 9.073681e+00
      vertex -2.179505e+01 1.929616e+01 1.814729e+01
    endloop
  endfacet
  facet normal -7.946563e-01 5.773481e-01 -1.875911e-01
    outer loop
      vertex -2.179505e+01 1.929616e+01 1.814729e+01
      vertex -2.352795e+01 1.396283e+01 9.073681e+00
      vertex -2.806470e+01 1.066667e+01 1.814730e+01
    endloop
  endfacet
  facet normal -7.946542e-01 5.773519e-01 -1.875886e-01
    outer loop
      vertex -2.806470e+01 1.066667e+01 1.814730e+01
      vertex -2.352795e+01 1.396283e+01 9.073681e+00
      vertex -2.979767e+01 5.333328e+00 9.073669e+00
    endloop
  endfacet
  facet normal -7.946535e-01 5.773515e-01 -1.875927e-01
    outer loop
      vertex -2.979767e+01 5.333328e+00 9.073669e+00
      vertex -2.352795e+01 1.396283e+01 9.073681e+00
      vertex -2.526088e+01 8.629486e+00 1.106262e-04
    endloop
  endfacet
  facet normal -7.946565e-01 5.773482e-01 -1.875903e-01
    outer loop
      vertex -2.526088e+01 8.629486e+00 1.106262e-04
      vertex -2.352795e+01 1.396283e+01 9.073681e+00
      vertex -1.899117e+01 1.725904e+01 7.247925e-05
    endloop
  endfacet
  facet normal -7.236075e-01 5.257285e-01 4.472157e-01
    outer loop
      vertex -1.899109e+01 1.066667e+01 3.282864e+01
      vertex -2.227397e+01 1.305180e+01 2.471299e+01
      vertex -2.633177e+01 5.333328e+00 2.722087e+01
    endloop
  endfacet
  facet normal -7.236069e-01 5.257285e-01 4.472165e-01
    outer loop
      vertex -2.633177e+01 5.333328e+00 2.722087e+01
      vertex -2.227397e+01 1.305180e+01 2.471299e+01
      vertex -2.806470e+01 1.066667e+01 1.814730e+01
    endloop
  endfacet
  facet normal -7.236069e-01 5.257283e-01 4.472166e-01
    outer loop
      vertex -2.806470e+01 1.066667e+01 1.814730e+01
      vertex -2.227397e+01 1.305180e+01 2.471299e+01
      vertex -2.179505e+01 1.929616e+01 1.814729e+01
    endloop
  endfacet
  facet normal -7.236074e-01 5.257280e-01 4.472162e-01
    outer loop
      vertex -2.179505e+01 1.929616e+01 1.814729e+01
      vertex -2.227397e+01 1.305180e+01 2.471299e+01
      vertex -1.618724e+01 1.929616e+01 2.722088e+01
    endloop
  endfacet
  facet normal -7.236075e-01 5.257283e-01 4.472157e-01
    outer loop
      vertex -1.618724e+01 1.929616e+01 2.722088e+01
      vertex -2.227397e+01 1.305180e+01 2.471299e+01
      vertex -1.899109e+01 1.066667e+01 3.282864e+01
    endloop
  endfacet
  facet normal -2.763924e-01 8.506525e-01 -4.472108e-01
    outer loop
      vertex -1.725824e+01 2.259232e+01 9.073643e+00
      vertex -1.117151e+01 2.111824e+01 2.507935e+00
      vertex -1.899117e+01 1.725904e+01 7.247925e-05
    endloop
  endfacet
  facet normal -2.763926e-01 8.506527e-01 -4.472104e-01
    outer loop
      vertex -1.078402e+01 1.992566e+01 8.881784e-15
      vertex -1.899105e+01 1.725904e+01 8.881784e-15
      vertex -1.117151e+01 2.111824e+01 2.507935e+00
    endloop
  endfacet
  facet normal -2.763926e-01 8.506527e-01 -4.472104e-01
    outer loop
      vertex -1.899105e+01 1.725904e+01 8.881784e-15
      vertex -1.899117e+01 1.725904e+01 7.247925e-05
      vertex -1.117151e+01 2.111824e+01 2.507935e+00
    endloop
  endfacet
  facet normal -2.763931e-01 8.506525e-01 -4.472104e-01
    outer loop
      vertex -1.078402e+01 1.992566e+01 8.881784e-15
      vertex -1.117151e+01 2.111824e+01 2.507935e+00
      vertex -2.576939e+00 2.259229e+01 8.881784e-15
    endloop
  endfacet
  facet normal -2.763931e-01 8.506525e-01 -4.472104e-01
    outer loop
      vertex -1.117151e+01 2.111824e+01 2.507935e+00
      vertex -2.576899e+00 2.259232e+01 2.956390e-05
      vertex -2.576939e+00 2.259229e+01 8.881784e-15
    endloop
  endfacet
  facet normal 1.875885e-01 -5.773514e-01 -7.946546e-01
    outer loop
      vertex -2.723176e+00 8.233955e+00 3.315110e+01
      vertex -1.043302e+01 5.728882e+00 3.315114e+01
      vertex -8.302088e+00 1.228729e+01 2.888920e+01
    endloop
  endfacet
  facet normal 1.875921e-01 -5.773518e-01 -7.946534e-01
    outer loop
      vertex -1.165038e+01 5.333344e+00 3.315114e+01
      vertex -1.722932e+01 9.386673e+00 2.888920e+01
      vertex -1.043302e+01 5.728882e+00 3.315114e+01
    endloop
  endfacet
  facet normal 1.875921e-01 -5.773518e-01 -7.946534e-01
    outer loop
      vertex -1.722932e+01 9.386673e+00 2.888920e+01
      vertex -8.302088e+00 1.228729e+01 2.888920e+01
      vertex -1.043302e+01 5.728882e+00 3.315114e+01
    endloop
  endfacet
  facet normal 6.070649e-01 -5.207991e-06 -7.946523e-01
    outer loop
      vertex -1.165038e+01 4.053329e+00 3.315114e+01
      vertex -1.722932e+01 -1.421085e-14 2.888921e+01
      vertex -1.165038e+01 5.333344e+00 3.315114e+01
    endloop
  endfacet
  facet normal 6.070620e-01 -5.352295e-07 -7.946544e-01
    outer loop
      vertex -1.722932e+01 -1.421085e-14 2.888921e+01
      vertex -1.722932e+01 9.386673e+00 2.888920e+01
      vertex -1.165038e+01 5.333344e+00 3.315114e+01
    endloop
  endfacet
  facet normal 6.070613e-01 -5.352309e-07 -7.946550e-01
    outer loop
      vertex -2.368913e+01 4.693329e+00 2.395436e+01
      vertex -1.722932e+01 9.386673e+00 2.888920e+01
      vertex -1.722932e+01 -1.421085e-14 2.888921e+01
    endloop
  endfacet
  facet normal 7.236075e-01 -5.257285e-01 -4.472157e-01
    outer loop
      vertex -2.368913e+01 4.693329e+00 2.395436e+01
      vertex -2.011826e+01 1.148558e+01 2.174743e+01
      vertex -1.722932e+01 9.386673e+00 2.888920e+01
    endloop
  endfacet
  facet normal 7.236069e-01 -5.257285e-01 -4.472165e-01
    outer loop
      vertex -2.368913e+01 4.693329e+00 2.395436e+01
      vertex -2.521411e+01 9.386673e+00 1.596962e+01
      vertex -2.011826e+01 1.148558e+01 2.174743e+01
    endloop
  endfacet
  facet normal 9.822463e-01 -5.352309e-07 -1.875961e-01
    outer loop
      vertex -2.521411e+01 0.000000e+00 1.596961e+01
      vertex -2.521411e+01 9.386673e+00 1.596962e+01
      vertex -2.368913e+01 4.693329e+00 2.395436e+01
    endloop
  endfacet
  facet normal 9.822459e-01 -5.352282e-07 -1.875980e-01
    outer loop
      vertex -2.673911e+01 4.693329e+00 7.984829e+00
      vertex -2.521411e+01 9.386673e+00 1.596962e+01
      vertex -2.521411e+01 0.000000e+00 1.596961e+01
    endloop
  endfacet
  facet normal 7.946542e-01 -5.773519e-01 1.875886e-01
    outer loop
      vertex -2.673911e+01 4.693329e+00 7.984829e+00
      vertex -2.122176e+01 1.228729e+01 7.984838e+00
      vertex -2.521411e+01 9.386673e+00 1.596962e+01
    endloop
  endfacet
  facet normal 7.946535e-01 -5.773515e-01 1.875927e-01
    outer loop
      vertex -2.673911e+01 4.693329e+00 7.984829e+00
      vertex -2.274674e+01 7.593948e+00 9.727478e-05
      vertex -2.122176e+01 1.228729e+01 7.984838e+00
    endloop
  endfacet
  facet normal 8.944267e-01 4.200043e-07 4.472146e-01
    outer loop
      vertex -2.385020e+01 0.000000e+00 2.207014e+00
      vertex -2.274674e+01 7.593948e+00 9.727478e-05
      vertex -2.673911e+01 4.693329e+00 7.984829e+00
    endloop
  endfacet
  facet normal 8.944268e-01 3.837910e-07 4.472145e-01
    outer loop
      vertex -2.274669e+01 0.000000e+00 5.329071e-15
      vertex -2.274669e+01 7.593803e+00 7.105427e-15
      vertex -2.385020e+01 0.000000e+00 2.207014e+00
    endloop
  endfacet
  facet normal 8.944268e-01 3.837374e-07 4.472145e-01
    outer loop
      vertex -2.274669e+01 7.593803e+00 7.105427e-15
      vertex -2.274674e+01 7.593948e+00 9.727478e-05
      vertex -2.385020e+01 0.000000e+00 2.207014e+00
    endloop
  endfacet
  facet normal -8.944268e-01 -3.838297e-07 -4.472145e-01
    outer loop
      vertex -2.526088e+01 8.629486e+00 1.106262e-04
      vertex -2.526082e+01 8.629318e+00 7.105427e-15
      vertex -2.651481e+01 0.000000e+00 2.507971e+00
    endloop
  endfacet
  facet normal -8.944268e-01 -3.837910e-07 -4.472145e-01
    outer loop
      vertex -2.526082e+01 8.629318e+00 7.105427e-15
      vertex -2.526082e+01 0.000000e+00 5.329071e-15
      vertex -2.651481e+01 0.000000e+00 2.507971e+00
    endloop
  endfacet
  facet normal -8.944267e-01 -4.200043e-07 -4.472146e-01
    outer loop
      vertex -2.651481e+01 0.000000e+00 2.507971e+00
      vertex -2.979767e+01 5.333328e+00 9.073669e+00
      vertex -2.526088e+01 8.629486e+00 1.106262e-04
    endloop
  endfacet
  facet normal -9.822459e-01 5.352282e-07 1.875980e-01
    outer loop
      vertex -2.806471e+01 0.000000e+00 1.814728e+01
      vertex -2.806470e+01 1.066667e+01 1.814730e+01
      vertex -2.979767e+01 5.333328e+00 9.073669e+00
    endloop
  endfacet
  facet normal -4.911260e-01 -3.568206e-01 -7.946535e-01
    outer loop
      vertex 1.165981e+01 -1.421085e-14 2.888913e+01
      vertex 6.142482e+00 7.593964e+00 2.888916e+01
      vertex 1.412725e+01 7.593948e+00 2.395427e+01
    endloop
  endfacet
  facet normal -4.911256e-01 -3.568203e-01 -7.946540e-01
    outer loop
      vertex 4.763889e+00 -1.421085e-14 3.315107e+01
      vertex 4.011524e+00 1.035545e+00 3.315107e+01
      vertex 1.165981e+01 -1.421085e-14 2.888913e+01
    endloop
  endfacet
  facet normal -4.911256e-01 -3.568203e-01 -7.946540e-01
    outer loop
      vertex 4.011524e+00 1.035545e+00 3.315107e+01
      vertex 6.142482e+00 7.593964e+00 2.888916e+01
      vertex 1.165981e+01 -1.421085e-14 2.888913e+01
    endloop
  endfacet
  facet normal -4.911251e-01 -3.568206e-01 -7.946541e-01
    outer loop
      vertex 4.011524e+00 1.035545e+00 3.315107e+01
      vertex -7.534261e-01 7.593948e+00 3.315108e+01
      vertex 6.142482e+00 7.593964e+00 2.888916e+01
    endloop
  endfacet
  facet normal -8.944268e-01 6.504933e-07 -4.472143e-01
    outer loop
      vertex 1.165981e+01 -1.421085e-14 2.888913e+01
      vertex 1.412725e+01 7.593948e+00 2.395427e+01
      vertex 1.523071e+01 0.000000e+00 2.174735e+01
    endloop
  endfacet
  facet normal -8.944269e-01 -4.202033e-14 -4.472141e-01
    outer loop
      vertex 1.711019e+01 5.426666e+00 1.798841e+01
      vertex 1.703079e+01 5.333328e+00 1.814720e+01
      vertex 1.412725e+01 7.593948e+00 2.395427e+01
    endloop
  endfacet
  facet normal -8.944269e-01 6.657535e-07 -4.472142e-01
    outer loop
      vertex 1.703079e+01 2.924408e+00 1.814720e+01
      vertex 1.523071e+01 0.000000e+00 2.174735e+01
      vertex 1.703079e+01 5.333328e+00 1.814720e+01
    endloop
  endfacet
  facet normal -8.944268e-01 6.318039e-07 -4.472143e-01
    outer loop
      vertex 1.523071e+01 0.000000e+00 2.174735e+01
      vertex 1.412725e+01 7.593948e+00 2.395427e+01
      vertex 1.703079e+01 5.333328e+00 1.814720e+01
    endloop
  endfacet
  facet normal 4.911260e-01 3.568206e-01 7.946535e-01
    outer loop
      vertex 1.383747e+01 -1.421085e-14 3.282856e+01
      vertex 1.664138e+01 8.629486e+00 2.722076e+01
      vertex 7.567783e+00 8.629501e+00 3.282859e+01
    endloop
  endfacet
  facet normal 4.911256e-01 3.568203e-01 7.946540e-01
    outer loop
      vertex 1.383747e+01 -1.421085e-14 3.282856e+01
      vertex 7.567783e+00 8.629501e+00 3.282859e+01
      vertex 4.763889e+00 -1.421085e-14 3.843637e+01
    endloop
  endfacet
  facet normal 4.911251e-01 3.568206e-01 7.946541e-01
    outer loop
      vertex 4.763889e+00 -1.421085e-14 3.843637e+01
      vertex 7.567783e+00 8.629501e+00 3.282859e+01
      vertex -1.505818e+00 8.629486e+00 3.843641e+01
    endloop
  endfacet
  facet normal -6.070613e-01 5.352309e-07 7.946550e-01
    outer loop
      vertex -1.899108e+01 -1.421085e-14 3.282865e+01
      vertex -1.899109e+01 1.066667e+01 3.282864e+01
      vertex -2.633177e+01 5.333328e+00 2.722087e+01
    endloop
  endfacet
  facet normal -6.070628e-01 5.352284e-07 7.946539e-01
    outer loop
      vertex -1.899108e+01 -1.421085e-14 3.282865e+01
      vertex -1.165037e+01 5.333328e+00 3.843646e+01
      vertex -1.899109e+01 1.066667e+01 3.282864e+01
    endloop
  endfacet
  facet normal 8.944268e-01 -6.504933e-07 4.472143e-01
    outer loop
      vertex 1.789531e+01 -1.421085e-14 2.471290e+01
      vertex 1.664138e+01 8.629486e+00 2.722076e+01
      vertex 1.383747e+01 -1.421085e-14 3.282856e+01
    endloop
  endfacet
  facet normal 8.944268e-01 -6.264630e-07 4.472142e-01
    outer loop
      vertex 1.789531e+01 -1.421085e-14 2.471290e+01
      vertex 2.117817e+01 5.333328e+00 1.814720e+01
      vertex 1.664138e+01 8.629486e+00 2.722076e+01
    endloop
  endfacet
  facet normal -9.822463e-01 5.352309e-07 1.875961e-01
    outer loop
      vertex -2.806471e+01 0.000000e+00 1.814728e+01
      vertex -2.633177e+01 5.333328e+00 2.722087e+01
      vertex -2.806470e+01 1.066667e+01 1.814730e+01
    endloop
  endfacet
  facet normal -7.946571e-01 -5.773473e-01 -1.875905e-01
    outer loop
      vertex 1.540761e+01 1.066667e+01 9.073580e+00
      vertex 1.790215e+01 7.233208e+00 9.073584e+00
      vertex 1.558522e+01 1.012004e+01 1.000356e+01
    endloop
  endfacet
  facet normal -7.946571e-01 -5.773462e-01 -1.875940e-01
    outer loop
      vertex 1.790215e+01 7.233208e+00 9.073584e+00
      vertex 1.891523e+01 4.115158e+00 1.437832e+01
      vertex 1.558522e+01 1.012004e+01 1.000356e+01
    endloop
  endfacet
  facet normal -7.946670e-01 -5.773318e-01 -1.875964e-01
    outer loop
      vertex 1.711019e+01 5.426666e+00 1.798841e+01
      vertex 1.672466e+01 6.613327e+00 1.596954e+01
      vertex 1.891523e+01 4.115158e+00 1.437832e+01
    endloop
  endfacet
  facet normal -7.946647e-01 -5.773402e-01 -1.875799e-01
    outer loop
      vertex 1.672466e+01 6.613327e+00 1.596954e+01
      vertex 1.558522e+01 1.012004e+01 1.000356e+01
      vertex 1.891523e+01 4.115158e+00 1.437832e+01
    endloop
  endfacet
  facet normal -7.236073e-01 -5.257282e-01 4.472162e-01
    outer loop
      vertex 1.566465e+01 1.066667e+01 7.984751e+00
      vertex 1.348696e+01 1.066667e+01 4.461195e+00
      vertex 1.815919e+01 7.233208e+00 7.984755e+00
    endloop
  endfacet
  facet normal -7.236073e-01 -5.257282e-01 4.472162e-01
    outer loop
      vertex 1.815919e+01 7.233208e+00 7.984755e+00
      vertex 1.348696e+01 1.066667e+01 4.461195e+00
      vertex 1.322432e+01 7.233208e+00 7.105427e-15
    endloop
  endfacet
  facet normal -7.236074e-01 -5.257282e-01 4.472162e-01
    outer loop
      vertex 1.072977e+01 1.066667e+01 7.105427e-15
      vertex 1.322432e+01 7.233208e+00 7.105427e-15
      vertex 1.192929e+01 1.066667e+01 1.940857e+00
    endloop
  endfacet
  facet normal -7.236073e-01 -5.257282e-01 4.472162e-01
    outer loop
      vertex 1.192929e+01 1.066667e+01 1.940857e+00
      vertex 1.322432e+01 7.233208e+00 7.105427e-15
      vertex 1.348696e+01 1.066667e+01 4.461195e+00
    endloop
  endfacet
  facet normal -0.000000e+00 1.000000e+00 1.836970e-16
    outer loop
      vertex 2.979767e+01 1.066667e+01 9.073584e+00
      vertex 2.979767e+01 1.066667e+01 7.105427e-15
      vertex 2.782881e+01 1.066667e+01 9.073584e+00
    endloop
  endfacet
  facet normal 0.000000e+00 1.000000e+00 1.836970e-16
    outer loop
      vertex 1.383739e+01 1.066667e+01 7.105427e-15
      vertex 1.490840e+01 1.066667e+01 1.732910e+00
      vertex 2.979767e+01 1.066667e+01 7.105427e-15
    endloop
  endfacet
  facet normal 0.000000e+00 1.000000e+00 1.836970e-16
    outer loop
      vertex 1.944521e+01 1.066667e+01 9.073584e+00
      vertex 2.450349e+01 1.066667e+01 9.073584e+00
      vertex 1.490840e+01 1.066667e+01 1.732910e+00
    endloop
  endfacet
  facet normal 0.000000e+00 1.000000e+00 1.836970e-16
    outer loop
      vertex 1.490840e+01 1.066667e+01 1.732910e+00
      vertex 2.450349e+01 1.066667e+01 9.073584e+00
      vertex 2.979767e+01 1.066667e+01 7.105427e-15
    endloop
  endfacet
  facet normal 0.000000e+00 1.000000e+00 1.836970e-16
    outer loop
      vertex 2.450349e+01 1.066667e+01 9.073584e+00
      vertex 2.735398e+01 1.066667e+01 9.073584e+00
      vertex 2.979767e+01 1.066667e+01 7.105427e-15
    endloop
  endfacet
  facet normal 0.000000e+00 1.000000e+00 1.836970e-16
    outer loop
      vertex 2.979767e+01 1.066667e+01 7.105427e-15
      vertex 2.735398e+01 1.066667e+01 9.073584e+00
      vertex 2.782881e+01 1.066667e+01 9.073584e+00
    endloop
  endfacet
  facet normal 0.000000e+00 -1.000000e+00 -1.836970e-16
    outer loop
      vertex 1.322432e+01 7.233208e+00 7.105427e-15
      vertex 2.979767e+01 7.233208e+00 7.105427e-15
      vertex 1.815919e+01 7.233208e+00 7.984755e+00
    endloop
  endfacet
  facet normal 0.000000e+00 -1.000000e+00 -1.836970e-16
    outer loop
      vertex 1.790215e+01 7.233208e+00 9.073584e+00
      vertex 1.815919e+01 7.233208e+00 7.984755e+00
      vertex 2.979767e+01 7.233208e+00 9.073584e+00
    endloop
  endfacet
  facet normal 0.000000e+00 -1.000000e+00 -1.836970e-16
    outer loop
      vertex 2.979767e+01 7.233208e+00 9.073584e+00
      vertex 1.815919e+01 7.233208e+00 7.984755e+00
      vertex 2.979767e+01 7.233208e+00 7.105427e-15
    endloop
  endfacet
  facet normal 8.944266e-01 -8.215203e-17 4.472148e-01
    outer loop
      vertex -2.673911e+01 4.693329e+00 7.984829e+00
      vertex -2.673911e+01 -4.693321e+00 7.984829e+00
      vertex -2.385020e+01 0.000000e+00 2.207014e+00
    endloop
  endfacet
  facet normal 9.822459e-01 3.446114e-17 -1.875977e-01
    outer loop
      vertex -2.521411e+01 0.000000e+00 1.596961e+01
      vertex -2.673911e+01 -4.693321e+00 7.984829e+00
      vertex -2.673911e+01 4.693329e+00 7.984829e+00
    endloop
  endfacet
  facet normal 9.822462e-01 3.446090e-17 -1.875964e-01
    outer loop
      vertex -2.368913e+01 4.693329e+00 2.395436e+01
      vertex -2.368913e+01 -4.693321e+00 2.395436e+01
      vertex -2.521411e+01 0.000000e+00 1.596961e+01
    endloop
  endfacet
  facet normal 6.070616e-01 1.459757e-16 -7.946548e-01
    outer loop
      vertex -1.722932e+01 -1.421085e-14 2.888921e+01
      vertex -2.368913e+01 -4.693321e+00 2.395436e+01
      vertex -2.368913e+01 4.693329e+00 2.395436e+01
    endloop
  endfacet
  facet normal 6.070625e-01 -5.742411e-15 -7.946541e-01
    outer loop
      vertex -1.165038e+01 4.053329e+00 3.315114e+01
      vertex -1.165039e+01 -4.053322e+00 3.315113e+01
      vertex -1.722932e+01 -1.421085e-14 2.888921e+01
    endloop
  endfacet
  facet normal -8.944266e-01 8.215201e-17 -4.472147e-01
    outer loop
      vertex 1.703079e+01 2.924408e+00 1.814720e+01
      vertex 1.703079e+01 -2.924400e+00 1.814720e+01
      vertex 1.523071e+01 0.000000e+00 2.174735e+01
    endloop
  endfacet
  facet normal 0.000000e+00 1.836970e-16 -1.000000e+00
    outer loop
      vertex 1.703079e+01 5.333328e+00 1.814720e+01
      vertex 1.703079e+01 -5.333321e+00 1.814720e+01
      vertex 1.703079e+01 2.924408e+00 1.814720e+01
    endloop
  endfacet
  facet normal 0.000000e+00 1.836970e-16 -1.000000e+00
    outer loop
      vertex 1.703079e+01 -5.333321e+00 1.814720e+01
      vertex 1.703079e+01 -2.924400e+00 1.814720e+01
      vertex 1.703079e+01 2.924408e+00 1.814720e+01
    endloop
  endfacet
  facet normal -8.944269e-01 8.215190e-17 -4.472141e-01
    outer loop
      vertex 1.851079e+01 -3.639717e+00 1.518720e+01
      vertex 1.703079e+01 5.333328e+00 1.814720e+01
      vertex 1.851079e+01 3.639709e+00 1.518720e+01
    endloop
  endfacet
  facet normal -8.944269e-01 -2.778251e-15 -4.472141e-01
    outer loop
      vertex 1.891523e+01 -4.115166e+00 1.437832e+01
      vertex 1.711019e+01 -5.426659e+00 1.798841e+01
      vertex 1.851079e+01 -3.639717e+00 1.518720e+01
    endloop
  endfacet
  facet normal -8.944269e-01 4.238328e-14 -4.472141e-01
    outer loop
      vertex 1.711019e+01 -5.426659e+00 1.798841e+01
      vertex 1.703079e+01 -5.333321e+00 1.814720e+01
      vertex 1.851079e+01 -3.639717e+00 1.518720e+01
    endloop
  endfacet
  facet normal -8.944269e-01 8.215190e-17 -4.472141e-01
    outer loop
      vertex 1.703079e+01 -5.333321e+00 1.814720e+01
      vertex 1.703079e+01 5.333328e+00 1.814720e+01
      vertex 1.851079e+01 -3.639717e+00 1.518720e+01
    endloop
  endfacet
  facet normal -8.944269e-01 -4.217345e-14 -4.472141e-01
    outer loop
      vertex 1.703079e+01 5.333328e+00 1.814720e+01
      vertex 1.711019e+01 5.426666e+00 1.798841e+01
      vertex 1.851079e+01 3.639709e+00 1.518720e+01
    endloop
  endfacet
  facet normal -8.944269e-01 2.871044e-15 -4.472141e-01
    outer loop
      vertex 1.711019e+01 5.426666e+00 1.798841e+01
      vertex 1.891523e+01 4.115158e+00 1.437832e+01
      vertex 1.851079e+01 3.639709e+00 1.518720e+01
    endloop
  endfacet
  facet normal -7.946567e-01 5.773481e-01 -1.875897e-01
    outer loop
      vertex 1.107732e+01 -1.698061e+01 7.984753e+00
      vertex 1.540761e+01 -1.066666e+01 9.073580e+00
      vertex 1.566465e+01 -1.066666e+01 7.984751e+00
    endloop
  endfacet
  facet normal -7.946563e-01 5.773481e-01 -1.875912e-01
    outer loop
      vertex 1.260227e+01 -1.228728e+01 1.596953e+01
      vertex 1.558522e+01 -1.012005e+01 1.000356e+01
      vertex 1.107732e+01 -1.698061e+01 7.984753e+00
    endloop
  endfacet
  facet normal -7.946563e-01 5.773481e-01 -1.875910e-01
    outer loop
      vertex 1.558522e+01 -1.012005e+01 1.000356e+01
      vertex 1.540761e+01 -1.066666e+01 9.073580e+00
      vertex 1.107732e+01 -1.698061e+01 7.984753e+00
    endloop
  endfacet
  facet normal -7.946572e-01 5.773475e-01 -1.875898e-01
    outer loop
      vertex 1.540761e+01 -1.066666e+01 9.073580e+00
      vertex 1.790215e+01 -7.233208e+00 9.073584e+00
      vertex 1.566465e+01 -1.066666e+01 7.984751e+00
    endloop
  endfacet
  facet normal -7.946555e-01 5.773480e-01 -1.875950e-01
    outer loop
      vertex 1.790215e+01 -7.233208e+00 9.073584e+00
      vertex 1.815919e+01 -7.233208e+00 7.984755e+00
      vertex 1.566465e+01 -1.066666e+01 7.984751e+00
    endloop
  endfacet
  facet normal -7.236073e-01 5.257282e-01 4.472162e-01
    outer loop
      vertex 1.566465e+01 -1.066666e+01 7.984751e+00
      vertex 1.348696e+01 -1.066666e+01 4.461195e+00
      vertex 1.107732e+01 -1.698061e+01 7.984753e+00
    endloop
  endfacet
  facet normal -7.236070e-01 5.257282e-01 4.472165e-01
    outer loop
      vertex 1.348696e+01 -1.066666e+01 4.461195e+00
      vertex 1.149877e+01 -1.148557e+01 2.206934e+00
      vertex 1.107732e+01 -1.698061e+01 7.984753e+00
    endloop
  endfacet
  facet normal -7.236066e-01 5.257294e-01 4.472158e-01
    outer loop
      vertex 1.348696e+01 -1.066666e+01 4.461195e+00
      vertex 1.192929e+01 -1.066666e+01 1.940857e+00
      vertex 1.149877e+01 -1.148557e+01 2.206934e+00
    endloop
  endfacet
  facet normal -7.236066e-01 5.257294e-01 4.472158e-01
    outer loop
      vertex 1.192929e+01 -1.066666e+01 1.940857e+00
      vertex 1.072977e+01 -1.066666e+01 3.552714e-15
      vertex 1.149877e+01 -1.148557e+01 2.206934e+00
    endloop
  endfacet
  facet normal -7.236075e-01 5.257285e-01 4.472157e-01
    outer loop
      vertex 1.072977e+01 -1.066666e+01 3.552714e-15
      vertex 1.060604e+01 -1.083698e+01 3.552714e-15
      vertex 1.149877e+01 -1.148557e+01 2.206934e+00
    endloop
  endfacet
  facet normal 4.911260e-01 3.568208e-01 7.946535e-01
    outer loop
      vertex -2.274658e+01 -7.593956e+00 3.552714e-15
      vertex -2.274669e+01 -7.593803e+00 3.552714e-15
      vertex -2.274674e+01 -7.593956e+00 9.727478e-05
    endloop
  endfacet
  facet normal 4.911264e-01 3.568190e-01 7.946541e-01
    outer loop
      vertex -1.722936e+01 -1.518786e+01 1.776357e-15
      vertex -2.274658e+01 -7.593956e+00 3.552714e-15
      vertex -1.722940e+01 -1.518795e+01 6.389618e-05
    endloop
  endfacet
  facet normal 4.911264e-01 3.568190e-01 7.946541e-01
    outer loop
      vertex -2.274658e+01 -7.593956e+00 3.552714e-15
      vertex -2.274674e+01 -7.593956e+00 9.727478e-05
      vertex -1.722940e+01 -1.518795e+01 6.389618e-05
    endloop
  endfacet
  facet normal 4.911259e-01 3.568193e-01 7.946543e-01
    outer loop
      vertex -1.722929e+01 -1.518795e+01 1.776357e-15
      vertex -1.722936e+01 -1.518786e+01 1.776357e-15
      vertex -1.722940e+01 -1.518795e+01 6.389618e-05
    endloop
  endfacet
  facet normal 3.035291e-01 9.341729e-01 -1.875929e-01
    outer loop
      vertex -1.842307e+00 -2.278187e+01 1.596956e+01
      vertex -1.076955e+01 -1.988125e+01 1.596958e+01
      vertex -5.834651e+00 -1.988125e+01 2.395434e+01
    endloop
  endfacet
  facet normal 3.035297e-01 9.341729e-01 -1.875920e-01
    outer loop
      vertex -1.570442e+01 -1.988125e+01 7.984806e+00
      vertex -1.076955e+01 -1.988125e+01 1.596958e+01
      vertex -6.777182e+00 -2.278187e+01 7.984806e+00
    endloop
  endfacet
  facet normal 3.035292e-01 9.341730e-01 -1.875923e-01
    outer loop
      vertex -6.777182e+00 -2.278187e+01 7.984806e+00
      vertex -1.076955e+01 -1.988125e+01 1.596958e+01
      vertex -1.842307e+00 -2.278187e+01 1.596956e+01
    endloop
  endfacet
  facet normal -3.035297e-01 9.341729e-01 1.875920e-01
    outer loop
      vertex 7.084930e+00 -1.988125e+01 1.596956e+01
      vertex 2.150058e+00 -1.988125e+01 7.984787e+00
      vertex -1.842307e+00 -2.278187e+01 1.596956e+01
    endloop
  endfacet
  facet normal -3.035292e-01 9.341730e-01 1.875923e-01
    outer loop
      vertex -1.842307e+00 -2.278187e+01 1.596956e+01
      vertex 2.150058e+00 -1.988125e+01 7.984787e+00
      vertex -6.777182e+00 -2.278187e+01 7.984806e+00
    endloop
  endfacet
  facet normal -3.035291e-01 9.341729e-01 1.875929e-01
    outer loop
      vertex -6.777182e+00 -2.278187e+01 7.984806e+00
      vertex 2.150058e+00 -1.988125e+01 7.984787e+00
      vertex -2.784838e+00 -1.988125e+01 2.574921e-05
    endloop
  endfacet
  facet normal 2.763931e-01 8.506525e-01 4.472104e-01
    outer loop
      vertex -2.784838e+00 -1.988125e+01 2.574921e-05
      vertex -1.034809e+01 -1.858405e+01 2.206982e+00
      vertex -6.777182e+00 -2.278187e+01 7.984806e+00
    endloop
  endfacet
  facet normal 2.763924e-01 8.506525e-01 4.472109e-01
    outer loop
      vertex -6.777182e+00 -2.278187e+01 7.984806e+00
      vertex -1.034809e+01 -1.858405e+01 2.206982e+00
      vertex -1.570442e+01 -1.988125e+01 7.984806e+00
    endloop
  endfacet
  facet normal -2.763934e-01 8.506524e-01 -4.472105e-01
    outer loop
      vertex -5.834651e+00 -1.988125e+01 2.395434e+01
      vertex 1.728603e+00 -1.858405e+01 2.174738e+01
      vertex -1.842307e+00 -2.278187e+01 1.596956e+01
    endloop
  endfacet
  facet normal -2.763924e-01 8.506524e-01 -4.472111e-01
    outer loop
      vertex -1.842307e+00 -2.278187e+01 1.596956e+01
      vertex 1.728603e+00 -1.858405e+01 2.174738e+01
      vertex 7.084930e+00 -1.988125e+01 1.596956e+01
    endloop
  endfacet
  facet normal -7.946547e-01 5.773512e-01 -1.875882e-01
    outer loop
      vertex 8.609909e+00 -1.518795e+01 2.395430e+01
      vertex 1.260227e+01 -1.228728e+01 1.596953e+01
      vertex 7.084930e+00 -1.988125e+01 1.596956e+01
    endloop
  endfacet
  facet normal -7.946540e-01 5.773507e-01 -1.875931e-01
    outer loop
      vertex 7.084930e+00 -1.988125e+01 1.596956e+01
      vertex 1.260227e+01 -1.228728e+01 1.596953e+01
      vertex 1.107732e+01 -1.698061e+01 7.984753e+00
    endloop
  endfacet
  facet normal -7.946543e-01 5.773518e-01 -1.875888e-01
    outer loop
      vertex 1.672466e+01 -6.613335e+00 1.596954e+01
      vertex 1.558522e+01 -1.012005e+01 1.000356e+01
      vertex 1.260227e+01 -1.228728e+01 1.596953e+01
    endloop
  endfacet
  facet normal -7.946510e-01 5.773494e-01 -1.876099e-01
    outer loop
      vertex 1.672466e+01 -6.613335e+00 1.596954e+01
      vertex 1.260227e+01 -1.228728e+01 1.596953e+01
      vertex 1.711019e+01 -5.426659e+00 1.798841e+01
    endloop
  endfacet
  facet normal -7.946572e-01 5.773475e-01 -1.875895e-01
    outer loop
      vertex 1.260227e+01 -1.228728e+01 1.596953e+01
      vertex 1.412725e+01 -7.593956e+00 2.395427e+01
      vertex 1.711019e+01 -5.426659e+00 1.798841e+01
    endloop
  endfacet
  facet normal -7.946565e-01 5.773483e-01 -1.875901e-01
    outer loop
      vertex 1.412725e+01 -7.593956e+00 2.395427e+01
      vertex 1.260227e+01 -1.228728e+01 1.596953e+01
      vertex 8.609909e+00 -1.518795e+01 2.395430e+01
    endloop
  endfacet
  facet normal -4.911258e-01 3.568195e-01 -7.946542e-01
    outer loop
      vertex 6.251502e-01 -1.518795e+01 2.888918e+01
      vertex 6.142482e+00 -7.593956e+00 2.888916e+01
      vertex 8.609909e+00 -1.518795e+01 2.395430e+01
    endloop
  endfacet
  facet normal -4.911263e-01 3.568192e-01 -7.946540e-01
    outer loop
      vertex 8.609909e+00 -1.518795e+01 2.395430e+01
      vertex 6.142482e+00 -7.593956e+00 2.888916e+01
      vertex 1.412725e+01 -7.593956e+00 2.395427e+01
    endloop
  endfacet
  facet normal 1.875928e-01 5.773513e-01 -7.946537e-01
    outer loop
      vertex -5.834651e+00 -1.988125e+01 2.395434e+01
      vertex -8.302088e+00 -1.228728e+01 2.888920e+01
      vertex 6.251502e-01 -1.518795e+01 2.888918e+01
    endloop
  endfacet
  facet normal 1.875909e-01 5.773481e-01 -7.946564e-01
    outer loop
      vertex -1.722932e+01 -9.386665e+00 2.888920e+01
      vertex -8.302088e+00 -1.228728e+01 2.888920e+01
      vertex -1.476193e+01 -1.698061e+01 2.395437e+01
    endloop
  endfacet
  facet normal 1.875881e-01 5.773507e-01 -7.946552e-01
    outer loop
      vertex -1.476193e+01 -1.698061e+01 2.395437e+01
      vertex -8.302088e+00 -1.228728e+01 2.888920e+01
      vertex -5.834651e+00 -1.988125e+01 2.395434e+01
    endloop
  endfacet
  facet normal 3.035277e-01 9.341735e-01 -1.875920e-01
    outer loop
      vertex -5.834651e+00 -1.988125e+01 2.395434e+01
      vertex -1.076955e+01 -1.988125e+01 1.596958e+01
      vertex -1.476193e+01 -1.698061e+01 2.395437e+01
    endloop
  endfacet
  facet normal 3.035282e-01 9.341734e-01 -1.875917e-01
    outer loop
      vertex -1.476193e+01 -1.698061e+01 2.395437e+01
      vertex -1.076955e+01 -1.988125e+01 1.596958e+01
      vertex -1.969681e+01 -1.698061e+01 1.596962e+01
    endloop
  endfacet
  facet normal 3.035282e-01 9.341735e-01 -1.875911e-01
    outer loop
      vertex -1.969681e+01 -1.698061e+01 1.596962e+01
      vertex -1.076955e+01 -1.988125e+01 1.596958e+01
      vertex -1.570442e+01 -1.988125e+01 7.984806e+00
    endloop
  endfacet
  facet normal -3.035277e-01 9.341735e-01 1.875920e-01
    outer loop
      vertex 6.142444e+00 -1.698063e+01 1.776357e-15
      vertex 5.130115e+00 -1.730955e+01 1.776357e-15
      vertex 2.150058e+00 -1.988125e+01 7.984787e+00
    endloop
  endfacet
  facet normal -3.035277e-01 9.341735e-01 1.875920e-01
    outer loop
      vertex 5.130115e+00 -1.730955e+01 1.776357e-15
      vertex -2.784838e+00 -1.988125e+01 2.574921e-05
      vertex 2.150058e+00 -1.988125e+01 7.984787e+00
    endloop
  endfacet
  facet normal -3.035282e-01 9.341734e-01 1.875917e-01
    outer loop
      vertex 6.142448e+00 -1.698061e+01 1.776357e-15
      vertex 6.142444e+00 -1.698063e+01 1.776357e-15
      vertex 1.107732e+01 -1.698061e+01 7.984753e+00
    endloop
  endfacet
  facet normal -3.035282e-01 9.341734e-01 1.875917e-01
    outer loop
      vertex 6.142444e+00 -1.698063e+01 1.776357e-15
      vertex 2.150058e+00 -1.988125e+01 7.984787e+00
      vertex 1.107732e+01 -1.698061e+01 7.984753e+00
    endloop
  endfacet
  facet normal -3.035282e-01 9.341735e-01 1.875911e-01
    outer loop
      vertex 1.107732e+01 -1.698061e+01 7.984753e+00
      vertex 2.150058e+00 -1.988125e+01 7.984787e+00
      vertex 7.084930e+00 -1.988125e+01 1.596956e+01
    endloop
  endfacet
  facet normal -2.763922e-01 8.506526e-01 -4.472109e-01
    outer loop
      vertex 7.084930e+00 -1.988125e+01 1.596956e+01
      vertex 1.728603e+00 -1.858405e+01 2.174738e+01
      vertex 8.609909e+00 -1.518795e+01 2.395430e+01
    endloop
  endfacet
  facet normal -2.763925e-01 8.506528e-01 -4.472102e-01
    outer loop
      vertex 8.609909e+00 -1.518795e+01 2.395430e+01
      vertex 1.728603e+00 -1.858405e+01 2.174738e+01
      vertex 6.251502e-01 -1.518795e+01 2.888918e+01
    endloop
  endfacet
  facet normal -2.763933e-01 8.506526e-01 -4.472102e-01
    outer loop
      vertex 6.251502e-01 -1.518795e+01 2.888918e+01
      vertex 1.728603e+00 -1.858405e+01 2.174738e+01
      vertex -5.834651e+00 -1.988125e+01 2.395434e+01
    endloop
  endfacet
  facet normal -1.875927e-01 5.773513e-01 7.946537e-01
    outer loop
      vertex -2.784825e+00 -1.988120e+01 1.776357e-15
      vertex -2.784873e+00 -1.988122e+01 1.776357e-15
      vertex -2.784838e+00 -1.988125e+01 2.574921e-05
    endloop
  endfacet
  facet normal -1.875881e-01 5.773508e-01 7.946551e-01
    outer loop
      vertex 5.130115e+00 -1.730955e+01 1.776357e-15
      vertex -2.784825e+00 -1.988120e+01 1.776357e-15
      vertex -2.784838e+00 -1.988125e+01 2.574921e-05
    endloop
  endfacet
  facet normal -7.236074e-01 5.257280e-01 4.472162e-01
    outer loop
      vertex 6.142448e+00 -1.698061e+01 1.776357e-15
      vertex 1.107732e+01 -1.698061e+01 7.984753e+00
      vertex 6.142456e+00 -1.698061e+01 1.776357e-15
    endloop
  endfacet
  facet normal -7.236074e-01 5.257280e-01 4.472162e-01
    outer loop
      vertex 1.107732e+01 -1.698061e+01 7.984753e+00
      vertex 1.149877e+01 -1.148557e+01 2.206934e+00
      vertex 6.142456e+00 -1.698061e+01 1.776357e-15
    endloop
  endfacet
  facet normal -7.236075e-01 5.257283e-01 4.472157e-01
    outer loop
      vertex 1.060604e+01 -1.083698e+01 3.552714e-15
      vertex 6.142456e+00 -1.698061e+01 1.776357e-15
      vertex 1.149877e+01 -1.148557e+01 2.206934e+00
    endloop
  endfacet
  facet normal 7.946547e-01 5.773513e-01 1.875882e-01
    outer loop
      vertex -1.722940e+01 -1.518795e+01 6.389618e-05
      vertex -2.122176e+01 -1.228728e+01 7.984838e+00
      vertex -1.570442e+01 -1.988125e+01 7.984806e+00
    endloop
  endfacet
  facet normal 7.946540e-01 5.773508e-01 1.875931e-01
    outer loop
      vertex -1.570442e+01 -1.988125e+01 7.984806e+00
      vertex -2.122176e+01 -1.228728e+01 7.984838e+00
      vertex -1.969681e+01 -1.698061e+01 1.596962e+01
    endloop
  endfacet
  facet normal 7.946563e-01 5.773481e-01 1.875911e-01
    outer loop
      vertex -1.969681e+01 -1.698061e+01 1.596962e+01
      vertex -2.122176e+01 -1.228728e+01 7.984838e+00
      vertex -2.521411e+01 -9.386665e+00 1.596962e+01
    endloop
  endfacet
  facet normal 7.946565e-01 5.773482e-01 1.875903e-01
    outer loop
      vertex -2.274674e+01 -7.593956e+00 9.727478e-05
      vertex -2.122176e+01 -1.228728e+01 7.984838e+00
      vertex -1.722940e+01 -1.518795e+01 6.389618e-05
    endloop
  endfacet
  facet normal 7.236069e-01 5.257283e-01 -4.472166e-01
    outer loop
      vertex -2.521411e+01 -9.386665e+00 1.596962e+01
      vertex -2.011826e+01 -1.148557e+01 2.174743e+01
      vertex -1.969681e+01 -1.698061e+01 1.596962e+01
    endloop
  endfacet
  facet normal 7.236074e-01 5.257280e-01 -4.472162e-01
    outer loop
      vertex -1.969681e+01 -1.698061e+01 1.596962e+01
      vertex -2.011826e+01 -1.148557e+01 2.174743e+01
      vertex -1.476193e+01 -1.698061e+01 2.395437e+01
    endloop
  endfacet
  facet normal 7.236075e-01 5.257283e-01 -4.472157e-01
    outer loop
      vertex -1.476193e+01 -1.698061e+01 2.395437e+01
      vertex -2.011826e+01 -1.148557e+01 2.174743e+01
      vertex -1.722932e+01 -9.386665e+00 2.888920e+01
    endloop
  endfacet
  facet normal 2.763924e-01 8.506525e-01 4.472108e-01
    outer loop
      vertex -1.570442e+01 -1.988125e+01 7.984806e+00
      vertex -1.034809e+01 -1.858405e+01 2.206982e+00
      vertex -1.722940e+01 -1.518795e+01 6.389618e-05
    endloop
  endfacet
  facet normal 2.763926e-01 8.506527e-01 4.472104e-01
    outer loop
      vertex -1.000710e+01 -1.753458e+01 1.776357e-15
      vertex -1.722929e+01 -1.518795e+01 1.776357e-15
      vertex -1.034809e+01 -1.858405e+01 2.206982e+00
    endloop
  endfacet
  facet normal 2.763926e-01 8.506527e-01 4.472104e-01
    outer loop
      vertex -1.722929e+01 -1.518795e+01 1.776357e-15
      vertex -1.722940e+01 -1.518795e+01 6.389618e-05
      vertex -1.034809e+01 -1.858405e+01 2.206982e+00
    endloop
  endfacet
  facet normal 2.763931e-01 8.506525e-01 4.472104e-01
    outer loop
      vertex -1.000710e+01 -1.753458e+01 1.776357e-15
      vertex -1.034809e+01 -1.858405e+01 2.206982e+00
      vertex -2.784873e+00 -1.988122e+01 1.776357e-15
    endloop
  endfacet
  facet normal 2.763931e-01 8.506525e-01 4.472104e-01
    outer loop
      vertex -1.034809e+01 -1.858405e+01 2.206982e+00
      vertex -2.784838e+00 -1.988125e+01 2.574921e-05
      vertex -2.784873e+00 -1.988122e+01 1.776357e-15
    endloop
  endfacet
  facet normal -4.911260e-01 -3.568208e-01 -7.946535e-01
    outer loop
      vertex -2.526082e+01 -8.629311e+00 3.552714e-15
      vertex -2.526070e+01 -8.629494e+00 3.552714e-15
      vertex -2.526088e+01 -8.629494e+00 1.106262e-04
    endloop
  endfacet
  facet normal -4.911264e-01 -3.568190e-01 -7.946541e-01
    outer loop
      vertex -1.899113e+01 -1.725893e+01 1.776357e-15
      vertex -1.899117e+01 -1.725904e+01 7.247925e-05
      vertex -2.526070e+01 -8.629494e+00 3.552714e-15
    endloop
  endfacet
  facet normal -4.911264e-01 -3.568190e-01 -7.946541e-01
    outer loop
      vertex -1.899117e+01 -1.725904e+01 7.247925e-05
      vertex -2.526088e+01 -8.629494e+00 1.106262e-04
      vertex -2.526070e+01 -8.629494e+00 3.552714e-15
    endloop
  endfacet
  facet normal -4.911259e-01 -3.568193e-01 -7.946543e-01
    outer loop
      vertex -1.899113e+01 -1.725893e+01 1.776357e-15
      vertex -1.899105e+01 -1.725904e+01 1.776357e-15
      vertex -1.899117e+01 -1.725904e+01 7.247925e-05
    endloop
  endfacet
  facet normal -3.035291e-01 -9.341729e-01 1.875929e-01
    outer loop
      vertex -1.165043e+01 -2.259232e+01 1.814725e+01
      vertex -1.505841e+00 -2.588848e+01 1.814723e+01
      vertex -6.042597e+00 -2.259232e+01 2.722084e+01
    endloop
  endfacet
  facet normal -3.035297e-01 -9.341729e-01 1.875920e-01
    outer loop
      vertex -1.165043e+01 -2.259232e+01 1.814725e+01
      vertex -1.725824e+01 -2.259232e+01 9.073643e+00
      vertex -7.113656e+00 -2.588848e+01 9.073643e+00
    endloop
  endfacet
  facet normal -3.035292e-01 -9.341730e-01 1.875923e-01
    outer loop
      vertex -1.165043e+01 -2.259232e+01 1.814725e+01
      vertex -7.113656e+00 -2.588848e+01 9.073643e+00
      vertex -1.505841e+00 -2.588848e+01 1.814723e+01
    endloop
  endfacet
  facet normal 3.035297e-01 -9.341729e-01 -1.875920e-01
    outer loop
      vertex 3.030937e+00 -2.259232e+01 9.073622e+00
      vertex 8.638744e+00 -2.259232e+01 1.814723e+01
      vertex -1.505841e+00 -2.588848e+01 1.814723e+01
    endloop
  endfacet
  facet normal 3.035292e-01 -9.341730e-01 -1.875923e-01
    outer loop
      vertex 3.030937e+00 -2.259232e+01 9.073622e+00
      vertex -1.505841e+00 -2.588848e+01 1.814723e+01
      vertex -7.113656e+00 -2.588848e+01 9.073643e+00
    endloop
  endfacet
  facet normal 3.035291e-01 -9.341729e-01 -1.875929e-01
    outer loop
      vertex 3.030937e+00 -2.259232e+01 9.073622e+00
      vertex -7.113656e+00 -2.588848e+01 9.073643e+00
      vertex -2.576899e+00 -2.259232e+01 2.956390e-05
    endloop
  endfacet
  facet normal -2.763931e-01 -8.506525e-01 -4.472104e-01
    outer loop
      vertex -1.117151e+01 -2.111823e+01 2.507935e+00
      vertex -2.576899e+00 -2.259232e+01 2.956390e-05
      vertex -7.113656e+00 -2.588848e+01 9.073643e+00
    endloop
  endfacet
  facet normal -2.763924e-01 -8.506525e-01 -4.472109e-01
    outer loop
      vertex -1.117151e+01 -2.111823e+01 2.507935e+00
      vertex -7.113656e+00 -2.588848e+01 9.073643e+00
      vertex -1.725824e+01 -2.259232e+01 9.073643e+00
    endloop
  endfacet
  facet normal 2.763934e-01 -8.506524e-01 4.472105e-01
    outer loop
      vertex 2.552009e+00 -2.111823e+01 2.471294e+01
      vertex -6.042597e+00 -2.259232e+01 2.722084e+01
      vertex -1.505841e+00 -2.588848e+01 1.814723e+01
    endloop
  endfacet
  facet normal 2.763924e-01 -8.506524e-01 4.472111e-01
    outer loop
      vertex 2.552009e+00 -2.111823e+01 2.471294e+01
      vertex -1.505841e+00 -2.588848e+01 1.814723e+01
      vertex 8.638744e+00 -2.259232e+01 1.814723e+01
    endloop
  endfacet
  facet normal 7.946547e-01 -5.773512e-01 1.875882e-01
    outer loop
      vertex 1.490845e+01 -1.396284e+01 1.814719e+01
      vertex 1.037167e+01 -1.725904e+01 2.722080e+01
      vertex 8.638744e+00 -2.259232e+01 1.814723e+01
    endloop
  endfacet
  facet normal 7.946540e-01 -5.773507e-01 1.875931e-01
    outer loop
      vertex 1.490845e+01 -1.396284e+01 1.814719e+01
      vertex 8.638744e+00 -2.259232e+01 1.814723e+01
      vertex 1.317556e+01 -1.929617e+01 9.073584e+00
    endloop
  endfacet
  facet normal 7.946562e-01 -5.773482e-01 1.875912e-01
    outer loop
      vertex 1.490845e+01 -1.396284e+01 1.814719e+01
      vertex 1.317556e+01 -1.929617e+01 9.073584e+00
      vertex 1.944521e+01 -1.066666e+01 9.073584e+00
    endloop
  endfacet
  facet normal 7.946542e-01 -5.773518e-01 1.875889e-01
    outer loop
      vertex 1.490845e+01 -1.396284e+01 1.814719e+01
      vertex 1.944521e+01 -1.066666e+01 9.073584e+00
      vertex 2.117817e+01 -5.333321e+00 1.814720e+01
    endloop
  endfacet
  facet normal 7.946537e-01 -5.773514e-01 1.875925e-01
    outer loop
      vertex 1.490845e+01 -1.396284e+01 1.814719e+01
      vertex 2.117817e+01 -5.333321e+00 1.814720e+01
      vertex 1.664138e+01 -8.629494e+00 2.722076e+01
    endloop
  endfacet
  facet normal 7.946565e-01 -5.773483e-01 1.875901e-01
    outer loop
      vertex 1.490845e+01 -1.396284e+01 1.814719e+01
      vertex 1.664138e+01 -8.629494e+00 2.722076e+01
      vertex 1.037167e+01 -1.725904e+01 2.722080e+01
    endloop
  endfacet
  facet normal 4.911258e-01 -3.568195e-01 7.946542e-01
    outer loop
      vertex 7.567783e+00 -8.629509e+00 3.282859e+01
      vertex 1.298088e+00 -1.725904e+01 3.282861e+01
      vertex 1.037167e+01 -1.725904e+01 2.722080e+01
    endloop
  endfacet
  facet normal 4.911263e-01 -3.568192e-01 7.946540e-01
    outer loop
      vertex 7.567783e+00 -8.629509e+00 3.282859e+01
      vertex 1.037167e+01 -1.725904e+01 2.722080e+01
      vertex 1.664138e+01 -8.629494e+00 2.722076e+01
    endloop
  endfacet
  facet normal 4.911254e-01 -3.568192e-01 7.946546e-01
    outer loop
      vertex 7.567783e+00 -8.629509e+00 3.282859e+01
      vertex -1.505818e+00 -8.629494e+00 3.843641e+01
      vertex 1.298088e+00 -1.725904e+01 3.282861e+01
    endloop
  endfacet
  facet normal -1.875928e-01 -5.773513e-01 7.946537e-01
    outer loop
      vertex -8.846505e+00 -1.396284e+01 3.282864e+01
      vertex -6.042597e+00 -2.259232e+01 2.722084e+01
      vertex 1.298088e+00 -1.725904e+01 3.282861e+01
    endloop
  endfacet
  facet normal -1.875919e-01 -5.773483e-01 7.946560e-01
    outer loop
      vertex -8.846505e+00 -1.396284e+01 3.282864e+01
      vertex 1.298088e+00 -1.725904e+01 3.282861e+01
      vertex -1.505818e+00 -8.629494e+00 3.843641e+01
    endloop
  endfacet
  facet normal -1.875885e-01 -5.773514e-01 7.946546e-01
    outer loop
      vertex -8.846505e+00 -1.396284e+01 3.282864e+01
      vertex -1.505818e+00 -8.629494e+00 3.843641e+01
      vertex -1.165037e+01 -5.333321e+00 3.843646e+01
    endloop
  endfacet
  facet normal -1.875921e-01 -5.773518e-01 7.946534e-01
    outer loop
      vertex -8.846505e+00 -1.396284e+01 3.282864e+01
      vertex -1.165037e+01 -5.333321e+00 3.843646e+01
      vertex -1.899109e+01 -1.066666e+01 3.282864e+01
    endloop
  endfacet
  facet normal -1.875909e-01 -5.773481e-01 7.946564e-01
    outer loop
      vertex -8.846505e+00 -1.396284e+01 3.282864e+01
      vertex -1.899109e+01 -1.066666e+01 3.282864e+01
      vertex -1.618724e+01 -1.929617e+01 2.722088e+01
    endloop
  endfacet
  facet normal -1.875881e-01 -5.773507e-01 7.946552e-01
    outer loop
      vertex -8.846505e+00 -1.396284e+01 3.282864e+01
      vertex -1.618724e+01 -1.929617e+01 2.722088e+01
      vertex -6.042597e+00 -2.259232e+01 2.722084e+01
    endloop
  endfacet
  facet normal -3.035277e-01 -9.341735e-01 1.875920e-01
    outer loop
      vertex -1.165043e+01 -2.259232e+01 1.814725e+01
      vertex -6.042597e+00 -2.259232e+01 2.722084e+01
      vertex -1.618724e+01 -1.929617e+01 2.722088e+01
    endloop
  endfacet
  facet normal -3.035282e-01 -9.341734e-01 1.875917e-01
    outer loop
      vertex -1.165043e+01 -2.259232e+01 1.814725e+01
      vertex -1.618724e+01 -1.929617e+01 2.722088e+01
      vertex -2.179505e+01 -1.929617e+01 1.814729e+01
    endloop
  endfacet
  facet normal -3.035282e-01 -9.341735e-01 1.875911e-01
    outer loop
      vertex -1.165043e+01 -2.259232e+01 1.814725e+01
      vertex -2.179505e+01 -1.929617e+01 1.814729e+01
      vertex -1.725824e+01 -2.259232e+01 9.073643e+00
    endloop
  endfacet
  facet normal 3.035277e-01 -9.341735e-01 -1.875920e-01
    outer loop
      vertex 7.567737e+00 -1.929617e+01 1.776357e-15
      vertex 3.030937e+00 -2.259232e+01 9.073622e+00
      vertex 6.417362e+00 -1.966993e+01 1.776357e-15
    endloop
  endfacet
  facet normal 3.035277e-01 -9.341735e-01 -1.875920e-01
    outer loop
      vertex 3.030937e+00 -2.259232e+01 9.073622e+00
      vertex -2.576899e+00 -2.259232e+01 2.956390e-05
      vertex 6.417362e+00 -1.966993e+01 1.776357e-15
    endloop
  endfacet
  facet normal 3.035282e-01 -9.341734e-01 -1.875917e-01
    outer loop
      vertex 7.567745e+00 -1.929617e+01 1.776357e-15
      vertex 1.317556e+01 -1.929617e+01 9.073584e+00
      vertex 7.567737e+00 -1.929617e+01 1.776357e-15
    endloop
  endfacet
  facet normal 3.035282e-01 -9.341734e-01 -1.875917e-01
    outer loop
      vertex 1.317556e+01 -1.929617e+01 9.073584e+00
      vertex 3.030937e+00 -2.259232e+01 9.073622e+00
      vertex 7.567737e+00 -1.929617e+01 1.776357e-15
    endloop
  endfacet
  facet normal 3.035282e-01 -9.341735e-01 -1.875911e-01
    outer loop
      vertex 3.030937e+00 -2.259232e+01 9.073622e+00
      vertex 1.317556e+01 -1.929617e+01 9.073584e+00
      vertex 8.638744e+00 -2.259232e+01 1.814723e+01
    endloop
  endfacet
  facet normal 2.763922e-01 -8.506526e-01 4.472109e-01
    outer loop
      vertex 2.552009e+00 -2.111823e+01 2.471294e+01
      vertex 8.638744e+00 -2.259232e+01 1.814723e+01
      vertex 1.037167e+01 -1.725904e+01 2.722080e+01
    endloop
  endfacet
  facet normal 2.763925e-01 -8.506528e-01 4.472102e-01
    outer loop
      vertex 2.552009e+00 -2.111823e+01 2.471294e+01
      vertex 1.037167e+01 -1.725904e+01 2.722080e+01
      vertex 1.298088e+00 -1.725904e+01 3.282861e+01
    endloop
  endfacet
  facet normal 2.763933e-01 -8.506526e-01 4.472102e-01
    outer loop
      vertex 2.552009e+00 -2.111823e+01 2.471294e+01
      vertex 1.298088e+00 -1.725904e+01 3.282861e+01
      vertex -6.042597e+00 -2.259232e+01 2.722084e+01
    endloop
  endfacet
  facet normal 1.875927e-01 -5.773513e-01 -7.946537e-01
    outer loop
      vertex -2.576939e+00 -2.259229e+01 0.000000e+00
      vertex -2.576886e+00 -2.259228e+01 0.000000e+00
      vertex -2.576899e+00 -2.259232e+01 2.956390e-05
    endloop
  endfacet
  facet normal 1.875881e-01 -5.773508e-01 -7.946551e-01
    outer loop
      vertex -2.576886e+00 -2.259228e+01 0.000000e+00
      vertex 6.417362e+00 -1.966993e+01 1.776357e-15
      vertex -2.576899e+00 -2.259232e+01 2.956390e-05
    endloop
  endfacet
  facet normal 7.236071e-01 -5.257282e-01 -4.472165e-01
    outer loop
      vertex 1.365448e+01 -1.305180e+01 2.507881e+00
      vertex 1.944521e+01 -1.066666e+01 9.073584e+00
      vertex 1.317556e+01 -1.929617e+01 9.073584e+00
    endloop
  endfacet
  facet normal 7.236074e-01 -5.257280e-01 -4.472162e-01
    outer loop
      vertex 7.567745e+00 -1.929617e+01 1.776357e-15
      vertex 7.567749e+00 -1.929615e+01 1.776357e-15
      vertex 1.317556e+01 -1.929617e+01 9.073584e+00
    endloop
  endfacet
  facet normal 7.236074e-01 -5.257280e-01 -4.472162e-01
    outer loop
      vertex 7.567749e+00 -1.929615e+01 1.776357e-15
      vertex 1.365448e+01 -1.305180e+01 2.507881e+00
      vertex 1.317556e+01 -1.929617e+01 9.073584e+00
    endloop
  endfacet
  facet normal 7.236075e-01 -5.257283e-01 -4.472157e-01
    outer loop
      vertex 7.567749e+00 -1.929615e+01 1.776357e-15
      vertex 1.264000e+01 -1.231475e+01 3.552714e-15
      vertex 1.365448e+01 -1.305180e+01 2.507881e+00
    endloop
  endfacet
  facet normal 7.236075e-01 -5.257285e-01 -4.472157e-01
    outer loop
      vertex 1.490840e+01 -1.066666e+01 1.732910e+00
      vertex 1.365448e+01 -1.305180e+01 2.507881e+00
      vertex 1.383739e+01 -1.066666e+01 3.552714e-15
    endloop
  endfacet
  facet normal 7.236075e-01 -5.257285e-01 -4.472157e-01
    outer loop
      vertex 1.365448e+01 -1.305180e+01 2.507881e+00
      vertex 1.264000e+01 -1.231475e+01 3.552714e-15
      vertex 1.383739e+01 -1.066666e+01 3.552714e-15
    endloop
  endfacet
  facet normal 7.236070e-01 -5.257285e-01 -4.472164e-01
    outer loop
      vertex 1.490840e+01 -1.066666e+01 1.732910e+00
      vertex 1.944521e+01 -1.066666e+01 9.073584e+00
      vertex 1.365448e+01 -1.305180e+01 2.507881e+00
    endloop
  endfacet
  facet normal -7.946547e-01 -5.773513e-01 -1.875882e-01
    outer loop
      vertex -2.352795e+01 -1.396284e+01 9.073681e+00
      vertex -1.899117e+01 -1.725904e+01 7.247925e-05
      vertex -1.725824e+01 -2.259232e+01 9.073643e+00
    endloop
  endfacet
  facet normal -7.946540e-01 -5.773508e-01 -1.875931e-01
    outer loop
      vertex -2.352795e+01 -1.396284e+01 9.073681e+00
      vertex -1.725824e+01 -2.259232e+01 9.073643e+00
      vertex -2.179505e+01 -1.929617e+01 1.814729e+01
    endloop
  endfacet
  facet normal -7.946563e-01 -5.773481e-01 -1.875911e-01
    outer loop
      vertex -2.352795e+01 -1.396284e+01 9.073681e+00
      vertex -2.179505e+01 -1.929617e+01 1.814729e+01
      vertex -2.806470e+01 -1.066666e+01 1.814730e+01
    endloop
  endfacet
  facet normal -7.946542e-01 -5.773519e-01 -1.875886e-01
    outer loop
      vertex -2.352795e+01 -1.396284e+01 9.073681e+00
      vertex -2.806470e+01 -1.066666e+01 1.814730e+01
      vertex -2.979767e+01 -5.333321e+00 9.073669e+00
    endloop
  endfacet
  facet normal -7.946535e-01 -5.773515e-01 -1.875927e-01
    outer loop
      vertex -2.352795e+01 -1.396284e+01 9.073681e+00
      vertex -2.979767e+01 -5.333321e+00 9.073669e+00
      vertex -2.526088e+01 -8.629494e+00 1.106262e-04
    endloop
  endfacet
  facet normal -7.946565e-01 -5.773482e-01 -1.875903e-01
    outer loop
      vertex -2.352795e+01 -1.396284e+01 9.073681e+00
      vertex -2.526088e+01 -8.629494e+00 1.106262e-04
      vertex -1.899117e+01 -1.725904e+01 7.247925e-05
    endloop
  endfacet
  facet normal -7.236075e-01 -5.257285e-01 4.472157e-01
    outer loop
      vertex -2.227397e+01 -1.305180e+01 2.471299e+01
      vertex -1.899109e+01 -1.066666e+01 3.282864e+01
      vertex -2.633177e+01 -5.333321e+00 2.722087e+01
    endloop
  endfacet
  facet normal -7.236069e-01 -5.257285e-01 4.472165e-01
    outer loop
      vertex -2.227397e+01 -1.305180e+01 2.471299e+01
      vertex -2.633177e+01 -5.333321e+00 2.722087e+01
      vertex -2.806470e+01 -1.066666e+01 1.814730e+01
    endloop
  endfacet
  facet normal -7.236069e-01 -5.257283e-01 4.472166e-01
    outer loop
      vertex -2.227397e+01 -1.305180e+01 2.471299e+01
      vertex -2.806470e+01 -1.066666e+01 1.814730e+01
      vertex -2.179505e+01 -1.929617e+01 1.814729e+01
    endloop
  endfacet
  facet normal -7.236074e-01 -5.257280e-01 4.472162e-01
    outer loop
      vertex -2.227397e+01 -1.305180e+01 2.471299e+01
      vertex -2.179505e+01 -1.929617e+01 1.814729e+01
      vertex -1.618724e+01 -1.929617e+01 2.722088e+01
    endloop
  endfacet
  facet normal -7.236075e-01 -5.257283e-01 4.472157e-01
    outer loop
      vertex -2.227397e+01 -1.305180e+01 2.471299e+01
      vertex -1.618724e+01 -1.929617e+01 2.722088e+01
      vertex -1.899109e+01 -1.066666e+01 3.282864e+01
    endloop
  endfacet
  facet normal -2.763924e-01 -8.506525e-01 -4.472108e-01
    outer loop
      vertex -1.117151e+01 -2.111823e+01 2.507935e+00
      vertex -1.725824e+01 -2.259232e+01 9.073643e+00
      vertex -1.899117e+01 -1.725904e+01 7.247925e-05
    endloop
  endfacet
  facet normal -2.763926e-01 -8.506527e-01 -4.472104e-01
    outer loop
      vertex -1.078402e+01 -1.992565e+01 1.776357e-15
      vertex -1.117151e+01 -2.111823e+01 2.507935e+00
      vertex -1.899105e+01 -1.725904e+01 1.776357e-15
    endloop
  endfacet
  facet normal -2.763926e-01 -8.506527e-01 -4.472104e-01
    outer loop
      vertex -1.117151e+01 -2.111823e+01 2.507935e+00
      vertex -1.899117e+01 -1.725904e+01 7.247925e-05
      vertex -1.899105e+01 -1.725904e+01 1.776357e-15
    endloop
  endfacet
  facet normal -2.763931e-01 -8.506525e-01 -4.472104e-01
    outer loop
      vertex -1.078402e+01 -1.992565e+01 1.776357e-15
      vertex -2.576939e+00 -2.259229e+01 0.000000e+00
      vertex -1.117151e+01 -2.111823e+01 2.507935e+00
    endloop
  endfacet
  facet normal -2.763931e-01 -8.506525e-01 -4.472104e-01
    outer loop
      vertex -2.576939e+00 -2.259229e+01 0.000000e+00
      vertex -2.576899e+00 -2.259232e+01 2.956390e-05
      vertex -1.117151e+01 -2.111823e+01 2.507935e+00
    endloop
  endfacet
  facet normal 6.070613e-01 5.352309e-07 -7.946550e-01
    outer loop
      vertex -1.722932e+01 -9.386665e+00 2.888920e+01
      vertex -2.368913e+01 -4.693321e+00 2.395436e+01
      vertex -1.722932e+01 -1.421085e-14 2.888921e+01
    endloop
  endfacet
  facet normal 7.236075e-01 5.257285e-01 -4.472157e-01
    outer loop
      vertex -2.011826e+01 -1.148557e+01 2.174743e+01
      vertex -2.368913e+01 -4.693321e+00 2.395436e+01
      vertex -1.722932e+01 -9.386665e+00 2.888920e+01
    endloop
  endfacet
  facet normal 7.236069e-01 5.257285e-01 -4.472165e-01
    outer loop
      vertex -2.521411e+01 -9.386665e+00 1.596962e+01
      vertex -2.368913e+01 -4.693321e+00 2.395436e+01
      vertex -2.011826e+01 -1.148557e+01 2.174743e+01
    endloop
  endfacet
  facet normal 9.822463e-01 5.352309e-07 -1.875961e-01
    outer loop
      vertex -2.521411e+01 -9.386665e+00 1.596962e+01
      vertex -2.521411e+01 0.000000e+00 1.596961e+01
      vertex -2.368913e+01 -4.693321e+00 2.395436e+01
    endloop
  endfacet
  facet normal 9.822459e-01 5.352282e-07 -1.875980e-01
    outer loop
      vertex -2.521411e+01 -9.386665e+00 1.596962e+01
      vertex -2.673911e+01 -4.693321e+00 7.984829e+00
      vertex -2.521411e+01 0.000000e+00 1.596961e+01
    endloop
  endfacet
  facet normal 7.946542e-01 5.773519e-01 1.875886e-01
    outer loop
      vertex -2.122176e+01 -1.228728e+01 7.984838e+00
      vertex -2.673911e+01 -4.693321e+00 7.984829e+00
      vertex -2.521411e+01 -9.386665e+00 1.596962e+01
    endloop
  endfacet
  facet normal 7.946535e-01 5.773515e-01 1.875927e-01
    outer loop
      vertex -2.274674e+01 -7.593956e+00 9.727478e-05
      vertex -2.673911e+01 -4.693321e+00 7.984829e+00
      vertex -2.122176e+01 -1.228728e+01 7.984838e+00
    endloop
  endfacet
  facet normal 8.944267e-01 -4.200043e-07 4.472146e-01
    outer loop
      vertex -2.274674e+01 -7.593956e+00 9.727478e-05
      vertex -2.385020e+01 0.000000e+00 2.207014e+00
      vertex -2.673911e+01 -4.693321e+00 7.984829e+00
    endloop
  endfacet
  facet normal 8.944268e-01 -3.837910e-07 4.472145e-01
    outer loop
      vertex -2.274669e+01 0.000000e+00 5.329071e-15
      vertex -2.385020e+01 0.000000e+00 2.207014e+00
      vertex -2.274669e+01 -7.593803e+00 3.552714e-15
    endloop
  endfacet
  facet normal 8.944268e-01 -3.837374e-07 4.472145e-01
    outer loop
      vertex -2.385020e+01 0.000000e+00 2.207014e+00
      vertex -2.274674e+01 -7.593956e+00 9.727478e-05
      vertex -2.274669e+01 -7.593803e+00 3.552714e-15
    endloop
  endfacet
  facet normal -8.944268e-01 3.838297e-07 -4.472145e-01
    outer loop
      vertex -2.526088e+01 -8.629494e+00 1.106262e-04
      vertex -2.651481e+01 0.000000e+00 2.507971e+00
      vertex -2.526082e+01 -8.629311e+00 3.552714e-15
    endloop
  endfacet
  facet normal -8.944268e-01 3.837910e-07 -4.472145e-01
    outer loop
      vertex -2.651481e+01 0.000000e+00 2.507971e+00
      vertex -2.526082e+01 0.000000e+00 5.329071e-15
      vertex -2.526082e+01 -8.629311e+00 3.552714e-15
    endloop
  endfacet
  facet normal -8.944267e-01 4.200043e-07 -4.472146e-01
    outer loop
      vertex -2.979767e+01 -5.333321e+00 9.073669e+00
      vertex -2.651481e+01 0.000000e+00 2.507971e+00
      vertex -2.526088e+01 -8.629494e+00 1.106262e-04
    endloop
  endfacet
  facet normal -9.822459e-01 -5.352282e-07 1.875980e-01
    outer loop
      vertex -2.806470e+01 -1.066666e+01 1.814730e+01
      vertex -2.806471e+01 0.000000e+00 1.814728e+01
      vertex -2.979767e+01 -5.333321e+00 9.073669e+00
    endloop
  endfacet
  facet normal -4.911260e-01 3.568206e-01 -7.946535e-01
    outer loop
      vertex 6.142482e+00 -7.593956e+00 2.888916e+01
      vertex 1.165981e+01 -1.421085e-14 2.888913e+01
      vertex 1.412725e+01 -7.593956e+00 2.395427e+01
    endloop
  endfacet
  facet normal -8.944268e-01 -6.504933e-07 -4.472143e-01
    outer loop
      vertex 1.412725e+01 -7.593956e+00 2.395427e+01
      vertex 1.165981e+01 -1.421085e-14 2.888913e+01
      vertex 1.523071e+01 0.000000e+00 2.174735e+01
    endloop
  endfacet
  facet normal -8.944269e-01 4.240506e-14 -4.472141e-01
    outer loop
      vertex 1.711019e+01 -5.426659e+00 1.798841e+01
      vertex 1.412725e+01 -7.593956e+00 2.395427e+01
      vertex 1.703079e+01 -5.333321e+00 1.814720e+01
    endloop
  endfacet
  facet normal -8.944268e-01 -6.318039e-07 -4.472143e-01
    outer loop
      vertex 1.412725e+01 -7.593956e+00 2.395427e+01
      vertex 1.523071e+01 0.000000e+00 2.174735e+01
      vertex 1.703079e+01 -5.333321e+00 1.814720e+01
    endloop
  endfacet
  facet normal -8.944269e-01 -6.657535e-07 -4.472142e-01
    outer loop
      vertex 1.523071e+01 0.000000e+00 2.174735e+01
      vertex 1.703079e+01 -2.924400e+00 1.814720e+01
      vertex 1.703079e+01 -5.333321e+00 1.814720e+01
    endloop
  endfacet
  facet normal 4.911260e-01 -3.568206e-01 7.946535e-01
    outer loop
      vertex 1.664138e+01 -8.629494e+00 2.722076e+01
      vertex 1.383747e+01 -1.421085e-14 3.282856e+01
      vertex 7.567783e+00 -8.629509e+00 3.282859e+01
    endloop
  endfacet
  facet normal 4.911256e-01 -3.568203e-01 7.946540e-01
    outer loop
      vertex 7.567783e+00 -8.629509e+00 3.282859e+01
      vertex 1.383747e+01 -1.421085e-14 3.282856e+01
      vertex 4.763889e+00 -1.421085e-14 3.843637e+01
    endloop
  endfacet
  facet normal 4.911251e-01 -3.568206e-01 7.946541e-01
    outer loop
      vertex 7.567783e+00 -8.629509e+00 3.282859e+01
      vertex 4.763889e+00 -1.421085e-14 3.843637e+01
      vertex -1.505818e+00 -8.629494e+00 3.843641e+01
    endloop
  endfacet
  facet normal -6.070625e-01 -1.459756e-16 7.946541e-01
    outer loop
      vertex -1.899108e+01 -1.421085e-14 3.282865e+01
      vertex -1.165037e+01 -5.333321e+00 3.843646e+01
      vertex -1.165037e+01 5.333328e+00 3.843646e+01
    endloop
  endfacet
  facet normal -6.070616e-01 -1.459757e-16 7.946548e-01
    outer loop
      vertex -2.633177e+01 5.333328e+00 2.722087e+01
      vertex -2.633177e+01 -5.333321e+00 2.722087e+01
      vertex -1.899108e+01 -1.421085e-14 3.282865e+01
    endloop
  endfacet
  facet normal -6.070613e-01 -5.352309e-07 7.946550e-01
    outer loop
      vertex -1.899109e+01 -1.066666e+01 3.282864e+01
      vertex -1.899108e+01 -1.421085e-14 3.282865e+01
      vertex -2.633177e+01 -5.333321e+00 2.722087e+01
    endloop
  endfacet
  facet normal -6.070628e-01 -5.352284e-07 7.946539e-01
    outer loop
      vertex -1.165037e+01 -5.333321e+00 3.843646e+01
      vertex -1.899108e+01 -1.421085e-14 3.282865e+01
      vertex -1.899109e+01 -1.066666e+01 3.282864e+01
    endloop
  endfacet
  facet normal 8.944268e-01 6.504933e-07 4.472143e-01
    outer loop
      vertex 1.664138e+01 -8.629494e+00 2.722076e+01
      vertex 1.789531e+01 -1.421085e-14 2.471290e+01
      vertex 1.383747e+01 -1.421085e-14 3.282856e+01
    endloop
  endfacet
  facet normal 8.944268e-01 6.264630e-07 4.472142e-01
    outer loop
      vertex 2.117817e+01 -5.333321e+00 1.814720e+01
      vertex 1.789531e+01 -1.421085e-14 2.471290e+01
      vertex 1.664138e+01 -8.629494e+00 2.722076e+01
    endloop
  endfacet
  facet normal 8.944266e-01 -8.215201e-17 4.472147e-01
    outer loop
      vertex 1.789531e+01 -1.421085e-14 2.471290e+01
      vertex 2.117817e+01 -5.333321e+00 1.814720e+01
      vertex 2.117817e+01 5.333328e+00 1.814720e+01
    endloop
  endfacet
  facet normal -9.822459e-01 -3.446114e-17 1.875977e-01
    outer loop
      vertex -2.979767e+01 5.333328e+00 9.073669e+00
      vertex -2.979767e+01 -5.333321e+00 9.073669e+00
      vertex -2.806471e+01 0.000000e+00 1.814728e+01
    endloop
  endfacet
  facet normal -9.822463e-01 -5.352309e-07 1.875961e-01
    outer loop
      vertex -2.633177e+01 -5.333321e+00 2.722087e+01
      vertex -2.806471e+01 0.000000e+00 1.814728e+01
      vertex -2.806470e+01 -1.066666e+01 1.814730e+01
    endloop
  endfacet
  facet normal -9.822462e-01 -3.446090e-17 1.875964e-01
    outer loop
      vertex -2.806471e+01 0.000000e+00 1.814728e+01
      vertex -2.633177e+01 -5.333321e+00 2.722087e+01
      vertex -2.633177e+01 5.333328e+00 2.722087e+01
    endloop
  endfacet
  facet normal -8.944266e-01 8.215203e-17 -4.472148e-01
    outer loop
      vertex -2.651481e+01 0.000000e+00 2.507971e+00
      vertex -2.979767e+01 -5.333321e+00 9.073669e+00
      vertex -2.979767e+01 5.333328e+00 9.073669e+00
    endloop
  endfacet
  facet normal -7.946571e-01 5.773473e-01 -1.875905e-01
    outer loop
      vertex 1.540761e+01 -1.066666e+01 9.073580e+00
      vertex 1.558522e+01 -1.012005e+01 1.000356e+01
      vertex 1.790215e+01 -7.233208e+00 9.073584e+00
    endloop
  endfacet
  facet normal -7.946571e-01 5.773462e-01 -1.875940e-01
    outer loop
      vertex 1.790215e+01 -7.233208e+00 9.073584e+00
      vertex 1.558522e+01 -1.012005e+01 1.000356e+01
      vertex 1.891523e+01 -4.115166e+00 1.437832e+01
    endloop
  endfacet
  facet normal -7.946670e-01 5.773318e-01 -1.875964e-01
    outer loop
      vertex 1.711019e+01 -5.426659e+00 1.798841e+01
      vertex 1.891523e+01 -4.115166e+00 1.437832e+01
      vertex 1.672466e+01 -6.613335e+00 1.596954e+01
    endloop
  endfacet
  facet normal -7.946647e-01 5.773402e-01 -1.875799e-01
    outer loop
      vertex 1.672466e+01 -6.613335e+00 1.596954e+01
      vertex 1.891523e+01 -4.115166e+00 1.437832e+01
      vertex 1.558522e+01 -1.012005e+01 1.000356e+01
    endloop
  endfacet
  facet normal -7.236073e-01 5.257282e-01 4.472162e-01
    outer loop
      vertex 1.566465e+01 -1.066666e+01 7.984751e+00
      vertex 1.815919e+01 -7.233208e+00 7.984755e+00
      vertex 1.348696e+01 -1.066666e+01 4.461195e+00
    endloop
  endfacet
  facet normal -7.236073e-01 5.257282e-01 4.472162e-01
    outer loop
      vertex 1.815919e+01 -7.233208e+00 7.984755e+00
      vertex 1.322432e+01 -7.233208e+00 3.552714e-15
      vertex 1.348696e+01 -1.066666e+01 4.461195e+00
    endloop
  endfacet
  facet normal -7.236074e-01 5.257282e-01 4.472162e-01
    outer loop
      vertex 1.072977e+01 -1.066666e+01 3.552714e-15
      vertex 1.192929e+01 -1.066666e+01 1.940857e+00
      vertex 1.322432e+01 -7.233208e+00 3.552714e-15
    endloop
  endfacet
  facet normal -7.236073e-01 5.257282e-01 4.472162e-01
    outer loop
      vertex 1.192929e+01 -1.066666e+01 1.940857e+00
      vertex 1.348696e+01 -1.066666e+01 4.461195e+00
      vertex 1.322432e+01 -7.233208e+00 3.552714e-15
    endloop
  endfacet
endsolid Default
